path,bytes
results/subjects/dokuwiki/audit/audit.csv,465
results/subjects/dokuwiki/audit/audit_single.csv,465
results/subjects/dokuwiki/candidates/candidates.csv,58611
results/subjects/dokuwiki/candidates/candidates_sample.csv,3180
results/subjects/dokuwiki/characterization/home.csv,195
results/subjects/dokuwiki/evidence/dokuwiki-C0001.json,1157
results/subjects/dokuwiki/evidence/dokuwiki-C0002.json,1218
results/subjects/dokuwiki/evidence/dokuwiki-C0003.json,1191
results/subjects/dokuwiki/evidence/dokuwiki-C0004.json,1798
results/subjects/dokuwiki/evidence/dokuwiki-C0005.json,1238
results/subjects/dokuwiki/evidence/dokuwiki-C0006.json,1639
results/subjects/dokuwiki/evidence/dokuwiki-C0007.json,1126
results/subjects/dokuwiki/evidence/dokuwiki-C0008.json,1142
results/subjects/dokuwiki/evidence/dokuwiki-C0009.json,1098
results/subjects/dokuwiki/evidence/dokuwiki-C0010.json,1122
results/subjects/dokuwiki/evidence/dokuwiki-C0011.json,1099
results/subjects/dokuwiki/evidence/dokuwiki-C0012.json,1178
results/subjects/dokuwiki/evidence/dokuwiki-C0013.json,1099
results/subjects/dokuwiki/evidence/dokuwiki-C0014.json,1151
results/subjects/dokuwiki/evidence/dokuwiki-C0015.json,1124
results/subjects/dokuwiki/evidence/dokuwiki-C0016.json,1098
results/subjects/dokuwiki/evidence/dokuwiki-C0017.json,1099
results/subjects/dokuwiki/evidence/dokuwiki-C0018.json,1123
results/subjects/dokuwiki/evidence/dokuwiki-C0019.json,1123
results/subjects/dokuwiki/evidence/dokuwiki-C0020.json,1099
results/subjects/dokuwiki/evidence/dokuwiki-C0021.json,1099
results/subjects/dokuwiki/evidence/dokuwiki-C0022.json,1099
results/subjects/dokuwiki/evidence/dokuwiki-C0023.json,1125
results/subjects/dokuwiki/evidence/dokuwiki-C0024.json,1101
results/subjects/dokuwiki/evidence/dokuwiki-C0025.json,1098
results/subjects/dokuwiki/evidence/dokuwiki-C0026.json,1100
results/subjects/dokuwiki/evidence/dokuwiki-C0027.json,1100
results/subjects/dokuwiki/evidence/dokuwiki-C0028.json,1374
results/subjects/dokuwiki/evidence/dokuwiki-C0029.json,1103
results/subjects/dokuwiki/evidence/dokuwiki-C0030.json,1104
results/subjects/dokuwiki/evidence/dokuwiki-C0031.json,1104
results/subjects/dokuwiki/evidence/dokuwiki-C0032.json,1104
results/subjects/dokuwiki/evidence/dokuwiki-C0033.json,1104
results/subjects/dokuwiki/evidence/dokuwiki-C0034.json,1104
results/subjects/dokuwiki/evidence/dokuwiki-C0035.json,1104
results/subjects/dokuwiki/evidence/dokuwiki-C0036.json,1104
results/subjects/dokuwiki/evidence/dokuwiki-C0037.json,1105
results/subjects/dokuwiki/evidence/dokuwiki-C0038.json,1098
results/subjects/dokuwiki/evidence/dokuwiki-C0039.json,1098
results/subjects/dokuwiki/evidence/dokuwiki-C0040.json,3337
results/subjects/dokuwiki/evidence/dokuwiki-C0041.json,1101
results/subjects/dokuwiki/evidence/dokuwiki-C0042.json,1126
results/subjects/dokuwiki/evidence/dokuwiki-C0043.json,1445
results/subjects/dokuwiki/evidence/dokuwiki-C0044.json,1101
results/subjects/dokuwiki/evidence/dokuwiki-C0045.json,1101
results/subjects/dokuwiki/evidence/dokuwiki-C0046.json,1101
results/subjects/dokuwiki/evidence/dokuwiki-C0047.json,1101
results/subjects/dokuwiki/evidence/dokuwiki-C0048.json,1103
results/subjects/dokuwiki/evidence/dokuwiki-C0049.json,1103
results/subjects/dokuwiki/evidence/dokuwiki-C0050.json,1103
results/subjects/dokuwiki/evidence/dokuwiki-C0051.json,1103
results/subjects/dokuwiki/evidence/dokuwiki-C0052.json,1103
results/subjects/dokuwiki/evidence/dokuwiki-C0053.json,1127
results/subjects/dokuwiki/evidence/dokuwiki-C0054.json,1103
results/subjects/dokuwiki/evidence/dokuwiki-C0055.json,1103
results/subjects/dokuwiki/evidence/dokuwiki-C0056.json,1104
results/subjects/dokuwiki/evidence/dokuwiki-C0057.json,1140
results/subjects/dokuwiki/evidence/dokuwiki-C0058.json,1111
results/subjects/dokuwiki/evidence/dokuwiki-C0059.json,1111
results/subjects/dokuwiki/evidence/dokuwiki-C0060.json,1111
results/subjects/dokuwiki/evidence/dokuwiki-C0061.json,1111
results/subjects/dokuwiki/evidence/dokuwiki-C0062.json,1113
results/subjects/dokuwiki/evidence/dokuwiki-C0063.json,1141
results/subjects/dokuwiki/evidence/dokuwiki-C0064.json,1142
results/subjects/dokuwiki/evidence/dokuwiki-C0065.json,1109
results/subjects/dokuwiki/evidence/dokuwiki-C0066.json,1110
results/subjects/dokuwiki/evidence/dokuwiki-C0067.json,1250
results/subjects/dokuwiki/evidence/dokuwiki-C0068.json,1101
results/subjects/dokuwiki/evidence/dokuwiki-C0069.json,1101
results/subjects/dokuwiki/evidence/dokuwiki-C0070.json,1102
results/subjects/dokuwiki/evidence/dokuwiki-C0071.json,1103
results/subjects/dokuwiki/evidence/dokuwiki-C0072.json,1157
results/subjects/dokuwiki/evidence/dokuwiki-C0073.json,1103
results/subjects/dokuwiki/evidence/dokuwiki-C0074.json,1964
results/subjects/dokuwiki/evidence/dokuwiki-C0075.json,1205
results/subjects/dokuwiki/evidence/dokuwiki-C0076.json,1277
results/subjects/dokuwiki/evidence/dokuwiki-C0077.json,1255
results/subjects/dokuwiki/evidence/dokuwiki-C0078.json,1138
results/subjects/dokuwiki/evidence/dokuwiki-C0079.json,1249
results/subjects/dokuwiki/evidence/dokuwiki-C0080.json,1496
results/subjects/dokuwiki/evidence/dokuwiki-C0081.json,1101
results/subjects/dokuwiki/evidence/dokuwiki-C0082.json,1101
results/subjects/dokuwiki/evidence/dokuwiki-C0083.json,1476
results/subjects/dokuwiki/evidence/dokuwiki-C0084.json,1125
results/subjects/dokuwiki/evidence/dokuwiki-C0085.json,1101
results/subjects/dokuwiki/evidence/dokuwiki-C0086.json,1342
results/subjects/dokuwiki/evidence/dokuwiki-C0087.json,1105
results/subjects/dokuwiki/evidence/dokuwiki-C0088.json,1105
results/subjects/dokuwiki/evidence/dokuwiki-C0089.json,1169
results/subjects/dokuwiki/evidence/dokuwiki-C0090.json,1203
results/subjects/dokuwiki/evidence/dokuwiki-C0091.json,1104
results/subjects/dokuwiki/evidence/dokuwiki-C0092.json,1102
results/subjects/dokuwiki/evidence/dokuwiki-C0093.json,1102
results/subjects/dokuwiki/evidence/dokuwiki-C0094.json,1102
results/subjects/dokuwiki/evidence/dokuwiki-C0095.json,1102
results/subjects/dokuwiki/evidence/dokuwiki-C0096.json,1102
results/subjects/dokuwiki/evidence/dokuwiki-C0097.json,1102
results/subjects/dokuwiki/evidence/dokuwiki-C0098.json,1102
results/subjects/dokuwiki/evidence/dokuwiki-C0099.json,1102
results/subjects/dokuwiki/evidence/dokuwiki-C0100.json,1103
results/subjects/dokuwiki/evidence/dokuwiki-C0101.json,1104
results/subjects/dokuwiki/evidence/dokuwiki-C0102.json,1104
results/subjects/dokuwiki/evidence/dokuwiki-C0103.json,1104
results/subjects/dokuwiki/evidence/dokuwiki-C0104.json,1171
results/subjects/dokuwiki/evidence/dokuwiki-C0105.json,1104
results/subjects/dokuwiki/evidence/dokuwiki-C0106.json,1209
results/subjects/dokuwiki/evidence/dokuwiki-C0107.json,1165
results/subjects/dokuwiki/evidence/dokuwiki-C0108.json,1099
results/subjects/dokuwiki/evidence/dokuwiki-C0109.json,1099
results/subjects/dokuwiki/evidence/dokuwiki-C0110.json,1140
results/subjects/dokuwiki/evidence/dokuwiki-C0111.json,1097
results/subjects/dokuwiki/evidence/dokuwiki-C0112.json,1097
results/subjects/dokuwiki/evidence/dokuwiki-C0113.json,1097
results/subjects/dokuwiki/evidence/dokuwiki-C0114.json,1097
results/subjects/dokuwiki/evidence/dokuwiki-C0115.json,1097
results/subjects/dokuwiki/evidence/dokuwiki-C0116.json,1097
results/subjects/dokuwiki/evidence/dokuwiki-C0117.json,1097
results/subjects/dokuwiki/evidence/dokuwiki-C0118.json,1105
results/subjects/dokuwiki/evidence/dokuwiki-C0119.json,1106
results/subjects/dokuwiki/evidence/dokuwiki-C0120.json,1106
results/subjects/dokuwiki/evidence/dokuwiki-C0121.json,1106
results/subjects/dokuwiki/evidence/dokuwiki-C0122.json,1106
results/subjects/dokuwiki/evidence/dokuwiki-C0123.json,1107
results/subjects/dokuwiki/evidence/dokuwiki-C0124.json,1108
results/subjects/dokuwiki/evidence/dokuwiki-C0125.json,1102
results/subjects/dokuwiki/evidence/dokuwiki-C0126.json,1103
results/subjects/dokuwiki/evidence/dokuwiki-C0127.json,1103
results/subjects/dokuwiki/evidence/dokuwiki-C0128.json,1103
results/subjects/dokuwiki/evidence/dokuwiki-C0129.json,1103
results/subjects/dokuwiki/evidence/dokuwiki-C0130.json,1104
results/subjects/dokuwiki/evidence/dokuwiki-C0131.json,1105
results/subjects/dokuwiki/evidence/dokuwiki-C0132.json,1105
results/subjects/dokuwiki/evidence/dokuwiki-C0133.json,1105
results/subjects/dokuwiki/evidence/dokuwiki-C0134.json,1105
results/subjects/dokuwiki/evidence/dokuwiki-C0135.json,1105
results/subjects/dokuwiki/evidence/dokuwiki-C0136.json,1105
results/subjects/dokuwiki/evidence/dokuwiki-C0137.json,1105
results/subjects/dokuwiki/evidence/dokuwiki-C0138.json,1105
results/subjects/dokuwiki/evidence/dokuwiki-C0139.json,1105
results/subjects/dokuwiki/evidence/dokuwiki-C0140.json,1105
results/subjects/dokuwiki/evidence/dokuwiki-C0141.json,1105
results/subjects/dokuwiki/evidence/dokuwiki-C0142.json,1104
results/subjects/dokuwiki/evidence/dokuwiki-C0143.json,1104
results/subjects/dokuwiki/evidence/dokuwiki-C0144.json,1105
results/subjects/dokuwiki/evidence/dokuwiki-C0145.json,1099
results/subjects/dokuwiki/evidence/dokuwiki-C0146.json,1099
results/subjects/dokuwiki/evidence/dokuwiki-C0147.json,1098
results/subjects/dokuwiki/evidence/dokuwiki-C0148.json,1335
results/subjects/dokuwiki/evidence/dokuwiki-C0149.json,1099
results/subjects/dokuwiki/evidence/dokuwiki-C0150.json,1099
results/subjects/dokuwiki/evidence/dokuwiki-C0151.json,1099
results/subjects/dokuwiki/evidence/dokuwiki-C0152.json,1134
results/subjects/dokuwiki/evidence/dokuwiki-C0153.json,1107
results/subjects/dokuwiki/evidence/dokuwiki-C0154.json,1107
results/subjects/dokuwiki/evidence/dokuwiki-C0155.json,1107
results/subjects/dokuwiki/evidence/dokuwiki-C0156.json,1107
results/subjects/dokuwiki/evidence/dokuwiki-C0157.json,1100
results/subjects/dokuwiki/evidence/dokuwiki-C0158.json,1927
results/subjects/dokuwiki/evidence/dokuwiki-C0159.json,1216
results/subjects/dokuwiki/evidence/dokuwiki-C0160.json,1100
results/subjects/dokuwiki/evidence/dokuwiki-C0161.json,1100
results/subjects/dokuwiki/evidence/dokuwiki-C0162.json,1100
results/subjects/dokuwiki/evidence/dokuwiki-C0163.json,1190
results/subjects/dokuwiki/evidence/dokuwiki-C0164.json,1102
results/subjects/dokuwiki/evidence/dokuwiki-C0165.json,1347
results/subjects/dokuwiki/evidence/dokuwiki-C0166.json,1192
results/subjects/dokuwiki/evidence/dokuwiki-C0167.json,1312
results/subjects/dokuwiki/evidence/dokuwiki-C0168.json,1102
results/subjects/dokuwiki/evidence/dokuwiki-C0169.json,1102
results/subjects/dokuwiki/evidence/dokuwiki-C0170.json,1102
results/subjects/dokuwiki/evidence/dokuwiki-C0171.json,1102
results/subjects/dokuwiki/evidence/dokuwiki-C0172.json,1103
results/subjects/dokuwiki/evidence/dokuwiki-C0173.json,1103
results/subjects/dokuwiki/evidence/dokuwiki-C0174.json,1104
results/subjects/dokuwiki/evidence/dokuwiki-C0175.json,1104
results/subjects/dokuwiki/evidence/dokuwiki-C0176.json,1104
results/subjects/dokuwiki/evidence/dokuwiki-C0177.json,1104
results/subjects/dokuwiki/evidence/dokuwiki-C0178.json,1106
results/subjects/dokuwiki/evidence/dokuwiki-C0179.json,1106
results/subjects/dokuwiki/evidence/dokuwiki-C0180.json,1178
results/subjects/dokuwiki/evidence/dokuwiki-C0181.json,1106
results/subjects/dokuwiki/evidence/dokuwiki-C0182.json,1108
results/subjects/dokuwiki/evidence/dokuwiki-C0183.json,1109
results/subjects/dokuwiki/evidence/dokuwiki-C0184.json,1109
results/subjects/dokuwiki/evidence/dokuwiki-C0185.json,1116
results/subjects/dokuwiki/evidence/dokuwiki-C0186.json,1117
results/subjects/dokuwiki/evidence/dokuwiki-C0187.json,1117
results/subjects/dokuwiki/evidence/dokuwiki-C0188.json,1179
results/subjects/dokuwiki/evidence/dokuwiki-C0189.json,1106
results/subjects/dokuwiki/evidence/dokuwiki-C0190.json,1108
results/subjects/dokuwiki/evidence/dokuwiki-C0191.json,1108
results/subjects/dokuwiki/evidence/dokuwiki-C0192.json,1100
results/subjects/dokuwiki/evidence/dokuwiki-C0193.json,1101
results/subjects/dokuwiki/evidence/dokuwiki-C0194.json,1101
results/subjects/dokuwiki/evidence/dokuwiki-C0195.json,1101
results/subjects/dokuwiki/evidence/dokuwiki-C0196.json,1103
results/subjects/dokuwiki/evidence/dokuwiki-C0197.json,1104
results/subjects/dokuwiki/evidence/dokuwiki-C0198.json,1135
results/subjects/dokuwiki/evidence/dokuwiki-C0199.json,1106
results/subjects/dokuwiki/evidence/dokuwiki-C0200.json,1107
results/subjects/dokuwiki/evidence/dokuwiki-C0201.json,1107
results/subjects/dokuwiki/evidence/dokuwiki-C0202.json,2241
results/subjects/dokuwiki/evidence/dokuwiki-C0203.json,1103
results/subjects/dokuwiki/evidence/dokuwiki-C0204.json,1103
results/subjects/dokuwiki/evidence/dokuwiki-C0205.json,1103
results/subjects/dokuwiki/evidence/dokuwiki-C0206.json,1149
results/subjects/dokuwiki/evidence/dokuwiki-C0207.json,1201
results/subjects/dokuwiki/evidence/dokuwiki-C0208.json,1263
results/subjects/dokuwiki/evidence/dokuwiki-C0209.json,1181
results/subjects/dokuwiki/evidence/dokuwiki-C0210.json,1103
results/subjects/dokuwiki/evidence/dokuwiki-C0211.json,1104
results/subjects/dokuwiki/evidence/dokuwiki-C0212.json,1105
results/subjects/dokuwiki/evidence/dokuwiki-C0213.json,1167
results/subjects/dokuwiki/evidence/dokuwiki-C0214.json,1317
results/subjects/dokuwiki/evidence/dokuwiki-C0215.json,1195
results/subjects/dokuwiki/evidence/dokuwiki-C0216.json,1105
results/subjects/dokuwiki/evidence/dokuwiki-C0217.json,1100
results/subjects/dokuwiki/evidence/dokuwiki-C0218.json,1098
results/subjects/dokuwiki/evidence/dokuwiki-C0219.json,1099
results/subjects/dokuwiki/evidence/dokuwiki-C0220.json,1099
results/subjects/dokuwiki/evidence/dokuwiki-C0221.json,1099
results/subjects/dokuwiki/evidence/dokuwiki-C0222.json,1101
results/subjects/dokuwiki/evidence/dokuwiki-C0223.json,1101
results/subjects/dokuwiki/evidence/dokuwiki-C0224.json,1102
results/subjects/dokuwiki/evidence/dokuwiki-C0225.json,1105
results/subjects/dokuwiki/evidence/dokuwiki-C0226.json,1100
results/subjects/dokuwiki/evidence/dokuwiki-C0227.json,1101
results/subjects/dokuwiki/evidence/dokuwiki-C0228.json,1101
results/subjects/dokuwiki/evidence/dokuwiki-C0229.json,1101
results/subjects/dokuwiki/evidence/dokuwiki-C0230.json,1130
results/subjects/dokuwiki/evidence/dokuwiki-C0231.json,1106
results/subjects/dokuwiki/evidence/dokuwiki-C0232.json,1879
results/subjects/dokuwiki/evidence/dokuwiki-C0233.json,1944
results/subjects/dokuwiki/evidence/dokuwiki-C0234.json,1504
results/subjects/dokuwiki/evidence/dokuwiki-C0235.json,1278
results/subjects/dokuwiki/evidence/dokuwiki-C0236.json,1772
results/subjects/dokuwiki/evidence/dokuwiki-C0237.json,2227
results/subjects/dokuwiki/evidence/dokuwiki-C0238.json,1111
results/subjects/dokuwiki/evidence/dokuwiki-C0239.json,1112
results/subjects/dokuwiki/evidence/dokuwiki-C0240.json,1112
results/subjects/dokuwiki/evidence/dokuwiki-C0241.json,1232
results/subjects/dokuwiki/evidence/dokuwiki-C0242.json,1142
results/subjects/dokuwiki/evidence/dokuwiki-C0243.json,1114
results/subjects/dokuwiki/evidence/dokuwiki-C0244.json,1114
results/subjects/dokuwiki/evidence/dokuwiki-C0245.json,1114
results/subjects/dokuwiki/evidence/dokuwiki-C0246.json,1114
results/subjects/dokuwiki/evidence/dokuwiki-C0247.json,1115
results/subjects/dokuwiki/evidence/dokuwiki-C0248.json,1116
results/subjects/dokuwiki/evidence/dokuwiki-C0249.json,1116
results/subjects/dokuwiki/evidence/dokuwiki-C0250.json,1116
results/subjects/dokuwiki/evidence/dokuwiki-C0251.json,1116
results/subjects/dokuwiki/evidence/dokuwiki-C0252.json,1279
results/subjects/dokuwiki/evidence/dokuwiki-C0253.json,1117
results/subjects/dokuwiki/evidence/dokuwiki-C0254.json,1117
results/subjects/dokuwiki/evidence/dokuwiki-C0255.json,1117
results/subjects/dokuwiki/evidence/dokuwiki-C0256.json,1119
results/subjects/dokuwiki/evidence/dokuwiki-C0257.json,1216
results/subjects/dokuwiki/evidence/dokuwiki-C0258.json,1144
results/subjects/dokuwiki/evidence/dokuwiki-C0259.json,1115
results/subjects/dokuwiki/evidence/dokuwiki-C0260.json,1115
results/subjects/dokuwiki/evidence/dokuwiki-C0261.json,1115
results/subjects/dokuwiki/evidence/dokuwiki-C0262.json,1145
results/subjects/dokuwiki/evidence/dokuwiki-C0263.json,1209
results/subjects/dokuwiki/evidence/dokuwiki-C0264.json,1117
results/subjects/dokuwiki/evidence/dokuwiki-C0265.json,1650
results/subjects/dokuwiki/evidence/dokuwiki-C0266.json,1196
results/subjects/dokuwiki/evidence/dokuwiki-C0267.json,1564
results/subjects/dokuwiki/evidence/dokuwiki-C0268.json,1115
results/subjects/dokuwiki/evidence/dokuwiki-C0269.json,1115
results/subjects/dokuwiki/evidence/dokuwiki-C0270.json,1215
results/subjects/dokuwiki/evidence/dokuwiki-C0271.json,1117
results/subjects/dokuwiki/evidence/dokuwiki-C0272.json,1439
results/subjects/dokuwiki/evidence/dokuwiki-C0273.json,1113
results/subjects/dokuwiki/evidence/dokuwiki-C0274.json,1232
results/subjects/dokuwiki/evidence/dokuwiki-C0275.json,1120
results/subjects/dokuwiki/evidence/dokuwiki-C0276.json,1346
results/subjects/dokuwiki/evidence/dokuwiki-C0277.json,1539
results/subjects/dokuwiki/evidence/dokuwiki-C0278.json,1192
results/subjects/dokuwiki/evidence/dokuwiki-C0279.json,1731
results/subjects/dokuwiki/evidence/dokuwiki-C0280.json,1120
results/subjects/dokuwiki/evidence/dokuwiki-C0281.json,1120
results/subjects/dokuwiki/evidence/dokuwiki-C0282.json,1120
results/subjects/dokuwiki/evidence/dokuwiki-C0283.json,1120
results/subjects/dokuwiki/evidence/dokuwiki-C0284.json,1120
results/subjects/dokuwiki/evidence/dokuwiki-C0285.json,1207
results/subjects/dokuwiki/evidence/dokuwiki-C0286.json,1129
results/subjects/dokuwiki/evidence/dokuwiki-C0287.json,1181
results/subjects/dokuwiki/evidence/dokuwiki-C0288.json,1130
results/subjects/dokuwiki/evidence/dokuwiki-C0289.json,1131
results/subjects/dokuwiki/evidence/dokuwiki-C0290.json,1274
results/subjects/dokuwiki/evidence/dokuwiki-C0291.json,1963
results/subjects/dokuwiki/evidence/dokuwiki-C0292.json,1208
results/subjects/dokuwiki/evidence/dokuwiki-C0293.json,1214
results/subjects/dokuwiki/evidence/dokuwiki-C0294.json,1957
results/subjects/dokuwiki/evidence/dokuwiki-C0295.json,1276
results/subjects/dokuwiki/evidence/dokuwiki-C0296.json,1131
results/subjects/dokuwiki/evidence/dokuwiki-C0297.json,1213
results/subjects/dokuwiki/evidence/dokuwiki-C0298.json,1131
results/subjects/dokuwiki/evidence/dokuwiki-C0299.json,1217
results/subjects/dokuwiki/evidence/dokuwiki-C0300.json,1133
results/subjects/dokuwiki/evidence/dokuwiki-C0301.json,1333
results/subjects/dokuwiki/evidence/dokuwiki-C0302.json,1368
results/subjects/dokuwiki/evidence/dokuwiki-C0303.json,1129
results/subjects/dokuwiki/evidence/dokuwiki-C0304.json,1149
results/subjects/dokuwiki/evidence/dokuwiki-C0305.json,1149
results/subjects/dokuwiki/evidence/dokuwiki-C0306.json,1149
results/subjects/dokuwiki/evidence/dokuwiki-C0307.json,1158
results/subjects/dokuwiki/evidence/dokuwiki-C0308.json,1149
results/subjects/dokuwiki/evidence/dokuwiki-C0309.json,1149
results/subjects/dokuwiki/evidence/dokuwiki-C0310.json,1149
results/subjects/dokuwiki/evidence/dokuwiki-C0311.json,1149
results/subjects/dokuwiki/evidence/dokuwiki-C0312.json,1149
results/subjects/dokuwiki/evidence/dokuwiki-C0313.json,1149
results/subjects/dokuwiki/evidence/dokuwiki-C0314.json,1149
results/subjects/dokuwiki/evidence/dokuwiki-C0315.json,1149
results/subjects/dokuwiki/evidence/dokuwiki-C0316.json,1152
results/subjects/dokuwiki/evidence/dokuwiki-C0317.json,1149
results/subjects/dokuwiki/evidence/dokuwiki-C0318.json,1252
results/subjects/dokuwiki/evidence/dokuwiki-C0319.json,1252
results/subjects/dokuwiki/evidence/dokuwiki-C0320.json,1310
results/subjects/dokuwiki/evidence/dokuwiki-C0321.json,1123
results/subjects/dokuwiki/evidence/dokuwiki-C0322.json,1123
results/subjects/dokuwiki/evidence/dokuwiki-C0323.json,1123
results/subjects/dokuwiki/evidence/dokuwiki-C0324.json,1123
results/subjects/dokuwiki/evidence/dokuwiki-C0325.json,1139
results/subjects/dokuwiki/evidence/dokuwiki-C0326.json,1139
results/subjects/dokuwiki/evidence/dokuwiki-C0327.json,1137
results/subjects/dokuwiki/evidence/dokuwiki-C0328.json,1137
results/subjects/dokuwiki/evidence/dokuwiki-C0329.json,1137
results/subjects/dokuwiki/evidence/dokuwiki-C0330.json,1135
results/subjects/dokuwiki/evidence/dokuwiki-C0331.json,1136
results/subjects/dokuwiki/evidence/dokuwiki-C0332.json,1136
results/subjects/dokuwiki/evidence/dokuwiki-C0333.json,1136
results/subjects/dokuwiki/evidence/dokuwiki-C0334.json,1136
results/subjects/dokuwiki/evidence/dokuwiki-C0335.json,1136
results/subjects/dokuwiki/evidence/dokuwiki-C0336.json,1251
results/subjects/dokuwiki/evidence/dokuwiki-C0337.json,1104
results/subjects/dokuwiki/evidence/dokuwiki-C0338.json,1110
results/subjects/dokuwiki/evidence/dokuwiki-C0339.json,1107
results/subjects/dokuwiki/evidence/dokuwiki-C0340.json,1110
results/subjects/dokuwiki/evidence/dokuwiki-C0341.json,1111
results/subjects/dokuwiki/evidence/dokuwiki-C0342.json,1171
results/subjects/dokuwiki/evidence/dokuwiki-C0343.json,1104
results/subjects/dokuwiki/evidence/dokuwiki-C0344.json,1139
results/subjects/dokuwiki/evidence/dokuwiki-C0345.json,1109
results/subjects/dokuwiki/evidence/dokuwiki-C0346.json,1109
results/subjects/dokuwiki/evidence/dokuwiki-C0347.json,1109
results/subjects/dokuwiki/evidence/dokuwiki-C0348.json,1109
results/subjects/dokuwiki/evidence/dokuwiki-C0349.json,1109
results/subjects/dokuwiki/evidence/dokuwiki-C0350.json,1109
results/subjects/dokuwiki/evidence/dokuwiki-C0351.json,1111
results/subjects/dokuwiki/evidence/dokuwiki-C0352.json,1111
results/subjects/dokuwiki/evidence/dokuwiki-C0353.json,1111
results/subjects/dokuwiki/evidence/dokuwiki-C0354.json,1107
results/subjects/dokuwiki/evidence/dokuwiki-C0355.json,1137
results/subjects/dokuwiki/evidence/dokuwiki-C0356.json,1108
results/subjects/dokuwiki/evidence/dokuwiki-C0357.json,1108
results/subjects/dokuwiki/evidence/dokuwiki-C0358.json,1108
results/subjects/dokuwiki/evidence/dokuwiki-C0359.json,1110
results/subjects/dokuwiki/evidence/dokuwiki-C0360.json,1834
results/subjects/dokuwiki/evidence/dokuwiki-C0361.json,1293
results/subjects/dokuwiki/evidence/dokuwiki-C0362.json,1269
results/subjects/dokuwiki/evidence/dokuwiki-C0363.json,1194
results/subjects/dokuwiki/evidence/dokuwiki-C0364.json,1109
results/subjects/dokuwiki/evidence/dokuwiki-C0365.json,1109
results/subjects/dokuwiki/evidence/dokuwiki-C0366.json,1109
results/subjects/dokuwiki/evidence/dokuwiki-C0367.json,1213
results/subjects/dokuwiki/evidence/dokuwiki-C0368.json,1153
results/subjects/dokuwiki/evidence/dokuwiki-C0369.json,1109
results/subjects/dokuwiki/evidence/dokuwiki-C0370.json,1140
results/subjects/dokuwiki/evidence/dokuwiki-C0371.json,1424
results/subjects/dokuwiki/evidence/dokuwiki-C0372.json,1589
results/subjects/dokuwiki/evidence/dokuwiki-C0373.json,1104
results/subjects/dokuwiki/evidence/dokuwiki-C0374.json,1136
results/subjects/dokuwiki/evidence/dokuwiki-C0375.json,1144
results/subjects/dokuwiki/evidence/dokuwiki-C0376.json,1134
results/subjects/dokuwiki/evidence/dokuwiki-C0377.json,1319
results/subjects/dokuwiki/evidence/dokuwiki-C0378.json,1134
results/subjects/dokuwiki/evidence/dokuwiki-C0379.json,1134
results/subjects/dokuwiki/evidence/dokuwiki-C0380.json,1134
results/subjects/dokuwiki/evidence/dokuwiki-C0381.json,1134
results/subjects/dokuwiki/evidence/dokuwiki-C0382.json,1134
results/subjects/dokuwiki/evidence/dokuwiki-C0383.json,1134
results/subjects/dokuwiki/evidence/dokuwiki-C0384.json,1137
results/subjects/dokuwiki/evidence/dokuwiki-C0385.json,1134
results/subjects/dokuwiki/notes/candidate_extraction_summary.md,3685
results/subjects/dokuwiki/notes/restoration_notes.md,1288
results/subjects/dokuwiki/oracle/home_coverage.csv,46581
results/subjects/dokuwiki/screening/screening.csv,76967
results/subjects/dokuwiki/screening/screening_php56_compose.csv,76967
results/subjects/dokuwiki/syntax/syntax_host_php83.csv,20195
results/subjects/dokuwiki/syntax/syntax_php56_compose.csv,14421
results/subjects/dokuwiki/syntax/syntax_php56_generic.csv,14799
results/subjects/dolibarr/candidates/candidates.csv,1173412
results/subjects/dolibarr/evidence/dolibarr-C0001.json,1230
results/subjects/dolibarr/evidence/dolibarr-C0002.json,1157
results/subjects/dolibarr/evidence/dolibarr-C0003.json,1184
results/subjects/dolibarr/evidence/dolibarr-C0004.json,2312
results/subjects/dolibarr/evidence/dolibarr-C0005.json,1103
results/subjects/dolibarr/evidence/dolibarr-C0006.json,4800
results/subjects/dolibarr/evidence/dolibarr-C0007.json,1105
results/subjects/dolibarr/evidence/dolibarr-C0008.json,1239
results/subjects/dolibarr/evidence/dolibarr-C0009.json,3023
results/subjects/dolibarr/evidence/dolibarr-C0010.json,1108
results/subjects/dolibarr/evidence/dolibarr-C0011.json,1194
results/subjects/dolibarr/evidence/dolibarr-C0012.json,2097
results/subjects/dolibarr/evidence/dolibarr-C0013.json,2427
results/subjects/dolibarr/evidence/dolibarr-C0014.json,1764
results/subjects/dolibarr/evidence/dolibarr-C0015.json,1108
results/subjects/dolibarr/evidence/dolibarr-C0016.json,1377
results/subjects/dolibarr/evidence/dolibarr-C0017.json,1363
results/subjects/dolibarr/evidence/dolibarr-C0018.json,1285
results/subjects/dolibarr/evidence/dolibarr-C0019.json,1178
results/subjects/dolibarr/evidence/dolibarr-C0020.json,1110
results/subjects/dolibarr/evidence/dolibarr-C0021.json,1117
results/subjects/dolibarr/evidence/dolibarr-C0022.json,1117
results/subjects/dolibarr/evidence/dolibarr-C0023.json,1453
results/subjects/dolibarr/evidence/dolibarr-C0024.json,1236
results/subjects/dolibarr/evidence/dolibarr-C0025.json,1231
results/subjects/dolibarr/evidence/dolibarr-C0026.json,1112
results/subjects/dolibarr/evidence/dolibarr-C0027.json,1112
results/subjects/dolibarr/evidence/dolibarr-C0028.json,1115
results/subjects/dolibarr/evidence/dolibarr-C0029.json,1377
results/subjects/dolibarr/evidence/dolibarr-C0030.json,1150
results/subjects/dolibarr/evidence/dolibarr-C0031.json,1382
results/subjects/dolibarr/evidence/dolibarr-C0032.json,1143
results/subjects/dolibarr/evidence/dolibarr-C0033.json,1189
results/subjects/dolibarr/evidence/dolibarr-C0034.json,1118
results/subjects/dolibarr/evidence/dolibarr-C0035.json,1115
results/subjects/dolibarr/evidence/dolibarr-C0036.json,1354
results/subjects/dolibarr/evidence/dolibarr-C0037.json,1120
results/subjects/dolibarr/evidence/dolibarr-C0038.json,1112
results/subjects/dolibarr/evidence/dolibarr-C0039.json,1122
results/subjects/dolibarr/evidence/dolibarr-C0040.json,1124
results/subjects/dolibarr/evidence/dolibarr-C0041.json,1184
results/subjects/dolibarr/evidence/dolibarr-C0042.json,1113
results/subjects/dolibarr/evidence/dolibarr-C0043.json,1378
results/subjects/dolibarr/evidence/dolibarr-C0044.json,1112
results/subjects/dolibarr/evidence/dolibarr-C0045.json,1126
results/subjects/dolibarr/evidence/dolibarr-C0046.json,1459
results/subjects/dolibarr/evidence/dolibarr-C0047.json,1390
results/subjects/dolibarr/evidence/dolibarr-C0048.json,1394
results/subjects/dolibarr/evidence/dolibarr-C0049.json,1298
results/subjects/dolibarr/evidence/dolibarr-C0050.json,1217
results/subjects/dolibarr/evidence/dolibarr-C0051.json,1143
results/subjects/dolibarr/evidence/dolibarr-C0052.json,1223
results/subjects/dolibarr/evidence/dolibarr-C0053.json,1149
results/subjects/dolibarr/evidence/dolibarr-C0054.json,1293
results/subjects/dolibarr/evidence/dolibarr-C0055.json,1365
results/subjects/dolibarr/evidence/dolibarr-C0056.json,1244
results/subjects/dolibarr/evidence/dolibarr-C0057.json,1142
results/subjects/dolibarr/evidence/dolibarr-C0058.json,1222
results/subjects/dolibarr/evidence/dolibarr-C0059.json,1148
results/subjects/dolibarr/evidence/dolibarr-C0060.json,1245
results/subjects/dolibarr/evidence/dolibarr-C0061.json,1393
results/subjects/dolibarr/evidence/dolibarr-C0062.json,1213
results/subjects/dolibarr/evidence/dolibarr-C0063.json,1299
results/subjects/dolibarr/evidence/dolibarr-C0064.json,1203
results/subjects/dolibarr/evidence/dolibarr-C0065.json,1202
results/subjects/dolibarr/evidence/dolibarr-C0066.json,1526
results/subjects/dolibarr/evidence/dolibarr-C0067.json,1338
results/subjects/dolibarr/evidence/dolibarr-C0068.json,1487
results/subjects/dolibarr/evidence/dolibarr-C0069.json,3774
results/subjects/dolibarr/evidence/dolibarr-C0070.json,1762
results/subjects/dolibarr/evidence/dolibarr-C0071.json,3202
results/subjects/dolibarr/evidence/dolibarr-C0072.json,1667
results/subjects/dolibarr/evidence/dolibarr-C0073.json,2037
results/subjects/dolibarr/evidence/dolibarr-C0074.json,1847
results/subjects/dolibarr/evidence/dolibarr-C0075.json,2369
results/subjects/dolibarr/evidence/dolibarr-C0076.json,1578
results/subjects/dolibarr/evidence/dolibarr-C0077.json,3268
results/subjects/dolibarr/evidence/dolibarr-C0078.json,2269
results/subjects/dolibarr/evidence/dolibarr-C0079.json,1566
results/subjects/dolibarr/evidence/dolibarr-C0080.json,2033
results/subjects/dolibarr/evidence/dolibarr-C0081.json,1626
results/subjects/dolibarr/evidence/dolibarr-C0082.json,1656
results/subjects/dolibarr/evidence/dolibarr-C0083.json,1538
results/subjects/dolibarr/evidence/dolibarr-C0084.json,1470
results/subjects/dolibarr/evidence/dolibarr-C0085.json,1726
results/subjects/dolibarr/evidence/dolibarr-C0086.json,1376
results/subjects/dolibarr/evidence/dolibarr-C0087.json,1665
results/subjects/dolibarr/evidence/dolibarr-C0088.json,1649
results/subjects/dolibarr/evidence/dolibarr-C0089.json,1989
results/subjects/dolibarr/evidence/dolibarr-C0090.json,1579
results/subjects/dolibarr/evidence/dolibarr-C0091.json,1642
results/subjects/dolibarr/evidence/dolibarr-C0092.json,1611
results/subjects/dolibarr/evidence/dolibarr-C0093.json,2350
results/subjects/dolibarr/evidence/dolibarr-C0094.json,1650
results/subjects/dolibarr/evidence/dolibarr-C0095.json,1389
results/subjects/dolibarr/evidence/dolibarr-C0096.json,1272
results/subjects/dolibarr/evidence/dolibarr-C0097.json,1872
results/subjects/dolibarr/evidence/dolibarr-C0098.json,1574
results/subjects/dolibarr/evidence/dolibarr-C0099.json,1662
results/subjects/dolibarr/evidence/dolibarr-C0100.json,1423
results/subjects/dolibarr/evidence/dolibarr-C0101.json,2141
results/subjects/dolibarr/evidence/dolibarr-C0102.json,2059
results/subjects/dolibarr/evidence/dolibarr-C0103.json,2938
results/subjects/dolibarr/evidence/dolibarr-C0104.json,1438
results/subjects/dolibarr/evidence/dolibarr-C0105.json,1304
results/subjects/dolibarr/evidence/dolibarr-C0106.json,2868
results/subjects/dolibarr/evidence/dolibarr-C0107.json,2854
results/subjects/dolibarr/evidence/dolibarr-C0108.json,2614
results/subjects/dolibarr/evidence/dolibarr-C0109.json,2104
results/subjects/dolibarr/evidence/dolibarr-C0110.json,1309
results/subjects/dolibarr/evidence/dolibarr-C0111.json,1538
results/subjects/dolibarr/evidence/dolibarr-C0112.json,1579
results/subjects/dolibarr/evidence/dolibarr-C0113.json,1495
results/subjects/dolibarr/evidence/dolibarr-C0114.json,1624
results/subjects/dolibarr/evidence/dolibarr-C0115.json,1354
results/subjects/dolibarr/evidence/dolibarr-C0116.json,1850
results/subjects/dolibarr/evidence/dolibarr-C0117.json,1932
results/subjects/dolibarr/evidence/dolibarr-C0118.json,1534
results/subjects/dolibarr/evidence/dolibarr-C0119.json,1573
results/subjects/dolibarr/evidence/dolibarr-C0120.json,1395
results/subjects/dolibarr/evidence/dolibarr-C0121.json,1651
results/subjects/dolibarr/evidence/dolibarr-C0122.json,3244
results/subjects/dolibarr/evidence/dolibarr-C0123.json,1374
results/subjects/dolibarr/evidence/dolibarr-C0124.json,1615
results/subjects/dolibarr/evidence/dolibarr-C0125.json,1628
results/subjects/dolibarr/evidence/dolibarr-C0126.json,1666
results/subjects/dolibarr/evidence/dolibarr-C0127.json,1627
results/subjects/dolibarr/evidence/dolibarr-C0128.json,1633
results/subjects/dolibarr/evidence/dolibarr-C0129.json,1541
results/subjects/dolibarr/evidence/dolibarr-C0130.json,1852
results/subjects/dolibarr/evidence/dolibarr-C0131.json,1573
results/subjects/dolibarr/evidence/dolibarr-C0132.json,1387
results/subjects/dolibarr/evidence/dolibarr-C0133.json,1534
results/subjects/dolibarr/evidence/dolibarr-C0134.json,1618
results/subjects/dolibarr/evidence/dolibarr-C0135.json,2750
results/subjects/dolibarr/evidence/dolibarr-C0136.json,2623
results/subjects/dolibarr/evidence/dolibarr-C0137.json,2584
results/subjects/dolibarr/evidence/dolibarr-C0138.json,2507
results/subjects/dolibarr/evidence/dolibarr-C0139.json,2469
results/subjects/dolibarr/evidence/dolibarr-C0140.json,2097
results/subjects/dolibarr/evidence/dolibarr-C0141.json,2549
results/subjects/dolibarr/evidence/dolibarr-C0142.json,1312
results/subjects/dolibarr/evidence/dolibarr-C0143.json,1564
results/subjects/dolibarr/evidence/dolibarr-C0144.json,1284
results/subjects/dolibarr/evidence/dolibarr-C0145.json,2463
results/subjects/dolibarr/evidence/dolibarr-C0146.json,1723
results/subjects/dolibarr/evidence/dolibarr-C0147.json,1573
results/subjects/dolibarr/evidence/dolibarr-C0148.json,1424
results/subjects/dolibarr/evidence/dolibarr-C0149.json,1690
results/subjects/dolibarr/evidence/dolibarr-C0150.json,2117
results/subjects/dolibarr/evidence/dolibarr-C0151.json,1504
results/subjects/dolibarr/evidence/dolibarr-C0152.json,3325
results/subjects/dolibarr/evidence/dolibarr-C0153.json,1563
results/subjects/dolibarr/evidence/dolibarr-C0154.json,1741
results/subjects/dolibarr/evidence/dolibarr-C0155.json,1676
results/subjects/dolibarr/evidence/dolibarr-C0156.json,1612
results/subjects/dolibarr/evidence/dolibarr-C0157.json,1496
results/subjects/dolibarr/evidence/dolibarr-C0158.json,1399
results/subjects/dolibarr/evidence/dolibarr-C0159.json,1396
results/subjects/dolibarr/evidence/dolibarr-C0160.json,1543
results/subjects/dolibarr/evidence/dolibarr-C0161.json,1427
results/subjects/dolibarr/evidence/dolibarr-C0162.json,1427
results/subjects/dolibarr/evidence/dolibarr-C0163.json,1936
results/subjects/dolibarr/evidence/dolibarr-C0164.json,1319
results/subjects/dolibarr/evidence/dolibarr-C0165.json,1670
results/subjects/dolibarr/evidence/dolibarr-C0166.json,1679
results/subjects/dolibarr/evidence/dolibarr-C0167.json,2180
results/subjects/dolibarr/evidence/dolibarr-C0168.json,1583
results/subjects/dolibarr/evidence/dolibarr-C0169.json,1388
results/subjects/dolibarr/evidence/dolibarr-C0170.json,1618
results/subjects/dolibarr/evidence/dolibarr-C0171.json,1702
results/subjects/dolibarr/evidence/dolibarr-C0172.json,1430
results/subjects/dolibarr/evidence/dolibarr-C0173.json,1581
results/subjects/dolibarr/evidence/dolibarr-C0174.json,1625
results/subjects/dolibarr/evidence/dolibarr-C0175.json,1642
results/subjects/dolibarr/evidence/dolibarr-C0176.json,1687
results/subjects/dolibarr/evidence/dolibarr-C0177.json,1708
results/subjects/dolibarr/evidence/dolibarr-C0178.json,2275
results/subjects/dolibarr/evidence/dolibarr-C0179.json,1348
results/subjects/dolibarr/evidence/dolibarr-C0180.json,1309
results/subjects/dolibarr/evidence/dolibarr-C0181.json,1688
results/subjects/dolibarr/evidence/dolibarr-C0182.json,1153
results/subjects/dolibarr/evidence/dolibarr-C0183.json,1562
results/subjects/dolibarr/evidence/dolibarr-C0184.json,1329
results/subjects/dolibarr/evidence/dolibarr-C0185.json,2665
results/subjects/dolibarr/evidence/dolibarr-C0186.json,2663
results/subjects/dolibarr/evidence/dolibarr-C0187.json,1577
results/subjects/dolibarr/evidence/dolibarr-C0188.json,2611
results/subjects/dolibarr/evidence/dolibarr-C0189.json,2117
results/subjects/dolibarr/evidence/dolibarr-C0190.json,1761
results/subjects/dolibarr/evidence/dolibarr-C0191.json,2206
results/subjects/dolibarr/evidence/dolibarr-C0192.json,1224
results/subjects/dolibarr/evidence/dolibarr-C0193.json,1143
results/subjects/dolibarr/evidence/dolibarr-C0194.json,1530
results/subjects/dolibarr/evidence/dolibarr-C0195.json,1413
results/subjects/dolibarr/evidence/dolibarr-C0196.json,1939
results/subjects/dolibarr/evidence/dolibarr-C0197.json,1848
results/subjects/dolibarr/evidence/dolibarr-C0198.json,1961
results/subjects/dolibarr/evidence/dolibarr-C0199.json,2919
results/subjects/dolibarr/evidence/dolibarr-C0200.json,2873
results/subjects/dolibarr/evidence/dolibarr-C0201.json,1579
results/subjects/dolibarr/evidence/dolibarr-C0202.json,2631
results/subjects/dolibarr/evidence/dolibarr-C0203.json,2129
results/subjects/dolibarr/evidence/dolibarr-C0204.json,1763
results/subjects/dolibarr/evidence/dolibarr-C0205.json,1855
results/subjects/dolibarr/evidence/dolibarr-C0206.json,1817
results/subjects/dolibarr/evidence/dolibarr-C0207.json,2199
results/subjects/dolibarr/evidence/dolibarr-C0208.json,1568
results/subjects/dolibarr/evidence/dolibarr-C0209.json,1473
results/subjects/dolibarr/evidence/dolibarr-C0210.json,1448
results/subjects/dolibarr/evidence/dolibarr-C0211.json,1146
results/subjects/dolibarr/evidence/dolibarr-C0212.json,1302
results/subjects/dolibarr/evidence/dolibarr-C0213.json,1659
results/subjects/dolibarr/evidence/dolibarr-C0214.json,2229
results/subjects/dolibarr/evidence/dolibarr-C0215.json,1699
results/subjects/dolibarr/evidence/dolibarr-C0216.json,1770
results/subjects/dolibarr/evidence/dolibarr-C0217.json,2006
results/subjects/dolibarr/evidence/dolibarr-C0218.json,1496
results/subjects/dolibarr/evidence/dolibarr-C0219.json,2195
results/subjects/dolibarr/evidence/dolibarr-C0220.json,1950
results/subjects/dolibarr/evidence/dolibarr-C0221.json,1846
results/subjects/dolibarr/evidence/dolibarr-C0222.json,2195
results/subjects/dolibarr/evidence/dolibarr-C0223.json,1387
results/subjects/dolibarr/evidence/dolibarr-C0224.json,2427
results/subjects/dolibarr/evidence/dolibarr-C0225.json,1414
results/subjects/dolibarr/evidence/dolibarr-C0226.json,2629
results/subjects/dolibarr/evidence/dolibarr-C0227.json,2166
results/subjects/dolibarr/evidence/dolibarr-C0228.json,1268
results/subjects/dolibarr/evidence/dolibarr-C0229.json,2223
results/subjects/dolibarr/evidence/dolibarr-C0230.json,2843
results/subjects/dolibarr/evidence/dolibarr-C0231.json,6179
results/subjects/dolibarr/evidence/dolibarr-C0232.json,2361
results/subjects/dolibarr/evidence/dolibarr-C0233.json,1447
results/subjects/dolibarr/evidence/dolibarr-C0234.json,2224
results/subjects/dolibarr/evidence/dolibarr-C0235.json,2536
results/subjects/dolibarr/evidence/dolibarr-C0236.json,1912
results/subjects/dolibarr/evidence/dolibarr-C0237.json,2651
results/subjects/dolibarr/evidence/dolibarr-C0238.json,1764
results/subjects/dolibarr/evidence/dolibarr-C0239.json,3958
results/subjects/dolibarr/evidence/dolibarr-C0240.json,1877
results/subjects/dolibarr/evidence/dolibarr-C0241.json,1286
results/subjects/dolibarr/evidence/dolibarr-C0242.json,1558
results/subjects/dolibarr/evidence/dolibarr-C0243.json,2416
results/subjects/dolibarr/evidence/dolibarr-C0244.json,2418
results/subjects/dolibarr/evidence/dolibarr-C0245.json,2296
results/subjects/dolibarr/evidence/dolibarr-C0246.json,2326
results/subjects/dolibarr/evidence/dolibarr-C0247.json,1535
results/subjects/dolibarr/evidence/dolibarr-C0248.json,1595
results/subjects/dolibarr/evidence/dolibarr-C0249.json,3106
results/subjects/dolibarr/evidence/dolibarr-C0250.json,2220
results/subjects/dolibarr/evidence/dolibarr-C0251.json,1621
results/subjects/dolibarr/evidence/dolibarr-C0252.json,1699
results/subjects/dolibarr/evidence/dolibarr-C0253.json,2407
results/subjects/dolibarr/evidence/dolibarr-C0254.json,1401
results/subjects/dolibarr/evidence/dolibarr-C0255.json,2402
results/subjects/dolibarr/evidence/dolibarr-C0256.json,7282
results/subjects/dolibarr/evidence/dolibarr-C0257.json,2520
results/subjects/dolibarr/evidence/dolibarr-C0258.json,2307
results/subjects/dolibarr/evidence/dolibarr-C0259.json,2103
results/subjects/dolibarr/evidence/dolibarr-C0260.json,1911
results/subjects/dolibarr/evidence/dolibarr-C0261.json,2556
results/subjects/dolibarr/evidence/dolibarr-C0262.json,2087
results/subjects/dolibarr/evidence/dolibarr-C0263.json,2270
results/subjects/dolibarr/evidence/dolibarr-C0264.json,1206
results/subjects/dolibarr/evidence/dolibarr-C0265.json,1524
results/subjects/dolibarr/evidence/dolibarr-C0266.json,1900
results/subjects/dolibarr/evidence/dolibarr-C0267.json,2348
results/subjects/dolibarr/evidence/dolibarr-C0268.json,1129
results/subjects/dolibarr/evidence/dolibarr-C0269.json,1635
results/subjects/dolibarr/evidence/dolibarr-C0270.json,1486
results/subjects/dolibarr/evidence/dolibarr-C0271.json,1153
results/subjects/dolibarr/evidence/dolibarr-C0272.json,2028
results/subjects/dolibarr/evidence/dolibarr-C0273.json,1141
results/subjects/dolibarr/evidence/dolibarr-C0274.json,2246
results/subjects/dolibarr/evidence/dolibarr-C0275.json,1243
results/subjects/dolibarr/evidence/dolibarr-C0276.json,1176
results/subjects/dolibarr/evidence/dolibarr-C0277.json,2280
results/subjects/dolibarr/evidence/dolibarr-C0278.json,2278
results/subjects/dolibarr/evidence/dolibarr-C0279.json,2167
results/subjects/dolibarr/evidence/dolibarr-C0280.json,1345
results/subjects/dolibarr/evidence/dolibarr-C0281.json,1345
results/subjects/dolibarr/evidence/dolibarr-C0282.json,1111
results/subjects/dolibarr/evidence/dolibarr-C0283.json,3417
results/subjects/dolibarr/evidence/dolibarr-C0284.json,2071
results/subjects/dolibarr/evidence/dolibarr-C0285.json,1965
results/subjects/dolibarr/evidence/dolibarr-C0286.json,1759
results/subjects/dolibarr/evidence/dolibarr-C0287.json,1798
results/subjects/dolibarr/evidence/dolibarr-C0288.json,1759
results/subjects/dolibarr/evidence/dolibarr-C0289.json,1749
results/subjects/dolibarr/evidence/dolibarr-C0290.json,2111
results/subjects/dolibarr/evidence/dolibarr-C0291.json,1944
results/subjects/dolibarr/evidence/dolibarr-C0292.json,1473
results/subjects/dolibarr/evidence/dolibarr-C0293.json,2235
results/subjects/dolibarr/evidence/dolibarr-C0294.json,1459
results/subjects/dolibarr/evidence/dolibarr-C0295.json,5225
results/subjects/dolibarr/evidence/dolibarr-C0296.json,2505
results/subjects/dolibarr/evidence/dolibarr-C0297.json,1986
results/subjects/dolibarr/evidence/dolibarr-C0298.json,1850
results/subjects/dolibarr/evidence/dolibarr-C0299.json,2236
results/subjects/dolibarr/evidence/dolibarr-C0300.json,1628
results/subjects/dolibarr/evidence/dolibarr-C0301.json,3238
results/subjects/dolibarr/evidence/dolibarr-C0302.json,5132
results/subjects/dolibarr/evidence/dolibarr-C0303.json,1637
results/subjects/dolibarr/evidence/dolibarr-C0304.json,1434
results/subjects/dolibarr/evidence/dolibarr-C0305.json,1723
results/subjects/dolibarr/evidence/dolibarr-C0306.json,2547
results/subjects/dolibarr/evidence/dolibarr-C0307.json,2486
results/subjects/dolibarr/evidence/dolibarr-C0308.json,1300
results/subjects/dolibarr/evidence/dolibarr-C0309.json,2755
results/subjects/dolibarr/evidence/dolibarr-C0310.json,5174
results/subjects/dolibarr/evidence/dolibarr-C0311.json,2370
results/subjects/dolibarr/evidence/dolibarr-C0312.json,2077
results/subjects/dolibarr/evidence/dolibarr-C0313.json,2555
results/subjects/dolibarr/evidence/dolibarr-C0314.json,1765
results/subjects/dolibarr/evidence/dolibarr-C0315.json,2330
results/subjects/dolibarr/evidence/dolibarr-C0316.json,1765
results/subjects/dolibarr/evidence/dolibarr-C0317.json,2301
results/subjects/dolibarr/evidence/dolibarr-C0318.json,1349
results/subjects/dolibarr/evidence/dolibarr-C0319.json,1869
results/subjects/dolibarr/evidence/dolibarr-C0320.json,1683
results/subjects/dolibarr/evidence/dolibarr-C0321.json,2077
results/subjects/dolibarr/evidence/dolibarr-C0322.json,1107
results/subjects/dolibarr/evidence/dolibarr-C0323.json,6163
results/subjects/dolibarr/evidence/dolibarr-C0324.json,2281
results/subjects/dolibarr/evidence/dolibarr-C0325.json,1961
results/subjects/dolibarr/evidence/dolibarr-C0326.json,1825
results/subjects/dolibarr/evidence/dolibarr-C0327.json,2084
results/subjects/dolibarr/evidence/dolibarr-C0328.json,1616
results/subjects/dolibarr/evidence/dolibarr-C0329.json,1971
results/subjects/dolibarr/evidence/dolibarr-C0330.json,2141
results/subjects/dolibarr/evidence/dolibarr-C0331.json,1324
results/subjects/dolibarr/evidence/dolibarr-C0332.json,1256
results/subjects/dolibarr/evidence/dolibarr-C0333.json,2658
results/subjects/dolibarr/evidence/dolibarr-C0334.json,2278
results/subjects/dolibarr/evidence/dolibarr-C0335.json,1386
results/subjects/dolibarr/evidence/dolibarr-C0336.json,1684
results/subjects/dolibarr/evidence/dolibarr-C0337.json,1802
results/subjects/dolibarr/evidence/dolibarr-C0338.json,2385
results/subjects/dolibarr/evidence/dolibarr-C0339.json,1114
results/subjects/dolibarr/evidence/dolibarr-C0340.json,1143
results/subjects/dolibarr/evidence/dolibarr-C0341.json,1807
results/subjects/dolibarr/evidence/dolibarr-C0342.json,1109
results/subjects/dolibarr/evidence/dolibarr-C0343.json,1343
results/subjects/dolibarr/evidence/dolibarr-C0344.json,1373
results/subjects/dolibarr/evidence/dolibarr-C0345.json,2396
results/subjects/dolibarr/evidence/dolibarr-C0346.json,1512
results/subjects/dolibarr/evidence/dolibarr-C0347.json,1139
results/subjects/dolibarr/evidence/dolibarr-C0348.json,1112
results/subjects/dolibarr/evidence/dolibarr-C0349.json,1652
results/subjects/dolibarr/evidence/dolibarr-C0350.json,1462
results/subjects/dolibarr/evidence/dolibarr-C0351.json,1504
results/subjects/dolibarr/evidence/dolibarr-C0352.json,1444
results/subjects/dolibarr/evidence/dolibarr-C0353.json,3540
results/subjects/dolibarr/evidence/dolibarr-C0354.json,1261
results/subjects/dolibarr/evidence/dolibarr-C0355.json,1262
results/subjects/dolibarr/evidence/dolibarr-C0356.json,1144
results/subjects/dolibarr/evidence/dolibarr-C0357.json,1201
results/subjects/dolibarr/evidence/dolibarr-C0358.json,1145
results/subjects/dolibarr/evidence/dolibarr-C0359.json,1145
results/subjects/dolibarr/evidence/dolibarr-C0360.json,1145
results/subjects/dolibarr/evidence/dolibarr-C0361.json,1230
results/subjects/dolibarr/evidence/dolibarr-C0362.json,1543
results/subjects/dolibarr/evidence/dolibarr-C0363.json,1463
results/subjects/dolibarr/evidence/dolibarr-C0364.json,1145
results/subjects/dolibarr/evidence/dolibarr-C0365.json,1425
results/subjects/dolibarr/evidence/dolibarr-C0366.json,1425
results/subjects/dolibarr/evidence/dolibarr-C0367.json,1146
results/subjects/dolibarr/evidence/dolibarr-C0368.json,1145
results/subjects/dolibarr/evidence/dolibarr-C0369.json,1145
results/subjects/dolibarr/evidence/dolibarr-C0370.json,1146
results/subjects/dolibarr/evidence/dolibarr-C0371.json,1145
results/subjects/dolibarr/evidence/dolibarr-C0372.json,1145
results/subjects/dolibarr/evidence/dolibarr-C0373.json,1145
results/subjects/dolibarr/evidence/dolibarr-C0374.json,1146
results/subjects/dolibarr/evidence/dolibarr-C0375.json,1145
results/subjects/dolibarr/evidence/dolibarr-C0376.json,1145
results/subjects/dolibarr/evidence/dolibarr-C0377.json,1145
results/subjects/dolibarr/evidence/dolibarr-C0378.json,1146
results/subjects/dolibarr/evidence/dolibarr-C0379.json,1263
results/subjects/dolibarr/evidence/dolibarr-C0380.json,1253
results/subjects/dolibarr/evidence/dolibarr-C0381.json,1234
results/subjects/dolibarr/evidence/dolibarr-C0382.json,1399
results/subjects/dolibarr/evidence/dolibarr-C0383.json,1224
results/subjects/dolibarr/evidence/dolibarr-C0384.json,1145
results/subjects/dolibarr/evidence/dolibarr-C0385.json,1145
results/subjects/dolibarr/evidence/dolibarr-C0386.json,1145
results/subjects/dolibarr/evidence/dolibarr-C0387.json,1214
results/subjects/dolibarr/evidence/dolibarr-C0388.json,1227
results/subjects/dolibarr/evidence/dolibarr-C0389.json,1208
results/subjects/dolibarr/evidence/dolibarr-C0390.json,1217
results/subjects/dolibarr/evidence/dolibarr-C0391.json,1145
results/subjects/dolibarr/evidence/dolibarr-C0392.json,1116
results/subjects/dolibarr/evidence/dolibarr-C0393.json,1200
results/subjects/dolibarr/evidence/dolibarr-C0394.json,3212
results/subjects/dolibarr/evidence/dolibarr-C0395.json,2819
results/subjects/dolibarr/evidence/dolibarr-C0396.json,2266
results/subjects/dolibarr/evidence/dolibarr-C0397.json,1984
results/subjects/dolibarr/evidence/dolibarr-C0398.json,2022
results/subjects/dolibarr/evidence/dolibarr-C0399.json,1710
results/subjects/dolibarr/evidence/dolibarr-C0400.json,1647
results/subjects/dolibarr/evidence/dolibarr-C0401.json,1710
results/subjects/dolibarr/evidence/dolibarr-C0402.json,2194
results/subjects/dolibarr/evidence/dolibarr-C0403.json,1531
results/subjects/dolibarr/evidence/dolibarr-C0404.json,1842
results/subjects/dolibarr/evidence/dolibarr-C0405.json,2023
results/subjects/dolibarr/evidence/dolibarr-C0406.json,2315
results/subjects/dolibarr/evidence/dolibarr-C0407.json,2473
results/subjects/dolibarr/evidence/dolibarr-C0408.json,1694
results/subjects/dolibarr/evidence/dolibarr-C0409.json,2128
results/subjects/dolibarr/evidence/dolibarr-C0410.json,1146
results/subjects/dolibarr/evidence/dolibarr-C0411.json,2263
results/subjects/dolibarr/evidence/dolibarr-C0412.json,1688
results/subjects/dolibarr/evidence/dolibarr-C0413.json,1486
results/subjects/dolibarr/evidence/dolibarr-C0414.json,2395
results/subjects/dolibarr/evidence/dolibarr-C0415.json,3346
results/subjects/dolibarr/evidence/dolibarr-C0416.json,1489
results/subjects/dolibarr/evidence/dolibarr-C0417.json,5286
results/subjects/dolibarr/evidence/dolibarr-C0418.json,1951
results/subjects/dolibarr/evidence/dolibarr-C0419.json,2769
results/subjects/dolibarr/evidence/dolibarr-C0420.json,1240
results/subjects/dolibarr/evidence/dolibarr-C0421.json,1794
results/subjects/dolibarr/evidence/dolibarr-C0422.json,2223
results/subjects/dolibarr/evidence/dolibarr-C0423.json,1423
results/subjects/dolibarr/evidence/dolibarr-C0424.json,2438
results/subjects/dolibarr/evidence/dolibarr-C0425.json,1281
results/subjects/dolibarr/evidence/dolibarr-C0426.json,1302
results/subjects/dolibarr/evidence/dolibarr-C0427.json,2911
results/subjects/dolibarr/evidence/dolibarr-C0428.json,2502
results/subjects/dolibarr/evidence/dolibarr-C0429.json,2006
results/subjects/dolibarr/evidence/dolibarr-C0430.json,1949
results/subjects/dolibarr/evidence/dolibarr-C0431.json,1977
results/subjects/dolibarr/evidence/dolibarr-C0432.json,3371
results/subjects/dolibarr/evidence/dolibarr-C0433.json,2343
results/subjects/dolibarr/evidence/dolibarr-C0434.json,2185
results/subjects/dolibarr/evidence/dolibarr-C0435.json,1633
results/subjects/dolibarr/evidence/dolibarr-C0436.json,2237
results/subjects/dolibarr/evidence/dolibarr-C0437.json,1498
results/subjects/dolibarr/evidence/dolibarr-C0438.json,2255
results/subjects/dolibarr/evidence/dolibarr-C0439.json,1422
results/subjects/dolibarr/evidence/dolibarr-C0440.json,1147
results/subjects/dolibarr/evidence/dolibarr-C0441.json,1253
results/subjects/dolibarr/evidence/dolibarr-C0442.json,2231
results/subjects/dolibarr/evidence/dolibarr-C0443.json,1692
results/subjects/dolibarr/evidence/dolibarr-C0444.json,2426
results/subjects/dolibarr/evidence/dolibarr-C0445.json,1586
results/subjects/dolibarr/evidence/dolibarr-C0446.json,2412
results/subjects/dolibarr/evidence/dolibarr-C0447.json,1398
results/subjects/dolibarr/evidence/dolibarr-C0448.json,2704
results/subjects/dolibarr/evidence/dolibarr-C0449.json,4706
results/subjects/dolibarr/evidence/dolibarr-C0450.json,2504
results/subjects/dolibarr/evidence/dolibarr-C0451.json,1873
results/subjects/dolibarr/evidence/dolibarr-C0452.json,2609
results/subjects/dolibarr/evidence/dolibarr-C0453.json,1627
results/subjects/dolibarr/evidence/dolibarr-C0454.json,1446
results/subjects/dolibarr/evidence/dolibarr-C0455.json,2636
results/subjects/dolibarr/evidence/dolibarr-C0456.json,2211
results/subjects/dolibarr/evidence/dolibarr-C0457.json,1548
results/subjects/dolibarr/evidence/dolibarr-C0458.json,2326
results/subjects/dolibarr/evidence/dolibarr-C0459.json,1810
results/subjects/dolibarr/evidence/dolibarr-C0460.json,1327
results/subjects/dolibarr/evidence/dolibarr-C0461.json,1269
results/subjects/dolibarr/evidence/dolibarr-C0462.json,1230
results/subjects/dolibarr/evidence/dolibarr-C0463.json,2632
results/subjects/dolibarr/evidence/dolibarr-C0464.json,2083
results/subjects/dolibarr/evidence/dolibarr-C0465.json,1578
results/subjects/dolibarr/evidence/dolibarr-C0466.json,1999
results/subjects/dolibarr/evidence/dolibarr-C0467.json,2077
results/subjects/dolibarr/evidence/dolibarr-C0468.json,2076
results/subjects/dolibarr/evidence/dolibarr-C0469.json,2260
results/subjects/dolibarr/evidence/dolibarr-C0470.json,1140
results/subjects/dolibarr/evidence/dolibarr-C0471.json,1623
results/subjects/dolibarr/evidence/dolibarr-C0472.json,2095
results/subjects/dolibarr/evidence/dolibarr-C0473.json,2612
results/subjects/dolibarr/evidence/dolibarr-C0474.json,1447
results/subjects/dolibarr/evidence/dolibarr-C0475.json,2498
results/subjects/dolibarr/evidence/dolibarr-C0476.json,2301
results/subjects/dolibarr/evidence/dolibarr-C0477.json,1726
results/subjects/dolibarr/evidence/dolibarr-C0478.json,2314
results/subjects/dolibarr/evidence/dolibarr-C0479.json,2578
results/subjects/dolibarr/evidence/dolibarr-C0480.json,1594
results/subjects/dolibarr/evidence/dolibarr-C0481.json,2180
results/subjects/dolibarr/evidence/dolibarr-C0482.json,2110
results/subjects/dolibarr/evidence/dolibarr-C0483.json,1622
results/subjects/dolibarr/evidence/dolibarr-C0484.json,1627
results/subjects/dolibarr/evidence/dolibarr-C0485.json,5906
results/subjects/dolibarr/evidence/dolibarr-C0486.json,2172
results/subjects/dolibarr/evidence/dolibarr-C0487.json,2081
results/subjects/dolibarr/evidence/dolibarr-C0488.json,2585
results/subjects/dolibarr/evidence/dolibarr-C0489.json,1773
results/subjects/dolibarr/evidence/dolibarr-C0490.json,2601
results/subjects/dolibarr/evidence/dolibarr-C0491.json,1773
results/subjects/dolibarr/evidence/dolibarr-C0492.json,1370
results/subjects/dolibarr/evidence/dolibarr-C0493.json,1464
results/subjects/dolibarr/evidence/dolibarr-C0494.json,1137
results/subjects/dolibarr/evidence/dolibarr-C0495.json,1344
results/subjects/dolibarr/evidence/dolibarr-C0496.json,1311
results/subjects/dolibarr/evidence/dolibarr-C0497.json,1254
results/subjects/dolibarr/evidence/dolibarr-C0498.json,1255
results/subjects/dolibarr/evidence/dolibarr-C0499.json,2324
results/subjects/dolibarr/evidence/dolibarr-C0500.json,1718
results/subjects/dolibarr/evidence/dolibarr-C0501.json,2149
results/subjects/dolibarr/evidence/dolibarr-C0502.json,1834
results/subjects/dolibarr/evidence/dolibarr-C0503.json,1109
results/subjects/dolibarr/evidence/dolibarr-C0504.json,1739
results/subjects/dolibarr/evidence/dolibarr-C0505.json,1349
results/subjects/dolibarr/evidence/dolibarr-C0506.json,2632
results/subjects/dolibarr/evidence/dolibarr-C0507.json,1277
results/subjects/dolibarr/evidence/dolibarr-C0508.json,1241
results/subjects/dolibarr/evidence/dolibarr-C0509.json,1173
results/subjects/dolibarr/evidence/dolibarr-C0510.json,1113
results/subjects/dolibarr/evidence/dolibarr-C0511.json,2366
results/subjects/dolibarr/evidence/dolibarr-C0512.json,1722
results/subjects/dolibarr/evidence/dolibarr-C0513.json,2609
results/subjects/dolibarr/evidence/dolibarr-C0514.json,1951
results/subjects/dolibarr/evidence/dolibarr-C0515.json,1694
results/subjects/dolibarr/evidence/dolibarr-C0516.json,2148
results/subjects/dolibarr/evidence/dolibarr-C0517.json,2622
results/subjects/dolibarr/evidence/dolibarr-C0518.json,1945
results/subjects/dolibarr/evidence/dolibarr-C0519.json,2093
results/subjects/dolibarr/evidence/dolibarr-C0520.json,3248
results/subjects/dolibarr/evidence/dolibarr-C0521.json,1787
results/subjects/dolibarr/evidence/dolibarr-C0522.json,1622
results/subjects/dolibarr/evidence/dolibarr-C0523.json,1677
results/subjects/dolibarr/evidence/dolibarr-C0524.json,2291
results/subjects/dolibarr/evidence/dolibarr-C0525.json,1860
results/subjects/dolibarr/evidence/dolibarr-C0526.json,2392
results/subjects/dolibarr/evidence/dolibarr-C0527.json,1305
results/subjects/dolibarr/evidence/dolibarr-C0528.json,1760
results/subjects/dolibarr/evidence/dolibarr-C0529.json,2585
results/subjects/dolibarr/evidence/dolibarr-C0530.json,1870
results/subjects/dolibarr/evidence/dolibarr-C0531.json,1753
results/subjects/dolibarr/evidence/dolibarr-C0532.json,1898
results/subjects/dolibarr/evidence/dolibarr-C0533.json,2725
results/subjects/dolibarr/evidence/dolibarr-C0534.json,2960
results/subjects/dolibarr/evidence/dolibarr-C0535.json,1590
results/subjects/dolibarr/evidence/dolibarr-C0536.json,2094
results/subjects/dolibarr/evidence/dolibarr-C0537.json,2111
results/subjects/dolibarr/evidence/dolibarr-C0538.json,1352
results/subjects/dolibarr/evidence/dolibarr-C0539.json,1116
results/subjects/dolibarr/evidence/dolibarr-C0540.json,1567
results/subjects/dolibarr/evidence/dolibarr-C0541.json,1742
results/subjects/dolibarr/evidence/dolibarr-C0542.json,1405
results/subjects/dolibarr/evidence/dolibarr-C0543.json,1263
results/subjects/dolibarr/evidence/dolibarr-C0544.json,1187
results/subjects/dolibarr/evidence/dolibarr-C0545.json,1395
results/subjects/dolibarr/evidence/dolibarr-C0546.json,1304
results/subjects/dolibarr/evidence/dolibarr-C0547.json,1168
results/subjects/dolibarr/evidence/dolibarr-C0548.json,1124
results/subjects/dolibarr/evidence/dolibarr-C0549.json,1188
results/subjects/dolibarr/evidence/dolibarr-C0550.json,1178
results/subjects/dolibarr/evidence/dolibarr-C0551.json,1652
results/subjects/dolibarr/evidence/dolibarr-C0552.json,1168
results/subjects/dolibarr/evidence/dolibarr-C0553.json,1194
results/subjects/dolibarr/evidence/dolibarr-C0554.json,1206
results/subjects/dolibarr/evidence/dolibarr-C0555.json,1242
results/subjects/dolibarr/evidence/dolibarr-C0556.json,1178
results/subjects/dolibarr/evidence/dolibarr-C0557.json,1362
results/subjects/dolibarr/evidence/dolibarr-C0558.json,1166
results/subjects/dolibarr/evidence/dolibarr-C0559.json,1152
results/subjects/dolibarr/evidence/dolibarr-C0560.json,1122
results/subjects/dolibarr/evidence/dolibarr-C0561.json,1172
results/subjects/dolibarr/evidence/dolibarr-C0562.json,1122
results/subjects/dolibarr/evidence/dolibarr-C0563.json,1220
results/subjects/dolibarr/evidence/dolibarr-C0564.json,1729
results/subjects/dolibarr/evidence/dolibarr-C0565.json,1177
results/subjects/dolibarr/evidence/dolibarr-C0566.json,1331
results/subjects/dolibarr/evidence/dolibarr-C0567.json,1133
results/subjects/dolibarr/evidence/dolibarr-C0568.json,1133
results/subjects/dolibarr/evidence/dolibarr-C0569.json,1164
results/subjects/dolibarr/evidence/dolibarr-C0570.json,1483
results/subjects/dolibarr/evidence/dolibarr-C0571.json,1124
results/subjects/dolibarr/evidence/dolibarr-C0572.json,1168
results/subjects/dolibarr/evidence/dolibarr-C0573.json,1307
results/subjects/dolibarr/evidence/dolibarr-C0574.json,1177
results/subjects/dolibarr/evidence/dolibarr-C0575.json,1163
results/subjects/dolibarr/evidence/dolibarr-C0576.json,1341
results/subjects/dolibarr/evidence/dolibarr-C0577.json,1171
results/subjects/dolibarr/evidence/dolibarr-C0578.json,1191
results/subjects/dolibarr/evidence/dolibarr-C0579.json,1187
results/subjects/dolibarr/evidence/dolibarr-C0580.json,1157
results/subjects/dolibarr/evidence/dolibarr-C0581.json,1171
results/subjects/dolibarr/evidence/dolibarr-C0582.json,1233
results/subjects/dolibarr/evidence/dolibarr-C0583.json,1150
results/subjects/dolibarr/evidence/dolibarr-C0584.json,1195
results/subjects/dolibarr/evidence/dolibarr-C0585.json,1165
results/subjects/dolibarr/evidence/dolibarr-C0586.json,3265
results/subjects/dolibarr/evidence/dolibarr-C0587.json,2802
results/subjects/dolibarr/evidence/dolibarr-C0588.json,2800
results/subjects/dolibarr/evidence/dolibarr-C0589.json,1943
results/subjects/dolibarr/evidence/dolibarr-C0590.json,1193
results/subjects/dolibarr/evidence/dolibarr-C0591.json,1125
results/subjects/dolibarr/evidence/dolibarr-C0592.json,1125
results/subjects/dolibarr/evidence/dolibarr-C0593.json,1193
results/subjects/dolibarr/evidence/dolibarr-C0594.json,1125
results/subjects/dolibarr/evidence/dolibarr-C0595.json,1125
results/subjects/dolibarr/evidence/dolibarr-C0596.json,1331
results/subjects/dolibarr/evidence/dolibarr-C0597.json,1196
results/subjects/dolibarr/evidence/dolibarr-C0598.json,1377
results/subjects/dolibarr/evidence/dolibarr-C0599.json,1266
results/subjects/dolibarr/evidence/dolibarr-C0600.json,1129
results/subjects/dolibarr/evidence/dolibarr-C0601.json,1129
results/subjects/dolibarr/evidence/dolibarr-C0602.json,1129
results/subjects/dolibarr/evidence/dolibarr-C0603.json,1434
results/subjects/dolibarr/evidence/dolibarr-C0604.json,1406
results/subjects/dolibarr/evidence/dolibarr-C0605.json,1694
results/subjects/dolibarr/evidence/dolibarr-C0606.json,1501
results/subjects/dolibarr/evidence/dolibarr-C0607.json,1171
results/subjects/dolibarr/evidence/dolibarr-C0608.json,1163
results/subjects/dolibarr/evidence/dolibarr-C0609.json,1168
results/subjects/dolibarr/evidence/dolibarr-C0610.json,1169
results/subjects/dolibarr/evidence/dolibarr-C0611.json,1371
results/subjects/dolibarr/evidence/dolibarr-C0612.json,1137
results/subjects/dolibarr/evidence/dolibarr-C0613.json,1166
results/subjects/dolibarr/evidence/dolibarr-C0614.json,1137
results/subjects/dolibarr/evidence/dolibarr-C0615.json,1176
results/subjects/dolibarr/evidence/dolibarr-C0616.json,1282
results/subjects/dolibarr/evidence/dolibarr-C0617.json,1153
results/subjects/dolibarr/evidence/dolibarr-C0618.json,1124
results/subjects/dolibarr/evidence/dolibarr-C0619.json,3731
results/subjects/dolibarr/evidence/dolibarr-C0620.json,1197
results/subjects/dolibarr/evidence/dolibarr-C0621.json,1149
results/subjects/dolibarr/evidence/dolibarr-C0622.json,1435
results/subjects/dolibarr/evidence/dolibarr-C0623.json,1397
results/subjects/dolibarr/evidence/dolibarr-C0624.json,1191
results/subjects/dolibarr/evidence/dolibarr-C0625.json,1199
results/subjects/dolibarr/evidence/dolibarr-C0626.json,1217
results/subjects/dolibarr/evidence/dolibarr-C0627.json,1222
results/subjects/dolibarr/evidence/dolibarr-C0628.json,1121
results/subjects/dolibarr/evidence/dolibarr-C0629.json,1121
results/subjects/dolibarr/evidence/dolibarr-C0630.json,1120
results/subjects/dolibarr/evidence/dolibarr-C0631.json,1184
results/subjects/dolibarr/evidence/dolibarr-C0632.json,1184
results/subjects/dolibarr/evidence/dolibarr-C0633.json,1150
results/subjects/dolibarr/evidence/dolibarr-C0634.json,1912
results/subjects/dolibarr/evidence/dolibarr-C0635.json,1177
results/subjects/dolibarr/evidence/dolibarr-C0636.json,1121
results/subjects/dolibarr/evidence/dolibarr-C0637.json,1218
results/subjects/dolibarr/evidence/dolibarr-C0638.json,1150
results/subjects/dolibarr/evidence/dolibarr-C0639.json,1251
results/subjects/dolibarr/evidence/dolibarr-C0640.json,1150
results/subjects/dolibarr/evidence/dolibarr-C0641.json,1150
results/subjects/dolibarr/evidence/dolibarr-C0642.json,1151
results/subjects/dolibarr/evidence/dolibarr-C0643.json,1236
results/subjects/dolibarr/evidence/dolibarr-C0644.json,1159
results/subjects/dolibarr/evidence/dolibarr-C0645.json,2078
results/subjects/dolibarr/evidence/dolibarr-C0646.json,1153
results/subjects/dolibarr/evidence/dolibarr-C0647.json,1153
results/subjects/dolibarr/evidence/dolibarr-C0648.json,1154
results/subjects/dolibarr/evidence/dolibarr-C0649.json,1464
results/subjects/dolibarr/evidence/dolibarr-C0650.json,1402
results/subjects/dolibarr/evidence/dolibarr-C0651.json,1196
results/subjects/dolibarr/evidence/dolibarr-C0652.json,1201
results/subjects/dolibarr/evidence/dolibarr-C0653.json,1234
results/subjects/dolibarr/evidence/dolibarr-C0654.json,1374
results/subjects/dolibarr/evidence/dolibarr-C0655.json,3070
results/subjects/dolibarr/evidence/dolibarr-C0656.json,1736
results/subjects/dolibarr/evidence/dolibarr-C0657.json,1739
results/subjects/dolibarr/evidence/dolibarr-C0658.json,2042
results/subjects/dolibarr/evidence/dolibarr-C0659.json,2146
results/subjects/dolibarr/evidence/dolibarr-C0660.json,2102
results/subjects/dolibarr/evidence/dolibarr-C0661.json,1706
results/subjects/dolibarr/evidence/dolibarr-C0662.json,1293
results/subjects/dolibarr/evidence/dolibarr-C0663.json,1322
results/subjects/dolibarr/evidence/dolibarr-C0664.json,1128
results/subjects/dolibarr/evidence/dolibarr-C0665.json,1196
results/subjects/dolibarr/evidence/dolibarr-C0666.json,2141
results/subjects/dolibarr/evidence/dolibarr-C0667.json,1123
results/subjects/dolibarr/evidence/dolibarr-C0668.json,1233
results/subjects/dolibarr/evidence/dolibarr-C0669.json,1123
results/subjects/dolibarr/evidence/dolibarr-C0670.json,1123
results/subjects/dolibarr/evidence/dolibarr-C0671.json,1123
results/subjects/dolibarr/evidence/dolibarr-C0672.json,1191
results/subjects/dolibarr/evidence/dolibarr-C0673.json,1154
results/subjects/dolibarr/evidence/dolibarr-C0674.json,1154
results/subjects/dolibarr/evidence/dolibarr-C0675.json,1154
results/subjects/dolibarr/evidence/dolibarr-C0676.json,1125
results/subjects/dolibarr/evidence/dolibarr-C0677.json,1337
results/subjects/dolibarr/evidence/dolibarr-C0678.json,1125
results/subjects/dolibarr/evidence/dolibarr-C0679.json,1202
results/subjects/dolibarr/evidence/dolibarr-C0680.json,1154
results/subjects/dolibarr/evidence/dolibarr-C0681.json,1125
results/subjects/dolibarr/evidence/dolibarr-C0682.json,1155
results/subjects/dolibarr/evidence/dolibarr-C0683.json,1155
results/subjects/dolibarr/evidence/dolibarr-C0684.json,1393
results/subjects/dolibarr/evidence/dolibarr-C0685.json,1155
results/subjects/dolibarr/evidence/dolibarr-C0686.json,1125
results/subjects/dolibarr/evidence/dolibarr-C0687.json,1150
results/subjects/dolibarr/evidence/dolibarr-C0688.json,1125
results/subjects/dolibarr/evidence/dolibarr-C0689.json,1196
results/subjects/dolibarr/evidence/dolibarr-C0690.json,1169
results/subjects/dolibarr/evidence/dolibarr-C0691.json,1941
results/subjects/dolibarr/evidence/dolibarr-C0692.json,1922
results/subjects/dolibarr/evidence/dolibarr-C0693.json,1278
results/subjects/dolibarr/evidence/dolibarr-C0694.json,1298
results/subjects/dolibarr/evidence/dolibarr-C0695.json,1400
results/subjects/dolibarr/evidence/dolibarr-C0696.json,2133
results/subjects/dolibarr/evidence/dolibarr-C0697.json,1782
results/subjects/dolibarr/evidence/dolibarr-C0698.json,1873
results/subjects/dolibarr/evidence/dolibarr-C0699.json,1578
results/subjects/dolibarr/evidence/dolibarr-C0700.json,1250
results/subjects/dolibarr/evidence/dolibarr-C0701.json,1251
results/subjects/dolibarr/evidence/dolibarr-C0702.json,6529
results/subjects/dolibarr/evidence/dolibarr-C0703.json,1145
results/subjects/dolibarr/evidence/dolibarr-C0704.json,1307
results/subjects/dolibarr/evidence/dolibarr-C0705.json,1145
results/subjects/dolibarr/evidence/dolibarr-C0706.json,1280
results/subjects/dolibarr/evidence/dolibarr-C0707.json,1147
results/subjects/dolibarr/evidence/dolibarr-C0708.json,1177
results/subjects/dolibarr/evidence/dolibarr-C0709.json,1147
results/subjects/dolibarr/evidence/dolibarr-C0710.json,1147
results/subjects/dolibarr/evidence/dolibarr-C0711.json,1147
results/subjects/dolibarr/evidence/dolibarr-C0712.json,1177
results/subjects/dolibarr/evidence/dolibarr-C0713.json,1177
results/subjects/dolibarr/evidence/dolibarr-C0714.json,1176
results/subjects/dolibarr/evidence/dolibarr-C0715.json,1213
results/subjects/dolibarr/evidence/dolibarr-C0716.json,1177
results/subjects/dolibarr/evidence/dolibarr-C0717.json,1176
results/subjects/dolibarr/evidence/dolibarr-C0718.json,1254
results/subjects/dolibarr/evidence/dolibarr-C0719.json,1553
results/subjects/dolibarr/evidence/dolibarr-C0720.json,1176
results/subjects/dolibarr/evidence/dolibarr-C0721.json,1146
results/subjects/dolibarr/evidence/dolibarr-C0722.json,1176
results/subjects/dolibarr/evidence/dolibarr-C0723.json,1225
results/subjects/dolibarr/evidence/dolibarr-C0724.json,1246
results/subjects/dolibarr/evidence/dolibarr-C0725.json,1147
results/subjects/dolibarr/evidence/dolibarr-C0726.json,1513
results/subjects/dolibarr/evidence/dolibarr-C0727.json,1920
results/subjects/dolibarr/evidence/dolibarr-C0728.json,1459
results/subjects/dolibarr/evidence/dolibarr-C0729.json,1232
results/subjects/dolibarr/evidence/dolibarr-C0730.json,1335
results/subjects/dolibarr/evidence/dolibarr-C0731.json,2711
results/subjects/dolibarr/evidence/dolibarr-C0732.json,1783
results/subjects/dolibarr/evidence/dolibarr-C0733.json,2026
results/subjects/dolibarr/evidence/dolibarr-C0734.json,1249
results/subjects/dolibarr/evidence/dolibarr-C0735.json,1153
results/subjects/dolibarr/evidence/dolibarr-C0736.json,1294
results/subjects/dolibarr/evidence/dolibarr-C0737.json,1118
results/subjects/dolibarr/evidence/dolibarr-C0738.json,1165
results/subjects/dolibarr/evidence/dolibarr-C0739.json,1672
results/subjects/dolibarr/evidence/dolibarr-C0740.json,1115
results/subjects/dolibarr/evidence/dolibarr-C0741.json,2529
results/subjects/dolibarr/evidence/dolibarr-C0742.json,1213
results/subjects/dolibarr/evidence/dolibarr-C0743.json,1347
results/subjects/dolibarr/evidence/dolibarr-C0744.json,1304
results/subjects/dolibarr/evidence/dolibarr-C0745.json,1198
results/subjects/dolibarr/evidence/dolibarr-C0746.json,1130
results/subjects/dolibarr/evidence/dolibarr-C0747.json,1796
results/subjects/dolibarr/evidence/dolibarr-C0748.json,1202
results/subjects/dolibarr/evidence/dolibarr-C0749.json,1134
results/subjects/dolibarr/evidence/dolibarr-C0750.json,1134
results/subjects/dolibarr/evidence/dolibarr-C0751.json,1164
results/subjects/dolibarr/evidence/dolibarr-C0752.json,1166
results/subjects/dolibarr/evidence/dolibarr-C0753.json,1232
results/subjects/dolibarr/evidence/dolibarr-C0754.json,1166
results/subjects/dolibarr/evidence/dolibarr-C0755.json,1214
results/subjects/dolibarr/evidence/dolibarr-C0756.json,1246
results/subjects/dolibarr/evidence/dolibarr-C0757.json,1205
results/subjects/dolibarr/evidence/dolibarr-C0758.json,1165
results/subjects/dolibarr/evidence/dolibarr-C0759.json,1192
results/subjects/dolibarr/evidence/dolibarr-C0760.json,1152
results/subjects/dolibarr/evidence/dolibarr-C0761.json,1242
results/subjects/dolibarr/evidence/dolibarr-C0762.json,1205
results/subjects/dolibarr/evidence/dolibarr-C0763.json,1136
results/subjects/dolibarr/evidence/dolibarr-C0764.json,1214
results/subjects/dolibarr/evidence/dolibarr-C0765.json,1165
results/subjects/dolibarr/evidence/dolibarr-C0766.json,1165
results/subjects/dolibarr/evidence/dolibarr-C0767.json,1658
results/subjects/dolibarr/evidence/dolibarr-C0768.json,1348
results/subjects/dolibarr/evidence/dolibarr-C0769.json,1165
results/subjects/dolibarr/evidence/dolibarr-C0770.json,1136
results/subjects/dolibarr/evidence/dolibarr-C0771.json,1165
results/subjects/dolibarr/evidence/dolibarr-C0772.json,2813
results/subjects/dolibarr/evidence/dolibarr-C0773.json,1539
results/subjects/dolibarr/evidence/dolibarr-C0774.json,1125
results/subjects/dolibarr/evidence/dolibarr-C0775.json,1171
results/subjects/dolibarr/evidence/dolibarr-C0776.json,1205
results/subjects/dolibarr/evidence/dolibarr-C0777.json,1157
results/subjects/dolibarr/evidence/dolibarr-C0778.json,1156
results/subjects/dolibarr/evidence/dolibarr-C0779.json,1156
results/subjects/dolibarr/evidence/dolibarr-C0780.json,1156
results/subjects/dolibarr/evidence/dolibarr-C0781.json,1156
results/subjects/dolibarr/evidence/dolibarr-C0782.json,1156
results/subjects/dolibarr/evidence/dolibarr-C0783.json,1373
results/subjects/dolibarr/evidence/dolibarr-C0784.json,1239
results/subjects/dolibarr/evidence/dolibarr-C0785.json,1157
results/subjects/dolibarr/evidence/dolibarr-C0786.json,1194
results/subjects/dolibarr/evidence/dolibarr-C0787.json,1156
results/subjects/dolibarr/evidence/dolibarr-C0788.json,1127
results/subjects/dolibarr/evidence/dolibarr-C0789.json,1127
results/subjects/dolibarr/evidence/dolibarr-C0790.json,1191
results/subjects/dolibarr/evidence/dolibarr-C0791.json,1127
results/subjects/dolibarr/evidence/dolibarr-C0792.json,1127
results/subjects/dolibarr/evidence/dolibarr-C0793.json,1156
results/subjects/dolibarr/evidence/dolibarr-C0794.json,1127
results/subjects/dolibarr/evidence/dolibarr-C0795.json,1127
results/subjects/dolibarr/evidence/dolibarr-C0796.json,1156
results/subjects/dolibarr/evidence/dolibarr-C0797.json,1156
results/subjects/dolibarr/evidence/dolibarr-C0798.json,1157
results/subjects/dolibarr/evidence/dolibarr-C0799.json,1156
results/subjects/dolibarr/evidence/dolibarr-C0800.json,1127
results/subjects/dolibarr/evidence/dolibarr-C0801.json,1200
results/subjects/dolibarr/evidence/dolibarr-C0802.json,4138
results/subjects/dolibarr/evidence/dolibarr-C0803.json,1344
results/subjects/dolibarr/evidence/dolibarr-C0804.json,1132
results/subjects/dolibarr/evidence/dolibarr-C0805.json,1161
results/subjects/dolibarr/evidence/dolibarr-C0806.json,1947
results/subjects/dolibarr/evidence/dolibarr-C0807.json,1314
results/subjects/dolibarr/evidence/dolibarr-C0808.json,1300
results/subjects/dolibarr/evidence/dolibarr-C0809.json,1233
results/subjects/dolibarr/evidence/dolibarr-C0810.json,1195
results/subjects/dolibarr/evidence/dolibarr-C0811.json,1196
results/subjects/dolibarr/evidence/dolibarr-C0812.json,1719
results/subjects/dolibarr/evidence/dolibarr-C0813.json,1589
results/subjects/dolibarr/evidence/dolibarr-C0814.json,1681
results/subjects/dolibarr/evidence/dolibarr-C0815.json,1752
results/subjects/dolibarr/evidence/dolibarr-C0816.json,1622
results/subjects/dolibarr/evidence/dolibarr-C0817.json,1678
results/subjects/dolibarr/evidence/dolibarr-C0818.json,1564
results/subjects/dolibarr/evidence/dolibarr-C0819.json,1207
results/subjects/dolibarr/evidence/dolibarr-C0820.json,1130
results/subjects/dolibarr/evidence/dolibarr-C0821.json,1160
results/subjects/dolibarr/evidence/dolibarr-C0822.json,1160
results/subjects/dolibarr/evidence/dolibarr-C0823.json,1160
results/subjects/dolibarr/evidence/dolibarr-C0824.json,1160
results/subjects/dolibarr/evidence/dolibarr-C0825.json,1130
results/subjects/dolibarr/evidence/dolibarr-C0826.json,1159
results/subjects/dolibarr/evidence/dolibarr-C0827.json,1199
results/subjects/dolibarr/evidence/dolibarr-C0828.json,1316
results/subjects/dolibarr/evidence/dolibarr-C0829.json,1473
results/subjects/dolibarr/evidence/dolibarr-C0830.json,1332
results/subjects/dolibarr/evidence/dolibarr-C0831.json,1316
results/subjects/dolibarr/evidence/dolibarr-C0832.json,1799
results/subjects/dolibarr/evidence/dolibarr-C0833.json,1207
results/subjects/dolibarr/evidence/dolibarr-C0834.json,1201
results/subjects/dolibarr/evidence/dolibarr-C0835.json,1373
results/subjects/dolibarr/evidence/dolibarr-C0836.json,1129
results/subjects/dolibarr/evidence/dolibarr-C0837.json,1160
results/subjects/dolibarr/evidence/dolibarr-C0838.json,1276
results/subjects/dolibarr/evidence/dolibarr-C0839.json,1343
results/subjects/dolibarr/evidence/dolibarr-C0840.json,1131
results/subjects/dolibarr/evidence/dolibarr-C0841.json,1160
results/subjects/dolibarr/evidence/dolibarr-C0842.json,1160
results/subjects/dolibarr/evidence/dolibarr-C0843.json,1203
results/subjects/dolibarr/evidence/dolibarr-C0844.json,1203
results/subjects/dolibarr/evidence/dolibarr-C0845.json,1203
results/subjects/dolibarr/evidence/dolibarr-C0846.json,1162
results/subjects/dolibarr/evidence/dolibarr-C0847.json,1785
results/subjects/dolibarr/evidence/dolibarr-C0848.json,1306
results/subjects/dolibarr/evidence/dolibarr-C0849.json,1961
results/subjects/dolibarr/evidence/dolibarr-C0850.json,1371
results/subjects/dolibarr/evidence/dolibarr-C0851.json,1303
results/subjects/dolibarr/evidence/dolibarr-C0852.json,1165
results/subjects/dolibarr/evidence/dolibarr-C0853.json,2070
results/subjects/dolibarr/evidence/dolibarr-C0854.json,1320
results/subjects/dolibarr/evidence/dolibarr-C0855.json,1239
results/subjects/dolibarr/evidence/dolibarr-C0856.json,1227
results/subjects/dolibarr/evidence/dolibarr-C0857.json,1197
results/subjects/dolibarr/evidence/dolibarr-C0858.json,1281
results/subjects/dolibarr/evidence/dolibarr-C0859.json,1206
results/subjects/dolibarr/evidence/dolibarr-C0860.json,3287
results/subjects/dolibarr/evidence/dolibarr-C0861.json,2459
results/subjects/dolibarr/evidence/dolibarr-C0862.json,1834
results/subjects/dolibarr/evidence/dolibarr-C0863.json,1478
results/subjects/dolibarr/evidence/dolibarr-C0864.json,1411
results/subjects/dolibarr/evidence/dolibarr-C0865.json,1660
results/subjects/dolibarr/evidence/dolibarr-C0866.json,1363
results/subjects/dolibarr/evidence/dolibarr-C0867.json,1842
results/subjects/dolibarr/evidence/dolibarr-C0868.json,2286
results/subjects/dolibarr/evidence/dolibarr-C0869.json,1624
results/subjects/dolibarr/evidence/dolibarr-C0870.json,1544
results/subjects/dolibarr/evidence/dolibarr-C0871.json,2920
results/subjects/dolibarr/evidence/dolibarr-C0872.json,1713
results/subjects/dolibarr/evidence/dolibarr-C0873.json,2329
results/subjects/dolibarr/evidence/dolibarr-C0874.json,1163
results/subjects/dolibarr/evidence/dolibarr-C0875.json,1624
results/subjects/dolibarr/evidence/dolibarr-C0876.json,1544
results/subjects/dolibarr/evidence/dolibarr-C0877.json,1235
results/subjects/dolibarr/evidence/dolibarr-C0878.json,1369
results/subjects/dolibarr/evidence/dolibarr-C0879.json,1624
results/subjects/dolibarr/evidence/dolibarr-C0880.json,1672
results/subjects/dolibarr/evidence/dolibarr-C0881.json,2355
results/subjects/dolibarr/evidence/dolibarr-C0882.json,1226
results/subjects/dolibarr/evidence/dolibarr-C0883.json,1208
results/subjects/dolibarr/evidence/dolibarr-C0884.json,1484
results/subjects/dolibarr/evidence/dolibarr-C0885.json,1547
results/subjects/dolibarr/evidence/dolibarr-C0886.json,2245
results/subjects/dolibarr/evidence/dolibarr-C0887.json,1606
results/subjects/dolibarr/evidence/dolibarr-C0888.json,2131
results/subjects/dolibarr/evidence/dolibarr-C0889.json,1117
results/subjects/dolibarr/evidence/dolibarr-C0890.json,1122
results/subjects/dolibarr/evidence/dolibarr-C0891.json,2025
results/subjects/dolibarr/evidence/dolibarr-C0892.json,2407
results/subjects/dolibarr/evidence/dolibarr-C0893.json,2486
results/subjects/dolibarr/evidence/dolibarr-C0894.json,1637
results/subjects/dolibarr/evidence/dolibarr-C0895.json,1165
results/subjects/dolibarr/evidence/dolibarr-C0896.json,1289
results/subjects/dolibarr/evidence/dolibarr-C0897.json,1197
results/subjects/dolibarr/evidence/dolibarr-C0898.json,1192
results/subjects/dolibarr/evidence/dolibarr-C0899.json,1280
results/subjects/dolibarr/evidence/dolibarr-C0900.json,1194
results/subjects/dolibarr/evidence/dolibarr-C0901.json,1189
results/subjects/dolibarr/evidence/dolibarr-C0902.json,3024
results/subjects/dolibarr/evidence/dolibarr-C0903.json,1230
results/subjects/dolibarr/evidence/dolibarr-C0904.json,1124
results/subjects/dolibarr/evidence/dolibarr-C0905.json,1153
results/subjects/dolibarr/evidence/dolibarr-C0906.json,1153
results/subjects/dolibarr/evidence/dolibarr-C0907.json,1202
results/subjects/dolibarr/evidence/dolibarr-C0908.json,1202
results/subjects/dolibarr/evidence/dolibarr-C0909.json,1124
results/subjects/dolibarr/evidence/dolibarr-C0910.json,1125
results/subjects/dolibarr/evidence/dolibarr-C0911.json,2090
results/subjects/dolibarr/evidence/dolibarr-C0912.json,1126
results/subjects/dolibarr/evidence/dolibarr-C0913.json,1194
results/subjects/dolibarr/evidence/dolibarr-C0914.json,1126
results/subjects/dolibarr/evidence/dolibarr-C0915.json,1126
results/subjects/dolibarr/evidence/dolibarr-C0916.json,1156
results/subjects/dolibarr/evidence/dolibarr-C0917.json,1156
results/subjects/dolibarr/evidence/dolibarr-C0918.json,1155
results/subjects/dolibarr/evidence/dolibarr-C0919.json,1203
results/subjects/dolibarr/evidence/dolibarr-C0920.json,1126
results/subjects/dolibarr/evidence/dolibarr-C0921.json,1199
results/subjects/dolibarr/evidence/dolibarr-C0922.json,1129
results/subjects/dolibarr/evidence/dolibarr-C0923.json,1129
results/subjects/dolibarr/evidence/dolibarr-C0924.json,1129
results/subjects/dolibarr/evidence/dolibarr-C0925.json,1158
results/subjects/dolibarr/evidence/dolibarr-C0926.json,1817
results/subjects/dolibarr/evidence/dolibarr-C0927.json,1241
results/subjects/dolibarr/evidence/dolibarr-C0928.json,1121
results/subjects/dolibarr/evidence/dolibarr-C0929.json,1121
results/subjects/dolibarr/evidence/dolibarr-C0930.json,1151
results/subjects/dolibarr/evidence/dolibarr-C0931.json,1224
results/subjects/dolibarr/evidence/dolibarr-C0932.json,1299
results/subjects/dolibarr/evidence/dolibarr-C0933.json,1151
results/subjects/dolibarr/evidence/dolibarr-C0934.json,1152
results/subjects/dolibarr/evidence/dolibarr-C0935.json,1241
results/subjects/dolibarr/evidence/dolibarr-C0936.json,1123
results/subjects/dolibarr/evidence/dolibarr-C0937.json,1153
results/subjects/dolibarr/evidence/dolibarr-C0938.json,1191
results/subjects/dolibarr/evidence/dolibarr-C0939.json,1123
results/subjects/dolibarr/evidence/dolibarr-C0940.json,1123
results/subjects/dolibarr/evidence/dolibarr-C0941.json,1153
results/subjects/dolibarr/evidence/dolibarr-C0942.json,1152
results/subjects/dolibarr/evidence/dolibarr-C0943.json,1154
results/subjects/dolibarr/evidence/dolibarr-C0944.json,1815
results/subjects/dolibarr/evidence/dolibarr-C0945.json,1909
results/subjects/dolibarr/evidence/dolibarr-C0946.json,2287
results/subjects/dolibarr/evidence/dolibarr-C0947.json,1972
results/subjects/dolibarr/evidence/dolibarr-C0948.json,2454
results/subjects/dolibarr/evidence/dolibarr-C0949.json,1872
results/subjects/dolibarr/evidence/dolibarr-C0950.json,3182
results/subjects/dolibarr/evidence/dolibarr-C0951.json,3257
results/subjects/dolibarr/evidence/dolibarr-C0952.json,1821
results/subjects/dolibarr/evidence/dolibarr-C0953.json,2151
results/subjects/dolibarr/evidence/dolibarr-C0954.json,1367
results/subjects/dolibarr/evidence/dolibarr-C0955.json,1662
results/subjects/dolibarr/evidence/dolibarr-C0956.json,1254
results/subjects/dolibarr/evidence/dolibarr-C0957.json,1737
results/subjects/dolibarr/evidence/dolibarr-C0958.json,1241
results/subjects/dolibarr/evidence/dolibarr-C0959.json,1298
results/subjects/dolibarr/evidence/dolibarr-C0960.json,1129
results/subjects/dolibarr/evidence/dolibarr-C0961.json,1160
results/subjects/dolibarr/evidence/dolibarr-C0962.json,1130
results/subjects/dolibarr/evidence/dolibarr-C0963.json,1705
results/subjects/dolibarr/evidence/dolibarr-C0964.json,1277
results/subjects/dolibarr/evidence/dolibarr-C0965.json,1163
results/subjects/dolibarr/evidence/dolibarr-C0966.json,1312
results/subjects/dolibarr/evidence/dolibarr-C0967.json,1176
results/subjects/dolibarr/evidence/dolibarr-C0968.json,1308
results/subjects/dolibarr/evidence/dolibarr-C0969.json,1268
results/subjects/dolibarr/evidence/dolibarr-C0970.json,1164
results/subjects/dolibarr/evidence/dolibarr-C0971.json,2871
results/subjects/dolibarr/evidence/dolibarr-C0972.json,1155
results/subjects/dolibarr/evidence/dolibarr-C0973.json,1282
results/subjects/dolibarr/evidence/dolibarr-C0974.json,1422
results/subjects/dolibarr/evidence/dolibarr-C0975.json,1301
results/subjects/dolibarr/evidence/dolibarr-C0976.json,1157
results/subjects/dolibarr/evidence/dolibarr-C0977.json,1156
results/subjects/dolibarr/evidence/dolibarr-C0978.json,1156
results/subjects/dolibarr/evidence/dolibarr-C0979.json,1127
results/subjects/dolibarr/evidence/dolibarr-C0980.json,1223
results/subjects/dolibarr/evidence/dolibarr-C0981.json,1171
results/subjects/dolibarr/evidence/dolibarr-C0982.json,1201
results/subjects/dolibarr/evidence/dolibarr-C0983.json,1156
results/subjects/dolibarr/evidence/dolibarr-C0984.json,1156
results/subjects/dolibarr/evidence/dolibarr-C0985.json,1157
results/subjects/dolibarr/evidence/dolibarr-C0986.json,1156
results/subjects/dolibarr/evidence/dolibarr-C0987.json,1156
results/subjects/dolibarr/evidence/dolibarr-C0988.json,1156
results/subjects/dolibarr/evidence/dolibarr-C0989.json,1156
results/subjects/dolibarr/evidence/dolibarr-C0990.json,1156
results/subjects/dolibarr/evidence/dolibarr-C0991.json,1156
results/subjects/dolibarr/evidence/dolibarr-C0992.json,1127
results/subjects/dolibarr/evidence/dolibarr-C0993.json,1156
results/subjects/dolibarr/evidence/dolibarr-C0994.json,1156
results/subjects/dolibarr/evidence/dolibarr-C0995.json,1156
results/subjects/dolibarr/evidence/dolibarr-C0996.json,1156
results/subjects/dolibarr/evidence/dolibarr-C0997.json,1156
results/subjects/dolibarr/evidence/dolibarr-C0998.json,1157
results/subjects/dolibarr/evidence/dolibarr-C0999.json,1157
results/subjects/dolibarr/evidence/dolibarr-C1000.json,1157
results/subjects/dolibarr/evidence/dolibarr-C1001.json,1157
results/subjects/dolibarr/evidence/dolibarr-C1002.json,1156
results/subjects/dolibarr/evidence/dolibarr-C1003.json,1171
results/subjects/dolibarr/evidence/dolibarr-C1004.json,1156
results/subjects/dolibarr/evidence/dolibarr-C1005.json,1237
results/subjects/dolibarr/evidence/dolibarr-C1006.json,1713
results/subjects/dolibarr/evidence/dolibarr-C1007.json,1127
results/subjects/dolibarr/evidence/dolibarr-C1008.json,1157
results/subjects/dolibarr/evidence/dolibarr-C1009.json,1127
results/subjects/dolibarr/evidence/dolibarr-C1010.json,1198
results/subjects/dolibarr/evidence/dolibarr-C1011.json,1156
results/subjects/dolibarr/evidence/dolibarr-C1012.json,1156
results/subjects/dolibarr/evidence/dolibarr-C1013.json,1392
results/subjects/dolibarr/evidence/dolibarr-C1014.json,1197
results/subjects/dolibarr/evidence/dolibarr-C1015.json,1130
results/subjects/dolibarr/evidence/dolibarr-C1016.json,1198
results/subjects/dolibarr/evidence/dolibarr-C1017.json,1130
results/subjects/dolibarr/evidence/dolibarr-C1018.json,1130
results/subjects/dolibarr/evidence/dolibarr-C1019.json,1130
results/subjects/dolibarr/evidence/dolibarr-C1020.json,1428
results/subjects/dolibarr/evidence/dolibarr-C1021.json,1205
results/subjects/dolibarr/evidence/dolibarr-C1022.json,1138
results/subjects/dolibarr/evidence/dolibarr-C1023.json,1138
results/subjects/dolibarr/evidence/dolibarr-C1024.json,1274
results/subjects/dolibarr/evidence/dolibarr-C1025.json,1204
results/subjects/dolibarr/evidence/dolibarr-C1026.json,1206
results/subjects/dolibarr/evidence/dolibarr-C1027.json,1341
results/subjects/dolibarr/evidence/dolibarr-C1028.json,1206
results/subjects/dolibarr/evidence/dolibarr-C1029.json,1139
results/subjects/dolibarr/evidence/dolibarr-C1030.json,1169
results/subjects/dolibarr/evidence/dolibarr-C1031.json,1169
results/subjects/dolibarr/evidence/dolibarr-C1032.json,1207
results/subjects/dolibarr/evidence/dolibarr-C1033.json,2344
results/subjects/dolibarr/evidence/dolibarr-C1034.json,1879
results/subjects/dolibarr/evidence/dolibarr-C1035.json,2821
results/subjects/dolibarr/evidence/dolibarr-C1036.json,2819
results/subjects/dolibarr/evidence/dolibarr-C1037.json,2611
results/subjects/dolibarr/evidence/dolibarr-C1038.json,2103
results/subjects/dolibarr/evidence/dolibarr-C1039.json,1947
results/subjects/dolibarr/evidence/dolibarr-C1040.json,2314
results/subjects/dolibarr/evidence/dolibarr-C1041.json,2314
results/subjects/dolibarr/evidence/dolibarr-C1042.json,2126
results/subjects/dolibarr/evidence/dolibarr-C1043.json,2325
results/subjects/dolibarr/evidence/dolibarr-C1044.json,2211
results/subjects/dolibarr/evidence/dolibarr-C1045.json,2300
results/subjects/dolibarr/evidence/dolibarr-C1046.json,2311
results/subjects/dolibarr/evidence/dolibarr-C1047.json,2512
results/subjects/dolibarr/evidence/dolibarr-C1048.json,1305
results/subjects/dolibarr/evidence/dolibarr-C1049.json,1981
results/subjects/dolibarr/evidence/dolibarr-C1050.json,2102
results/subjects/dolibarr/evidence/dolibarr-C1051.json,2150
results/subjects/dolibarr/evidence/dolibarr-C1052.json,3143
results/subjects/dolibarr/evidence/dolibarr-C1053.json,3117
results/subjects/dolibarr/evidence/dolibarr-C1054.json,3911
results/subjects/dolibarr/evidence/dolibarr-C1055.json,2550
results/subjects/dolibarr/evidence/dolibarr-C1056.json,1564
results/subjects/dolibarr/evidence/dolibarr-C1057.json,2127
results/subjects/dolibarr/evidence/dolibarr-C1058.json,2124
results/subjects/dolibarr/evidence/dolibarr-C1059.json,2223
results/subjects/dolibarr/evidence/dolibarr-C1060.json,1501
results/subjects/dolibarr/evidence/dolibarr-C1061.json,1438
results/subjects/dolibarr/evidence/dolibarr-C1062.json,1274
results/subjects/dolibarr/evidence/dolibarr-C1063.json,1209
results/subjects/dolibarr/evidence/dolibarr-C1064.json,1142
results/subjects/dolibarr/evidence/dolibarr-C1065.json,1250
results/subjects/dolibarr/evidence/dolibarr-C1066.json,1167
results/subjects/dolibarr/evidence/dolibarr-C1067.json,1918
results/subjects/dolibarr/evidence/dolibarr-C1068.json,1214
results/subjects/dolibarr/evidence/dolibarr-C1069.json,1132
results/subjects/dolibarr/evidence/dolibarr-C1070.json,1592
results/subjects/dolibarr/evidence/dolibarr-C1071.json,1205
results/subjects/dolibarr/evidence/dolibarr-C1072.json,1161
results/subjects/dolibarr/evidence/dolibarr-C1073.json,1132
results/subjects/dolibarr/evidence/dolibarr-C1074.json,1336
results/subjects/dolibarr/evidence/dolibarr-C1075.json,1161
results/subjects/dolibarr/evidence/dolibarr-C1076.json,1900
results/subjects/dolibarr/evidence/dolibarr-C1077.json,1640
results/subjects/dolibarr/evidence/dolibarr-C1078.json,1168
results/subjects/dolibarr/evidence/dolibarr-C1079.json,1138
results/subjects/dolibarr/evidence/dolibarr-C1080.json,1138
results/subjects/dolibarr/evidence/dolibarr-C1081.json,1612
results/subjects/dolibarr/evidence/dolibarr-C1082.json,1202
results/subjects/dolibarr/evidence/dolibarr-C1083.json,1134
results/subjects/dolibarr/evidence/dolibarr-C1084.json,1201
results/subjects/dolibarr/evidence/dolibarr-C1085.json,1346
results/subjects/dolibarr/evidence/dolibarr-C1086.json,1553
results/subjects/dolibarr/evidence/dolibarr-C1087.json,1211
results/subjects/dolibarr/evidence/dolibarr-C1088.json,1144
results/subjects/dolibarr/evidence/dolibarr-C1089.json,1144
results/subjects/dolibarr/evidence/dolibarr-C1090.json,1211
results/subjects/dolibarr/evidence/dolibarr-C1091.json,1144
results/subjects/dolibarr/evidence/dolibarr-C1092.json,1161
results/subjects/dolibarr/evidence/dolibarr-C1093.json,1160
results/subjects/dolibarr/evidence/dolibarr-C1094.json,1162
results/subjects/dolibarr/evidence/dolibarr-C1095.json,1798
results/subjects/dolibarr/evidence/dolibarr-C1096.json,1755
results/subjects/dolibarr/evidence/dolibarr-C1097.json,1674
results/subjects/dolibarr/evidence/dolibarr-C1098.json,1580
results/subjects/dolibarr/evidence/dolibarr-C1099.json,1341
results/subjects/dolibarr/evidence/dolibarr-C1100.json,1137
results/subjects/dolibarr/evidence/dolibarr-C1101.json,1166
results/subjects/dolibarr/evidence/dolibarr-C1102.json,1137
results/subjects/dolibarr/evidence/dolibarr-C1103.json,1337
results/subjects/dolibarr/evidence/dolibarr-C1104.json,1879
results/subjects/dolibarr/evidence/dolibarr-C1105.json,1880
results/subjects/dolibarr/evidence/dolibarr-C1106.json,1322
results/subjects/dolibarr/evidence/dolibarr-C1107.json,1215
results/subjects/dolibarr/evidence/dolibarr-C1108.json,1177
results/subjects/dolibarr/evidence/dolibarr-C1109.json,1177
results/subjects/dolibarr/evidence/dolibarr-C1110.json,1148
results/subjects/dolibarr/evidence/dolibarr-C1111.json,1178
results/subjects/dolibarr/evidence/dolibarr-C1112.json,1327
results/subjects/dolibarr/evidence/dolibarr-C1113.json,1220
results/subjects/dolibarr/evidence/dolibarr-C1114.json,1264
results/subjects/dolibarr/evidence/dolibarr-C1115.json,1153
results/subjects/dolibarr/evidence/dolibarr-C1116.json,1183
results/subjects/dolibarr/evidence/dolibarr-C1117.json,1546
results/subjects/dolibarr/evidence/dolibarr-C1118.json,1228
results/subjects/dolibarr/evidence/dolibarr-C1119.json,1272
results/subjects/dolibarr/evidence/dolibarr-C1120.json,1161
results/subjects/dolibarr/evidence/dolibarr-C1121.json,1191
results/subjects/dolibarr/evidence/dolibarr-C1122.json,1190
results/subjects/dolibarr/evidence/dolibarr-C1123.json,1190
results/subjects/dolibarr/evidence/dolibarr-C1124.json,1161
results/subjects/dolibarr/evidence/dolibarr-C1125.json,1144
results/subjects/dolibarr/evidence/dolibarr-C1126.json,1144
results/subjects/dolibarr/evidence/dolibarr-C1127.json,1293
results/subjects/dolibarr/evidence/dolibarr-C1128.json,1146
results/subjects/dolibarr/evidence/dolibarr-C1129.json,1176
results/subjects/dolibarr/evidence/dolibarr-C1130.json,1255
results/subjects/dolibarr/evidence/dolibarr-C1131.json,1355
results/subjects/dolibarr/evidence/dolibarr-C1132.json,1146
results/subjects/dolibarr/evidence/dolibarr-C1133.json,1176
results/subjects/dolibarr/evidence/dolibarr-C1134.json,1293
results/subjects/dolibarr/evidence/dolibarr-C1135.json,1493
results/subjects/dolibarr/evidence/dolibarr-C1136.json,1490
results/subjects/dolibarr/evidence/dolibarr-C1137.json,1284
results/subjects/dolibarr/evidence/dolibarr-C1138.json,1494
results/subjects/dolibarr/evidence/dolibarr-C1139.json,1491
results/subjects/dolibarr/evidence/dolibarr-C1140.json,1285
results/subjects/dolibarr/evidence/dolibarr-C1141.json,1551
results/subjects/dolibarr/evidence/dolibarr-C1142.json,1774
results/subjects/dolibarr/evidence/dolibarr-C1143.json,1707
results/subjects/dolibarr/evidence/dolibarr-C1144.json,1118
results/subjects/dolibarr/evidence/dolibarr-C1145.json,1119
results/subjects/dolibarr/evidence/dolibarr-C1146.json,1376
results/subjects/dolibarr/evidence/dolibarr-C1147.json,1191
results/subjects/dolibarr/evidence/dolibarr-C1148.json,1296
results/subjects/dolibarr/evidence/dolibarr-C1149.json,1150
results/subjects/dolibarr/evidence/dolibarr-C1150.json,1718
results/subjects/dolibarr/evidence/dolibarr-C1151.json,1190
results/subjects/dolibarr/evidence/dolibarr-C1152.json,1162
results/subjects/dolibarr/evidence/dolibarr-C1153.json,2035
results/subjects/dolibarr/evidence/dolibarr-C1154.json,1206
results/subjects/dolibarr/evidence/dolibarr-C1155.json,1138
results/subjects/dolibarr/evidence/dolibarr-C1156.json,1208
results/subjects/dolibarr/evidence/dolibarr-C1157.json,1676
results/subjects/dolibarr/evidence/dolibarr-C1158.json,1204
results/subjects/dolibarr/evidence/dolibarr-C1159.json,1750
results/subjects/dolibarr/evidence/dolibarr-C1160.json,2426
results/subjects/dolibarr/evidence/dolibarr-C1161.json,1800
results/subjects/dolibarr/evidence/dolibarr-C1162.json,1474
results/subjects/dolibarr/evidence/dolibarr-C1163.json,1205
results/subjects/dolibarr/evidence/dolibarr-C1164.json,1248
results/subjects/dolibarr/evidence/dolibarr-C1165.json,1166
results/subjects/dolibarr/evidence/dolibarr-C1166.json,1137
results/subjects/dolibarr/evidence/dolibarr-C1167.json,1205
results/subjects/dolibarr/evidence/dolibarr-C1168.json,1248
results/subjects/dolibarr/evidence/dolibarr-C1169.json,1166
results/subjects/dolibarr/evidence/dolibarr-C1170.json,1534
results/subjects/dolibarr/evidence/dolibarr-C1171.json,1890
results/subjects/dolibarr/evidence/dolibarr-C1172.json,1985
results/subjects/dolibarr/evidence/dolibarr-C1173.json,2932
results/subjects/dolibarr/evidence/dolibarr-C1174.json,2915
results/subjects/dolibarr/evidence/dolibarr-C1175.json,1553
results/subjects/dolibarr/evidence/dolibarr-C1176.json,2833
results/subjects/dolibarr/evidence/dolibarr-C1177.json,2115
results/subjects/dolibarr/evidence/dolibarr-C1178.json,1787
results/subjects/dolibarr/evidence/dolibarr-C1179.json,1158
results/subjects/dolibarr/evidence/dolibarr-C1180.json,1671
results/subjects/dolibarr/evidence/dolibarr-C1181.json,1147
results/subjects/dolibarr/evidence/dolibarr-C1182.json,1359
results/subjects/dolibarr/evidence/dolibarr-C1183.json,1213
results/subjects/dolibarr/evidence/dolibarr-C1184.json,1644
results/subjects/dolibarr/evidence/dolibarr-C1185.json,1141
results/subjects/dolibarr/evidence/dolibarr-C1186.json,1141
results/subjects/dolibarr/evidence/dolibarr-C1187.json,1253
results/subjects/dolibarr/evidence/dolibarr-C1188.json,1353
results/subjects/dolibarr/evidence/dolibarr-C1189.json,1170
results/subjects/dolibarr/evidence/dolibarr-C1190.json,1209
results/subjects/dolibarr/evidence/dolibarr-C1191.json,1452
results/subjects/dolibarr/evidence/dolibarr-C1192.json,1424
results/subjects/dolibarr/evidence/dolibarr-C1193.json,1373
results/subjects/dolibarr/evidence/dolibarr-C1194.json,1409
results/subjects/dolibarr/evidence/dolibarr-C1195.json,1149
results/subjects/dolibarr/evidence/dolibarr-C1196.json,1372
results/subjects/dolibarr/evidence/dolibarr-C1197.json,1182
results/subjects/dolibarr/evidence/dolibarr-C1198.json,1432
results/subjects/dolibarr/evidence/dolibarr-C1199.json,1253
results/subjects/dolibarr/evidence/dolibarr-C1200.json,1658
results/subjects/dolibarr/evidence/dolibarr-C1201.json,1910
results/subjects/dolibarr/evidence/dolibarr-C1202.json,1897
results/subjects/dolibarr/evidence/dolibarr-C1203.json,1283
results/subjects/dolibarr/evidence/dolibarr-C1204.json,1218
results/subjects/dolibarr/evidence/dolibarr-C1205.json,1218
results/subjects/dolibarr/evidence/dolibarr-C1206.json,1218
results/subjects/dolibarr/evidence/dolibarr-C1207.json,1133
results/subjects/dolibarr/evidence/dolibarr-C1208.json,1133
results/subjects/dolibarr/evidence/dolibarr-C1209.json,2471
results/subjects/dolibarr/evidence/dolibarr-C1210.json,1196
results/subjects/dolibarr/evidence/dolibarr-C1211.json,1149
results/subjects/dolibarr/evidence/dolibarr-C1212.json,1189
results/subjects/dolibarr/evidence/dolibarr-C1213.json,1119
results/subjects/dolibarr/evidence/dolibarr-C1214.json,1277
results/subjects/dolibarr/evidence/dolibarr-C1215.json,1239
results/subjects/dolibarr/evidence/dolibarr-C1216.json,1205
results/subjects/dolibarr/evidence/dolibarr-C1217.json,1127
results/subjects/dolibarr/evidence/dolibarr-C1218.json,1157
results/subjects/dolibarr/evidence/dolibarr-C1219.json,1156
results/subjects/dolibarr/evidence/dolibarr-C1220.json,1819
results/subjects/dolibarr/evidence/dolibarr-C1221.json,1204
results/subjects/dolibarr/evidence/dolibarr-C1222.json,1126
results/subjects/dolibarr/evidence/dolibarr-C1223.json,1196
results/subjects/dolibarr/evidence/dolibarr-C1224.json,1446
results/subjects/dolibarr/evidence/dolibarr-C1225.json,2379
results/subjects/dolibarr/evidence/dolibarr-C1226.json,2022
results/subjects/dolibarr/evidence/dolibarr-C1227.json,1601
results/subjects/dolibarr/evidence/dolibarr-C1228.json,1196
results/subjects/dolibarr/evidence/dolibarr-C1229.json,1200
results/subjects/dolibarr/evidence/dolibarr-C1230.json,1227
results/subjects/dolibarr/evidence/dolibarr-C1231.json,1199
results/subjects/dolibarr/evidence/dolibarr-C1232.json,1158
results/subjects/dolibarr/evidence/dolibarr-C1233.json,1129
results/subjects/dolibarr/evidence/dolibarr-C1234.json,1158
results/subjects/dolibarr/evidence/dolibarr-C1235.json,1160
results/subjects/dolibarr/evidence/dolibarr-C1236.json,1210
results/subjects/dolibarr/evidence/dolibarr-C1237.json,1211
results/subjects/dolibarr/evidence/dolibarr-C1238.json,1131
results/subjects/dolibarr/evidence/dolibarr-C1239.json,1131
results/subjects/dolibarr/evidence/dolibarr-C1240.json,1131
results/subjects/dolibarr/evidence/dolibarr-C1241.json,1132
results/subjects/dolibarr/evidence/dolibarr-C1242.json,1133
results/subjects/dolibarr/evidence/dolibarr-C1243.json,1133
results/subjects/dolibarr/evidence/dolibarr-C1244.json,1133
results/subjects/dolibarr/evidence/dolibarr-C1245.json,1133
results/subjects/dolibarr/evidence/dolibarr-C1246.json,1147
results/subjects/dolibarr/evidence/dolibarr-C1247.json,1161
results/subjects/dolibarr/evidence/dolibarr-C1248.json,1134
results/subjects/dolibarr/evidence/dolibarr-C1249.json,1134
results/subjects/dolibarr/evidence/dolibarr-C1250.json,1134
results/subjects/dolibarr/evidence/dolibarr-C1251.json,1125
results/subjects/dolibarr/evidence/dolibarr-C1252.json,1130
results/subjects/dolibarr/evidence/dolibarr-C1253.json,1130
results/subjects/dolibarr/evidence/dolibarr-C1254.json,1130
results/subjects/dolibarr/evidence/dolibarr-C1255.json,1130
results/subjects/dolibarr/evidence/dolibarr-C1256.json,1118
results/subjects/dolibarr/evidence/dolibarr-C1257.json,1118
results/subjects/dolibarr/evidence/dolibarr-C1258.json,1121
results/subjects/dolibarr/evidence/dolibarr-C1259.json,1122
results/subjects/dolibarr/evidence/dolibarr-C1260.json,1145
results/subjects/dolibarr/evidence/dolibarr-C1261.json,1116
results/subjects/dolibarr/evidence/dolibarr-C1262.json,1117
results/subjects/dolibarr/evidence/dolibarr-C1263.json,1117
results/subjects/dolibarr/evidence/dolibarr-C1264.json,1117
results/subjects/dolibarr/evidence/dolibarr-C1265.json,1120
results/subjects/dolibarr/evidence/dolibarr-C1266.json,1126
results/subjects/dolibarr/evidence/dolibarr-C1267.json,1126
results/subjects/dolibarr/evidence/dolibarr-C1268.json,1126
results/subjects/dolibarr/evidence/dolibarr-C1269.json,1128
results/subjects/dolibarr/evidence/dolibarr-C1270.json,1128
results/subjects/dolibarr/evidence/dolibarr-C1271.json,1128
results/subjects/dolibarr/evidence/dolibarr-C1272.json,1124
results/subjects/dolibarr/evidence/dolibarr-C1273.json,1124
results/subjects/dolibarr/evidence/dolibarr-C1274.json,1124
results/subjects/dolibarr/evidence/dolibarr-C1275.json,1124
results/subjects/dolibarr/evidence/dolibarr-C1276.json,1124
results/subjects/dolibarr/evidence/dolibarr-C1277.json,1126
results/subjects/dolibarr/evidence/dolibarr-C1278.json,1126
results/subjects/dolibarr/evidence/dolibarr-C1279.json,1126
results/subjects/dolibarr/evidence/dolibarr-C1280.json,1126
results/subjects/dolibarr/evidence/dolibarr-C1281.json,1126
results/subjects/dolibarr/evidence/dolibarr-C1282.json,1127
results/subjects/dolibarr/evidence/dolibarr-C1283.json,1128
results/subjects/dolibarr/evidence/dolibarr-C1284.json,1128
results/subjects/dolibarr/evidence/dolibarr-C1285.json,1131
results/subjects/dolibarr/evidence/dolibarr-C1286.json,1132
results/subjects/dolibarr/evidence/dolibarr-C1287.json,1131
results/subjects/dolibarr/evidence/dolibarr-C1288.json,1131
results/subjects/dolibarr/evidence/dolibarr-C1289.json,1134
results/subjects/dolibarr/evidence/dolibarr-C1290.json,1134
results/subjects/dolibarr/evidence/dolibarr-C1291.json,1134
results/subjects/dolibarr/evidence/dolibarr-C1292.json,1134
results/subjects/dolibarr/evidence/dolibarr-C1293.json,1134
results/subjects/dolibarr/evidence/dolibarr-C1294.json,1126
results/subjects/dolibarr/evidence/dolibarr-C1295.json,1126
results/subjects/dolibarr/evidence/dolibarr-C1296.json,1126
results/subjects/dolibarr/evidence/dolibarr-C1297.json,1123
results/subjects/dolibarr/evidence/dolibarr-C1298.json,1124
results/subjects/dolibarr/evidence/dolibarr-C1299.json,1124
results/subjects/dolibarr/evidence/dolibarr-C1300.json,1124
results/subjects/dolibarr/evidence/dolibarr-C1301.json,1124
results/subjects/dolibarr/evidence/dolibarr-C1302.json,1126
results/subjects/dolibarr/evidence/dolibarr-C1303.json,1126
results/subjects/dolibarr/evidence/dolibarr-C1304.json,1126
results/subjects/dolibarr/evidence/dolibarr-C1305.json,1127
results/subjects/dolibarr/evidence/dolibarr-C1306.json,1126
results/subjects/dolibarr/evidence/dolibarr-C1307.json,1121
results/subjects/dolibarr/evidence/dolibarr-C1308.json,1118
results/subjects/dolibarr/evidence/dolibarr-C1309.json,1118
results/subjects/dolibarr/evidence/dolibarr-C1310.json,1118
results/subjects/dolibarr/evidence/dolibarr-C1311.json,1118
results/subjects/dolibarr/evidence/dolibarr-C1312.json,1125
results/subjects/dolibarr/evidence/dolibarr-C1313.json,1125
results/subjects/dolibarr/evidence/dolibarr-C1314.json,1125
results/subjects/dolibarr/evidence/dolibarr-C1315.json,1125
results/subjects/dolibarr/evidence/dolibarr-C1316.json,1126
results/subjects/dolibarr/evidence/dolibarr-C1317.json,1127
results/subjects/dolibarr/evidence/dolibarr-C1318.json,2563
results/subjects/dolibarr/evidence/dolibarr-C1319.json,1131
results/subjects/dolibarr/evidence/dolibarr-C1320.json,1131
results/subjects/dolibarr/evidence/dolibarr-C1321.json,1131
results/subjects/dolibarr/evidence/dolibarr-C1322.json,1131
results/subjects/dolibarr/evidence/dolibarr-C1323.json,1199
results/subjects/dolibarr/evidence/dolibarr-C1324.json,1131
results/subjects/dolibarr/evidence/dolibarr-C1325.json,1131
results/subjects/dolibarr/evidence/dolibarr-C1326.json,1131
results/subjects/dolibarr/evidence/dolibarr-C1327.json,1131
results/subjects/dolibarr/evidence/dolibarr-C1328.json,1131
results/subjects/dolibarr/evidence/dolibarr-C1329.json,1131
results/subjects/dolibarr/evidence/dolibarr-C1330.json,1131
results/subjects/dolibarr/evidence/dolibarr-C1331.json,1131
results/subjects/dolibarr/evidence/dolibarr-C1332.json,1131
results/subjects/dolibarr/evidence/dolibarr-C1333.json,1131
results/subjects/dolibarr/evidence/dolibarr-C1334.json,1131
results/subjects/dolibarr/evidence/dolibarr-C1335.json,1131
results/subjects/dolibarr/evidence/dolibarr-C1336.json,1131
results/subjects/dolibarr/evidence/dolibarr-C1337.json,1131
results/subjects/dolibarr/evidence/dolibarr-C1338.json,1132
results/subjects/dolibarr/evidence/dolibarr-C1339.json,1131
results/subjects/dolibarr/evidence/dolibarr-C1340.json,1131
results/subjects/dolibarr/evidence/dolibarr-C1341.json,1131
results/subjects/dolibarr/evidence/dolibarr-C1342.json,1131
results/subjects/dolibarr/evidence/dolibarr-C1343.json,1131
results/subjects/dolibarr/evidence/dolibarr-C1344.json,1131
results/subjects/dolibarr/evidence/dolibarr-C1345.json,1131
results/subjects/dolibarr/evidence/dolibarr-C1346.json,1131
results/subjects/dolibarr/evidence/dolibarr-C1347.json,1131
results/subjects/dolibarr/evidence/dolibarr-C1348.json,1131
results/subjects/dolibarr/evidence/dolibarr-C1349.json,1131
results/subjects/dolibarr/evidence/dolibarr-C1350.json,1132
results/subjects/dolibarr/evidence/dolibarr-C1351.json,1131
results/subjects/dolibarr/evidence/dolibarr-C1352.json,1131
results/subjects/dolibarr/evidence/dolibarr-C1353.json,1131
results/subjects/dolibarr/evidence/dolibarr-C1354.json,1131
results/subjects/dolibarr/evidence/dolibarr-C1355.json,1131
results/subjects/dolibarr/evidence/dolibarr-C1356.json,1131
results/subjects/dolibarr/evidence/dolibarr-C1357.json,1212
results/subjects/dolibarr/evidence/dolibarr-C1358.json,1131
results/subjects/dolibarr/evidence/dolibarr-C1359.json,1131
results/subjects/dolibarr/evidence/dolibarr-C1360.json,1132
results/subjects/dolibarr/evidence/dolibarr-C1361.json,1133
results/subjects/dolibarr/evidence/dolibarr-C1362.json,1133
results/subjects/dolibarr/evidence/dolibarr-C1363.json,1133
results/subjects/dolibarr/evidence/dolibarr-C1364.json,1133
results/subjects/dolibarr/evidence/dolibarr-C1365.json,1133
results/subjects/dolibarr/evidence/dolibarr-C1366.json,1133
results/subjects/dolibarr/evidence/dolibarr-C1367.json,1133
results/subjects/dolibarr/evidence/dolibarr-C1368.json,1133
results/subjects/dolibarr/evidence/dolibarr-C1369.json,1133
results/subjects/dolibarr/evidence/dolibarr-C1370.json,1133
results/subjects/dolibarr/evidence/dolibarr-C1371.json,1133
results/subjects/dolibarr/evidence/dolibarr-C1372.json,1133
results/subjects/dolibarr/evidence/dolibarr-C1373.json,1133
results/subjects/dolibarr/evidence/dolibarr-C1374.json,1133
results/subjects/dolibarr/evidence/dolibarr-C1375.json,1133
results/subjects/dolibarr/evidence/dolibarr-C1376.json,1133
results/subjects/dolibarr/evidence/dolibarr-C1377.json,1133
results/subjects/dolibarr/evidence/dolibarr-C1378.json,1133
results/subjects/dolibarr/evidence/dolibarr-C1379.json,1133
results/subjects/dolibarr/evidence/dolibarr-C1380.json,1133
results/subjects/dolibarr/evidence/dolibarr-C1381.json,1133
results/subjects/dolibarr/evidence/dolibarr-C1382.json,1133
results/subjects/dolibarr/evidence/dolibarr-C1383.json,1133
results/subjects/dolibarr/evidence/dolibarr-C1384.json,1133
results/subjects/dolibarr/evidence/dolibarr-C1385.json,1133
results/subjects/dolibarr/evidence/dolibarr-C1386.json,1133
results/subjects/dolibarr/evidence/dolibarr-C1387.json,1133
results/subjects/dolibarr/evidence/dolibarr-C1388.json,1133
results/subjects/dolibarr/evidence/dolibarr-C1389.json,1133
results/subjects/dolibarr/evidence/dolibarr-C1390.json,1133
results/subjects/dolibarr/evidence/dolibarr-C1391.json,1133
results/subjects/dolibarr/evidence/dolibarr-C1392.json,1133
results/subjects/dolibarr/evidence/dolibarr-C1393.json,1133
results/subjects/dolibarr/evidence/dolibarr-C1394.json,1133
results/subjects/dolibarr/evidence/dolibarr-C1395.json,1133
results/subjects/dolibarr/evidence/dolibarr-C1396.json,1133
results/subjects/dolibarr/evidence/dolibarr-C1397.json,1134
results/subjects/dolibarr/evidence/dolibarr-C1398.json,1133
results/subjects/dolibarr/evidence/dolibarr-C1399.json,1134
results/subjects/dolibarr/evidence/dolibarr-C1400.json,1134
results/subjects/dolibarr/evidence/dolibarr-C1401.json,1134
results/subjects/dolibarr/evidence/dolibarr-C1402.json,1133
results/subjects/dolibarr/evidence/dolibarr-C1403.json,1133
results/subjects/dolibarr/evidence/dolibarr-C1404.json,1133
results/subjects/dolibarr/evidence/dolibarr-C1405.json,1133
results/subjects/dolibarr/evidence/dolibarr-C1406.json,1133
results/subjects/dolibarr/evidence/dolibarr-C1407.json,1133
results/subjects/dolibarr/evidence/dolibarr-C1408.json,1133
results/subjects/dolibarr/evidence/dolibarr-C1409.json,1133
results/subjects/dolibarr/evidence/dolibarr-C1410.json,1133
results/subjects/dolibarr/evidence/dolibarr-C1411.json,1133
results/subjects/dolibarr/evidence/dolibarr-C1412.json,1133
results/subjects/dolibarr/evidence/dolibarr-C1413.json,1133
results/subjects/dolibarr/evidence/dolibarr-C1414.json,1133
results/subjects/dolibarr/evidence/dolibarr-C1415.json,1133
results/subjects/dolibarr/evidence/dolibarr-C1416.json,1133
results/subjects/dolibarr/evidence/dolibarr-C1417.json,1133
results/subjects/dolibarr/evidence/dolibarr-C1418.json,1133
results/subjects/dolibarr/evidence/dolibarr-C1419.json,1133
results/subjects/dolibarr/evidence/dolibarr-C1420.json,1133
results/subjects/dolibarr/evidence/dolibarr-C1421.json,1134
results/subjects/dolibarr/evidence/dolibarr-C1422.json,1133
results/subjects/dolibarr/evidence/dolibarr-C1423.json,1212
results/subjects/dolibarr/evidence/dolibarr-C1424.json,1141
results/subjects/dolibarr/evidence/dolibarr-C1425.json,1140
results/subjects/dolibarr/evidence/dolibarr-C1426.json,1141
results/subjects/dolibarr/evidence/dolibarr-C1427.json,1142
results/subjects/dolibarr/evidence/dolibarr-C1428.json,1143
results/subjects/dolibarr/evidence/dolibarr-C1429.json,1143
results/subjects/dolibarr/evidence/dolibarr-C1430.json,1143
results/subjects/dolibarr/evidence/dolibarr-C1431.json,1143
results/subjects/dolibarr/evidence/dolibarr-C1432.json,1143
results/subjects/dolibarr/evidence/dolibarr-C1433.json,1218
results/subjects/dolibarr/evidence/dolibarr-C1434.json,1191
results/subjects/dolibarr/evidence/dolibarr-C1435.json,1141
results/subjects/dolibarr/evidence/dolibarr-C1436.json,1141
results/subjects/dolibarr/evidence/dolibarr-C1437.json,1136
results/subjects/dolibarr/evidence/dolibarr-C1438.json,1136
results/subjects/dolibarr/evidence/dolibarr-C1439.json,1136
results/subjects/dolibarr/evidence/dolibarr-C1440.json,1136
results/subjects/dolibarr/evidence/dolibarr-C1441.json,1144
results/subjects/dolibarr/evidence/dolibarr-C1442.json,1144
results/subjects/dolibarr/evidence/dolibarr-C1443.json,1145
results/subjects/dolibarr/evidence/dolibarr-C1444.json,1145
results/subjects/dolibarr/evidence/dolibarr-C1445.json,1145
results/subjects/dolibarr/evidence/dolibarr-C1446.json,1143
results/subjects/dolibarr/evidence/dolibarr-C1447.json,1144
results/subjects/dolibarr/evidence/dolibarr-C1448.json,1145
results/subjects/dolibarr/evidence/dolibarr-C1449.json,1145
results/subjects/dolibarr/evidence/dolibarr-C1450.json,1145
results/subjects/dolibarr/evidence/dolibarr-C1451.json,1146
results/subjects/dolibarr/evidence/dolibarr-C1452.json,1144
results/subjects/dolibarr/evidence/dolibarr-C1453.json,1144
results/subjects/dolibarr/evidence/dolibarr-C1454.json,1620
results/subjects/dolibarr/evidence/dolibarr-C1455.json,1144
results/subjects/dolibarr/evidence/dolibarr-C1456.json,1238
results/subjects/dolibarr/evidence/dolibarr-C1457.json,1146
results/subjects/dolibarr/evidence/dolibarr-C1458.json,1146
results/subjects/dolibarr/evidence/dolibarr-C1459.json,1146
results/subjects/dolibarr/evidence/dolibarr-C1460.json,1146
results/subjects/dolibarr/evidence/dolibarr-C1461.json,1146
results/subjects/dolibarr/evidence/dolibarr-C1462.json,1146
results/subjects/dolibarr/evidence/dolibarr-C1463.json,1146
results/subjects/dolibarr/evidence/dolibarr-C1464.json,1145
results/subjects/dolibarr/evidence/dolibarr-C1465.json,1146
results/subjects/dolibarr/evidence/dolibarr-C1466.json,1151
results/subjects/dolibarr/evidence/dolibarr-C1467.json,1151
results/subjects/dolibarr/evidence/dolibarr-C1468.json,1151
results/subjects/dolibarr/evidence/dolibarr-C1469.json,1151
results/subjects/dolibarr/evidence/dolibarr-C1470.json,1151
results/subjects/dolibarr/evidence/dolibarr-C1471.json,1151
results/subjects/dolibarr/evidence/dolibarr-C1472.json,1153
results/subjects/dolibarr/evidence/dolibarr-C1473.json,1147
results/subjects/dolibarr/evidence/dolibarr-C1474.json,1147
results/subjects/dolibarr/evidence/dolibarr-C1475.json,1147
results/subjects/dolibarr/evidence/dolibarr-C1476.json,1147
results/subjects/dolibarr/evidence/dolibarr-C1477.json,1146
results/subjects/dolibarr/evidence/dolibarr-C1478.json,1147
results/subjects/dolibarr/evidence/dolibarr-C1479.json,1149
results/subjects/dolibarr/evidence/dolibarr-C1480.json,1149
results/subjects/dolibarr/evidence/dolibarr-C1481.json,1149
results/subjects/dolibarr/evidence/dolibarr-C1482.json,1149
results/subjects/dolibarr/evidence/dolibarr-C1483.json,1154
results/subjects/dolibarr/evidence/dolibarr-C1484.json,1146
results/subjects/dolibarr/evidence/dolibarr-C1485.json,1162
results/subjects/dolibarr/evidence/dolibarr-C1486.json,1187
results/subjects/dolibarr/evidence/dolibarr-C1487.json,1173
results/subjects/dolibarr/evidence/dolibarr-C1488.json,1170
results/subjects/dolibarr/evidence/dolibarr-C1489.json,1154
results/subjects/dolibarr/evidence/dolibarr-C1490.json,1158
results/subjects/dolibarr/evidence/dolibarr-C1491.json,1159
results/subjects/dolibarr/evidence/dolibarr-C1492.json,1155
results/subjects/dolibarr/evidence/dolibarr-C1493.json,1155
results/subjects/dolibarr/evidence/dolibarr-C1494.json,1160
results/subjects/dolibarr/evidence/dolibarr-C1495.json,1157
results/subjects/dolibarr/evidence/dolibarr-C1496.json,1156
results/subjects/dolibarr/evidence/dolibarr-C1497.json,1176
results/subjects/dolibarr/evidence/dolibarr-C1498.json,1177
results/subjects/dolibarr/evidence/dolibarr-C1499.json,1176
results/subjects/dolibarr/evidence/dolibarr-C1500.json,1172
results/subjects/dolibarr/evidence/dolibarr-C1501.json,1164
results/subjects/dolibarr/evidence/dolibarr-C1502.json,1169
results/subjects/dolibarr/evidence/dolibarr-C1503.json,1175
results/subjects/dolibarr/evidence/dolibarr-C1504.json,1175
results/subjects/dolibarr/evidence/dolibarr-C1505.json,1172
results/subjects/dolibarr/evidence/dolibarr-C1506.json,1130
results/subjects/dolibarr/evidence/dolibarr-C1507.json,1130
results/subjects/dolibarr/evidence/dolibarr-C1508.json,1130
results/subjects/dolibarr/evidence/dolibarr-C1509.json,1314
results/subjects/dolibarr/evidence/dolibarr-C1510.json,1258
results/subjects/dolibarr/evidence/dolibarr-C1511.json,1132
results/subjects/dolibarr/evidence/dolibarr-C1512.json,1139
results/subjects/dolibarr/evidence/dolibarr-C1513.json,1136
results/subjects/dolibarr/evidence/dolibarr-C1514.json,1203
results/subjects/dolibarr/evidence/dolibarr-C1515.json,1133
results/subjects/dolibarr/evidence/dolibarr-C1516.json,1133
results/subjects/dolibarr/evidence/dolibarr-C1517.json,1133
results/subjects/dolibarr/evidence/dolibarr-C1518.json,1133
results/subjects/dolibarr/evidence/dolibarr-C1519.json,1145
results/subjects/dolibarr/evidence/dolibarr-C1520.json,1146
results/subjects/dolibarr/evidence/dolibarr-C1521.json,1147
results/subjects/dolibarr/evidence/dolibarr-C1522.json,1145
results/subjects/dolibarr/evidence/dolibarr-C1523.json,1156
results/subjects/dolibarr/evidence/dolibarr-C1524.json,1133
results/subjects/dolibarr/evidence/dolibarr-C1525.json,1134
results/subjects/dolibarr/evidence/dolibarr-C1526.json,1140
results/subjects/dolibarr/evidence/dolibarr-C1527.json,1140
results/subjects/dolibarr/evidence/dolibarr-C1528.json,1144
results/subjects/dolibarr/evidence/dolibarr-C1529.json,1145
results/subjects/dolibarr/evidence/dolibarr-C1530.json,1145
results/subjects/dolibarr/evidence/dolibarr-C1531.json,1145
results/subjects/dolibarr/evidence/dolibarr-C1532.json,1139
results/subjects/dolibarr/evidence/dolibarr-C1533.json,1237
results/subjects/dolibarr/evidence/dolibarr-C1534.json,1238
results/subjects/dolibarr/evidence/dolibarr-C1535.json,1148
results/subjects/dolibarr/evidence/dolibarr-C1536.json,1148
results/subjects/dolibarr/evidence/dolibarr-C1537.json,1139
results/subjects/dolibarr/evidence/dolibarr-C1538.json,1139
results/subjects/dolibarr/evidence/dolibarr-C1539.json,1143
results/subjects/dolibarr/evidence/dolibarr-C1540.json,1144
results/subjects/dolibarr/evidence/dolibarr-C1541.json,1145
results/subjects/dolibarr/evidence/dolibarr-C1542.json,1158
results/subjects/dolibarr/evidence/dolibarr-C1543.json,1146
results/subjects/dolibarr/evidence/dolibarr-C1544.json,1147
results/subjects/dolibarr/evidence/dolibarr-C1545.json,1159
results/subjects/dolibarr/evidence/dolibarr-C1546.json,1162
results/subjects/dolibarr/evidence/dolibarr-C1547.json,1167
results/subjects/dolibarr/evidence/dolibarr-C1548.json,1168
results/subjects/dolibarr/evidence/dolibarr-C1549.json,1163
results/subjects/dolibarr/evidence/dolibarr-C1550.json,1163
results/subjects/dolibarr/evidence/dolibarr-C1551.json,1164
results/subjects/dolibarr/evidence/dolibarr-C1552.json,1166
results/subjects/dolibarr/evidence/dolibarr-C1553.json,1166
results/subjects/dolibarr/evidence/dolibarr-C1554.json,1158
results/subjects/dolibarr/evidence/dolibarr-C1555.json,1160
results/subjects/dolibarr/evidence/dolibarr-C1556.json,1154
results/subjects/dolibarr/evidence/dolibarr-C1557.json,1155
results/subjects/dolibarr/evidence/dolibarr-C1558.json,1184
results/subjects/dolibarr/evidence/dolibarr-C1559.json,1153
results/subjects/dolibarr/evidence/dolibarr-C1560.json,1155
results/subjects/dolibarr/evidence/dolibarr-C1561.json,1162
results/subjects/dolibarr/evidence/dolibarr-C1562.json,1170
results/subjects/dolibarr/evidence/dolibarr-C1563.json,1149
results/subjects/dolibarr/evidence/dolibarr-C1564.json,1145
results/subjects/dolibarr/evidence/dolibarr-C1565.json,1153
results/subjects/dolibarr/evidence/dolibarr-C1566.json,1150
results/subjects/dolibarr/evidence/dolibarr-C1567.json,1150
results/subjects/dolibarr/evidence/dolibarr-C1568.json,1150
results/subjects/dolibarr/evidence/dolibarr-C1569.json,1146
results/subjects/dolibarr/evidence/dolibarr-C1570.json,1146
results/subjects/dolibarr/evidence/dolibarr-C1571.json,1146
results/subjects/dolibarr/evidence/dolibarr-C1572.json,1147
results/subjects/dolibarr/evidence/dolibarr-C1573.json,1147
results/subjects/dolibarr/evidence/dolibarr-C1574.json,1144
results/subjects/dolibarr/evidence/dolibarr-C1575.json,1145
results/subjects/dolibarr/evidence/dolibarr-C1576.json,1142
results/subjects/dolibarr/evidence/dolibarr-C1577.json,1142
results/subjects/dolibarr/evidence/dolibarr-C1578.json,1142
results/subjects/dolibarr/evidence/dolibarr-C1579.json,1142
results/subjects/dolibarr/evidence/dolibarr-C1580.json,1142
results/subjects/dolibarr/evidence/dolibarr-C1581.json,1145
results/subjects/dolibarr/evidence/dolibarr-C1582.json,1145
results/subjects/dolibarr/evidence/dolibarr-C1583.json,1145
results/subjects/dolibarr/evidence/dolibarr-C1584.json,1141
results/subjects/dolibarr/evidence/dolibarr-C1585.json,1144
results/subjects/dolibarr/evidence/dolibarr-C1586.json,1144
results/subjects/dolibarr/evidence/dolibarr-C1587.json,1143
results/subjects/dolibarr/evidence/dolibarr-C1588.json,1149
results/subjects/dolibarr/evidence/dolibarr-C1589.json,1149
results/subjects/dolibarr/evidence/dolibarr-C1590.json,1150
results/subjects/dolibarr/evidence/dolibarr-C1591.json,1150
results/subjects/dolibarr/evidence/dolibarr-C1592.json,1150
results/subjects/dolibarr/evidence/dolibarr-C1593.json,1150
results/subjects/dolibarr/evidence/dolibarr-C1594.json,1150
results/subjects/dolibarr/evidence/dolibarr-C1595.json,1155
results/subjects/dolibarr/evidence/dolibarr-C1596.json,1159
results/subjects/dolibarr/evidence/dolibarr-C1597.json,1159
results/subjects/dolibarr/evidence/dolibarr-C1598.json,1135
results/subjects/dolibarr/evidence/dolibarr-C1599.json,1136
results/subjects/dolibarr/evidence/dolibarr-C1600.json,1136
results/subjects/dolibarr/evidence/dolibarr-C1601.json,1136
results/subjects/dolibarr/evidence/dolibarr-C1602.json,1136
results/subjects/dolibarr/evidence/dolibarr-C1603.json,1138
results/subjects/dolibarr/evidence/dolibarr-C1604.json,1133
results/subjects/dolibarr/evidence/dolibarr-C1605.json,1134
results/subjects/dolibarr/evidence/dolibarr-C1606.json,1134
results/subjects/dolibarr/evidence/dolibarr-C1607.json,1137
results/subjects/dolibarr/evidence/dolibarr-C1608.json,1137
results/subjects/dolibarr/evidence/dolibarr-C1609.json,1133
results/subjects/dolibarr/evidence/dolibarr-C1610.json,1130
results/subjects/dolibarr/evidence/dolibarr-C1611.json,1131
results/subjects/dolibarr/evidence/dolibarr-C1612.json,1141
results/subjects/dolibarr/evidence/dolibarr-C1613.json,1137
results/subjects/dolibarr/evidence/dolibarr-C1614.json,1138
results/subjects/dolibarr/evidence/dolibarr-C1615.json,1348
results/subjects/dolibarr/evidence/dolibarr-C1616.json,1252
results/subjects/dolibarr/evidence/dolibarr-C1617.json,1294
results/subjects/dolibarr/evidence/dolibarr-C1618.json,1350
results/subjects/dolibarr/evidence/dolibarr-C1619.json,1148
results/subjects/dolibarr/evidence/dolibarr-C1620.json,1167
results/subjects/dolibarr/evidence/dolibarr-C1621.json,1181
results/subjects/dolibarr/evidence/dolibarr-C1622.json,1150
results/subjects/dolibarr/evidence/dolibarr-C1623.json,1160
results/subjects/dolibarr/evidence/dolibarr-C1624.json,1222
results/subjects/dolibarr/evidence/dolibarr-C1625.json,1184
results/subjects/dolibarr/evidence/dolibarr-C1626.json,1181
results/subjects/dolibarr/evidence/dolibarr-C1627.json,1189
results/subjects/dolibarr/evidence/dolibarr-C1628.json,1162
results/subjects/dolibarr/evidence/dolibarr-C1629.json,1187
results/subjects/dolibarr/evidence/dolibarr-C1630.json,1180
results/subjects/dolibarr/evidence/dolibarr-C1631.json,1318
results/subjects/dolibarr/evidence/dolibarr-C1632.json,1233
results/subjects/dolibarr/evidence/dolibarr-C1633.json,1194
results/subjects/dolibarr/evidence/dolibarr-C1634.json,1194
results/subjects/dolibarr/evidence/dolibarr-C1635.json,1195
results/subjects/dolibarr/evidence/dolibarr-C1636.json,1196
results/subjects/dolibarr/evidence/dolibarr-C1637.json,1238
results/subjects/dolibarr/evidence/dolibarr-C1638.json,1196
results/subjects/dolibarr/evidence/dolibarr-C1639.json,1196
results/subjects/dolibarr/evidence/dolibarr-C1640.json,1173
results/subjects/dolibarr/evidence/dolibarr-C1641.json,1175
results/subjects/dolibarr/evidence/dolibarr-C1642.json,1146
results/subjects/dolibarr/evidence/dolibarr-C1643.json,1155
results/subjects/dolibarr/evidence/dolibarr-C1644.json,1156
results/subjects/dolibarr/evidence/dolibarr-C1645.json,1156
results/subjects/dolibarr/evidence/dolibarr-C1646.json,1214
results/subjects/dolibarr/evidence/dolibarr-C1647.json,1148
results/subjects/dolibarr/evidence/dolibarr-C1648.json,1149
results/subjects/dolibarr/evidence/dolibarr-C1649.json,1149
results/subjects/dolibarr/evidence/dolibarr-C1650.json,1244
results/subjects/dolibarr/evidence/dolibarr-C1651.json,1140
results/subjects/dolibarr/evidence/dolibarr-C1652.json,1140
results/subjects/dolibarr/evidence/dolibarr-C1653.json,1140
results/subjects/dolibarr/evidence/dolibarr-C1654.json,1237
results/subjects/dolibarr/evidence/dolibarr-C1655.json,1238
results/subjects/dolibarr/evidence/dolibarr-C1656.json,1147
results/subjects/dolibarr/evidence/dolibarr-C1657.json,1244
results/subjects/dolibarr/evidence/dolibarr-C1658.json,1141
results/subjects/dolibarr/evidence/dolibarr-C1659.json,1141
results/subjects/dolibarr/evidence/dolibarr-C1660.json,1141
results/subjects/dolibarr/evidence/dolibarr-C1661.json,1141
results/subjects/dolibarr/evidence/dolibarr-C1662.json,1141
results/subjects/dolibarr/evidence/dolibarr-C1663.json,1141
results/subjects/dolibarr/evidence/dolibarr-C1664.json,1215
results/subjects/dolibarr/evidence/dolibarr-C1665.json,1137
results/subjects/dolibarr/evidence/dolibarr-C1666.json,1137
results/subjects/dolibarr/evidence/dolibarr-C1667.json,1372
results/subjects/dolibarr/evidence/dolibarr-C1668.json,1140
results/subjects/dolibarr/evidence/dolibarr-C1669.json,1141
results/subjects/dolibarr/evidence/dolibarr-C1670.json,1141
results/subjects/dolibarr/evidence/dolibarr-C1671.json,1140
results/subjects/dolibarr/evidence/dolibarr-C1672.json,1140
results/subjects/dolibarr/evidence/dolibarr-C1673.json,1137
results/subjects/dolibarr/evidence/dolibarr-C1674.json,1137
results/subjects/dolibarr/evidence/dolibarr-C1675.json,1138
results/subjects/dolibarr/evidence/dolibarr-C1676.json,1139
results/subjects/dolibarr/evidence/dolibarr-C1677.json,1139
results/subjects/dolibarr/evidence/dolibarr-C1678.json,1139
results/subjects/dolibarr/evidence/dolibarr-C1679.json,1139
results/subjects/dolibarr/evidence/dolibarr-C1680.json,1169
results/subjects/dolibarr/evidence/dolibarr-C1681.json,1140
results/subjects/dolibarr/evidence/dolibarr-C1682.json,1140
results/subjects/dolibarr/evidence/dolibarr-C1683.json,1140
results/subjects/dolibarr/evidence/dolibarr-C1684.json,1141
results/subjects/dolibarr/evidence/dolibarr-C1685.json,1142
results/subjects/dolibarr/evidence/dolibarr-C1686.json,1142
results/subjects/dolibarr/evidence/dolibarr-C1687.json,1142
results/subjects/dolibarr/evidence/dolibarr-C1688.json,1228
results/subjects/dolibarr/evidence/dolibarr-C1689.json,1182
results/subjects/dolibarr/evidence/dolibarr-C1690.json,1183
results/subjects/dolibarr/evidence/dolibarr-C1691.json,1184
results/subjects/dolibarr/evidence/dolibarr-C1692.json,1183
results/subjects/dolibarr/evidence/dolibarr-C1693.json,1184
results/subjects/dolibarr/evidence/dolibarr-C1694.json,1177
results/subjects/dolibarr/evidence/dolibarr-C1695.json,1150
results/subjects/dolibarr/evidence/dolibarr-C1696.json,1440
results/subjects/dolibarr/evidence/dolibarr-C1697.json,1145
results/subjects/dolibarr/evidence/dolibarr-C1698.json,1271
results/subjects/dolibarr/evidence/dolibarr-C1699.json,1143
results/subjects/dolibarr/evidence/dolibarr-C1700.json,1143
results/subjects/dolibarr/evidence/dolibarr-C1701.json,1151
results/subjects/dolibarr/evidence/dolibarr-C1702.json,1172
results/subjects/dolibarr/evidence/dolibarr-C1703.json,1151
results/subjects/dolibarr/evidence/dolibarr-C1704.json,1252
results/subjects/dolibarr/evidence/dolibarr-C1705.json,1187
results/subjects/dolibarr/evidence/dolibarr-C1706.json,1225
results/subjects/dolibarr/evidence/dolibarr-C1707.json,1187
results/subjects/dolibarr/evidence/dolibarr-C1708.json,1239
results/subjects/dolibarr/evidence/dolibarr-C1709.json,1242
results/subjects/dolibarr/evidence/dolibarr-C1710.json,1219
results/subjects/dolibarr/evidence/dolibarr-C1711.json,1212
results/subjects/dolibarr/evidence/dolibarr-C1712.json,1284
results/subjects/dolibarr/evidence/dolibarr-C1713.json,1174
results/subjects/dolibarr/evidence/dolibarr-C1714.json,1175
results/subjects/dolibarr/evidence/dolibarr-C1715.json,1243
results/subjects/dolibarr/evidence/dolibarr-C1716.json,1243
results/subjects/dolibarr/evidence/dolibarr-C1717.json,1227
results/subjects/dolibarr/evidence/dolibarr-C1718.json,1176
results/subjects/dolibarr/evidence/dolibarr-C1719.json,1154
results/subjects/dolibarr/evidence/dolibarr-C1720.json,1169
results/subjects/dolibarr/evidence/dolibarr-C1721.json,1379
results/subjects/dolibarr/evidence/dolibarr-C1722.json,1175
results/subjects/dolibarr/evidence/dolibarr-C1723.json,1175
results/subjects/dolibarr/evidence/dolibarr-C1724.json,1175
results/subjects/dolibarr/evidence/dolibarr-C1725.json,1208
results/subjects/dolibarr/evidence/dolibarr-C1726.json,1214
results/subjects/dolibarr/evidence/dolibarr-C1727.json,1215
results/subjects/dolibarr/evidence/dolibarr-C1728.json,1145
results/subjects/dolibarr/evidence/dolibarr-C1729.json,1145
results/subjects/dolibarr/evidence/dolibarr-C1730.json,1215
results/subjects/dolibarr/evidence/dolibarr-C1731.json,1175
results/subjects/dolibarr/evidence/dolibarr-C1732.json,1226
results/subjects/dolibarr/evidence/dolibarr-C1733.json,1176
results/subjects/dolibarr/evidence/dolibarr-C1734.json,1177
results/subjects/dolibarr/evidence/dolibarr-C1735.json,1176
results/subjects/dolibarr/evidence/dolibarr-C1736.json,1176
results/subjects/dolibarr/evidence/dolibarr-C1737.json,1177
results/subjects/dolibarr/evidence/dolibarr-C1738.json,1176
results/subjects/dolibarr/evidence/dolibarr-C1739.json,1363
results/subjects/dolibarr/evidence/dolibarr-C1740.json,1310
results/subjects/dolibarr/evidence/dolibarr-C1741.json,1152
results/subjects/dolibarr/evidence/dolibarr-C1742.json,1149
results/subjects/dolibarr/evidence/dolibarr-C1743.json,1149
results/subjects/dolibarr/evidence/dolibarr-C1744.json,1149
results/subjects/dolibarr/evidence/dolibarr-C1745.json,1149
results/subjects/dolibarr/evidence/dolibarr-C1746.json,1150
results/subjects/dolibarr/evidence/dolibarr-C1747.json,1153
results/subjects/dolibarr/evidence/dolibarr-C1748.json,1153
results/subjects/dolibarr/evidence/dolibarr-C1749.json,1157
results/subjects/dolibarr/evidence/dolibarr-C1750.json,1152
results/subjects/dolibarr/evidence/dolibarr-C1751.json,1164
results/subjects/dolibarr/evidence/dolibarr-C1752.json,1157
results/subjects/dolibarr/evidence/dolibarr-C1753.json,1151
results/subjects/dolibarr/evidence/dolibarr-C1754.json,1152
results/subjects/dolibarr/evidence/dolibarr-C1755.json,1155
results/subjects/dolibarr/evidence/dolibarr-C1756.json,1155
results/subjects/dolibarr/evidence/dolibarr-C1757.json,1155
results/subjects/dolibarr/evidence/dolibarr-C1758.json,1148
results/subjects/dolibarr/evidence/dolibarr-C1759.json,1150
results/subjects/dolibarr/evidence/dolibarr-C1760.json,1204
results/subjects/dolibarr/evidence/dolibarr-C1761.json,1150
results/subjects/dolibarr/evidence/dolibarr-C1762.json,1150
results/subjects/dolibarr/evidence/dolibarr-C1763.json,1151
results/subjects/dolibarr/evidence/dolibarr-C1764.json,1347
results/subjects/dolibarr/evidence/dolibarr-C1765.json,1151
results/subjects/dolibarr/evidence/dolibarr-C1766.json,1151
results/subjects/dolibarr/evidence/dolibarr-C1767.json,1151
results/subjects/dolibarr/evidence/dolibarr-C1768.json,1151
results/subjects/dolibarr/evidence/dolibarr-C1769.json,1151
results/subjects/dolibarr/evidence/dolibarr-C1770.json,1151
results/subjects/dolibarr/evidence/dolibarr-C1771.json,1149
results/subjects/dolibarr/evidence/dolibarr-C1772.json,1149
results/subjects/dolibarr/evidence/dolibarr-C1773.json,1149
results/subjects/dolibarr/evidence/dolibarr-C1774.json,1149
results/subjects/dolibarr/evidence/dolibarr-C1775.json,1149
results/subjects/dolibarr/evidence/dolibarr-C1776.json,1149
results/subjects/dolibarr/evidence/dolibarr-C1777.json,1149
results/subjects/dolibarr/evidence/dolibarr-C1778.json,1149
results/subjects/dolibarr/evidence/dolibarr-C1779.json,1150
results/subjects/dolibarr/evidence/dolibarr-C1780.json,1151
results/subjects/dolibarr/evidence/dolibarr-C1781.json,1151
results/subjects/dolibarr/evidence/dolibarr-C1782.json,1151
results/subjects/dolibarr/evidence/dolibarr-C1783.json,1147
results/subjects/dolibarr/evidence/dolibarr-C1784.json,1148
results/subjects/dolibarr/evidence/dolibarr-C1785.json,1148
results/subjects/dolibarr/evidence/dolibarr-C1786.json,1148
results/subjects/dolibarr/evidence/dolibarr-C1787.json,1148
results/subjects/dolibarr/evidence/dolibarr-C1788.json,1148
results/subjects/dolibarr/evidence/dolibarr-C1789.json,1148
results/subjects/dolibarr/evidence/dolibarr-C1790.json,1146
results/subjects/dolibarr/evidence/dolibarr-C1791.json,1144
results/subjects/dolibarr/evidence/dolibarr-C1792.json,1149
results/subjects/dolibarr/evidence/dolibarr-C1793.json,1156
results/subjects/dolibarr/evidence/dolibarr-C1794.json,1156
results/subjects/dolibarr/evidence/dolibarr-C1795.json,1212
results/subjects/dolibarr/evidence/dolibarr-C1796.json,1224
results/subjects/dolibarr/evidence/dolibarr-C1797.json,1159
results/subjects/dolibarr/evidence/dolibarr-C1798.json,1159
results/subjects/dolibarr/evidence/dolibarr-C1799.json,1158
results/subjects/dolibarr/evidence/dolibarr-C1800.json,1159
results/subjects/dolibarr/evidence/dolibarr-C1801.json,1159
results/subjects/dolibarr/evidence/dolibarr-C1802.json,1159
results/subjects/dolibarr/evidence/dolibarr-C1803.json,1160
results/subjects/dolibarr/evidence/dolibarr-C1804.json,1161
results/subjects/dolibarr/evidence/dolibarr-C1805.json,1158
results/subjects/dolibarr/evidence/dolibarr-C1806.json,1158
results/subjects/dolibarr/evidence/dolibarr-C1807.json,1149
results/subjects/dolibarr/evidence/dolibarr-C1808.json,1173
results/subjects/dolibarr/evidence/dolibarr-C1809.json,1150
results/subjects/dolibarr/evidence/dolibarr-C1810.json,1150
results/subjects/dolibarr/evidence/dolibarr-C1811.json,1150
results/subjects/dolibarr/evidence/dolibarr-C1812.json,1174
results/subjects/dolibarr/evidence/dolibarr-C1813.json,1147
results/subjects/dolibarr/evidence/dolibarr-C1814.json,1148
results/subjects/dolibarr/evidence/dolibarr-C1815.json,1426
results/subjects/dolibarr/evidence/dolibarr-C1816.json,1353
results/subjects/dolibarr/evidence/dolibarr-C1817.json,1141
results/subjects/dolibarr/evidence/dolibarr-C1818.json,1147
results/subjects/dolibarr/evidence/dolibarr-C1819.json,1147
results/subjects/dolibarr/evidence/dolibarr-C1820.json,1145
results/subjects/dolibarr/evidence/dolibarr-C1821.json,1157
results/subjects/dolibarr/evidence/dolibarr-C1822.json,1157
results/subjects/dolibarr/evidence/dolibarr-C1823.json,1157
results/subjects/dolibarr/evidence/dolibarr-C1824.json,1157
results/subjects/dolibarr/evidence/dolibarr-C1825.json,1157
results/subjects/dolibarr/evidence/dolibarr-C1826.json,1157
results/subjects/dolibarr/evidence/dolibarr-C1827.json,1157
results/subjects/dolibarr/evidence/dolibarr-C1828.json,1157
results/subjects/dolibarr/evidence/dolibarr-C1829.json,1157
results/subjects/dolibarr/evidence/dolibarr-C1830.json,1157
results/subjects/dolibarr/evidence/dolibarr-C1831.json,1157
results/subjects/dolibarr/evidence/dolibarr-C1832.json,1157
results/subjects/dolibarr/evidence/dolibarr-C1833.json,1157
results/subjects/dolibarr/evidence/dolibarr-C1834.json,1157
results/subjects/dolibarr/evidence/dolibarr-C1835.json,1157
results/subjects/dolibarr/evidence/dolibarr-C1836.json,1151
results/subjects/dolibarr/evidence/dolibarr-C1837.json,1152
results/subjects/dolibarr/evidence/dolibarr-C1838.json,1152
results/subjects/dolibarr/evidence/dolibarr-C1839.json,1152
results/subjects/dolibarr/evidence/dolibarr-C1840.json,1152
results/subjects/dolibarr/evidence/dolibarr-C1841.json,1152
results/subjects/dolibarr/evidence/dolibarr-C1842.json,1152
results/subjects/dolibarr/evidence/dolibarr-C1843.json,1152
results/subjects/dolibarr/evidence/dolibarr-C1844.json,1153
results/subjects/dolibarr/evidence/dolibarr-C1845.json,1154
results/subjects/dolibarr/evidence/dolibarr-C1846.json,1154
results/subjects/dolibarr/evidence/dolibarr-C1847.json,1157
results/subjects/dolibarr/evidence/dolibarr-C1848.json,1157
results/subjects/dolibarr/evidence/dolibarr-C1849.json,1157
results/subjects/dolibarr/evidence/dolibarr-C1850.json,1153
results/subjects/dolibarr/evidence/dolibarr-C1851.json,1153
results/subjects/dolibarr/evidence/dolibarr-C1852.json,1153
results/subjects/dolibarr/evidence/dolibarr-C1853.json,1155
results/subjects/dolibarr/evidence/dolibarr-C1854.json,1155
results/subjects/dolibarr/evidence/dolibarr-C1855.json,1157
results/subjects/dolibarr/evidence/dolibarr-C1856.json,1157
results/subjects/dolibarr/evidence/dolibarr-C1857.json,1153
results/subjects/dolibarr/evidence/dolibarr-C1858.json,1149
results/subjects/dolibarr/evidence/dolibarr-C1859.json,1151
results/subjects/dolibarr/evidence/dolibarr-C1860.json,1332
results/subjects/dolibarr/evidence/dolibarr-C1861.json,1151
results/subjects/dolibarr/evidence/dolibarr-C1862.json,1253
results/subjects/dolibarr/evidence/dolibarr-C1863.json,1153
results/subjects/dolibarr/evidence/dolibarr-C1864.json,1153
results/subjects/dolibarr/evidence/dolibarr-C1865.json,1153
results/subjects/dolibarr/evidence/dolibarr-C1866.json,1153
results/subjects/dolibarr/evidence/dolibarr-C1867.json,1153
results/subjects/dolibarr/evidence/dolibarr-C1868.json,1152
results/subjects/dolibarr/evidence/dolibarr-C1869.json,1152
results/subjects/dolibarr/evidence/dolibarr-C1870.json,1152
results/subjects/dolibarr/evidence/dolibarr-C1871.json,1152
results/subjects/dolibarr/evidence/dolibarr-C1872.json,1154
results/subjects/dolibarr/evidence/dolibarr-C1873.json,1353
results/subjects/dolibarr/evidence/dolibarr-C1874.json,1155
results/subjects/dolibarr/evidence/dolibarr-C1875.json,1155
results/subjects/dolibarr/evidence/dolibarr-C1876.json,1155
results/subjects/dolibarr/evidence/dolibarr-C1877.json,1157
results/subjects/dolibarr/evidence/dolibarr-C1878.json,1157
results/subjects/dolibarr/evidence/dolibarr-C1879.json,1157
results/subjects/dolibarr/evidence/dolibarr-C1880.json,1157
results/subjects/dolibarr/evidence/dolibarr-C1881.json,1157
results/subjects/dolibarr/evidence/dolibarr-C1882.json,1157
results/subjects/dolibarr/evidence/dolibarr-C1883.json,1157
results/subjects/dolibarr/evidence/dolibarr-C1884.json,1152
results/subjects/dolibarr/evidence/dolibarr-C1885.json,1155
results/subjects/dolibarr/evidence/dolibarr-C1886.json,1141
results/subjects/dolibarr/evidence/dolibarr-C1887.json,1141
results/subjects/dolibarr/evidence/dolibarr-C1888.json,1147
results/subjects/dolibarr/evidence/dolibarr-C1889.json,1153
results/subjects/dolibarr/evidence/dolibarr-C1890.json,1142
results/subjects/dolibarr/evidence/dolibarr-C1891.json,1142
results/subjects/dolibarr/evidence/dolibarr-C1892.json,1147
results/subjects/dolibarr/evidence/dolibarr-C1893.json,1147
results/subjects/dolibarr/evidence/dolibarr-C1894.json,1298
results/subjects/dolibarr/evidence/dolibarr-C1895.json,1151
results/subjects/dolibarr/evidence/dolibarr-C1896.json,1151
results/subjects/dolibarr/evidence/dolibarr-C1897.json,1143
results/subjects/dolibarr/evidence/dolibarr-C1898.json,1145
results/subjects/dolibarr/evidence/dolibarr-C1899.json,1141
results/subjects/dolibarr/evidence/dolibarr-C1900.json,1142
results/subjects/dolibarr/evidence/dolibarr-C1901.json,1142
results/subjects/dolibarr/evidence/dolibarr-C1902.json,1148
results/subjects/dolibarr/evidence/dolibarr-C1903.json,1147
results/subjects/dolibarr/evidence/dolibarr-C1904.json,1143
results/subjects/dolibarr/evidence/dolibarr-C1905.json,1141
results/subjects/dolibarr/evidence/dolibarr-C1906.json,1142
results/subjects/dolibarr/evidence/dolibarr-C1907.json,1142
results/subjects/dolibarr/evidence/dolibarr-C1908.json,1142
results/subjects/dolibarr/evidence/dolibarr-C1909.json,1142
results/subjects/dolibarr/evidence/dolibarr-C1910.json,1949
results/subjects/dolibarr/evidence/dolibarr-C1911.json,1142
results/subjects/dolibarr/evidence/dolibarr-C1912.json,1144
results/subjects/dolibarr/evidence/dolibarr-C1913.json,1144
results/subjects/dolibarr/evidence/dolibarr-C1914.json,1144
results/subjects/dolibarr/evidence/dolibarr-C1915.json,1144
results/subjects/dolibarr/evidence/dolibarr-C1916.json,1144
results/subjects/dolibarr/evidence/dolibarr-C1917.json,1144
results/subjects/dolibarr/evidence/dolibarr-C1918.json,1144
results/subjects/dolibarr/evidence/dolibarr-C1919.json,1144
results/subjects/dolibarr/evidence/dolibarr-C1920.json,1144
results/subjects/dolibarr/evidence/dolibarr-C1921.json,1144
results/subjects/dolibarr/evidence/dolibarr-C1922.json,1144
results/subjects/dolibarr/evidence/dolibarr-C1923.json,1143
results/subjects/dolibarr/evidence/dolibarr-C1924.json,1144
results/subjects/dolibarr/evidence/dolibarr-C1925.json,1144
results/subjects/dolibarr/evidence/dolibarr-C1926.json,1144
results/subjects/dolibarr/evidence/dolibarr-C1927.json,1145
results/subjects/dolibarr/evidence/dolibarr-C1928.json,1144
results/subjects/dolibarr/evidence/dolibarr-C1929.json,1144
results/subjects/dolibarr/evidence/dolibarr-C1930.json,1143
results/subjects/dolibarr/evidence/dolibarr-C1931.json,1145
results/subjects/dolibarr/evidence/dolibarr-C1932.json,1145
results/subjects/dolibarr/evidence/dolibarr-C1933.json,1145
results/subjects/dolibarr/evidence/dolibarr-C1934.json,1145
results/subjects/dolibarr/evidence/dolibarr-C1935.json,1145
results/subjects/dolibarr/evidence/dolibarr-C1936.json,1141
results/subjects/dolibarr/evidence/dolibarr-C1937.json,1142
results/subjects/dolibarr/evidence/dolibarr-C1938.json,1142
results/subjects/dolibarr/evidence/dolibarr-C1939.json,1146
results/subjects/dolibarr/evidence/dolibarr-C1940.json,1143
results/subjects/dolibarr/evidence/dolibarr-C1941.json,1143
results/subjects/dolibarr/evidence/dolibarr-C1942.json,1143
results/subjects/dolibarr/evidence/dolibarr-C1943.json,1146
results/subjects/dolibarr/evidence/dolibarr-C1944.json,1143
results/subjects/dolibarr/evidence/dolibarr-C1945.json,1143
results/subjects/dolibarr/evidence/dolibarr-C1946.json,1143
results/subjects/dolibarr/evidence/dolibarr-C1947.json,1142
results/subjects/dolibarr/evidence/dolibarr-C1948.json,1142
results/subjects/dolibarr/evidence/dolibarr-C1949.json,1146
results/subjects/dolibarr/evidence/dolibarr-C1950.json,1149
results/subjects/dolibarr/evidence/dolibarr-C1951.json,1142
results/subjects/dolibarr/evidence/dolibarr-C1952.json,1143
results/subjects/dolibarr/evidence/dolibarr-C1953.json,1143
results/subjects/dolibarr/evidence/dolibarr-C1954.json,1142
results/subjects/dolibarr/evidence/dolibarr-C1955.json,1150
results/subjects/dolibarr/evidence/dolibarr-C1956.json,1150
results/subjects/dolibarr/evidence/dolibarr-C1957.json,1150
results/subjects/dolibarr/evidence/dolibarr-C1958.json,1143
results/subjects/dolibarr/evidence/dolibarr-C1959.json,1152
results/subjects/dolibarr/evidence/dolibarr-C1960.json,1152
results/subjects/dolibarr/evidence/dolibarr-C1961.json,1152
results/subjects/dolibarr/evidence/dolibarr-C1962.json,1151
results/subjects/dolibarr/evidence/dolibarr-C1963.json,1547
results/subjects/dolibarr/evidence/dolibarr-C1964.json,1151
results/subjects/dolibarr/evidence/dolibarr-C1965.json,1151
results/subjects/dolibarr/evidence/dolibarr-C1966.json,1153
results/subjects/dolibarr/evidence/dolibarr-C1967.json,1153
results/subjects/dolibarr/evidence/dolibarr-C1968.json,1153
results/subjects/dolibarr/evidence/dolibarr-C1969.json,1153
results/subjects/dolibarr/evidence/dolibarr-C1970.json,1153
results/subjects/dolibarr/evidence/dolibarr-C1971.json,1450
results/subjects/dolibarr/evidence/dolibarr-C1972.json,1143
results/subjects/dolibarr/evidence/dolibarr-C1973.json,1143
results/subjects/dolibarr/evidence/dolibarr-C1974.json,1143
results/subjects/dolibarr/evidence/dolibarr-C1975.json,1143
results/subjects/dolibarr/evidence/dolibarr-C1976.json,1143
results/subjects/dolibarr/evidence/dolibarr-C1977.json,1143
results/subjects/dolibarr/evidence/dolibarr-C1978.json,1185
results/subjects/dolibarr/evidence/dolibarr-C1979.json,1145
results/subjects/dolibarr/evidence/dolibarr-C1980.json,1142
results/subjects/dolibarr/evidence/dolibarr-C1981.json,1142
results/subjects/dolibarr/evidence/dolibarr-C1982.json,1142
results/subjects/dolibarr/evidence/dolibarr-C1983.json,1142
results/subjects/dolibarr/evidence/dolibarr-C1984.json,1142
results/subjects/dolibarr/evidence/dolibarr-C1985.json,1143
results/subjects/dolibarr/evidence/dolibarr-C1986.json,1150
results/subjects/dolibarr/evidence/dolibarr-C1987.json,1150
results/subjects/dolibarr/evidence/dolibarr-C1988.json,1147
results/subjects/dolibarr/evidence/dolibarr-C1989.json,1146
results/subjects/dolibarr/evidence/dolibarr-C1990.json,1148
results/subjects/dolibarr/evidence/dolibarr-C1991.json,1149
results/subjects/dolibarr/evidence/dolibarr-C1992.json,1149
results/subjects/dolibarr/evidence/dolibarr-C1993.json,1149
results/subjects/dolibarr/evidence/dolibarr-C1994.json,1149
results/subjects/dolibarr/evidence/dolibarr-C1995.json,1149
results/subjects/dolibarr/evidence/dolibarr-C1996.json,1150
results/subjects/dolibarr/evidence/dolibarr-C1997.json,1151
results/subjects/dolibarr/evidence/dolibarr-C1998.json,1151
results/subjects/dolibarr/evidence/dolibarr-C1999.json,1151
results/subjects/dolibarr/evidence/dolibarr-C2000.json,1151
results/subjects/dolibarr/evidence/dolibarr-C2001.json,1153
results/subjects/dolibarr/evidence/dolibarr-C2002.json,1542
results/subjects/dolibarr/evidence/dolibarr-C2003.json,1152
results/subjects/dolibarr/evidence/dolibarr-C2004.json,1152
results/subjects/dolibarr/evidence/dolibarr-C2005.json,1154
results/subjects/dolibarr/evidence/dolibarr-C2006.json,1154
results/subjects/dolibarr/evidence/dolibarr-C2007.json,1154
results/subjects/dolibarr/evidence/dolibarr-C2008.json,1154
results/subjects/dolibarr/evidence/dolibarr-C2009.json,1154
results/subjects/dolibarr/evidence/dolibarr-C2010.json,1154
results/subjects/dolibarr/evidence/dolibarr-C2011.json,1154
results/subjects/dolibarr/evidence/dolibarr-C2012.json,1155
results/subjects/dolibarr/evidence/dolibarr-C2013.json,1154
results/subjects/dolibarr/evidence/dolibarr-C2014.json,1145
results/subjects/dolibarr/evidence/dolibarr-C2015.json,1149
results/subjects/dolibarr/evidence/dolibarr-C2016.json,1149
results/subjects/dolibarr/evidence/dolibarr-C2017.json,1148
results/subjects/dolibarr/evidence/dolibarr-C2018.json,1150
results/subjects/dolibarr/evidence/dolibarr-C2019.json,1151
results/subjects/dolibarr/evidence/dolibarr-C2020.json,1151
results/subjects/dolibarr/evidence/dolibarr-C2021.json,1155
results/subjects/dolibarr/evidence/dolibarr-C2022.json,1150
results/subjects/dolibarr/evidence/dolibarr-C2023.json,1150
results/subjects/dolibarr/evidence/dolibarr-C2024.json,1150
results/subjects/dolibarr/evidence/dolibarr-C2025.json,1148
results/subjects/dolibarr/evidence/dolibarr-C2026.json,1155
results/subjects/dolibarr/evidence/dolibarr-C2027.json,1155
results/subjects/dolibarr/evidence/dolibarr-C2028.json,1147
results/subjects/dolibarr/evidence/dolibarr-C2029.json,1149
results/subjects/dolibarr/evidence/dolibarr-C2030.json,1149
results/subjects/dolibarr/evidence/dolibarr-C2031.json,1149
results/subjects/dolibarr/evidence/dolibarr-C2032.json,1148
results/subjects/dolibarr/evidence/dolibarr-C2033.json,1151
results/subjects/dolibarr/evidence/dolibarr-C2034.json,1153
results/subjects/dolibarr/evidence/dolibarr-C2035.json,1153
results/subjects/dolibarr/evidence/dolibarr-C2036.json,1153
results/subjects/dolibarr/evidence/dolibarr-C2037.json,1153
results/subjects/dolibarr/evidence/dolibarr-C2038.json,1153
results/subjects/dolibarr/evidence/dolibarr-C2039.json,1153
results/subjects/dolibarr/evidence/dolibarr-C2040.json,1153
results/subjects/dolibarr/evidence/dolibarr-C2041.json,1154
results/subjects/dolibarr/evidence/dolibarr-C2042.json,1155
results/subjects/dolibarr/evidence/dolibarr-C2043.json,1165
results/subjects/dolibarr/evidence/dolibarr-C2044.json,1166
results/subjects/dolibarr/evidence/dolibarr-C2045.json,1167
results/subjects/dolibarr/evidence/dolibarr-C2046.json,1167
results/subjects/dolibarr/evidence/dolibarr-C2047.json,1167
results/subjects/dolibarr/evidence/dolibarr-C2048.json,1158
results/subjects/dolibarr/evidence/dolibarr-C2049.json,1159
results/subjects/dolibarr/evidence/dolibarr-C2050.json,1149
results/subjects/dolibarr/evidence/dolibarr-C2051.json,1150
results/subjects/dolibarr/evidence/dolibarr-C2052.json,1150
results/subjects/dolibarr/evidence/dolibarr-C2053.json,1150
results/subjects/dolibarr/evidence/dolibarr-C2054.json,1150
results/subjects/dolibarr/evidence/dolibarr-C2055.json,1150
results/subjects/dolibarr/evidence/dolibarr-C2056.json,1152
results/subjects/dolibarr/evidence/dolibarr-C2057.json,1152
results/subjects/dolibarr/evidence/dolibarr-C2058.json,1158
results/subjects/dolibarr/evidence/dolibarr-C2059.json,1159
results/subjects/dolibarr/evidence/dolibarr-C2060.json,1170
results/subjects/dolibarr/evidence/dolibarr-C2061.json,1160
results/subjects/dolibarr/evidence/dolibarr-C2062.json,1162
results/subjects/dolibarr/evidence/dolibarr-C2063.json,1156
results/subjects/dolibarr/evidence/dolibarr-C2064.json,1149
results/subjects/dolibarr/evidence/dolibarr-C2065.json,1150
results/subjects/dolibarr/evidence/dolibarr-C2066.json,1151
results/subjects/dolibarr/evidence/dolibarr-C2067.json,1151
results/subjects/dolibarr/evidence/dolibarr-C2068.json,1151
results/subjects/dolibarr/evidence/dolibarr-C2069.json,1151
results/subjects/dolibarr/evidence/dolibarr-C2070.json,1157
results/subjects/dolibarr/evidence/dolibarr-C2071.json,1148
results/subjects/dolibarr/evidence/dolibarr-C2072.json,1148
results/subjects/dolibarr/evidence/dolibarr-C2073.json,1149
results/subjects/dolibarr/evidence/dolibarr-C2074.json,1149
results/subjects/dolibarr/evidence/dolibarr-C2075.json,1154
results/subjects/dolibarr/evidence/dolibarr-C2076.json,1154
results/subjects/dolibarr/evidence/dolibarr-C2077.json,1154
results/subjects/dolibarr/evidence/dolibarr-C2078.json,1154
results/subjects/dolibarr/evidence/dolibarr-C2079.json,1154
results/subjects/dolibarr/evidence/dolibarr-C2080.json,1144
results/subjects/dolibarr/evidence/dolibarr-C2081.json,1156
results/subjects/dolibarr/evidence/dolibarr-C2082.json,1156
results/subjects/dolibarr/evidence/dolibarr-C2083.json,1156
results/subjects/dolibarr/evidence/dolibarr-C2084.json,1156
results/subjects/dolibarr/evidence/dolibarr-C2085.json,1156
results/subjects/dolibarr/evidence/dolibarr-C2086.json,1156
results/subjects/dolibarr/evidence/dolibarr-C2087.json,1156
results/subjects/dolibarr/evidence/dolibarr-C2088.json,1156
results/subjects/dolibarr/evidence/dolibarr-C2089.json,1156
results/subjects/dolibarr/evidence/dolibarr-C2090.json,1156
results/subjects/dolibarr/evidence/dolibarr-C2091.json,1156
results/subjects/dolibarr/evidence/dolibarr-C2092.json,1156
results/subjects/dolibarr/evidence/dolibarr-C2093.json,1156
results/subjects/dolibarr/evidence/dolibarr-C2094.json,1156
results/subjects/dolibarr/evidence/dolibarr-C2095.json,1147
results/subjects/dolibarr/evidence/dolibarr-C2096.json,1147
results/subjects/dolibarr/evidence/dolibarr-C2097.json,1147
results/subjects/dolibarr/evidence/dolibarr-C2098.json,1161
results/subjects/dolibarr/evidence/dolibarr-C2099.json,1161
results/subjects/dolibarr/evidence/dolibarr-C2100.json,1152
results/subjects/dolibarr/evidence/dolibarr-C2101.json,1158
results/subjects/dolibarr/evidence/dolibarr-C2102.json,1158
results/subjects/dolibarr/evidence/dolibarr-C2103.json,1148
results/subjects/dolibarr/evidence/dolibarr-C2104.json,1582
results/subjects/dolibarr/evidence/dolibarr-C2105.json,1152
results/subjects/dolibarr/evidence/dolibarr-C2106.json,1152
results/subjects/dolibarr/evidence/dolibarr-C2107.json,1154
results/subjects/dolibarr/evidence/dolibarr-C2108.json,1154
results/subjects/dolibarr/evidence/dolibarr-C2109.json,1154
results/subjects/dolibarr/evidence/dolibarr-C2110.json,1154
results/subjects/dolibarr/evidence/dolibarr-C2111.json,1154
results/subjects/dolibarr/evidence/dolibarr-C2112.json,1312
results/subjects/dolibarr/evidence/dolibarr-C2113.json,1289
results/subjects/dolibarr/evidence/dolibarr-C2114.json,1289
results/subjects/dolibarr/evidence/dolibarr-C2115.json,1327
results/subjects/dolibarr/evidence/dolibarr-C2116.json,1291
results/subjects/dolibarr/evidence/dolibarr-C2117.json,1297
results/subjects/dolibarr/evidence/dolibarr-C2118.json,1288
results/subjects/dolibarr/evidence/dolibarr-C2119.json,1345
results/subjects/dolibarr/evidence/dolibarr-C2120.json,1378
results/subjects/dolibarr/evidence/dolibarr-C2121.json,1327
results/subjects/dolibarr/evidence/dolibarr-C2122.json,1162
results/subjects/dolibarr/evidence/dolibarr-C2123.json,1163
results/subjects/dolibarr/evidence/dolibarr-C2124.json,1163
results/subjects/dolibarr/evidence/dolibarr-C2125.json,1163
results/subjects/dolibarr/evidence/dolibarr-C2126.json,1163
results/subjects/dolibarr/evidence/dolibarr-C2127.json,1163
results/subjects/dolibarr/evidence/dolibarr-C2128.json,1163
results/subjects/dolibarr/evidence/dolibarr-C2129.json,1164
results/subjects/dolibarr/evidence/dolibarr-C2130.json,1165
results/subjects/dolibarr/evidence/dolibarr-C2131.json,1166
results/subjects/dolibarr/evidence/dolibarr-C2132.json,1168
results/subjects/dolibarr/evidence/dolibarr-C2133.json,1168
results/subjects/dolibarr/evidence/dolibarr-C2134.json,1164
results/subjects/dolibarr/evidence/dolibarr-C2135.json,1166
results/subjects/dolibarr/evidence/dolibarr-C2136.json,1166
results/subjects/dolibarr/evidence/dolibarr-C2137.json,1168
results/subjects/dolibarr/evidence/dolibarr-C2138.json,1168
results/subjects/dolibarr/evidence/dolibarr-C2139.json,1164
results/subjects/dolibarr/evidence/dolibarr-C2140.json,1313
results/subjects/dolibarr/evidence/dolibarr-C2141.json,1164
results/subjects/dolibarr/evidence/dolibarr-C2142.json,1164
results/subjects/dolibarr/evidence/dolibarr-C2143.json,1164
results/subjects/dolibarr/evidence/dolibarr-C2144.json,1164
results/subjects/dolibarr/evidence/dolibarr-C2145.json,1164
results/subjects/dolibarr/evidence/dolibarr-C2146.json,1164
results/subjects/dolibarr/evidence/dolibarr-C2147.json,1163
results/subjects/dolibarr/evidence/dolibarr-C2148.json,1163
results/subjects/dolibarr/evidence/dolibarr-C2149.json,1163
results/subjects/dolibarr/evidence/dolibarr-C2150.json,1165
results/subjects/dolibarr/evidence/dolibarr-C2151.json,1364
results/subjects/dolibarr/evidence/dolibarr-C2152.json,1166
results/subjects/dolibarr/evidence/dolibarr-C2153.json,1166
results/subjects/dolibarr/evidence/dolibarr-C2154.json,1168
results/subjects/dolibarr/evidence/dolibarr-C2155.json,1168
results/subjects/dolibarr/evidence/dolibarr-C2156.json,1168
results/subjects/dolibarr/evidence/dolibarr-C2157.json,1168
results/subjects/dolibarr/evidence/dolibarr-C2158.json,1168
results/subjects/dolibarr/evidence/dolibarr-C2159.json,1168
results/subjects/dolibarr/evidence/dolibarr-C2160.json,1168
results/subjects/dolibarr/evidence/dolibarr-C2161.json,1166
results/subjects/dolibarr/evidence/dolibarr-C2162.json,1165
results/subjects/dolibarr/evidence/dolibarr-C2163.json,1153
results/subjects/dolibarr/evidence/dolibarr-C2164.json,1153
results/subjects/dolibarr/evidence/dolibarr-C2165.json,1165
results/subjects/dolibarr/evidence/dolibarr-C2166.json,1158
results/subjects/dolibarr/evidence/dolibarr-C2167.json,1158
results/subjects/dolibarr/evidence/dolibarr-C2168.json,1154
results/subjects/dolibarr/evidence/dolibarr-C2169.json,1153
results/subjects/dolibarr/evidence/dolibarr-C2170.json,1153
results/subjects/dolibarr/evidence/dolibarr-C2171.json,1161
results/subjects/dolibarr/evidence/dolibarr-C2172.json,1162
results/subjects/dolibarr/evidence/dolibarr-C2173.json,1217
results/subjects/dolibarr/evidence/dolibarr-C2174.json,1158
results/subjects/dolibarr/evidence/dolibarr-C2175.json,1159
results/subjects/dolibarr/evidence/dolibarr-C2176.json,1161
results/subjects/dolibarr/evidence/dolibarr-C2177.json,1161
results/subjects/dolibarr/evidence/dolibarr-C2178.json,1161
results/subjects/dolibarr/evidence/dolibarr-C2179.json,1161
results/subjects/dolibarr/evidence/dolibarr-C2180.json,2117
results/subjects/dolibarr/evidence/dolibarr-C2181.json,1156
results/subjects/dolibarr/evidence/dolibarr-C2182.json,1156
results/subjects/dolibarr/evidence/dolibarr-C2183.json,1158
results/subjects/dolibarr/evidence/dolibarr-C2184.json,1158
results/subjects/dolibarr/evidence/dolibarr-C2185.json,1158
results/subjects/dolibarr/evidence/dolibarr-C2186.json,1158
results/subjects/dolibarr/evidence/dolibarr-C2187.json,1158
results/subjects/dolibarr/evidence/dolibarr-C2188.json,1158
results/subjects/dolibarr/evidence/dolibarr-C2189.json,1158
results/subjects/dolibarr/evidence/dolibarr-C2190.json,1158
results/subjects/dolibarr/evidence/dolibarr-C2191.json,1158
results/subjects/dolibarr/evidence/dolibarr-C2192.json,1158
results/subjects/dolibarr/evidence/dolibarr-C2193.json,1158
results/subjects/dolibarr/evidence/dolibarr-C2194.json,1157
results/subjects/dolibarr/evidence/dolibarr-C2195.json,1158
results/subjects/dolibarr/evidence/dolibarr-C2196.json,1158
results/subjects/dolibarr/evidence/dolibarr-C2197.json,1158
results/subjects/dolibarr/evidence/dolibarr-C2198.json,1159
results/subjects/dolibarr/evidence/dolibarr-C2199.json,1158
results/subjects/dolibarr/evidence/dolibarr-C2200.json,1158
results/subjects/dolibarr/evidence/dolibarr-C2201.json,1158
results/subjects/dolibarr/evidence/dolibarr-C2202.json,1158
results/subjects/dolibarr/evidence/dolibarr-C2203.json,1158
results/subjects/dolibarr/evidence/dolibarr-C2204.json,1158
results/subjects/dolibarr/evidence/dolibarr-C2205.json,1158
results/subjects/dolibarr/evidence/dolibarr-C2206.json,1158
results/subjects/dolibarr/evidence/dolibarr-C2207.json,1159
results/subjects/dolibarr/evidence/dolibarr-C2208.json,1158
results/subjects/dolibarr/evidence/dolibarr-C2209.json,1154
results/subjects/dolibarr/evidence/dolibarr-C2210.json,1155
results/subjects/dolibarr/evidence/dolibarr-C2211.json,1156
results/subjects/dolibarr/evidence/dolibarr-C2212.json,1156
results/subjects/dolibarr/evidence/dolibarr-C2213.json,1156
results/subjects/dolibarr/evidence/dolibarr-C2214.json,1154
results/subjects/dolibarr/evidence/dolibarr-C2215.json,1154
results/subjects/dolibarr/evidence/dolibarr-C2216.json,1157
results/subjects/dolibarr/evidence/dolibarr-C2217.json,1154
results/subjects/dolibarr/evidence/dolibarr-C2218.json,1154
results/subjects/dolibarr/evidence/dolibarr-C2219.json,1157
results/subjects/dolibarr/evidence/dolibarr-C2220.json,1156
results/subjects/dolibarr/evidence/dolibarr-C2221.json,1154
results/subjects/dolibarr/evidence/dolibarr-C2222.json,1154
results/subjects/dolibarr/evidence/dolibarr-C2223.json,1154
results/subjects/dolibarr/evidence/dolibarr-C2224.json,1154
results/subjects/dolibarr/evidence/dolibarr-C2225.json,1152
results/subjects/dolibarr/evidence/dolibarr-C2226.json,1153
results/subjects/dolibarr/evidence/dolibarr-C2227.json,1156
results/subjects/dolibarr/evidence/dolibarr-C2228.json,1155
results/subjects/dolibarr/evidence/dolibarr-C2229.json,1158
results/subjects/dolibarr/evidence/dolibarr-C2230.json,1155
results/subjects/dolibarr/evidence/dolibarr-C2231.json,1155
results/subjects/dolibarr/evidence/dolibarr-C2232.json,1156
results/subjects/dolibarr/evidence/dolibarr-C2233.json,1154
results/subjects/dolibarr/evidence/dolibarr-C2234.json,1153
results/subjects/dolibarr/evidence/dolibarr-C2235.json,1161
results/subjects/dolibarr/evidence/dolibarr-C2236.json,1161
results/subjects/dolibarr/evidence/dolibarr-C2237.json,1163
results/subjects/dolibarr/evidence/dolibarr-C2238.json,1163
results/subjects/dolibarr/evidence/dolibarr-C2239.json,1163
results/subjects/dolibarr/evidence/dolibarr-C2240.json,1162
results/subjects/dolibarr/evidence/dolibarr-C2241.json,1159
results/subjects/dolibarr/evidence/dolibarr-C2242.json,1156
results/subjects/dolibarr/evidence/dolibarr-C2243.json,1156
results/subjects/dolibarr/evidence/dolibarr-C2244.json,1156
results/subjects/dolibarr/evidence/dolibarr-C2245.json,1156
results/subjects/dolibarr/evidence/dolibarr-C2246.json,1156
results/subjects/dolibarr/evidence/dolibarr-C2247.json,1365
results/subjects/dolibarr/evidence/dolibarr-C2248.json,1154
results/subjects/dolibarr/evidence/dolibarr-C2249.json,1154
results/subjects/dolibarr/evidence/dolibarr-C2250.json,1154
results/subjects/dolibarr/evidence/dolibarr-C2251.json,1154
results/subjects/dolibarr/evidence/dolibarr-C2252.json,1154
results/subjects/dolibarr/evidence/dolibarr-C2253.json,1196
results/subjects/dolibarr/evidence/dolibarr-C2254.json,1156
results/subjects/dolibarr/evidence/dolibarr-C2255.json,1165
results/subjects/dolibarr/evidence/dolibarr-C2256.json,1165
results/subjects/dolibarr/evidence/dolibarr-C2257.json,1164
results/subjects/dolibarr/evidence/dolibarr-C2258.json,1166
results/subjects/dolibarr/evidence/dolibarr-C2259.json,1167
results/subjects/dolibarr/evidence/dolibarr-C2260.json,1167
results/subjects/dolibarr/evidence/dolibarr-C2261.json,1171
results/subjects/dolibarr/evidence/dolibarr-C2262.json,1166
results/subjects/dolibarr/evidence/dolibarr-C2263.json,1166
results/subjects/dolibarr/evidence/dolibarr-C2264.json,1164
results/subjects/dolibarr/evidence/dolibarr-C2265.json,1171
results/subjects/dolibarr/evidence/dolibarr-C2266.json,1171
results/subjects/dolibarr/evidence/dolibarr-C2267.json,1163
results/subjects/dolibarr/evidence/dolibarr-C2268.json,1165
results/subjects/dolibarr/evidence/dolibarr-C2269.json,1165
results/subjects/dolibarr/evidence/dolibarr-C2270.json,1165
results/subjects/dolibarr/evidence/dolibarr-C2271.json,1164
results/subjects/dolibarr/evidence/dolibarr-C2272.json,1167
results/subjects/dolibarr/evidence/dolibarr-C2273.json,1169
results/subjects/dolibarr/evidence/dolibarr-C2274.json,1169
results/subjects/dolibarr/evidence/dolibarr-C2275.json,1169
results/subjects/dolibarr/evidence/dolibarr-C2276.json,1169
results/subjects/dolibarr/evidence/dolibarr-C2277.json,1169
results/subjects/dolibarr/evidence/dolibarr-C2278.json,1169
results/subjects/dolibarr/evidence/dolibarr-C2279.json,1169
results/subjects/dolibarr/evidence/dolibarr-C2280.json,1170
results/subjects/dolibarr/evidence/dolibarr-C2281.json,1171
results/subjects/dolibarr/evidence/dolibarr-C2282.json,1162
results/subjects/dolibarr/evidence/dolibarr-C2283.json,1162
results/subjects/dolibarr/evidence/dolibarr-C2284.json,1163
results/subjects/dolibarr/evidence/dolibarr-C2285.json,1163
results/subjects/dolibarr/evidence/dolibarr-C2286.json,1163
results/subjects/dolibarr/evidence/dolibarr-C2287.json,1163
results/subjects/dolibarr/evidence/dolibarr-C2288.json,1163
results/subjects/dolibarr/evidence/dolibarr-C2289.json,1164
results/subjects/dolibarr/evidence/dolibarr-C2290.json,1165
results/subjects/dolibarr/evidence/dolibarr-C2291.json,1165
results/subjects/dolibarr/evidence/dolibarr-C2292.json,1165
results/subjects/dolibarr/evidence/dolibarr-C2293.json,1165
results/subjects/dolibarr/evidence/dolibarr-C2294.json,1165
results/subjects/dolibarr/evidence/dolibarr-C2295.json,1165
results/subjects/dolibarr/evidence/dolibarr-C2296.json,1165
results/subjects/dolibarr/evidence/dolibarr-C2297.json,1167
results/subjects/dolibarr/evidence/dolibarr-C2298.json,1558
results/subjects/dolibarr/evidence/dolibarr-C2299.json,1166
results/subjects/dolibarr/evidence/dolibarr-C2300.json,1166
results/subjects/dolibarr/evidence/dolibarr-C2301.json,1168
results/subjects/dolibarr/evidence/dolibarr-C2302.json,1168
results/subjects/dolibarr/evidence/dolibarr-C2303.json,1168
results/subjects/dolibarr/evidence/dolibarr-C2304.json,1168
results/subjects/dolibarr/evidence/dolibarr-C2305.json,1168
results/subjects/dolibarr/evidence/dolibarr-C2306.json,1168
results/subjects/dolibarr/evidence/dolibarr-C2307.json,1168
results/subjects/dolibarr/evidence/dolibarr-C2308.json,1169
results/subjects/dolibarr/evidence/dolibarr-C2309.json,1168
results/subjects/dolibarr/evidence/dolibarr-C2310.json,1159
results/subjects/dolibarr/evidence/dolibarr-C2311.json,1170
results/subjects/dolibarr/evidence/dolibarr-C2312.json,1159
results/subjects/dolibarr/evidence/dolibarr-C2313.json,1176
results/subjects/dolibarr/evidence/dolibarr-C2314.json,1177
results/subjects/dolibarr/evidence/dolibarr-C2315.json,1178
results/subjects/dolibarr/evidence/dolibarr-C2316.json,1178
results/subjects/dolibarr/evidence/dolibarr-C2317.json,1178
results/subjects/dolibarr/evidence/dolibarr-C2318.json,1169
results/subjects/dolibarr/evidence/dolibarr-C2319.json,1170
results/subjects/dolibarr/evidence/dolibarr-C2320.json,1160
results/subjects/dolibarr/evidence/dolibarr-C2321.json,1161
results/subjects/dolibarr/evidence/dolibarr-C2322.json,1161
results/subjects/dolibarr/evidence/dolibarr-C2323.json,1161
results/subjects/dolibarr/evidence/dolibarr-C2324.json,1161
results/subjects/dolibarr/evidence/dolibarr-C2325.json,1161
results/subjects/dolibarr/evidence/dolibarr-C2326.json,1161
results/subjects/dolibarr/evidence/dolibarr-C2327.json,1161
results/subjects/dolibarr/evidence/dolibarr-C2328.json,1168
results/subjects/dolibarr/evidence/dolibarr-C2329.json,1170
results/subjects/dolibarr/evidence/dolibarr-C2330.json,1170
results/subjects/dolibarr/evidence/dolibarr-C2331.json,1181
results/subjects/dolibarr/evidence/dolibarr-C2332.json,1171
results/subjects/dolibarr/evidence/dolibarr-C2333.json,1167
results/subjects/dolibarr/evidence/dolibarr-C2334.json,1167
results/subjects/dolibarr/evidence/dolibarr-C2335.json,1167
results/subjects/dolibarr/evidence/dolibarr-C2336.json,1168
results/subjects/dolibarr/evidence/dolibarr-C2337.json,1169
results/subjects/dolibarr/evidence/dolibarr-C2338.json,1169
results/subjects/dolibarr/evidence/dolibarr-C2339.json,1169
results/subjects/dolibarr/evidence/dolibarr-C2340.json,1169
results/subjects/dolibarr/evidence/dolibarr-C2341.json,1169
results/subjects/dolibarr/evidence/dolibarr-C2342.json,1169
results/subjects/dolibarr/evidence/dolibarr-C2343.json,1169
results/subjects/dolibarr/evidence/dolibarr-C2344.json,1169
results/subjects/dolibarr/evidence/dolibarr-C2345.json,1169
results/subjects/dolibarr/evidence/dolibarr-C2346.json,1169
results/subjects/dolibarr/evidence/dolibarr-C2347.json,1169
results/subjects/dolibarr/evidence/dolibarr-C2348.json,1169
results/subjects/dolibarr/evidence/dolibarr-C2349.json,1169
results/subjects/dolibarr/evidence/dolibarr-C2350.json,1168
results/subjects/dolibarr/evidence/dolibarr-C2351.json,1169
results/subjects/dolibarr/evidence/dolibarr-C2352.json,1169
results/subjects/dolibarr/evidence/dolibarr-C2353.json,1169
results/subjects/dolibarr/evidence/dolibarr-C2354.json,1169
results/subjects/dolibarr/evidence/dolibarr-C2355.json,1169
results/subjects/dolibarr/evidence/dolibarr-C2356.json,1169
results/subjects/dolibarr/evidence/dolibarr-C2357.json,1169
results/subjects/dolibarr/evidence/dolibarr-C2358.json,1165
results/subjects/dolibarr/evidence/dolibarr-C2359.json,1161
results/subjects/dolibarr/evidence/dolibarr-C2360.json,1162
results/subjects/dolibarr/evidence/dolibarr-C2361.json,1162
results/subjects/dolibarr/evidence/dolibarr-C2362.json,1162
results/subjects/dolibarr/evidence/dolibarr-C2363.json,1162
results/subjects/dolibarr/evidence/dolibarr-C2364.json,1162
results/subjects/dolibarr/evidence/dolibarr-C2365.json,1164
results/subjects/dolibarr/evidence/dolibarr-C2366.json,1165
results/subjects/dolibarr/evidence/dolibarr-C2367.json,1165
results/subjects/dolibarr/evidence/dolibarr-C2368.json,1162
results/subjects/dolibarr/evidence/dolibarr-C2369.json,1165
results/subjects/dolibarr/evidence/dolibarr-C2370.json,1165
results/subjects/dolibarr/evidence/dolibarr-C2371.json,1165
results/subjects/dolibarr/evidence/dolibarr-C2372.json,1165
results/subjects/dolibarr/evidence/dolibarr-C2373.json,1165
results/subjects/dolibarr/evidence/dolibarr-C2374.json,1135
results/subjects/dolibarr/evidence/dolibarr-C2375.json,1135
results/subjects/dolibarr/evidence/dolibarr-C2376.json,1135
results/subjects/dolibarr/evidence/dolibarr-C2377.json,1136
results/subjects/dolibarr/evidence/dolibarr-C2378.json,1137
results/subjects/dolibarr/evidence/dolibarr-C2379.json,1137
results/subjects/dolibarr/evidence/dolibarr-C2380.json,1137
results/subjects/dolibarr/evidence/dolibarr-C2381.json,1137
results/subjects/dolibarr/evidence/dolibarr-C2382.json,1137
results/subjects/dolibarr/evidence/dolibarr-C2383.json,1137
results/subjects/dolibarr/evidence/dolibarr-C2384.json,1137
results/subjects/dolibarr/evidence/dolibarr-C2385.json,1137
results/subjects/dolibarr/evidence/dolibarr-C2386.json,1137
results/subjects/dolibarr/evidence/dolibarr-C2387.json,1137
results/subjects/dolibarr/evidence/dolibarr-C2388.json,1137
results/subjects/dolibarr/evidence/dolibarr-C2389.json,1137
results/subjects/dolibarr/evidence/dolibarr-C2390.json,1137
results/subjects/dolibarr/evidence/dolibarr-C2391.json,1136
results/subjects/dolibarr/evidence/dolibarr-C2392.json,1137
results/subjects/dolibarr/evidence/dolibarr-C2393.json,1137
results/subjects/dolibarr/evidence/dolibarr-C2394.json,1137
results/subjects/dolibarr/evidence/dolibarr-C2395.json,1137
results/subjects/dolibarr/evidence/dolibarr-C2396.json,1137
results/subjects/dolibarr/evidence/dolibarr-C2397.json,1137
results/subjects/dolibarr/evidence/dolibarr-C2398.json,1137
results/subjects/dolibarr/evidence/dolibarr-C2399.json,1229
results/subjects/dolibarr/evidence/dolibarr-C2400.json,1167
results/subjects/dolibarr/evidence/dolibarr-C2401.json,1204
results/subjects/dolibarr/evidence/dolibarr-C2402.json,1158
results/subjects/dolibarr/evidence/dolibarr-C2403.json,1141
results/subjects/dolibarr/evidence/dolibarr-C2404.json,1142
results/subjects/dolibarr/evidence/dolibarr-C2405.json,1131
results/subjects/dolibarr/evidence/dolibarr-C2406.json,1135
results/subjects/dolibarr/evidence/dolibarr-C2407.json,1135
results/subjects/dolibarr/evidence/dolibarr-C2408.json,1135
results/subjects/dolibarr/evidence/dolibarr-C2409.json,1134
results/subjects/dolibarr/evidence/dolibarr-C2410.json,1134
results/subjects/dolibarr/evidence/dolibarr-C2411.json,1134
results/subjects/dolibarr/evidence/dolibarr-C2412.json,1134
results/subjects/dolibarr/evidence/dolibarr-C2413.json,1134
results/subjects/dolibarr/evidence/dolibarr-C2414.json,1134
results/subjects/dolibarr/evidence/dolibarr-C2415.json,1135
results/subjects/dolibarr/evidence/dolibarr-C2416.json,1135
results/subjects/dolibarr/evidence/dolibarr-C2417.json,1135
results/subjects/dolibarr/evidence/dolibarr-C2418.json,1135
results/subjects/dolibarr/evidence/dolibarr-C2419.json,1135
results/subjects/dolibarr/evidence/dolibarr-C2420.json,1135
results/subjects/dolibarr/evidence/dolibarr-C2421.json,1135
results/subjects/dolibarr/evidence/dolibarr-C2422.json,1135
results/subjects/dolibarr/evidence/dolibarr-C2423.json,1135
results/subjects/dolibarr/evidence/dolibarr-C2424.json,1135
results/subjects/dolibarr/evidence/dolibarr-C2425.json,1135
results/subjects/dolibarr/evidence/dolibarr-C2426.json,1136
results/subjects/dolibarr/evidence/dolibarr-C2427.json,1137
results/subjects/dolibarr/evidence/dolibarr-C2428.json,1143
results/subjects/dolibarr/evidence/dolibarr-C2429.json,1143
results/subjects/dolibarr/evidence/dolibarr-C2430.json,1143
results/subjects/dolibarr/evidence/dolibarr-C2431.json,1144
results/subjects/dolibarr/evidence/dolibarr-C2432.json,1145
results/subjects/dolibarr/evidence/dolibarr-C2433.json,1233
results/subjects/dolibarr/evidence/dolibarr-C2434.json,1127
results/subjects/dolibarr/evidence/dolibarr-C2435.json,1128
results/subjects/dolibarr/evidence/dolibarr-C2436.json,1128
results/subjects/dolibarr/evidence/dolibarr-C2437.json,1128
results/subjects/dolibarr/evidence/dolibarr-C2438.json,1128
results/subjects/dolibarr/evidence/dolibarr-C2439.json,1128
results/subjects/dolibarr/evidence/dolibarr-C2440.json,1128
results/subjects/dolibarr/evidence/dolibarr-C2441.json,1204
results/subjects/dolibarr/evidence/dolibarr-C2442.json,1129
results/subjects/dolibarr/evidence/dolibarr-C2443.json,1130
results/subjects/dolibarr/evidence/dolibarr-C2444.json,1130
results/subjects/dolibarr/evidence/dolibarr-C2445.json,1130
results/subjects/dolibarr/evidence/dolibarr-C2446.json,1130
results/subjects/dolibarr/evidence/dolibarr-C2447.json,1130
results/subjects/dolibarr/evidence/dolibarr-C2448.json,1130
results/subjects/dolibarr/evidence/dolibarr-C2449.json,1130
results/subjects/dolibarr/evidence/dolibarr-C2450.json,1130
results/subjects/dolibarr/evidence/dolibarr-C2451.json,1132
results/subjects/dolibarr/evidence/dolibarr-C2452.json,1161
results/subjects/dolibarr/evidence/dolibarr-C2453.json,1133
results/subjects/dolibarr/evidence/dolibarr-C2454.json,1133
results/subjects/dolibarr/evidence/dolibarr-C2455.json,1133
results/subjects/dolibarr/evidence/dolibarr-C2456.json,1133
results/subjects/dolibarr/evidence/dolibarr-C2457.json,1133
results/subjects/dolibarr/evidence/dolibarr-C2458.json,1133
results/subjects/dolibarr/evidence/dolibarr-C2459.json,1230
results/subjects/dolibarr/evidence/dolibarr-C2460.json,1124
results/subjects/dolibarr/evidence/dolibarr-C2461.json,1124
results/subjects/dolibarr/evidence/dolibarr-C2462.json,1124
results/subjects/dolibarr/evidence/dolibarr-C2463.json,1126
results/subjects/dolibarr/evidence/dolibarr-C2464.json,1126
results/subjects/dolibarr/evidence/dolibarr-C2465.json,1126
results/subjects/dolibarr/evidence/dolibarr-C2466.json,1126
results/subjects/dolibarr/evidence/dolibarr-C2467.json,1126
results/subjects/dolibarr/evidence/dolibarr-C2468.json,1126
results/subjects/dolibarr/evidence/dolibarr-C2469.json,1126
results/subjects/dolibarr/evidence/dolibarr-C2470.json,1126
results/subjects/dolibarr/evidence/dolibarr-C2471.json,1126
results/subjects/dolibarr/evidence/dolibarr-C2472.json,1126
results/subjects/dolibarr/evidence/dolibarr-C2473.json,1126
results/subjects/dolibarr/evidence/dolibarr-C2474.json,1126
results/subjects/dolibarr/evidence/dolibarr-C2475.json,1126
results/subjects/dolibarr/evidence/dolibarr-C2476.json,1126
results/subjects/dolibarr/evidence/dolibarr-C2477.json,1126
results/subjects/dolibarr/evidence/dolibarr-C2478.json,1126
results/subjects/dolibarr/evidence/dolibarr-C2479.json,1126
results/subjects/dolibarr/evidence/dolibarr-C2480.json,1126
results/subjects/dolibarr/evidence/dolibarr-C2481.json,1126
results/subjects/dolibarr/evidence/dolibarr-C2482.json,1126
results/subjects/dolibarr/evidence/dolibarr-C2483.json,1126
results/subjects/dolibarr/evidence/dolibarr-C2484.json,1126
results/subjects/dolibarr/evidence/dolibarr-C2485.json,1126
results/subjects/dolibarr/evidence/dolibarr-C2486.json,1126
results/subjects/dolibarr/evidence/dolibarr-C2487.json,1126
results/subjects/dolibarr/evidence/dolibarr-C2488.json,1126
results/subjects/dolibarr/evidence/dolibarr-C2489.json,1126
results/subjects/dolibarr/evidence/dolibarr-C2490.json,1202
results/subjects/dolibarr/evidence/dolibarr-C2491.json,1126
results/subjects/dolibarr/evidence/dolibarr-C2492.json,1126
results/subjects/dolibarr/evidence/dolibarr-C2493.json,1126
results/subjects/dolibarr/evidence/dolibarr-C2494.json,1126
results/subjects/dolibarr/evidence/dolibarr-C2495.json,1126
results/subjects/dolibarr/evidence/dolibarr-C2496.json,1126
results/subjects/dolibarr/evidence/dolibarr-C2497.json,1126
results/subjects/dolibarr/evidence/dolibarr-C2498.json,1126
results/subjects/dolibarr/evidence/dolibarr-C2499.json,1126
results/subjects/dolibarr/evidence/dolibarr-C2500.json,1126
results/subjects/dolibarr/evidence/dolibarr-C2501.json,1126
results/subjects/dolibarr/evidence/dolibarr-C2502.json,1126
results/subjects/dolibarr/evidence/dolibarr-C2503.json,1126
results/subjects/dolibarr/evidence/dolibarr-C2504.json,1126
results/subjects/dolibarr/evidence/dolibarr-C2505.json,1126
results/subjects/dolibarr/evidence/dolibarr-C2506.json,1126
results/subjects/dolibarr/evidence/dolibarr-C2507.json,1126
results/subjects/dolibarr/evidence/dolibarr-C2508.json,1126
results/subjects/dolibarr/evidence/dolibarr-C2509.json,1126
results/subjects/dolibarr/evidence/dolibarr-C2510.json,1128
results/subjects/dolibarr/evidence/dolibarr-C2511.json,1127
results/subjects/dolibarr/evidence/dolibarr-C2512.json,1128
results/subjects/dolibarr/evidence/dolibarr-C2513.json,1129
results/subjects/dolibarr/evidence/dolibarr-C2514.json,1131
results/subjects/dolibarr/evidence/dolibarr-C2515.json,1131
results/subjects/dolibarr/evidence/dolibarr-C2516.json,1131
results/subjects/dolibarr/evidence/dolibarr-C2517.json,1131
results/subjects/dolibarr/evidence/dolibarr-C2518.json,1131
results/subjects/dolibarr/evidence/dolibarr-C2519.json,1131
results/subjects/dolibarr/evidence/dolibarr-C2520.json,1131
results/subjects/dolibarr/evidence/dolibarr-C2521.json,1131
results/subjects/dolibarr/evidence/dolibarr-C2522.json,1132
results/subjects/dolibarr/evidence/dolibarr-C2523.json,1133
results/subjects/dolibarr/evidence/dolibarr-C2524.json,1151
results/subjects/dolibarr/evidence/dolibarr-C2525.json,1150
results/subjects/dolibarr/evidence/dolibarr-C2526.json,1197
results/subjects/dolibarr/evidence/dolibarr-C2527.json,1131
results/subjects/dolibarr/evidence/dolibarr-C2528.json,1131
results/subjects/dolibarr/evidence/dolibarr-C2529.json,1139
results/subjects/dolibarr/evidence/dolibarr-C2530.json,1140
results/subjects/dolibarr/evidence/dolibarr-C2531.json,1146
results/subjects/dolibarr/evidence/dolibarr-C2532.json,1150
results/subjects/dolibarr/evidence/dolibarr-C2533.json,1154
results/subjects/dolibarr/evidence/dolibarr-C2534.json,1142
results/subjects/dolibarr/evidence/dolibarr-C2535.json,1196
results/subjects/dolibarr/evidence/dolibarr-C2536.json,1177
results/subjects/dolibarr/evidence/dolibarr-C2537.json,1282
results/subjects/dolibarr/evidence/dolibarr-C2538.json,1123
results/subjects/dolibarr/evidence/dolibarr-C2539.json,1201
results/subjects/dolibarr/evidence/dolibarr-C2540.json,1153
results/subjects/dolibarr/evidence/dolibarr-C2541.json,1209
results/subjects/dolibarr/evidence/dolibarr-C2542.json,1525
results/subjects/dolibarr/evidence/dolibarr-C2543.json,1394
results/subjects/dolibarr/evidence/dolibarr-C2544.json,1459
results/subjects/dolibarr/evidence/dolibarr-C2545.json,1201
results/subjects/dolibarr/evidence/dolibarr-C2546.json,1156
results/subjects/dolibarr/evidence/dolibarr-C2547.json,1127
results/subjects/dolibarr/evidence/dolibarr-C2548.json,1156
results/subjects/dolibarr/evidence/dolibarr-C2549.json,2469
results/subjects/dolibarr/evidence/dolibarr-C2550.json,1877
results/subjects/dolibarr/evidence/dolibarr-C2551.json,1125
results/subjects/dolibarr/evidence/dolibarr-C2552.json,1203
results/subjects/dolibarr/evidence/dolibarr-C2553.json,1125
results/subjects/dolibarr/evidence/dolibarr-C2554.json,1124
results/subjects/dolibarr/evidence/dolibarr-C2555.json,1125
results/subjects/dolibarr/evidence/dolibarr-C2556.json,1125
results/subjects/dolibarr/evidence/dolibarr-C2557.json,1125
results/subjects/dolibarr/evidence/dolibarr-C2558.json,1190
results/subjects/dolibarr/evidence/dolibarr-C2559.json,1127
results/subjects/dolibarr/evidence/dolibarr-C2560.json,1157
results/subjects/dolibarr/evidence/dolibarr-C2561.json,1335
results/subjects/dolibarr/evidence/dolibarr-C2562.json,1127
results/subjects/dolibarr/evidence/dolibarr-C2563.json,1156
results/subjects/dolibarr/evidence/dolibarr-C2564.json,1257
results/subjects/dolibarr/evidence/dolibarr-C2565.json,1157
results/subjects/dolibarr/evidence/dolibarr-C2566.json,1156
results/subjects/dolibarr/evidence/dolibarr-C2567.json,1156
results/subjects/dolibarr/evidence/dolibarr-C2568.json,1156
results/subjects/dolibarr/evidence/dolibarr-C2569.json,1699
results/subjects/dolibarr/evidence/dolibarr-C2570.json,1275
results/subjects/dolibarr/evidence/dolibarr-C2571.json,1204
results/subjects/dolibarr/evidence/dolibarr-C2572.json,1273
results/subjects/dolibarr/evidence/dolibarr-C2573.json,1202
results/subjects/dolibarr/evidence/dolibarr-C2574.json,1155
results/subjects/dolibarr/evidence/dolibarr-C2575.json,1156
results/subjects/dolibarr/evidence/dolibarr-C2576.json,2282
results/subjects/dolibarr/evidence/dolibarr-C2577.json,1165
results/subjects/dolibarr/evidence/dolibarr-C2578.json,1165
results/subjects/dolibarr/evidence/dolibarr-C2579.json,1136
results/subjects/dolibarr/evidence/dolibarr-C2580.json,1202
results/subjects/dolibarr/evidence/dolibarr-C2581.json,1350
results/subjects/dolibarr/evidence/dolibarr-C2582.json,1137
results/subjects/dolibarr/evidence/dolibarr-C2583.json,1340
results/subjects/dolibarr/evidence/dolibarr-C2584.json,1138
results/subjects/dolibarr/evidence/dolibarr-C2585.json,1248
results/subjects/dolibarr/evidence/dolibarr-C2586.json,1168
results/subjects/dolibarr/evidence/dolibarr-C2587.json,1167
results/subjects/dolibarr/evidence/dolibarr-C2588.json,1138
results/subjects/dolibarr/evidence/dolibarr-C2589.json,1138
results/subjects/dolibarr/evidence/dolibarr-C2590.json,1202
results/subjects/dolibarr/evidence/dolibarr-C2591.json,1167
results/subjects/dolibarr/evidence/dolibarr-C2592.json,1138
results/subjects/dolibarr/evidence/dolibarr-C2593.json,1167
results/subjects/dolibarr/evidence/dolibarr-C2594.json,1167
results/subjects/dolibarr/evidence/dolibarr-C2595.json,1167
results/subjects/dolibarr/evidence/dolibarr-C2596.json,1167
results/subjects/dolibarr/evidence/dolibarr-C2597.json,1167
results/subjects/dolibarr/evidence/dolibarr-C2598.json,1138
results/subjects/dolibarr/evidence/dolibarr-C2599.json,1333
results/subjects/dolibarr/evidence/dolibarr-C2600.json,1265
results/subjects/dolibarr/evidence/dolibarr-C2601.json,1232
results/subjects/dolibarr/evidence/dolibarr-C2602.json,1138
results/subjects/dolibarr/evidence/dolibarr-C2603.json,1167
results/subjects/dolibarr/evidence/dolibarr-C2604.json,1448
results/subjects/dolibarr/evidence/dolibarr-C2605.json,1213
results/subjects/dolibarr/evidence/dolibarr-C2606.json,1145
results/subjects/dolibarr/evidence/dolibarr-C2607.json,1213
results/subjects/dolibarr/evidence/dolibarr-C2608.json,1211
results/subjects/dolibarr/evidence/dolibarr-C2609.json,1145
results/subjects/dolibarr/evidence/dolibarr-C2610.json,2081
results/subjects/dolibarr/evidence/dolibarr-C2611.json,1337
results/subjects/dolibarr/evidence/dolibarr-C2612.json,1135
results/subjects/dolibarr/evidence/dolibarr-C2613.json,1212
results/subjects/dolibarr/evidence/dolibarr-C2614.json,1135
results/subjects/dolibarr/evidence/dolibarr-C2615.json,1135
results/subjects/dolibarr/evidence/dolibarr-C2616.json,1201
results/subjects/dolibarr/evidence/dolibarr-C2617.json,1137
results/subjects/dolibarr/evidence/dolibarr-C2618.json,1137
results/subjects/dolibarr/evidence/dolibarr-C2619.json,1305
results/subjects/dolibarr/evidence/dolibarr-C2620.json,1137
results/subjects/dolibarr/evidence/dolibarr-C2621.json,1204
results/subjects/dolibarr/evidence/dolibarr-C2622.json,1166
results/subjects/dolibarr/evidence/dolibarr-C2623.json,1167
results/subjects/dolibarr/evidence/dolibarr-C2624.json,1206
results/subjects/dolibarr/evidence/dolibarr-C2625.json,1249
results/subjects/dolibarr/evidence/dolibarr-C2626.json,1167
results/subjects/dolibarr/evidence/dolibarr-C2627.json,1204
results/subjects/dolibarr/evidence/dolibarr-C2628.json,1137
results/subjects/dolibarr/evidence/dolibarr-C2629.json,1348
results/subjects/dolibarr/evidence/dolibarr-C2630.json,1166
results/subjects/dolibarr/evidence/dolibarr-C2631.json,1200
results/subjects/dolibarr/evidence/dolibarr-C2632.json,1137
results/subjects/dolibarr/evidence/dolibarr-C2633.json,1167
results/subjects/dolibarr/evidence/dolibarr-C2634.json,1669
results/subjects/dolibarr/evidence/dolibarr-C2635.json,1165
results/subjects/dolibarr/evidence/dolibarr-C2636.json,1275
results/subjects/dolibarr/evidence/dolibarr-C2637.json,1164
results/subjects/dolibarr/evidence/dolibarr-C2638.json,1165
results/subjects/dolibarr/evidence/dolibarr-C2639.json,1165
results/subjects/dolibarr/evidence/dolibarr-C2640.json,1283
results/subjects/dolibarr/evidence/dolibarr-C2641.json,1295
results/subjects/dolibarr/evidence/dolibarr-C2642.json,1604
results/subjects/dolibarr/evidence/dolibarr-C2643.json,1157
results/subjects/dolibarr/evidence/dolibarr-C2644.json,1159
results/subjects/dolibarr/evidence/dolibarr-C2645.json,1159
results/subjects/dolibarr/evidence/dolibarr-C2646.json,1158
results/subjects/dolibarr/evidence/dolibarr-C2647.json,1129
results/subjects/dolibarr/evidence/dolibarr-C2648.json,1287
results/subjects/dolibarr/evidence/dolibarr-C2649.json,1129
results/subjects/dolibarr/evidence/dolibarr-C2650.json,6775
results/subjects/dolibarr/evidence/dolibarr-C2651.json,2199
results/subjects/dolibarr/evidence/dolibarr-C2652.json,3057
results/subjects/dolibarr/evidence/dolibarr-C2653.json,2078
results/subjects/dolibarr/evidence/dolibarr-C2654.json,2572
results/subjects/dolibarr/evidence/dolibarr-C2655.json,2188
results/subjects/dolibarr/evidence/dolibarr-C2656.json,2551
results/subjects/dolibarr/evidence/dolibarr-C2657.json,1770
results/subjects/dolibarr/evidence/dolibarr-C2658.json,3586
results/subjects/dolibarr/evidence/dolibarr-C2659.json,7790
results/subjects/dolibarr/evidence/dolibarr-C2660.json,2438
results/subjects/dolibarr/evidence/dolibarr-C2661.json,2071
results/subjects/dolibarr/evidence/dolibarr-C2662.json,1578
results/subjects/dolibarr/evidence/dolibarr-C2663.json,1917
results/subjects/dolibarr/evidence/dolibarr-C2664.json,2424
results/subjects/dolibarr/evidence/dolibarr-C2665.json,1931
results/subjects/dolibarr/evidence/dolibarr-C2666.json,2446
results/subjects/dolibarr/evidence/dolibarr-C2667.json,2369
results/subjects/dolibarr/evidence/dolibarr-C2668.json,1614
results/subjects/dolibarr/evidence/dolibarr-C2669.json,2923
results/subjects/dolibarr/evidence/dolibarr-C2670.json,1870
results/subjects/dolibarr/evidence/dolibarr-C2671.json,1479
results/subjects/dolibarr/evidence/dolibarr-C2672.json,1542
results/subjects/dolibarr/evidence/dolibarr-C2673.json,1237
results/subjects/dolibarr/evidence/dolibarr-C2674.json,1205
results/subjects/dolibarr/evidence/dolibarr-C2675.json,1915
results/subjects/dolibarr/evidence/dolibarr-C2676.json,1198
results/subjects/dolibarr/evidence/dolibarr-C2677.json,1195
results/subjects/dolibarr/evidence/dolibarr-C2678.json,1129
results/subjects/dolibarr/evidence/dolibarr-C2679.json,1158
results/subjects/dolibarr/evidence/dolibarr-C2680.json,1129
results/subjects/dolibarr/evidence/dolibarr-C2681.json,1335
results/subjects/dolibarr/evidence/dolibarr-C2682.json,1158
results/subjects/dolibarr/evidence/dolibarr-C2683.json,1160
results/subjects/dolibarr/evidence/dolibarr-C2684.json,1131
results/subjects/dolibarr/evidence/dolibarr-C2685.json,1160
results/subjects/dolibarr/evidence/dolibarr-C2686.json,1255
results/subjects/dolibarr/evidence/dolibarr-C2687.json,1160
results/subjects/dolibarr/evidence/dolibarr-C2688.json,1160
results/subjects/dolibarr/evidence/dolibarr-C2689.json,1162
results/subjects/dolibarr/evidence/dolibarr-C2690.json,1850
results/subjects/dolibarr/evidence/dolibarr-C2691.json,1397
results/subjects/dolibarr/evidence/dolibarr-C2692.json,1520
results/subjects/dolibarr/evidence/dolibarr-C2693.json,1695
results/subjects/dolibarr/evidence/dolibarr-C2694.json,1205
results/subjects/dolibarr/evidence/dolibarr-C2695.json,1124
results/subjects/dolibarr/evidence/dolibarr-C2696.json,1124
results/subjects/dolibarr/evidence/dolibarr-C2697.json,1196
results/subjects/dolibarr/evidence/dolibarr-C2698.json,1238
results/subjects/dolibarr/evidence/dolibarr-C2699.json,1124
results/subjects/dolibarr/evidence/dolibarr-C2700.json,1201
results/subjects/dolibarr/evidence/dolibarr-C2701.json,1153
results/subjects/dolibarr/evidence/dolibarr-C2702.json,1187
results/subjects/dolibarr/evidence/dolibarr-C2703.json,1247
results/subjects/dolibarr/evidence/dolibarr-C2704.json,1120
results/subjects/dolibarr/evidence/dolibarr-C2705.json,1204
results/subjects/dolibarr/evidence/dolibarr-C2706.json,1274
results/subjects/dolibarr/evidence/dolibarr-C2707.json,1171
results/subjects/dolibarr/evidence/dolibarr-C2708.json,1205
results/subjects/dolibarr/evidence/dolibarr-C2709.json,3245
results/subjects/dolibarr/evidence/dolibarr-C2710.json,1205
results/subjects/dolibarr/evidence/dolibarr-C2711.json,1137
results/subjects/dolibarr/evidence/dolibarr-C2712.json,1137
results/subjects/dolibarr/evidence/dolibarr-C2713.json,1215
results/subjects/dolibarr/evidence/dolibarr-C2714.json,1166
results/subjects/dolibarr/evidence/dolibarr-C2715.json,1345
results/subjects/dolibarr/evidence/dolibarr-C2716.json,1166
results/subjects/dolibarr/evidence/dolibarr-C2717.json,1167
results/subjects/dolibarr/evidence/dolibarr-C2718.json,1168
results/subjects/dolibarr/evidence/dolibarr-C2719.json,1139
results/subjects/dolibarr/evidence/dolibarr-C2720.json,1168
results/subjects/dolibarr/evidence/dolibarr-C2721.json,1411
results/subjects/dolibarr/evidence/dolibarr-C2722.json,1139
results/subjects/dolibarr/evidence/dolibarr-C2723.json,1139
results/subjects/dolibarr/evidence/dolibarr-C2724.json,1204
results/subjects/dolibarr/evidence/dolibarr-C2725.json,2163
results/subjects/dolibarr/evidence/dolibarr-C2726.json,1168
results/subjects/dolibarr/evidence/dolibarr-C2727.json,1168
results/subjects/dolibarr/evidence/dolibarr-C2728.json,1169
results/subjects/dolibarr/evidence/dolibarr-C2729.json,1226
results/subjects/dolibarr/evidence/dolibarr-C2730.json,1208
results/subjects/dolibarr/evidence/dolibarr-C2731.json,1169
results/subjects/dolibarr/evidence/dolibarr-C2732.json,1208
results/subjects/dolibarr/evidence/dolibarr-C2733.json,1210
results/subjects/dolibarr/evidence/dolibarr-C2734.json,1168
results/subjects/dolibarr/evidence/dolibarr-C2735.json,1169
results/subjects/dolibarr/evidence/dolibarr-C2736.json,1169
results/subjects/dolibarr/evidence/dolibarr-C2737.json,1170
results/subjects/dolibarr/evidence/dolibarr-C2738.json,1171
results/subjects/dolibarr/evidence/dolibarr-C2739.json,1833
results/subjects/dolibarr/evidence/dolibarr-C2740.json,1222
results/subjects/dolibarr/evidence/dolibarr-C2741.json,1144
results/subjects/dolibarr/evidence/dolibarr-C2742.json,1212
results/subjects/dolibarr/evidence/dolibarr-C2743.json,1372
results/subjects/dolibarr/evidence/dolibarr-C2744.json,2374
results/subjects/dolibarr/evidence/dolibarr-C2745.json,2457
results/subjects/dolibarr/evidence/dolibarr-C2746.json,1854
results/subjects/dolibarr/evidence/dolibarr-C2747.json,2153
results/subjects/dolibarr/evidence/dolibarr-C2748.json,1293
results/subjects/dolibarr/evidence/dolibarr-C2749.json,1296
results/subjects/dolibarr/evidence/dolibarr-C2750.json,1202
results/subjects/dolibarr/evidence/dolibarr-C2751.json,1197
results/subjects/dolibarr/evidence/dolibarr-C2752.json,1134
results/subjects/dolibarr/evidence/dolibarr-C2753.json,2305
results/subjects/dolibarr/evidence/dolibarr-C2754.json,1161
results/subjects/dolibarr/evidence/dolibarr-C2755.json,1131
results/subjects/dolibarr/evidence/dolibarr-C2756.json,1203
results/subjects/dolibarr/evidence/dolibarr-C2757.json,1369
results/subjects/dolibarr/evidence/dolibarr-C2758.json,1131
results/subjects/dolibarr/evidence/dolibarr-C2759.json,1132
results/subjects/dolibarr/evidence/dolibarr-C2760.json,1133
results/subjects/dolibarr/evidence/dolibarr-C2761.json,1163
results/subjects/dolibarr/evidence/dolibarr-C2762.json,1219
results/subjects/dolibarr/evidence/dolibarr-C2763.json,1403
results/subjects/dolibarr/evidence/dolibarr-C2764.json,1133
results/subjects/dolibarr/evidence/dolibarr-C2765.json,1162
results/subjects/dolibarr/evidence/dolibarr-C2766.json,1162
results/subjects/dolibarr/evidence/dolibarr-C2767.json,1205
results/subjects/dolibarr/evidence/dolibarr-C2768.json,1205
results/subjects/dolibarr/evidence/dolibarr-C2769.json,1132
results/subjects/dolibarr/evidence/dolibarr-C2770.json,1163
results/subjects/dolibarr/evidence/dolibarr-C2771.json,1197
results/subjects/dolibarr/evidence/dolibarr-C2772.json,1409
results/subjects/dolibarr/evidence/dolibarr-C2773.json,1164
results/subjects/dolibarr/evidence/dolibarr-C2774.json,1166
results/subjects/dolibarr/evidence/dolibarr-C2775.json,1164
results/subjects/dolibarr/evidence/dolibarr-C2776.json,1934
results/subjects/dolibarr/evidence/dolibarr-C2777.json,1444
results/subjects/dolibarr/evidence/dolibarr-C2778.json,4189
results/subjects/dolibarr/evidence/dolibarr-C2779.json,1139
results/subjects/dolibarr/evidence/dolibarr-C2780.json,1251
results/subjects/dolibarr/evidence/dolibarr-C2781.json,1351
results/subjects/dolibarr/evidence/dolibarr-C2782.json,1139
results/subjects/dolibarr/evidence/dolibarr-C2783.json,1168
results/subjects/dolibarr/evidence/dolibarr-C2784.json,1139
results/subjects/dolibarr/evidence/dolibarr-C2785.json,1140
results/subjects/dolibarr/evidence/dolibarr-C2786.json,3436
results/subjects/dolibarr/evidence/dolibarr-C2787.json,1141
results/subjects/dolibarr/evidence/dolibarr-C2788.json,1671
results/subjects/dolibarr/evidence/dolibarr-C2789.json,1145
results/subjects/dolibarr/evidence/dolibarr-C2790.json,1357
results/subjects/dolibarr/evidence/dolibarr-C2791.json,1145
results/subjects/dolibarr/evidence/dolibarr-C2792.json,1174
results/subjects/dolibarr/evidence/dolibarr-C2793.json,1671
results/subjects/dolibarr/evidence/dolibarr-C2794.json,1145
results/subjects/dolibarr/evidence/dolibarr-C2795.json,1357
results/subjects/dolibarr/evidence/dolibarr-C2796.json,1145
results/subjects/dolibarr/evidence/dolibarr-C2797.json,1174
results/subjects/dolibarr/evidence/dolibarr-C2798.json,1441
results/subjects/dolibarr/evidence/dolibarr-C2799.json,1413
results/subjects/dolibarr/evidence/dolibarr-C2800.json,1340
results/subjects/dolibarr/evidence/dolibarr-C2801.json,1620
results/subjects/dolibarr/evidence/dolibarr-C2802.json,1240
results/subjects/dolibarr/evidence/dolibarr-C2803.json,1212
results/subjects/dolibarr/evidence/dolibarr-C2804.json,1238
results/subjects/dolibarr/evidence/dolibarr-C2805.json,1155
results/subjects/dolibarr/evidence/dolibarr-C2806.json,1627
results/subjects/dolibarr/evidence/dolibarr-C2807.json,1228
results/subjects/dolibarr/evidence/dolibarr-C2808.json,1122
results/subjects/dolibarr/evidence/dolibarr-C2809.json,1122
results/subjects/dolibarr/evidence/dolibarr-C2810.json,1122
results/subjects/dolibarr/evidence/dolibarr-C2811.json,1189
results/subjects/dolibarr/evidence/dolibarr-C2812.json,1270
results/subjects/dolibarr/evidence/dolibarr-C2813.json,1259
results/subjects/dolibarr/evidence/dolibarr-C2814.json,1277
results/subjects/dolibarr/evidence/dolibarr-C2815.json,1156
results/subjects/dolibarr/evidence/dolibarr-C2816.json,1540
results/subjects/dolibarr/evidence/dolibarr-C2817.json,1231
results/subjects/dolibarr/evidence/dolibarr-C2818.json,1157
results/subjects/dolibarr/evidence/dolibarr-C2819.json,1127
results/subjects/dolibarr/evidence/dolibarr-C2820.json,1567
results/subjects/dolibarr/evidence/dolibarr-C2821.json,1117
results/subjects/dolibarr/evidence/dolibarr-C2822.json,1146
results/subjects/dolibarr/evidence/dolibarr-C2823.json,1117
results/subjects/dolibarr/evidence/dolibarr-C2824.json,1223
results/subjects/dolibarr/evidence/dolibarr-C2825.json,1117
results/subjects/dolibarr/evidence/dolibarr-C2826.json,1195
results/subjects/dolibarr/evidence/dolibarr-C2827.json,1146
results/subjects/dolibarr/evidence/dolibarr-C2828.json,1275
results/subjects/dolibarr/evidence/dolibarr-C2829.json,1147
results/subjects/dolibarr/evidence/dolibarr-C2830.json,1119
results/subjects/dolibarr/evidence/dolibarr-C2831.json,1599
results/subjects/dolibarr/evidence/dolibarr-C2832.json,1207
results/subjects/dolibarr/evidence/dolibarr-C2833.json,1129
results/subjects/dolibarr/evidence/dolibarr-C2834.json,1197
results/subjects/dolibarr/evidence/dolibarr-C2835.json,1129
results/subjects/dolibarr/evidence/dolibarr-C2836.json,2416
results/subjects/dolibarr/evidence/dolibarr-C2837.json,2011
results/subjects/dolibarr/evidence/dolibarr-C2838.json,1849
results/subjects/dolibarr/evidence/dolibarr-C2839.json,1412
results/subjects/dolibarr/evidence/dolibarr-C2840.json,1613
results/subjects/dolibarr/evidence/dolibarr-C2841.json,1359
results/subjects/dolibarr/evidence/dolibarr-C2842.json,1555
results/subjects/dolibarr/evidence/dolibarr-C2843.json,1168
results/subjects/dolibarr/evidence/dolibarr-C2844.json,1493
results/subjects/dolibarr/evidence/dolibarr-C2845.json,1139
results/subjects/dolibarr/evidence/dolibarr-C2846.json,1237
results/subjects/dolibarr/evidence/dolibarr-C2847.json,1163
results/subjects/dolibarr/evidence/dolibarr-C2848.json,1164
results/subjects/dolibarr/evidence/dolibarr-C2849.json,1202
results/subjects/dolibarr/evidence/dolibarr-C2850.json,1718
results/subjects/dolibarr/evidence/dolibarr-C2851.json,1878
results/subjects/dolibarr/evidence/dolibarr-C2852.json,1190
results/subjects/dolibarr/evidence/dolibarr-C2853.json,1121
results/subjects/dolibarr/evidence/dolibarr-C2854.json,1122
results/subjects/dolibarr/evidence/dolibarr-C2855.json,1122
results/subjects/dolibarr/evidence/dolibarr-C2856.json,1189
results/subjects/dolibarr/evidence/dolibarr-C2857.json,1326
results/subjects/dolibarr/evidence/dolibarr-C2858.json,1123
results/subjects/dolibarr/evidence/dolibarr-C2859.json,1124
results/subjects/dolibarr/evidence/dolibarr-C2860.json,1180
results/subjects/dolibarr/evidence/dolibarr-C2861.json,1238
results/subjects/dolibarr/evidence/dolibarr-C2862.json,1736
results/subjects/dolibarr/evidence/dolibarr-C2863.json,1431
results/subjects/dolibarr/evidence/dolibarr-C2864.json,1148
results/subjects/dolibarr/evidence/dolibarr-C2865.json,1276
results/subjects/dolibarr/evidence/dolibarr-C2866.json,1161
results/subjects/dolibarr/evidence/dolibarr-C2867.json,1298
results/subjects/dolibarr/evidence/dolibarr-C2868.json,1161
results/subjects/dolibarr/evidence/dolibarr-C2869.json,1193
results/subjects/dolibarr/evidence/dolibarr-C2870.json,1117
results/subjects/dolibarr/evidence/dolibarr-C2871.json,1232
results/subjects/dolibarr/evidence/dolibarr-C2872.json,1219
results/subjects/dolibarr/evidence/dolibarr-C2873.json,1510
results/subjects/dolibarr/evidence/dolibarr-C2874.json,1385
results/subjects/dolibarr/evidence/dolibarr-C2875.json,1439
results/subjects/dolibarr/evidence/dolibarr-C2876.json,1400
results/subjects/dolibarr/evidence/dolibarr-C2877.json,1350
results/subjects/dolibarr/evidence/dolibarr-C2878.json,1316
results/subjects/dolibarr/evidence/dolibarr-C2879.json,1316
results/subjects/dolibarr/evidence/dolibarr-C2880.json,1348
results/subjects/dolibarr/evidence/dolibarr-C2881.json,1348
results/subjects/dolibarr/evidence/dolibarr-C2882.json,1512
results/subjects/dolibarr/evidence/dolibarr-C2883.json,1513
results/subjects/dolibarr/evidence/dolibarr-C2884.json,1470
results/subjects/dolibarr/evidence/dolibarr-C2885.json,1404
results/subjects/dolibarr/evidence/dolibarr-C2886.json,1385
results/subjects/dolibarr/evidence/dolibarr-C2887.json,1522
results/subjects/dolibarr/evidence/dolibarr-C2888.json,1523
results/subjects/dolibarr/evidence/dolibarr-C2889.json,1236
results/subjects/dolibarr/evidence/dolibarr-C2890.json,1461
results/subjects/dolibarr/evidence/dolibarr-C2891.json,1396
results/subjects/dolibarr/evidence/dolibarr-C2892.json,1523
results/subjects/dolibarr/evidence/dolibarr-C2893.json,1458
results/subjects/dolibarr/evidence/dolibarr-C2894.json,1507
results/subjects/dolibarr/evidence/dolibarr-C2895.json,1442
results/subjects/dolibarr/evidence/dolibarr-C2896.json,1389
results/subjects/dolibarr/evidence/dolibarr-C2897.json,1387
results/subjects/dolibarr/evidence/dolibarr-C2898.json,1388
results/subjects/dolibarr/evidence/dolibarr-C2899.json,1353
results/subjects/dolibarr/evidence/dolibarr-C2900.json,1354
results/subjects/dolibarr/evidence/dolibarr-C2901.json,1354
results/subjects/dolibarr/evidence/dolibarr-C2902.json,1877
results/subjects/dolibarr/evidence/dolibarr-C2903.json,1874
results/subjects/dolibarr/evidence/dolibarr-C2904.json,1886
results/subjects/dolibarr/evidence/dolibarr-C2905.json,1883
results/subjects/dolibarr/evidence/dolibarr-C2906.json,1875
results/subjects/dolibarr/evidence/dolibarr-C2907.json,1872
results/subjects/dolibarr/evidence/dolibarr-C2908.json,1884
results/subjects/dolibarr/evidence/dolibarr-C2909.json,1881
results/subjects/dolibarr/evidence/dolibarr-C2910.json,1934
results/subjects/dolibarr/evidence/dolibarr-C2911.json,1931
results/subjects/dolibarr/evidence/dolibarr-C2912.json,1925
results/subjects/dolibarr/evidence/dolibarr-C2913.json,1922
results/subjects/dolibarr/evidence/dolibarr-C2914.json,1339
results/subjects/dolibarr/evidence/dolibarr-C2915.json,1274
results/subjects/dolibarr/evidence/dolibarr-C2916.json,1330
results/subjects/dolibarr/evidence/dolibarr-C2917.json,1265
results/subjects/dolibarr/evidence/dolibarr-C2918.json,1414
results/subjects/dolibarr/evidence/dolibarr-C2919.json,1348
results/subjects/dolibarr/evidence/dolibarr-C2920.json,1741
results/subjects/dolibarr/evidence/dolibarr-C2921.json,1652
results/subjects/dolibarr/evidence/dolibarr-C2922.json,1764
results/subjects/dolibarr/evidence/dolibarr-C2923.json,1675
results/subjects/dolibarr/evidence/dolibarr-C2924.json,1238
results/subjects/dolibarr/evidence/dolibarr-C2925.json,1239
results/subjects/dolibarr/evidence/dolibarr-C2926.json,1587
results/subjects/dolibarr/evidence/dolibarr-C2927.json,1522
results/subjects/dolibarr/evidence/dolibarr-C2928.json,1415
results/subjects/dolibarr/evidence/dolibarr-C2929.json,1349
results/subjects/dolibarr/evidence/dolibarr-C2930.json,1627
results/subjects/dolibarr/evidence/dolibarr-C2931.json,1572
results/subjects/dolibarr/evidence/dolibarr-C2932.json,1483
results/subjects/dolibarr/evidence/dolibarr-C2933.json,1483
results/subjects/dolibarr/evidence/dolibarr-C2934.json,1458
results/subjects/dolibarr/evidence/dolibarr-C2935.json,1393
results/subjects/dolibarr/evidence/dolibarr-C2936.json,1235
results/subjects/dolibarr/evidence/dolibarr-C2937.json,2216
results/subjects/dolibarr/evidence/dolibarr-C2938.json,1151
results/subjects/dolibarr/evidence/dolibarr-C2939.json,2038
results/subjects/dolibarr/evidence/dolibarr-C2940.json,1166
results/subjects/dolibarr/evidence/dolibarr-C2941.json,1120
results/subjects/dolibarr/evidence/dolibarr-C2942.json,1269
results/subjects/dolibarr/evidence/dolibarr-C2943.json,1200
results/subjects/dolibarr/evidence/dolibarr-C2944.json,1123
results/subjects/dolibarr/evidence/dolibarr-C2945.json,1152
results/subjects/dolibarr/evidence/dolibarr-C2946.json,1153
results/subjects/dolibarr/evidence/dolibarr-C2947.json,1124
results/subjects/dolibarr/evidence/dolibarr-C2948.json,1124
results/subjects/dolibarr/evidence/dolibarr-C2949.json,1125
results/subjects/dolibarr/evidence/dolibarr-C2950.json,1126
results/subjects/dolibarr/evidence/dolibarr-C2951.json,1126
results/subjects/dolibarr/evidence/dolibarr-C2952.json,1126
results/subjects/dolibarr/evidence/dolibarr-C2953.json,1126
results/subjects/dolibarr/evidence/dolibarr-C2954.json,1234
results/subjects/dolibarr/evidence/dolibarr-C2955.json,1199
results/subjects/dolibarr/evidence/dolibarr-C2956.json,1122
results/subjects/dolibarr/evidence/dolibarr-C2957.json,1151
results/subjects/dolibarr/evidence/dolibarr-C2958.json,1133
results/subjects/dolibarr/evidence/dolibarr-C2959.json,1133
results/subjects/dolibarr/evidence/dolibarr-C2960.json,1133
results/subjects/dolibarr/evidence/dolibarr-C2961.json,1294
results/subjects/dolibarr/evidence/dolibarr-C2962.json,1157
results/subjects/dolibarr/evidence/dolibarr-C2963.json,1157
results/subjects/dolibarr/evidence/dolibarr-C2964.json,1128
results/subjects/dolibarr/evidence/dolibarr-C2965.json,1224
results/subjects/dolibarr/evidence/dolibarr-C2966.json,4404
results/subjects/dolibarr/evidence/dolibarr-C2967.json,1193
results/subjects/dolibarr/evidence/dolibarr-C2968.json,1127
results/subjects/dolibarr/evidence/dolibarr-C2969.json,1233
results/subjects/dolibarr/evidence/dolibarr-C2970.json,1157
results/subjects/dolibarr/evidence/dolibarr-C2971.json,1158
results/subjects/dolibarr/evidence/dolibarr-C2972.json,1203
results/subjects/dolibarr/evidence/dolibarr-C2973.json,1158
results/subjects/dolibarr/evidence/dolibarr-C2974.json,1159
results/subjects/dolibarr/evidence/dolibarr-C2975.json,1159
results/subjects/dolibarr/evidence/dolibarr-C2976.json,1129
results/subjects/dolibarr/evidence/dolibarr-C2977.json,1210
results/subjects/dolibarr/evidence/dolibarr-C2978.json,1198
results/subjects/dolibarr/evidence/dolibarr-C2979.json,1290
results/subjects/dolibarr/evidence/dolibarr-C2980.json,1129
results/subjects/dolibarr/evidence/dolibarr-C2981.json,1217
results/subjects/dolibarr/evidence/dolibarr-C2982.json,1129
results/subjects/dolibarr/evidence/dolibarr-C2983.json,1129
results/subjects/dolibarr/evidence/dolibarr-C2984.json,1129
results/subjects/dolibarr/evidence/dolibarr-C2985.json,1129
results/subjects/dolibarr/evidence/dolibarr-C2986.json,1235
results/subjects/dolibarr/evidence/dolibarr-C2987.json,1238
results/subjects/dolibarr/evidence/dolibarr-C2988.json,1129
results/subjects/dolibarr/evidence/dolibarr-C2989.json,1363
results/subjects/dolibarr/evidence/dolibarr-C2990.json,1203
results/subjects/dolibarr/evidence/dolibarr-C2991.json,1263
results/subjects/dolibarr/evidence/dolibarr-C2992.json,1159
results/subjects/dolibarr/evidence/dolibarr-C2993.json,1129
results/subjects/dolibarr/evidence/dolibarr-C2994.json,1158
results/subjects/dolibarr/evidence/dolibarr-C2995.json,1201
results/subjects/dolibarr/evidence/dolibarr-C2996.json,1198
results/subjects/dolibarr/evidence/dolibarr-C2997.json,1129
results/subjects/dolibarr/evidence/dolibarr-C2998.json,1158
results/subjects/dolibarr/evidence/dolibarr-C2999.json,1129
results/subjects/dolibarr/evidence/dolibarr-C3000.json,1129
results/subjects/dolibarr/evidence/dolibarr-C3001.json,1251
results/subjects/dolibarr/evidence/dolibarr-C3002.json,1129
results/subjects/dolibarr/evidence/dolibarr-C3003.json,1214
results/subjects/dolibarr/evidence/dolibarr-C3004.json,1129
results/subjects/dolibarr/evidence/dolibarr-C3005.json,1199
results/subjects/dolibarr/evidence/dolibarr-C3006.json,1223
results/subjects/dolibarr/evidence/dolibarr-C3007.json,1129
results/subjects/dolibarr/evidence/dolibarr-C3008.json,1710
results/subjects/dolibarr/evidence/dolibarr-C3009.json,1557
results/subjects/dolibarr/evidence/dolibarr-C3010.json,1129
results/subjects/dolibarr/evidence/dolibarr-C3011.json,1129
results/subjects/dolibarr/evidence/dolibarr-C3012.json,1129
results/subjects/dolibarr/evidence/dolibarr-C3013.json,1529
results/subjects/dolibarr/evidence/dolibarr-C3014.json,1129
results/subjects/dolibarr/evidence/dolibarr-C3015.json,1129
results/subjects/dolibarr/evidence/dolibarr-C3016.json,1295
results/subjects/dolibarr/evidence/dolibarr-C3017.json,1197
results/subjects/dolibarr/evidence/dolibarr-C3018.json,1240
results/subjects/dolibarr/evidence/dolibarr-C3019.json,1129
results/subjects/dolibarr/evidence/dolibarr-C3020.json,1159
results/subjects/dolibarr/evidence/dolibarr-C3021.json,1158
results/subjects/dolibarr/evidence/dolibarr-C3022.json,1129
results/subjects/dolibarr/evidence/dolibarr-C3023.json,1238
results/subjects/dolibarr/evidence/dolibarr-C3024.json,1137
results/subjects/dolibarr/evidence/dolibarr-C3025.json,1422
results/subjects/dolibarr/evidence/dolibarr-C3026.json,1262
results/subjects/dolibarr/evidence/dolibarr-C3027.json,1385
results/subjects/dolibarr/evidence/dolibarr-C3028.json,2298
results/subjects/dolibarr/evidence/dolibarr-C3029.json,1267
results/subjects/dolibarr/evidence/dolibarr-C3030.json,1198
results/subjects/dolibarr/evidence/dolibarr-C3031.json,1121
results/subjects/dolibarr/evidence/dolibarr-C3032.json,1150
results/subjects/dolibarr/evidence/dolibarr-C3033.json,1548
results/subjects/dolibarr/evidence/dolibarr-C3034.json,1199
results/subjects/dolibarr/evidence/dolibarr-C3035.json,1304
results/subjects/dolibarr/evidence/dolibarr-C3036.json,1333
results/subjects/dolibarr/evidence/dolibarr-C3037.json,1430
results/subjects/dolibarr/evidence/dolibarr-C3038.json,1195
results/subjects/dolibarr/evidence/dolibarr-C3039.json,1228
results/subjects/dolibarr/evidence/dolibarr-C3040.json,1128
results/subjects/dolibarr/evidence/dolibarr-C3041.json,1128
results/subjects/dolibarr/evidence/dolibarr-C3042.json,1195
results/subjects/dolibarr/evidence/dolibarr-C3043.json,1423
results/subjects/dolibarr/evidence/dolibarr-C3044.json,1198
results/subjects/dolibarr/evidence/dolibarr-C3045.json,1249
results/subjects/dolibarr/evidence/dolibarr-C3046.json,1121
results/subjects/dolibarr/evidence/dolibarr-C3047.json,1121
results/subjects/dolibarr/evidence/dolibarr-C3048.json,1150
results/subjects/dolibarr/evidence/dolibarr-C3049.json,1574
results/subjects/dolibarr/evidence/dolibarr-C3050.json,1200
results/subjects/dolibarr/evidence/dolibarr-C3051.json,1189
results/subjects/dolibarr/evidence/dolibarr-C3052.json,1257
results/subjects/dolibarr/evidence/dolibarr-C3053.json,1123
results/subjects/dolibarr/evidence/dolibarr-C3054.json,1201
results/subjects/dolibarr/evidence/dolibarr-C3055.json,1152
results/subjects/dolibarr/evidence/dolibarr-C3056.json,1196
results/subjects/dolibarr/evidence/dolibarr-C3057.json,1192
results/subjects/dolibarr/evidence/dolibarr-C3058.json,1241
results/subjects/dolibarr/evidence/dolibarr-C3059.json,1469
results/subjects/dolibarr/evidence/dolibarr-C3060.json,1123
results/subjects/dolibarr/evidence/dolibarr-C3061.json,1386
results/subjects/dolibarr/evidence/dolibarr-C3062.json,1598
results/subjects/dolibarr/evidence/dolibarr-C3063.json,1122
results/subjects/dolibarr/evidence/dolibarr-C3064.json,1123
results/subjects/dolibarr/evidence/dolibarr-C3065.json,1506
results/subjects/dolibarr/evidence/dolibarr-C3066.json,1213
results/subjects/dolibarr/evidence/dolibarr-C3067.json,1254
results/subjects/dolibarr/evidence/dolibarr-C3068.json,1162
results/subjects/dolibarr/evidence/dolibarr-C3069.json,1132
results/subjects/dolibarr/evidence/dolibarr-C3070.json,1161
results/subjects/dolibarr/evidence/dolibarr-C3071.json,1519
results/subjects/dolibarr/evidence/dolibarr-C3072.json,1133
results/subjects/dolibarr/evidence/dolibarr-C3073.json,1162
results/subjects/dolibarr/evidence/dolibarr-C3074.json,1269
results/subjects/dolibarr/evidence/dolibarr-C3075.json,1234
results/subjects/dolibarr/evidence/dolibarr-C3076.json,2094
results/subjects/dolibarr/evidence/dolibarr-C3077.json,1126
results/subjects/dolibarr/evidence/dolibarr-C3078.json,1126
results/subjects/dolibarr/evidence/dolibarr-C3079.json,1156
results/subjects/dolibarr/evidence/dolibarr-C3080.json,1156
results/subjects/dolibarr/evidence/dolibarr-C3081.json,1156
results/subjects/dolibarr/evidence/dolibarr-C3082.json,1126
results/subjects/dolibarr/evidence/dolibarr-C3083.json,1156
results/subjects/dolibarr/evidence/dolibarr-C3084.json,1218
results/subjects/dolibarr/evidence/dolibarr-C3085.json,1406
results/subjects/dolibarr/evidence/dolibarr-C3086.json,1586
results/subjects/dolibarr/evidence/dolibarr-C3087.json,1128
results/subjects/dolibarr/evidence/dolibarr-C3088.json,1128
results/subjects/dolibarr/evidence/dolibarr-C3089.json,1128
results/subjects/dolibarr/evidence/dolibarr-C3090.json,1238
results/subjects/dolibarr/evidence/dolibarr-C3091.json,1124
results/subjects/dolibarr/evidence/dolibarr-C3092.json,1125
results/subjects/dolibarr/evidence/dolibarr-C3093.json,1125
results/subjects/dolibarr/evidence/dolibarr-C3094.json,1209
results/subjects/dolibarr/evidence/dolibarr-C3095.json,1259
results/subjects/dolibarr/evidence/dolibarr-C3096.json,1198
results/subjects/dolibarr/evidence/dolibarr-C3097.json,1125
results/subjects/dolibarr/evidence/dolibarr-C3098.json,1154
results/subjects/dolibarr/evidence/dolibarr-C3099.json,1125
results/subjects/dolibarr/evidence/dolibarr-C3100.json,1126
results/subjects/dolibarr/evidence/dolibarr-C3101.json,3259
results/subjects/dolibarr/evidence/dolibarr-C3102.json,1398
results/subjects/dolibarr/evidence/dolibarr-C3103.json,1481
results/subjects/dolibarr/evidence/dolibarr-C3104.json,1836
results/subjects/dolibarr/evidence/dolibarr-C3105.json,1428
results/subjects/dolibarr/evidence/dolibarr-C3106.json,1124
results/subjects/dolibarr/evidence/dolibarr-C3107.json,1362
results/subjects/dolibarr/evidence/dolibarr-C3108.json,1124
results/subjects/dolibarr/evidence/dolibarr-C3109.json,1426
results/subjects/dolibarr/evidence/dolibarr-C3110.json,1557
results/subjects/dolibarr/evidence/dolibarr-C3111.json,1204
results/subjects/dolibarr/evidence/dolibarr-C3112.json,1153
results/subjects/dolibarr/evidence/dolibarr-C3113.json,1198
results/subjects/dolibarr/evidence/dolibarr-C3114.json,1372
results/subjects/dolibarr/evidence/dolibarr-C3115.json,1198
results/subjects/dolibarr/evidence/dolibarr-C3116.json,1389
results/subjects/dolibarr/evidence/dolibarr-C3117.json,1943
results/subjects/dolibarr/evidence/dolibarr-C3118.json,1400
results/subjects/dolibarr/evidence/dolibarr-C3119.json,1198
results/subjects/dolibarr/evidence/dolibarr-C3120.json,1308
results/subjects/dolibarr/evidence/dolibarr-C3121.json,1298
results/subjects/dolibarr/evidence/dolibarr-C3122.json,1236
results/subjects/dolibarr/evidence/dolibarr-C3123.json,1277
results/subjects/dolibarr/evidence/dolibarr-C3124.json,1155
results/subjects/dolibarr/evidence/dolibarr-C3125.json,1155
results/subjects/dolibarr/evidence/dolibarr-C3126.json,1197
results/subjects/dolibarr/evidence/dolibarr-C3127.json,1155
results/subjects/dolibarr/evidence/dolibarr-C3128.json,1264
results/subjects/dolibarr/evidence/dolibarr-C3129.json,1298
results/subjects/dolibarr/evidence/dolibarr-C3130.json,1156
results/subjects/dolibarr/evidence/dolibarr-C3131.json,1198
results/subjects/dolibarr/evidence/dolibarr-C3132.json,1342
results/subjects/dolibarr/evidence/dolibarr-C3133.json,1346
results/subjects/dolibarr/evidence/dolibarr-C3134.json,1292
results/subjects/dolibarr/evidence/dolibarr-C3135.json,1242
results/subjects/dolibarr/evidence/dolibarr-C3136.json,1783
results/subjects/dolibarr/evidence/dolibarr-C3137.json,1290
results/subjects/dolibarr/evidence/dolibarr-C3138.json,1244
results/subjects/dolibarr/evidence/dolibarr-C3139.json,1374
results/subjects/dolibarr/evidence/dolibarr-C3140.json,1332
results/subjects/dolibarr/evidence/dolibarr-C3141.json,1292
results/subjects/dolibarr/evidence/dolibarr-C3142.json,1293
results/subjects/dolibarr/evidence/dolibarr-C3143.json,1334
results/subjects/dolibarr/evidence/dolibarr-C3144.json,1292
results/subjects/dolibarr/evidence/dolibarr-C3145.json,1266
results/subjects/dolibarr/evidence/dolibarr-C3146.json,1238
results/subjects/dolibarr/evidence/dolibarr-C3147.json,1384
results/subjects/dolibarr/evidence/dolibarr-C3148.json,1126
results/subjects/dolibarr/evidence/dolibarr-C3149.json,1691
results/subjects/dolibarr/evidence/dolibarr-C3150.json,1458
results/subjects/dolibarr/evidence/dolibarr-C3151.json,1174
results/subjects/dolibarr/evidence/dolibarr-C3152.json,1328
results/subjects/dolibarr/evidence/dolibarr-C3153.json,1384
results/subjects/dolibarr/evidence/dolibarr-C3154.json,1460
results/subjects/dolibarr/evidence/dolibarr-C3155.json,1326
results/subjects/dolibarr/evidence/dolibarr-C3156.json,1502
results/subjects/dolibarr/evidence/dolibarr-C3157.json,1350
results/subjects/dolibarr/evidence/dolibarr-C3158.json,1444
results/subjects/dolibarr/evidence/dolibarr-C3159.json,1496
results/subjects/dolibarr/evidence/dolibarr-C3160.json,1969
results/subjects/dolibarr/evidence/dolibarr-C3161.json,1311
results/subjects/dolibarr/evidence/dolibarr-C3162.json,1880
results/subjects/dolibarr/evidence/dolibarr-C3163.json,1126
results/subjects/dolibarr/evidence/dolibarr-C3164.json,1598
results/subjects/dolibarr/evidence/dolibarr-C3165.json,1244
results/subjects/dolibarr/evidence/dolibarr-C3166.json,1204
results/subjects/dolibarr/evidence/dolibarr-C3167.json,1203
results/subjects/dolibarr/evidence/dolibarr-C3168.json,1314
results/subjects/dolibarr/evidence/dolibarr-C3169.json,1163
results/subjects/dolibarr/evidence/dolibarr-C3170.json,1252
results/subjects/dolibarr/evidence/dolibarr-C3171.json,1197
results/subjects/dolibarr/evidence/dolibarr-C3172.json,1164
results/subjects/dolibarr/evidence/dolibarr-C3173.json,1204
results/subjects/dolibarr/evidence/dolibarr-C3174.json,1870
results/subjects/dolibarr/evidence/dolibarr-C3175.json,1334
results/subjects/dolibarr/evidence/dolibarr-C3176.json,1649
results/subjects/dolibarr/evidence/dolibarr-C3177.json,1131
results/subjects/dolibarr/evidence/dolibarr-C3178.json,1241
results/subjects/dolibarr/evidence/dolibarr-C3179.json,1170
results/subjects/dolibarr/evidence/dolibarr-C3180.json,1171
results/subjects/dolibarr/evidence/dolibarr-C3181.json,1171
results/subjects/dolibarr/evidence/dolibarr-C3182.json,1200
results/subjects/dolibarr/evidence/dolibarr-C3183.json,1565
results/subjects/dolibarr/evidence/dolibarr-C3184.json,1313
results/subjects/dolibarr/evidence/dolibarr-C3185.json,1290
results/subjects/dolibarr/evidence/dolibarr-C3186.json,1998
results/subjects/dolibarr/evidence/dolibarr-C3187.json,1159
results/subjects/dolibarr/evidence/dolibarr-C3188.json,1160
results/subjects/dolibarr/evidence/dolibarr-C3189.json,1298
results/subjects/dolibarr/evidence/dolibarr-C3190.json,1319
results/subjects/dolibarr/evidence/dolibarr-C3191.json,1202
results/subjects/dolibarr/evidence/dolibarr-C3192.json,1202
results/subjects/dolibarr/evidence/dolibarr-C3193.json,1481
results/subjects/dolibarr/evidence/dolibarr-C3194.json,1361
results/subjects/dolibarr/evidence/dolibarr-C3195.json,1131
results/subjects/dolibarr/evidence/dolibarr-C3196.json,1173
results/subjects/dolibarr/evidence/dolibarr-C3197.json,1368
results/subjects/dolibarr/evidence/dolibarr-C3198.json,1203
results/subjects/dolibarr/evidence/dolibarr-C3199.json,2475
results/subjects/dolibarr/evidence/dolibarr-C3200.json,1768
results/subjects/dolibarr/evidence/dolibarr-C3201.json,2170
results/subjects/dolibarr/evidence/dolibarr-C3202.json,1675
results/subjects/dolibarr/evidence/dolibarr-C3203.json,2161
results/subjects/dolibarr/evidence/dolibarr-C3204.json,1896
results/subjects/dolibarr/evidence/dolibarr-C3205.json,1130
results/subjects/dolibarr/evidence/dolibarr-C3206.json,1696
results/subjects/dolibarr/evidence/dolibarr-C3207.json,1258
results/subjects/dolibarr/evidence/dolibarr-C3208.json,1259
results/subjects/dolibarr/evidence/dolibarr-C3209.json,2804
results/subjects/dolibarr/evidence/dolibarr-C3210.json,1152
results/subjects/dolibarr/evidence/dolibarr-C3211.json,2495
results/subjects/dolibarr/evidence/dolibarr-C3212.json,1228
results/subjects/dolibarr/evidence/dolibarr-C3213.json,1382
results/subjects/dolibarr/evidence/dolibarr-C3214.json,1202
results/subjects/dolibarr/evidence/dolibarr-C3215.json,1201
results/subjects/dolibarr/evidence/dolibarr-C3216.json,1235
results/subjects/dolibarr/evidence/dolibarr-C3217.json,1130
results/subjects/dolibarr/evidence/dolibarr-C3218.json,1130
results/subjects/dolibarr/evidence/dolibarr-C3219.json,1693
results/subjects/dolibarr/evidence/dolibarr-C3220.json,1129
results/subjects/dolibarr/evidence/dolibarr-C3221.json,1666
results/subjects/dolibarr/evidence/dolibarr-C3222.json,1999
results/subjects/dolibarr/evidence/dolibarr-C3223.json,1245
results/subjects/dolibarr/evidence/dolibarr-C3224.json,1246
results/subjects/dolibarr/evidence/dolibarr-C3225.json,1200
results/subjects/dolibarr/evidence/dolibarr-C3226.json,1201
results/subjects/dolibarr/evidence/dolibarr-C3227.json,1267
results/subjects/dolibarr/evidence/dolibarr-C3228.json,1201
results/subjects/dolibarr/evidence/dolibarr-C3229.json,1129
results/subjects/dolibarr/evidence/dolibarr-C3230.json,1217
results/subjects/dolibarr/evidence/dolibarr-C3231.json,1171
results/subjects/dolibarr/evidence/dolibarr-C3232.json,1332
results/subjects/dolibarr/evidence/dolibarr-C3233.json,1131
results/subjects/dolibarr/evidence/dolibarr-C3234.json,1294
results/subjects/dolibarr/evidence/dolibarr-C3235.json,1533
results/subjects/dolibarr/evidence/dolibarr-C3236.json,1223
results/subjects/dolibarr/evidence/dolibarr-C3237.json,1202
results/subjects/dolibarr/evidence/dolibarr-C3238.json,1294
results/subjects/dolibarr/evidence/dolibarr-C3239.json,1282
results/subjects/dolibarr/evidence/dolibarr-C3240.json,1244
results/subjects/dolibarr/evidence/dolibarr-C3241.json,1200
results/subjects/dolibarr/evidence/dolibarr-C3242.json,1201
results/subjects/dolibarr/evidence/dolibarr-C3243.json,1990
results/subjects/dolibarr/evidence/dolibarr-C3244.json,1948
results/subjects/dolibarr/evidence/dolibarr-C3245.json,1165
results/subjects/dolibarr/evidence/dolibarr-C3246.json,1166
results/subjects/dolibarr/evidence/dolibarr-C3247.json,2419
results/subjects/dolibarr/evidence/dolibarr-C3248.json,2281
results/subjects/dolibarr/evidence/dolibarr-C3249.json,1254
results/subjects/dolibarr/evidence/dolibarr-C3250.json,1254
results/subjects/dolibarr/evidence/dolibarr-C3251.json,1254
results/subjects/dolibarr/evidence/dolibarr-C3252.json,2150
results/subjects/dolibarr/evidence/dolibarr-C3253.json,1349
results/subjects/dolibarr/evidence/dolibarr-C3254.json,1247
results/subjects/dolibarr/evidence/dolibarr-C3255.json,1304
results/subjects/dolibarr/evidence/dolibarr-C3256.json,1256
results/subjects/dolibarr/evidence/dolibarr-C3257.json,1257
results/subjects/dolibarr/evidence/dolibarr-C3258.json,1151
results/subjects/dolibarr/evidence/dolibarr-C3259.json,1196
results/subjects/dolibarr/evidence/dolibarr-C3260.json,1124
results/subjects/dolibarr/evidence/dolibarr-C3261.json,1169
results/subjects/dolibarr/evidence/dolibarr-C3262.json,1303
results/subjects/dolibarr/evidence/dolibarr-C3263.json,1119
results/subjects/dolibarr/evidence/dolibarr-C3264.json,1119
results/subjects/dolibarr/evidence/dolibarr-C3265.json,1119
results/subjects/dolibarr/evidence/dolibarr-C3266.json,1182
results/subjects/dolibarr/evidence/dolibarr-C3267.json,1121
results/subjects/dolibarr/evidence/dolibarr-C3268.json,1121
results/subjects/dolibarr/evidence/dolibarr-C3269.json,1777
results/subjects/dolibarr/evidence/dolibarr-C3270.json,1596
results/subjects/dolibarr/evidence/dolibarr-C3271.json,1183
results/subjects/dolibarr/evidence/dolibarr-C3272.json,1148
results/subjects/dolibarr/evidence/dolibarr-C3273.json,1196
results/subjects/dolibarr/evidence/dolibarr-C3274.json,1474
results/subjects/dolibarr/evidence/dolibarr-C3275.json,1267
results/subjects/dolibarr/evidence/dolibarr-C3276.json,1195
results/subjects/dolibarr/evidence/dolibarr-C3277.json,1123
results/subjects/dolibarr/evidence/dolibarr-C3278.json,1191
results/subjects/dolibarr/evidence/dolibarr-C3279.json,2600
results/subjects/dolibarr/evidence/dolibarr-C3280.json,1121
results/subjects/dolibarr/evidence/dolibarr-C3281.json,1203
results/subjects/dolibarr/evidence/dolibarr-C3282.json,2418
results/subjects/dolibarr/evidence/dolibarr-C3283.json,1348
results/subjects/dolibarr/evidence/dolibarr-C3284.json,1124
results/subjects/dolibarr/evidence/dolibarr-C3285.json,1124
results/subjects/dolibarr/evidence/dolibarr-C3286.json,1124
results/subjects/dolibarr/evidence/dolibarr-C3287.json,1912
results/subjects/dolibarr/evidence/dolibarr-C3288.json,1120
results/subjects/dolibarr/evidence/dolibarr-C3289.json,1292
results/subjects/dolibarr/evidence/dolibarr-C3290.json,1122
results/subjects/dolibarr/evidence/dolibarr-C3291.json,1122
results/subjects/dolibarr/evidence/dolibarr-C3292.json,1122
results/subjects/dolibarr/evidence/dolibarr-C3293.json,1119
results/subjects/dolibarr/evidence/dolibarr-C3294.json,1120
results/subjects/dolibarr/evidence/dolibarr-C3295.json,1120
results/subjects/dolibarr/evidence/dolibarr-C3296.json,1120
results/subjects/dolibarr/evidence/dolibarr-C3297.json,1120
results/subjects/dolibarr/evidence/dolibarr-C3298.json,1120
results/subjects/dolibarr/evidence/dolibarr-C3299.json,1890
results/subjects/dolibarr/evidence/dolibarr-C3300.json,1123
results/subjects/dolibarr/evidence/dolibarr-C3301.json,1124
results/subjects/dolibarr/evidence/dolibarr-C3302.json,1124
results/subjects/dolibarr/evidence/dolibarr-C3303.json,1394
results/subjects/dolibarr/evidence/dolibarr-C3304.json,1124
results/subjects/dolibarr/evidence/dolibarr-C3305.json,1124
results/subjects/dolibarr/evidence/dolibarr-C3306.json,1221
results/subjects/dolibarr/evidence/dolibarr-C3307.json,1195
results/subjects/dolibarr/evidence/dolibarr-C3308.json,1540
results/subjects/dolibarr/evidence/dolibarr-C3309.json,1119
results/subjects/dolibarr/evidence/dolibarr-C3310.json,1120
results/subjects/dolibarr/evidence/dolibarr-C3311.json,1120
results/subjects/dolibarr/evidence/dolibarr-C3312.json,1120
results/subjects/dolibarr/evidence/dolibarr-C3313.json,1160
results/subjects/dolibarr/evidence/dolibarr-C3314.json,1120
results/subjects/dolibarr/evidence/dolibarr-C3315.json,1151
results/subjects/dolibarr/evidence/dolibarr-C3316.json,1374
results/subjects/dolibarr/evidence/dolibarr-C3317.json,1264
results/subjects/dolibarr/evidence/dolibarr-C3318.json,1437
results/subjects/dolibarr/evidence/dolibarr-C3319.json,1116
results/subjects/dolibarr/evidence/dolibarr-C3320.json,1117
results/subjects/dolibarr/evidence/dolibarr-C3321.json,1117
results/subjects/dolibarr/evidence/dolibarr-C3322.json,1117
results/subjects/dolibarr/evidence/dolibarr-C3323.json,1186
results/subjects/dolibarr/evidence/dolibarr-C3324.json,1378
results/subjects/dolibarr/evidence/dolibarr-C3325.json,1117
results/subjects/dolibarr/evidence/dolibarr-C3326.json,1118
results/subjects/dolibarr/evidence/dolibarr-C3327.json,1118
results/subjects/dolibarr/evidence/dolibarr-C3328.json,1118
results/subjects/dolibarr/evidence/dolibarr-C3329.json,1215
results/subjects/dolibarr/evidence/dolibarr-C3330.json,1783
results/subjects/dolibarr/evidence/dolibarr-C3331.json,1116
results/subjects/dolibarr/evidence/dolibarr-C3332.json,1361
results/subjects/dolibarr/evidence/dolibarr-C3333.json,1147
results/subjects/dolibarr/evidence/dolibarr-C3334.json,1147
results/subjects/dolibarr/evidence/dolibarr-C3335.json,1252
results/subjects/dolibarr/evidence/dolibarr-C3336.json,1118
results/subjects/dolibarr/evidence/dolibarr-C3337.json,1119
results/subjects/dolibarr/evidence/dolibarr-C3338.json,1119
results/subjects/dolibarr/evidence/dolibarr-C3339.json,1495
results/subjects/dolibarr/evidence/dolibarr-C3340.json,1148
results/subjects/dolibarr/evidence/dolibarr-C3341.json,1233
results/subjects/dolibarr/evidence/dolibarr-C3342.json,1237
results/subjects/dolibarr/evidence/dolibarr-C3343.json,1119
results/subjects/dolibarr/evidence/dolibarr-C3344.json,1119
results/subjects/dolibarr/evidence/dolibarr-C3345.json,1121
results/subjects/dolibarr/evidence/dolibarr-C3346.json,1216
results/subjects/dolibarr/evidence/dolibarr-C3347.json,1206
results/subjects/dolibarr/evidence/dolibarr-C3348.json,1120
results/subjects/dolibarr/evidence/dolibarr-C3349.json,1421
results/subjects/dolibarr/evidence/dolibarr-C3350.json,1117
results/subjects/dolibarr/evidence/dolibarr-C3351.json,1117
results/subjects/dolibarr/evidence/dolibarr-C3352.json,1117
results/subjects/dolibarr/evidence/dolibarr-C3353.json,1117
results/subjects/dolibarr/evidence/dolibarr-C3354.json,1117
results/subjects/dolibarr/evidence/dolibarr-C3355.json,1119
results/subjects/dolibarr/evidence/dolibarr-C3356.json,1119
results/subjects/dolibarr/evidence/dolibarr-C3357.json,1318
results/subjects/dolibarr/evidence/dolibarr-C3358.json,1166
results/subjects/dolibarr/evidence/dolibarr-C3359.json,1434
results/subjects/dolibarr/evidence/dolibarr-C3360.json,1312
results/subjects/dolibarr/evidence/dolibarr-C3361.json,2472
results/subjects/dolibarr/evidence/dolibarr-C3362.json,1114
results/subjects/dolibarr/evidence/dolibarr-C3363.json,1114
results/subjects/dolibarr/evidence/dolibarr-C3364.json,1116
results/subjects/dolibarr/evidence/dolibarr-C3365.json,1358
results/subjects/dolibarr/evidence/dolibarr-C3366.json,1145
results/subjects/dolibarr/evidence/dolibarr-C3367.json,1145
results/subjects/dolibarr/evidence/dolibarr-C3368.json,1189
results/subjects/dolibarr/evidence/dolibarr-C3369.json,1116
results/subjects/dolibarr/evidence/dolibarr-C3370.json,1117
results/subjects/dolibarr/evidence/dolibarr-C3371.json,1118
results/subjects/dolibarr/evidence/dolibarr-C3372.json,1118
results/subjects/dolibarr/evidence/dolibarr-C3373.json,1118
results/subjects/dolibarr/evidence/dolibarr-C3374.json,1118
results/subjects/dolibarr/evidence/dolibarr-C3375.json,1881
results/subjects/dolibarr/evidence/dolibarr-C3376.json,1190
results/subjects/dolibarr/evidence/dolibarr-C3377.json,2395
results/subjects/dolibarr/evidence/dolibarr-C3378.json,1969
results/subjects/dolibarr/evidence/dolibarr-C3379.json,1359
results/subjects/dolibarr/evidence/dolibarr-C3380.json,1358
results/subjects/dolibarr/evidence/dolibarr-C3381.json,1397
results/subjects/dolibarr/evidence/dolibarr-C3382.json,1117
results/subjects/dolibarr/evidence/dolibarr-C3383.json,1906
results/subjects/dolibarr/evidence/dolibarr-C3384.json,1202
results/subjects/dolibarr/evidence/dolibarr-C3385.json,1115
results/subjects/dolibarr/evidence/dolibarr-C3386.json,1447
results/subjects/dolibarr/evidence/dolibarr-C3387.json,1273
results/subjects/dolibarr/evidence/dolibarr-C3388.json,1423
results/subjects/dolibarr/evidence/dolibarr-C3389.json,1395
results/subjects/dolibarr/evidence/dolibarr-C3390.json,1507
results/subjects/dolibarr/evidence/dolibarr-C3391.json,1358
results/subjects/dolibarr/evidence/dolibarr-C3392.json,1115
results/subjects/dolibarr/evidence/dolibarr-C3393.json,1115
results/subjects/dolibarr/evidence/dolibarr-C3394.json,1145
results/subjects/dolibarr/evidence/dolibarr-C3395.json,1118
results/subjects/dolibarr/evidence/dolibarr-C3396.json,1118
results/subjects/dolibarr/evidence/dolibarr-C3397.json,2694
results/subjects/dolibarr/evidence/dolibarr-C3398.json,1489
results/subjects/dolibarr/evidence/dolibarr-C3399.json,1184
results/subjects/dolibarr/evidence/dolibarr-C3400.json,1148
results/subjects/dolibarr/evidence/dolibarr-C3401.json,1147
results/subjects/dolibarr/evidence/dolibarr-C3402.json,1524
results/subjects/dolibarr/evidence/dolibarr-C3403.json,1737
results/subjects/dolibarr/evidence/dolibarr-C3404.json,1835
results/subjects/dolibarr/evidence/dolibarr-C3405.json,1283
results/subjects/dolibarr/evidence/dolibarr-C3406.json,1813
results/subjects/dolibarr/evidence/dolibarr-C3407.json,1785
results/subjects/dolibarr/evidence/dolibarr-C3408.json,1550
results/subjects/dolibarr/evidence/dolibarr-C3409.json,1521
results/subjects/dolibarr/evidence/dolibarr-C3410.json,1406
results/subjects/dolibarr/evidence/dolibarr-C3411.json,1262
results/subjects/dolibarr/evidence/dolibarr-C3412.json,1115
results/subjects/dolibarr/evidence/dolibarr-C3413.json,1115
results/subjects/dolibarr/evidence/dolibarr-C3414.json,1115
results/subjects/dolibarr/evidence/dolibarr-C3415.json,1115
results/subjects/dolibarr/evidence/dolibarr-C3416.json,1115
results/subjects/dolibarr/evidence/dolibarr-C3417.json,1113
results/subjects/dolibarr/evidence/dolibarr-C3418.json,1457
results/subjects/dolibarr/evidence/dolibarr-C3419.json,1429
results/subjects/dolibarr/evidence/dolibarr-C3420.json,1426
results/subjects/dolibarr/evidence/dolibarr-C3421.json,1398
results/subjects/dolibarr/evidence/dolibarr-C3422.json,1555
results/subjects/dolibarr/evidence/dolibarr-C3423.json,1526
results/subjects/dolibarr/evidence/dolibarr-C3424.json,1551
results/subjects/dolibarr/evidence/dolibarr-C3425.json,1523
results/subjects/dolibarr/evidence/dolibarr-C3426.json,2135
results/subjects/dolibarr/evidence/dolibarr-C3427.json,1115
results/subjects/dolibarr/evidence/dolibarr-C3428.json,1242
results/subjects/dolibarr/evidence/dolibarr-C3429.json,1116
results/subjects/dolibarr/evidence/dolibarr-C3430.json,1116
results/subjects/dolibarr/evidence/dolibarr-C3431.json,1116
results/subjects/dolibarr/evidence/dolibarr-C3432.json,1116
results/subjects/dolibarr/evidence/dolibarr-C3433.json,1116
results/subjects/dolibarr/evidence/dolibarr-C3434.json,1116
results/subjects/dolibarr/evidence/dolibarr-C3435.json,1117
results/subjects/dolibarr/evidence/dolibarr-C3436.json,1118
results/subjects/dolibarr/evidence/dolibarr-C3437.json,1118
results/subjects/dolibarr/evidence/dolibarr-C3438.json,1118
results/subjects/dolibarr/evidence/dolibarr-C3439.json,1118
results/subjects/dolibarr/evidence/dolibarr-C3440.json,1143
results/subjects/dolibarr/evidence/dolibarr-C3441.json,1142
results/subjects/dolibarr/evidence/dolibarr-C3442.json,1118
results/subjects/dolibarr/evidence/dolibarr-C3443.json,1143
results/subjects/dolibarr/evidence/dolibarr-C3444.json,1222
results/subjects/dolibarr/evidence/dolibarr-C3445.json,1118
results/subjects/dolibarr/evidence/dolibarr-C3446.json,1118
results/subjects/dolibarr/evidence/dolibarr-C3447.json,1118
results/subjects/dolibarr/evidence/dolibarr-C3448.json,1118
results/subjects/dolibarr/evidence/dolibarr-C3449.json,1149
results/subjects/dolibarr/evidence/dolibarr-C3450.json,1663
results/subjects/dolibarr/evidence/dolibarr-C3451.json,1159
results/subjects/dolibarr/evidence/dolibarr-C3452.json,1636
results/subjects/dolibarr/evidence/dolibarr-C3453.json,5041
results/subjects/dolibarr/evidence/dolibarr-C3454.json,1120
results/subjects/dolibarr/evidence/dolibarr-C3455.json,1374
results/subjects/dolibarr/evidence/dolibarr-C3456.json,1120
results/subjects/dolibarr/evidence/dolibarr-C3457.json,1120
results/subjects/dolibarr/evidence/dolibarr-C3458.json,1120
results/subjects/dolibarr/evidence/dolibarr-C3459.json,1199
results/subjects/dolibarr/evidence/dolibarr-C3460.json,1868
results/subjects/dolibarr/evidence/dolibarr-C3461.json,1822
results/subjects/dolibarr/evidence/dolibarr-C3462.json,1122
results/subjects/dolibarr/evidence/dolibarr-C3463.json,1122
results/subjects/dolibarr/evidence/dolibarr-C3464.json,1275
results/subjects/dolibarr/evidence/dolibarr-C3465.json,1205
results/subjects/dolibarr/evidence/dolibarr-C3466.json,1227
results/subjects/dolibarr/evidence/dolibarr-C3467.json,1202
results/subjects/dolibarr/evidence/dolibarr-C3468.json,1202
results/subjects/dolibarr/evidence/dolibarr-C3469.json,1330
results/subjects/dolibarr/evidence/dolibarr-C3470.json,1203
results/subjects/dolibarr/evidence/dolibarr-C3471.json,1262
results/subjects/dolibarr/evidence/dolibarr-C3472.json,1122
results/subjects/dolibarr/evidence/dolibarr-C3473.json,1122
results/subjects/dolibarr/evidence/dolibarr-C3474.json,1256
results/subjects/dolibarr/evidence/dolibarr-C3475.json,1122
results/subjects/dolibarr/evidence/dolibarr-C3476.json,1246
results/subjects/dolibarr/evidence/dolibarr-C3477.json,1694
results/subjects/dolibarr/evidence/dolibarr-C3478.json,1794
results/subjects/dolibarr/evidence/dolibarr-C3479.json,1570
results/subjects/dolibarr/evidence/dolibarr-C3480.json,1122
results/subjects/dolibarr/evidence/dolibarr-C3481.json,1122
results/subjects/dolibarr/evidence/dolibarr-C3482.json,1122
results/subjects/dolibarr/evidence/dolibarr-C3483.json,1122
results/subjects/dolibarr/evidence/dolibarr-C3484.json,1364
results/subjects/dolibarr/evidence/dolibarr-C3485.json,1274
results/subjects/dolibarr/evidence/dolibarr-C3486.json,1152
results/subjects/dolibarr/evidence/dolibarr-C3487.json,1152
results/subjects/dolibarr/evidence/dolibarr-C3488.json,1152
results/subjects/dolibarr/evidence/dolibarr-C3489.json,1122
results/subjects/dolibarr/evidence/dolibarr-C3490.json,1122
results/subjects/dolibarr/evidence/dolibarr-C3491.json,1122
results/subjects/dolibarr/evidence/dolibarr-C3492.json,1122
results/subjects/dolibarr/evidence/dolibarr-C3493.json,1122
results/subjects/dolibarr/evidence/dolibarr-C3494.json,1122
results/subjects/dolibarr/evidence/dolibarr-C3495.json,1122
results/subjects/dolibarr/evidence/dolibarr-C3496.json,1123
results/subjects/dolibarr/evidence/dolibarr-C3497.json,1122
results/subjects/dolibarr/evidence/dolibarr-C3498.json,1122
results/subjects/dolibarr/evidence/dolibarr-C3499.json,1122
results/subjects/dolibarr/evidence/dolibarr-C3500.json,1160
results/subjects/dolibarr/evidence/dolibarr-C3501.json,1258
results/subjects/dolibarr/evidence/dolibarr-C3502.json,1122
results/subjects/dolibarr/evidence/dolibarr-C3503.json,1122
results/subjects/dolibarr/evidence/dolibarr-C3504.json,1221
results/subjects/dolibarr/evidence/dolibarr-C3505.json,1122
results/subjects/dolibarr/evidence/dolibarr-C3506.json,1122
results/subjects/dolibarr/evidence/dolibarr-C3507.json,1248
results/subjects/dolibarr/evidence/dolibarr-C3508.json,1122
results/subjects/dolibarr/evidence/dolibarr-C3509.json,1122
results/subjects/dolibarr/evidence/dolibarr-C3510.json,1122
results/subjects/dolibarr/evidence/dolibarr-C3511.json,1151
results/subjects/dolibarr/evidence/dolibarr-C3512.json,1122
results/subjects/dolibarr/evidence/dolibarr-C3513.json,1122
results/subjects/dolibarr/evidence/dolibarr-C3514.json,1188
results/subjects/dolibarr/evidence/dolibarr-C3515.json,1324
results/subjects/dolibarr/evidence/dolibarr-C3516.json,1376
results/subjects/dolibarr/evidence/dolibarr-C3517.json,1963
results/subjects/dolibarr/evidence/dolibarr-C3518.json,1120
results/subjects/dolibarr/evidence/dolibarr-C3519.json,1121
results/subjects/dolibarr/evidence/dolibarr-C3520.json,1413
results/subjects/dolibarr/evidence/dolibarr-C3521.json,1121
results/subjects/dolibarr/evidence/dolibarr-C3522.json,1121
results/subjects/dolibarr/evidence/dolibarr-C3523.json,1193
results/subjects/dolibarr/evidence/dolibarr-C3524.json,1123
results/subjects/dolibarr/evidence/dolibarr-C3525.json,1123
results/subjects/dolibarr/evidence/dolibarr-C3526.json,1152
results/subjects/dolibarr/evidence/dolibarr-C3527.json,1153
results/subjects/dolibarr/evidence/dolibarr-C3528.json,1123
results/subjects/dolibarr/evidence/dolibarr-C3529.json,1269
results/subjects/dolibarr/evidence/dolibarr-C3530.json,1123
results/subjects/dolibarr/evidence/dolibarr-C3531.json,1123
results/subjects/dolibarr/evidence/dolibarr-C3532.json,1123
results/subjects/dolibarr/evidence/dolibarr-C3533.json,1128
results/subjects/dolibarr/evidence/dolibarr-C3534.json,1129
results/subjects/dolibarr/evidence/dolibarr-C3535.json,1129
results/subjects/dolibarr/evidence/dolibarr-C3536.json,1121
results/subjects/dolibarr/evidence/dolibarr-C3537.json,1116
results/subjects/dolibarr/evidence/dolibarr-C3538.json,1115
results/subjects/dolibarr/evidence/dolibarr-C3539.json,1117
results/subjects/dolibarr/evidence/dolibarr-C3540.json,1117
results/subjects/dolibarr/evidence/dolibarr-C3541.json,1386
results/subjects/dolibarr/evidence/dolibarr-C3542.json,1237
results/subjects/dolibarr/evidence/dolibarr-C3543.json,1285
results/subjects/dolibarr/evidence/dolibarr-C3544.json,1190
results/subjects/dolibarr/evidence/dolibarr-C3545.json,1114
results/subjects/dolibarr/evidence/dolibarr-C3546.json,1115
results/subjects/dolibarr/evidence/dolibarr-C3547.json,1115
results/subjects/dolibarr/evidence/dolibarr-C3548.json,1348
results/subjects/dolibarr/evidence/dolibarr-C3549.json,1115
results/subjects/dolibarr/evidence/dolibarr-C3550.json,1553
results/subjects/dolibarr/evidence/dolibarr-C3551.json,1525
results/subjects/dolibarr/evidence/dolibarr-C3552.json,1668
results/subjects/dolibarr/evidence/dolibarr-C3553.json,1640
results/subjects/dolibarr/evidence/dolibarr-C3554.json,1116
results/subjects/dolibarr/evidence/dolibarr-C3555.json,1117
results/subjects/dolibarr/evidence/dolibarr-C3556.json,1123
results/subjects/dolibarr/evidence/dolibarr-C3557.json,1124
results/subjects/dolibarr/evidence/dolibarr-C3558.json,1497
results/subjects/dolibarr/evidence/dolibarr-C3559.json,1469
results/subjects/dolibarr/evidence/dolibarr-C3560.json,1425
results/subjects/dolibarr/evidence/dolibarr-C3561.json,1119
results/subjects/dolibarr/evidence/dolibarr-C3562.json,1165
results/subjects/dolibarr/evidence/dolibarr-C3563.json,1496
results/subjects/dolibarr/evidence/dolibarr-C3564.json,1201
results/subjects/dolibarr/evidence/dolibarr-C3565.json,1113
results/subjects/dolibarr/evidence/dolibarr-C3566.json,1115
results/subjects/dolibarr/evidence/dolibarr-C3567.json,1114
results/subjects/dolibarr/evidence/dolibarr-C3568.json,1115
results/subjects/dolibarr/evidence/dolibarr-C3569.json,1116
results/subjects/dolibarr/evidence/dolibarr-C3570.json,1116
results/subjects/dolibarr/evidence/dolibarr-C3571.json,1116
results/subjects/dolibarr/evidence/dolibarr-C3572.json,1116
results/subjects/dolibarr/evidence/dolibarr-C3573.json,1116
results/subjects/dolibarr/evidence/dolibarr-C3574.json,1116
results/subjects/dolibarr/evidence/dolibarr-C3575.json,1116
results/subjects/dolibarr/evidence/dolibarr-C3576.json,1116
results/subjects/dolibarr/evidence/dolibarr-C3577.json,1116
results/subjects/dolibarr/evidence/dolibarr-C3578.json,1116
results/subjects/dolibarr/evidence/dolibarr-C3579.json,1116
results/subjects/dolibarr/evidence/dolibarr-C3580.json,1116
results/subjects/dolibarr/evidence/dolibarr-C3581.json,1116
results/subjects/dolibarr/evidence/dolibarr-C3582.json,1116
results/subjects/dolibarr/evidence/dolibarr-C3583.json,1116
results/subjects/dolibarr/evidence/dolibarr-C3584.json,1116
results/subjects/dolibarr/evidence/dolibarr-C3585.json,1274
results/subjects/dolibarr/evidence/dolibarr-C3586.json,1221
results/subjects/dolibarr/evidence/dolibarr-C3587.json,2349
results/subjects/dolibarr/evidence/dolibarr-C3588.json,2157
results/subjects/dolibarr/evidence/dolibarr-C3589.json,1292
results/subjects/dolibarr/evidence/dolibarr-C3590.json,10226
results/subjects/dolibarr/evidence/dolibarr-C3591.json,1589
results/subjects/dolibarr/evidence/dolibarr-C3592.json,1306
results/subjects/dolibarr/evidence/dolibarr-C3593.json,1118
results/subjects/dolibarr/evidence/dolibarr-C3594.json,1776
results/subjects/dolibarr/evidence/dolibarr-C3595.json,4678
results/subjects/dolibarr/evidence/dolibarr-C3596.json,5485
results/subjects/dolibarr/evidence/dolibarr-C3597.json,2814
results/subjects/dolibarr/evidence/dolibarr-C3598.json,1508
results/subjects/dolibarr/evidence/dolibarr-C3599.json,1598
results/subjects/dolibarr/evidence/dolibarr-C3600.json,1570
results/subjects/dolibarr/evidence/dolibarr-C3601.json,1431
results/subjects/dolibarr/evidence/dolibarr-C3602.json,1402
results/subjects/dolibarr/evidence/dolibarr-C3603.json,1308
results/subjects/dolibarr/evidence/dolibarr-C3604.json,1280
results/subjects/dolibarr/evidence/dolibarr-C3605.json,1426
results/subjects/dolibarr/evidence/dolibarr-C3606.json,1398
results/subjects/dolibarr/evidence/dolibarr-C3607.json,1370
results/subjects/dolibarr/evidence/dolibarr-C3608.json,1118
results/subjects/dolibarr/evidence/dolibarr-C3609.json,1119
results/subjects/dolibarr/evidence/dolibarr-C3610.json,1119
results/subjects/dolibarr/evidence/dolibarr-C3611.json,1120
results/subjects/dolibarr/evidence/dolibarr-C3612.json,1149
results/subjects/dolibarr/evidence/dolibarr-C3613.json,1163
results/subjects/dolibarr/evidence/dolibarr-C3614.json,1309
results/subjects/dolibarr/evidence/dolibarr-C3615.json,1202
results/subjects/dolibarr/evidence/dolibarr-C3616.json,1311
results/subjects/dolibarr/evidence/dolibarr-C3617.json,1120
results/subjects/dolibarr/evidence/dolibarr-C3618.json,1120
results/subjects/dolibarr/evidence/dolibarr-C3619.json,2309
results/subjects/dolibarr/evidence/dolibarr-C3620.json,1512
results/subjects/dolibarr/evidence/dolibarr-C3621.json,1509
results/subjects/dolibarr/evidence/dolibarr-C3622.json,1583
results/subjects/dolibarr/evidence/dolibarr-C3623.json,1276
results/subjects/dolibarr/evidence/dolibarr-C3624.json,1118
results/subjects/dolibarr/evidence/dolibarr-C3625.json,1435
results/subjects/dolibarr/evidence/dolibarr-C3626.json,1407
results/subjects/dolibarr/evidence/dolibarr-C3627.json,1504
results/subjects/dolibarr/evidence/dolibarr-C3628.json,1392
results/subjects/dolibarr/evidence/dolibarr-C3629.json,1143
results/subjects/dolibarr/evidence/dolibarr-C3630.json,1145
results/subjects/dolibarr/evidence/dolibarr-C3631.json,1522
results/subjects/dolibarr/evidence/dolibarr-C3632.json,1337
results/subjects/dolibarr/evidence/dolibarr-C3633.json,1480
results/subjects/dolibarr/evidence/dolibarr-C3634.json,1174
results/subjects/dolibarr/evidence/dolibarr-C3635.json,1407
results/subjects/dolibarr/evidence/dolibarr-C3636.json,2404
results/subjects/dolibarr/evidence/dolibarr-C3637.json,1476
results/subjects/dolibarr/evidence/dolibarr-C3638.json,2116
results/subjects/dolibarr/evidence/dolibarr-C3639.json,1324
results/subjects/dolibarr/evidence/dolibarr-C3640.json,1163
results/subjects/dolibarr/evidence/dolibarr-C3641.json,1118
results/subjects/dolibarr/evidence/dolibarr-C3642.json,1118
results/subjects/dolibarr/evidence/dolibarr-C3643.json,1118
results/subjects/dolibarr/evidence/dolibarr-C3644.json,1249
results/subjects/dolibarr/evidence/dolibarr-C3645.json,1118
results/subjects/dolibarr/evidence/dolibarr-C3646.json,1111
results/subjects/dolibarr/evidence/dolibarr-C3647.json,1114
results/subjects/dolibarr/evidence/dolibarr-C3648.json,1115
results/subjects/dolibarr/evidence/dolibarr-C3649.json,1252
results/subjects/dolibarr/evidence/dolibarr-C3650.json,1253
results/subjects/dolibarr/evidence/dolibarr-C3651.json,1334
results/subjects/dolibarr/evidence/dolibarr-C3652.json,2708
results/subjects/dolibarr/evidence/dolibarr-C3653.json,2709
results/subjects/dolibarr/evidence/dolibarr-C3654.json,1500
results/subjects/dolibarr/evidence/dolibarr-C3655.json,1453
results/subjects/dolibarr/evidence/dolibarr-C3656.json,2436
results/subjects/dolibarr/evidence/dolibarr-C3657.json,1132
results/subjects/dolibarr/evidence/dolibarr-C3658.json,1132
results/subjects/dolibarr/evidence/dolibarr-C3659.json,1132
results/subjects/dolibarr/evidence/dolibarr-C3660.json,1132
results/subjects/dolibarr/evidence/dolibarr-C3661.json,1132
results/subjects/dolibarr/evidence/dolibarr-C3662.json,1162
results/subjects/dolibarr/evidence/dolibarr-C3663.json,1134
results/subjects/dolibarr/evidence/dolibarr-C3664.json,1212
results/subjects/dolibarr/evidence/dolibarr-C3665.json,1164
results/subjects/dolibarr/evidence/dolibarr-C3666.json,1212
results/subjects/dolibarr/evidence/dolibarr-C3667.json,1164
results/subjects/dolibarr/evidence/dolibarr-C3668.json,1164
results/subjects/dolibarr/evidence/dolibarr-C3669.json,1163
results/subjects/dolibarr/evidence/dolibarr-C3670.json,1786
results/subjects/dolibarr/evidence/dolibarr-C3671.json,1134
results/subjects/dolibarr/evidence/dolibarr-C3672.json,1134
results/subjects/dolibarr/evidence/dolibarr-C3673.json,1163
results/subjects/dolibarr/evidence/dolibarr-C3674.json,1164
results/subjects/dolibarr/evidence/dolibarr-C3675.json,1211
results/subjects/dolibarr/evidence/dolibarr-C3676.json,1242
results/subjects/dolibarr/evidence/dolibarr-C3677.json,1306
results/subjects/dolibarr/evidence/dolibarr-C3678.json,1307
results/subjects/dolibarr/evidence/dolibarr-C3679.json,1200
results/subjects/dolibarr/evidence/dolibarr-C3680.json,1201
results/subjects/dolibarr/evidence/dolibarr-C3681.json,1291
results/subjects/dolibarr/evidence/dolibarr-C3682.json,1254
results/subjects/dolibarr/evidence/dolibarr-C3683.json,1124
results/subjects/dolibarr/evidence/dolibarr-C3684.json,1232
results/subjects/dolibarr/evidence/dolibarr-C3685.json,1203
results/subjects/dolibarr/evidence/dolibarr-C3686.json,1126
results/subjects/dolibarr/evidence/dolibarr-C3687.json,1129
results/subjects/dolibarr/evidence/dolibarr-C3688.json,1335
results/subjects/dolibarr/evidence/dolibarr-C3689.json,1121
results/subjects/dolibarr/evidence/dolibarr-C3690.json,1298
results/subjects/dolibarr/evidence/dolibarr-C3691.json,1127
results/subjects/dolibarr/evidence/dolibarr-C3692.json,1279
results/subjects/dolibarr/evidence/dolibarr-C3693.json,1280
results/subjects/dolibarr/evidence/dolibarr-C3694.json,1125
results/subjects/dolibarr/evidence/dolibarr-C3695.json,1234
results/subjects/dolibarr/evidence/dolibarr-C3696.json,1235
results/subjects/dolibarr/evidence/dolibarr-C3697.json,1233
results/subjects/dolibarr/evidence/dolibarr-C3698.json,1123
results/subjects/dolibarr/evidence/dolibarr-C3699.json,1128
results/subjects/dolibarr/evidence/dolibarr-C3700.json,1129
results/subjects/dolibarr/evidence/dolibarr-C3701.json,1345
results/subjects/dolibarr/evidence/dolibarr-C3702.json,1308
results/subjects/dolibarr/evidence/dolibarr-C3703.json,1237
results/subjects/dolibarr/evidence/dolibarr-C3704.json,1238
results/subjects/dolibarr/evidence/dolibarr-C3705.json,1121
results/subjects/dolibarr/evidence/dolibarr-C3706.json,1122
results/subjects/dolibarr/evidence/dolibarr-C3707.json,1356
results/subjects/dolibarr/evidence/dolibarr-C3708.json,1319
results/subjects/dolibarr/evidence/dolibarr-C3709.json,1236
results/subjects/dolibarr/evidence/dolibarr-C3710.json,1237
results/subjects/dolibarr/evidence/dolibarr-C3711.json,1239
results/subjects/dolibarr/evidence/dolibarr-C3712.json,1240
results/subjects/dolibarr/evidence/dolibarr-C3713.json,1245
results/subjects/dolibarr/evidence/dolibarr-C3714.json,1245
results/subjects/dolibarr/evidence/dolibarr-C3715.json,1271
results/subjects/dolibarr/evidence/dolibarr-C3716.json,1272
results/subjects/dolibarr/evidence/dolibarr-C3717.json,1127
results/subjects/dolibarr/evidence/dolibarr-C3718.json,1236
results/subjects/dolibarr/evidence/dolibarr-C3719.json,1237
results/subjects/dolibarr/evidence/dolibarr-C3720.json,1303
results/subjects/dolibarr/evidence/dolibarr-C3721.json,1304
results/subjects/dolibarr/evidence/dolibarr-C3722.json,1122
results/subjects/dolibarr/evidence/dolibarr-C3723.json,1156
results/subjects/dolibarr/evidence/dolibarr-C3724.json,1157
results/subjects/dolibarr/evidence/dolibarr-C3725.json,1231
results/subjects/dolibarr/evidence/dolibarr-C3726.json,1232
results/subjects/dolibarr/evidence/dolibarr-C3727.json,1242
results/subjects/dolibarr/evidence/dolibarr-C3728.json,1208
results/subjects/dolibarr/evidence/dolibarr-C3729.json,1122
results/subjects/dolibarr/evidence/dolibarr-C3730.json,1126
results/subjects/dolibarr/evidence/dolibarr-C3731.json,1125
results/subjects/dolibarr/evidence/dolibarr-C3732.json,1399
results/subjects/dolibarr/evidence/dolibarr-C3733.json,1326
results/subjects/dolibarr/evidence/dolibarr-C3734.json,1124
results/subjects/dolibarr/evidence/dolibarr-C3735.json,1129
results/subjects/dolibarr/evidence/dolibarr-C3736.json,1154
results/subjects/dolibarr/evidence/dolibarr-C3737.json,1155
results/subjects/dolibarr/evidence/dolibarr-C3738.json,1154
results/subjects/dolibarr/evidence/dolibarr-C3739.json,1155
results/subjects/dolibarr/evidence/dolibarr-C3740.json,1129
results/subjects/dolibarr/evidence/dolibarr-C3741.json,1127
results/subjects/dolibarr/evidence/dolibarr-C3742.json,1464
results/subjects/dolibarr/evidence/dolibarr-C3743.json,1465
results/subjects/dolibarr/evidence/dolibarr-C3744.json,1276
results/subjects/dolibarr/evidence/dolibarr-C3745.json,1277
results/subjects/dolibarr/evidence/dolibarr-C3746.json,1155
results/subjects/dolibarr/evidence/dolibarr-C3747.json,1275
results/subjects/dolibarr/evidence/dolibarr-C3748.json,1276
results/subjects/dolibarr/evidence/dolibarr-C3749.json,1133
results/subjects/dolibarr/evidence/dolibarr-C3750.json,1235
results/subjects/dolibarr/evidence/dolibarr-C3751.json,1236
results/subjects/dolibarr/evidence/dolibarr-C3752.json,1392
results/subjects/dolibarr/evidence/dolibarr-C3753.json,1393
results/subjects/dolibarr/evidence/dolibarr-C3754.json,1234
results/subjects/dolibarr/evidence/dolibarr-C3755.json,1464
results/subjects/dolibarr/evidence/dolibarr-C3756.json,1465
results/subjects/dolibarr/evidence/dolibarr-C3757.json,1407
results/subjects/dolibarr/evidence/dolibarr-C3758.json,1408
results/subjects/dolibarr/evidence/dolibarr-C3759.json,1323
results/subjects/dolibarr/evidence/dolibarr-C3760.json,1324
results/subjects/dolibarr/evidence/dolibarr-C3761.json,1125
results/subjects/dolibarr/evidence/dolibarr-C3762.json,1250
results/subjects/dolibarr/evidence/dolibarr-C3763.json,1135
results/subjects/dolibarr/evidence/dolibarr-C3764.json,1251
results/subjects/dolibarr/evidence/dolibarr-C3765.json,1319
results/subjects/dolibarr/evidence/dolibarr-C3766.json,1125
results/subjects/dolibarr/evidence/dolibarr-C3767.json,1282
results/subjects/dolibarr/evidence/dolibarr-C3768.json,1315
results/subjects/dolibarr/evidence/dolibarr-C3769.json,1294
results/subjects/dolibarr/evidence/dolibarr-C3770.json,1237
results/subjects/dolibarr/evidence/dolibarr-C3771.json,1274
results/subjects/dolibarr/evidence/dolibarr-C3772.json,1275
results/subjects/dolibarr/evidence/dolibarr-C3773.json,1127
results/subjects/dolibarr/evidence/dolibarr-C3774.json,1203
results/subjects/dolibarr/evidence/dolibarr-C3775.json,1204
results/subjects/dolibarr/evidence/dolibarr-C3776.json,1127
results/subjects/dolibarr/evidence/dolibarr-C3777.json,2146
results/subjects/dolibarr/evidence/dolibarr-C3778.json,2147
results/subjects/dolibarr/evidence/dolibarr-C3779.json,2159
results/subjects/dolibarr/evidence/dolibarr-C3780.json,2160
results/subjects/dolibarr/evidence/dolibarr-C3781.json,1592
results/subjects/dolibarr/evidence/dolibarr-C3782.json,2065
results/subjects/dolibarr/evidence/dolibarr-C3783.json,1241
results/subjects/dolibarr/evidence/dolibarr-C3784.json,2070
results/subjects/dolibarr/evidence/dolibarr-C3785.json,1400
results/subjects/dolibarr/evidence/dolibarr-C3786.json,1446
results/subjects/dolibarr/evidence/dolibarr-C3787.json,1525
results/subjects/dolibarr/evidence/dolibarr-C3788.json,2277
results/subjects/dolibarr/evidence/dolibarr-C3789.json,1254
results/subjects/dolibarr/evidence/dolibarr-C3790.json,1518
results/subjects/dolibarr/evidence/dolibarr-C3791.json,2573
results/subjects/dolibarr/evidence/dolibarr-C3792.json,2354
results/subjects/dolibarr/evidence/dolibarr-C3793.json,1587
results/subjects/dolibarr/evidence/dolibarr-C3794.json,1541
results/subjects/dolibarr/evidence/dolibarr-C3795.json,2781
results/subjects/dolibarr/evidence/dolibarr-C3796.json,2649
results/subjects/dolibarr/evidence/dolibarr-C3797.json,1318
results/subjects/dolibarr/evidence/dolibarr-C3798.json,2322
results/subjects/dolibarr/evidence/dolibarr-C3799.json,2176
results/subjects/dolibarr/evidence/dolibarr-C3800.json,2166
results/subjects/dolibarr/evidence/dolibarr-C3801.json,1230
results/subjects/dolibarr/evidence/dolibarr-C3802.json,1890
results/subjects/dolibarr/evidence/dolibarr-C3803.json,2182
results/subjects/dolibarr/evidence/dolibarr-C3804.json,1688
results/subjects/dolibarr/evidence/dolibarr-C3805.json,1745
results/subjects/dolibarr/evidence/dolibarr-C3806.json,1867
results/subjects/dolibarr/evidence/dolibarr-C3807.json,5241
results/subjects/dolibarr/evidence/dolibarr-C3808.json,1484
results/subjects/dolibarr/evidence/dolibarr-C3809.json,1485
results/subjects/dolibarr/evidence/dolibarr-C3810.json,1301
results/subjects/dolibarr/evidence/dolibarr-C3811.json,4230
results/subjects/dolibarr/evidence/dolibarr-C3812.json,5759
results/subjects/dolibarr/evidence/dolibarr-C3813.json,1947
results/subjects/dolibarr/evidence/dolibarr-C3814.json,1188
results/subjects/dolibarr/evidence/dolibarr-C3815.json,3075
results/subjects/dolibarr/evidence/dolibarr-C3816.json,3048
results/subjects/dolibarr/evidence/dolibarr-C3817.json,1943
results/subjects/dolibarr/evidence/dolibarr-C3818.json,1945
results/subjects/dolibarr/evidence/dolibarr-C3819.json,1157
results/subjects/dolibarr/evidence/dolibarr-C3820.json,2226
results/subjects/dolibarr/evidence/dolibarr-C3821.json,1468
results/subjects/dolibarr/evidence/dolibarr-C3822.json,1131
results/subjects/dolibarr/evidence/dolibarr-C3823.json,1157
results/subjects/dolibarr/evidence/dolibarr-C3824.json,1129
results/subjects/dolibarr/evidence/dolibarr-C3825.json,1159
results/subjects/dolibarr/evidence/dolibarr-C3826.json,1140
results/subjects/dolibarr/evidence/dolibarr-C3827.json,1529
results/subjects/dolibarr/evidence/dolibarr-C3828.json,1420
results/subjects/dolibarr/evidence/dolibarr-C3829.json,1147
results/subjects/dolibarr/evidence/dolibarr-C3830.json,1407
results/subjects/dolibarr/evidence/dolibarr-C3831.json,1403
results/subjects/dolibarr/evidence/dolibarr-C3832.json,1159
results/subjects/dolibarr/evidence/dolibarr-C3833.json,1168
results/subjects/dolibarr/evidence/dolibarr-C3834.json,1169
results/subjects/dolibarr/evidence/dolibarr-C3835.json,1418
results/subjects/dolibarr/evidence/dolibarr-C3836.json,1413
results/subjects/dolibarr/evidence/dolibarr-C3837.json,1167
results/subjects/dolibarr/evidence/dolibarr-C3838.json,1168
results/subjects/dolibarr/evidence/dolibarr-C3839.json,1416
results/subjects/dolibarr/evidence/dolibarr-C3840.json,1411
results/subjects/dolibarr/evidence/dolibarr-C3841.json,1414
results/subjects/dolibarr/evidence/dolibarr-C3842.json,1167
results/subjects/dolibarr/evidence/dolibarr-C3843.json,1168
results/subjects/dolibarr/evidence/dolibarr-C3844.json,1163
results/subjects/dolibarr/evidence/dolibarr-C3845.json,1135
results/subjects/dolibarr/evidence/dolibarr-C3846.json,1136
results/subjects/dolibarr/evidence/dolibarr-C3847.json,1419
results/subjects/dolibarr/evidence/dolibarr-C3848.json,1170
results/subjects/dolibarr/evidence/dolibarr-C3849.json,1171
results/subjects/dolibarr/evidence/dolibarr-C3850.json,1221
results/subjects/dolibarr/evidence/dolibarr-C3851.json,1177
results/subjects/dolibarr/evidence/dolibarr-C3852.json,1424
results/subjects/dolibarr/evidence/dolibarr-C3853.json,1420
results/subjects/dolibarr/evidence/dolibarr-C3854.json,1136
results/subjects/dolibarr/evidence/dolibarr-C3855.json,1138
results/subjects/dolibarr/evidence/dolibarr-C3856.json,1138
results/subjects/dolibarr/evidence/dolibarr-C3857.json,1145
results/subjects/dolibarr/evidence/dolibarr-C3858.json,1145
results/subjects/dolibarr/evidence/dolibarr-C3859.json,1136
results/subjects/dolibarr/evidence/dolibarr-C3860.json,1163
results/subjects/dolibarr/evidence/dolibarr-C3861.json,1163
results/subjects/dolibarr/evidence/dolibarr-C3862.json,1165
results/subjects/dolibarr/evidence/dolibarr-C3863.json,1415
results/subjects/dolibarr/evidence/dolibarr-C3864.json,1411
results/subjects/dolibarr/evidence/dolibarr-C3865.json,1138
results/subjects/dolibarr/evidence/dolibarr-C3866.json,1164
results/subjects/dolibarr/evidence/dolibarr-C3867.json,1166
results/subjects/dolibarr/evidence/dolibarr-C3868.json,1166
results/subjects/dolibarr/evidence/dolibarr-C3869.json,1138
results/subjects/dolibarr/evidence/dolibarr-C3870.json,1408
results/subjects/dolibarr/evidence/dolibarr-C3871.json,1404
results/subjects/dolibarr/evidence/dolibarr-C3872.json,1160
results/subjects/dolibarr/evidence/dolibarr-C3873.json,1160
results/subjects/dolibarr/evidence/dolibarr-C3874.json,1417
results/subjects/dolibarr/evidence/dolibarr-C3875.json,1166
results/subjects/dolibarr/evidence/dolibarr-C3876.json,1167
results/subjects/dolibarr/evidence/dolibarr-C3877.json,1951
results/subjects/dolibarr/evidence/dolibarr-C3878.json,1136
results/subjects/dolibarr/evidence/dolibarr-C3879.json,1731
results/subjects/dolibarr/evidence/dolibarr-C3880.json,1884
results/subjects/dolibarr/evidence/dolibarr-C3881.json,1692
results/subjects/dolibarr/evidence/dolibarr-C3882.json,1167
results/subjects/dolibarr/evidence/dolibarr-C3883.json,1168
results/subjects/dolibarr/evidence/dolibarr-C3884.json,1417
results/subjects/dolibarr/evidence/dolibarr-C3885.json,1414
results/subjects/dolibarr/evidence/dolibarr-C3886.json,1357
results/subjects/dolibarr/evidence/dolibarr-C3887.json,1256
results/subjects/dolibarr/evidence/dolibarr-C3888.json,1215
results/subjects/dolibarr/evidence/dolibarr-C3889.json,1347
results/subjects/dolibarr/evidence/dolibarr-C3890.json,1209
results/subjects/dolibarr/evidence/dolibarr-C3891.json,1167
results/subjects/dolibarr/evidence/dolibarr-C3892.json,1283
results/subjects/dolibarr/evidence/dolibarr-C3893.json,2216
results/subjects/dolibarr/evidence/dolibarr-C3894.json,1205
results/subjects/dolibarr/evidence/dolibarr-C3895.json,2118
results/subjects/dolibarr/evidence/dolibarr-C3896.json,1306
results/subjects/dolibarr/evidence/dolibarr-C3897.json,1307
results/subjects/dolibarr/evidence/dolibarr-C3898.json,1399
results/subjects/dolibarr/evidence/dolibarr-C3899.json,1256
results/subjects/dolibarr/evidence/dolibarr-C3900.json,1528
results/subjects/dolibarr/evidence/dolibarr-C3901.json,1393
results/subjects/dolibarr/evidence/dolibarr-C3902.json,1212
results/subjects/dolibarr/evidence/dolibarr-C3903.json,1381
results/subjects/dolibarr/evidence/dolibarr-C3904.json,1184
results/subjects/dolibarr/evidence/dolibarr-C3905.json,1185
results/subjects/dolibarr/evidence/dolibarr-C3906.json,1241
results/subjects/dolibarr/evidence/dolibarr-C3907.json,1182
results/subjects/dolibarr/evidence/dolibarr-C3908.json,1130
results/subjects/dolibarr/evidence/dolibarr-C3909.json,1366
results/subjects/dolibarr/evidence/dolibarr-C3910.json,1366
results/subjects/dolibarr/evidence/dolibarr-C3911.json,1659
results/subjects/dolibarr/evidence/dolibarr-C3912.json,1659
results/subjects/dolibarr/evidence/dolibarr-C3913.json,1411
results/subjects/dolibarr/evidence/dolibarr-C3914.json,1407
results/subjects/dolibarr/evidence/dolibarr-C3915.json,1165
results/subjects/dolibarr/evidence/dolibarr-C3916.json,1166
results/subjects/dolibarr/evidence/dolibarr-C3917.json,1490
results/subjects/dolibarr/evidence/dolibarr-C3918.json,1135
results/subjects/dolibarr/evidence/dolibarr-C3919.json,1136
results/subjects/dolibarr/evidence/dolibarr-C3920.json,1165
results/subjects/dolibarr/evidence/dolibarr-C3921.json,1136
results/subjects/dolibarr/evidence/dolibarr-C3922.json,1384
results/subjects/dolibarr/evidence/dolibarr-C3923.json,1332
results/subjects/dolibarr/evidence/dolibarr-C3924.json,1165
results/subjects/dolibarr/evidence/dolibarr-C3925.json,1299
results/subjects/dolibarr/evidence/dolibarr-C3926.json,1135
results/subjects/dolibarr/evidence/dolibarr-C3927.json,1140
results/subjects/dolibarr/evidence/dolibarr-C3928.json,1455
results/subjects/dolibarr/evidence/dolibarr-C3929.json,1416
results/subjects/dolibarr/evidence/dolibarr-C3930.json,1143
results/subjects/dolibarr/evidence/dolibarr-C3931.json,1143
results/subjects/dolibarr/evidence/dolibarr-C3932.json,1165
results/subjects/dolibarr/evidence/dolibarr-C3933.json,1166
results/subjects/dolibarr/evidence/dolibarr-C3934.json,1416
results/subjects/dolibarr/evidence/dolibarr-C3935.json,1413
results/subjects/dolibarr/evidence/dolibarr-C3936.json,1166
results/subjects/dolibarr/evidence/dolibarr-C3937.json,1413
results/subjects/dolibarr/evidence/dolibarr-C3938.json,1410
results/subjects/dolibarr/evidence/dolibarr-C3939.json,1165
results/subjects/dolibarr/evidence/dolibarr-C3940.json,1166
results/subjects/dolibarr/evidence/dolibarr-C3941.json,1168
results/subjects/dolibarr/evidence/dolibarr-C3942.json,1169
results/subjects/dolibarr/evidence/dolibarr-C3943.json,1420
results/subjects/dolibarr/evidence/dolibarr-C3944.json,1140
results/subjects/dolibarr/evidence/dolibarr-C3945.json,1140
results/subjects/dolibarr/evidence/dolibarr-C3946.json,1454
results/subjects/dolibarr/evidence/dolibarr-C3947.json,1415
results/subjects/dolibarr/evidence/dolibarr-C3948.json,1142
results/subjects/dolibarr/evidence/dolibarr-C3949.json,1142
results/subjects/dolibarr/evidence/dolibarr-C3950.json,1168
results/subjects/dolibarr/evidence/dolibarr-C3951.json,1169
results/subjects/dolibarr/evidence/dolibarr-C3952.json,1504
results/subjects/dolibarr/evidence/dolibarr-C3953.json,1381
results/subjects/dolibarr/evidence/dolibarr-C3954.json,1142
results/subjects/dolibarr/evidence/dolibarr-C3955.json,1171
results/subjects/dolibarr/evidence/dolibarr-C3956.json,1186
results/subjects/dolibarr/evidence/dolibarr-C3957.json,1187
results/subjects/dolibarr/evidence/dolibarr-C3958.json,1188
results/subjects/dolibarr/evidence/dolibarr-C3959.json,1434
results/subjects/dolibarr/evidence/dolibarr-C3960.json,1430
results/subjects/dolibarr/evidence/dolibarr-C3961.json,1157
results/subjects/dolibarr/evidence/dolibarr-C3962.json,1185
results/subjects/dolibarr/evidence/dolibarr-C3963.json,1186
results/subjects/dolibarr/evidence/dolibarr-C3964.json,1435
results/subjects/dolibarr/evidence/dolibarr-C3965.json,1432
results/subjects/dolibarr/evidence/dolibarr-C3966.json,1434
results/subjects/dolibarr/evidence/dolibarr-C3967.json,1430
results/subjects/dolibarr/evidence/dolibarr-C3968.json,1183
results/subjects/dolibarr/evidence/dolibarr-C3969.json,1184
results/subjects/dolibarr/evidence/dolibarr-C3970.json,1186
results/subjects/dolibarr/evidence/dolibarr-C3971.json,1433
results/subjects/dolibarr/evidence/dolibarr-C3972.json,1430
results/subjects/dolibarr/evidence/dolibarr-C3973.json,1133
results/subjects/dolibarr/evidence/dolibarr-C3974.json,1163
results/subjects/dolibarr/evidence/dolibarr-C3975.json,1164
results/subjects/dolibarr/evidence/dolibarr-C3976.json,1414
results/subjects/dolibarr/evidence/dolibarr-C3977.json,1411
results/subjects/dolibarr/evidence/dolibarr-C3978.json,1425
results/subjects/dolibarr/evidence/dolibarr-C3979.json,1423
results/subjects/dolibarr/evidence/dolibarr-C3980.json,1158
results/subjects/dolibarr/evidence/dolibarr-C3981.json,1415
results/subjects/dolibarr/evidence/dolibarr-C3982.json,1413
results/subjects/dolibarr/evidence/dolibarr-C3983.json,1148
results/subjects/dolibarr/evidence/dolibarr-C3984.json,1537
results/subjects/dolibarr/evidence/dolibarr-C3985.json,1535
results/subjects/dolibarr/evidence/dolibarr-C3986.json,1174
results/subjects/dolibarr/evidence/dolibarr-C3987.json,1151
results/subjects/dolibarr/evidence/dolibarr-C3988.json,1151
results/subjects/dolibarr/evidence/dolibarr-C3989.json,1151
results/subjects/dolibarr/evidence/dolibarr-C3990.json,1152
results/subjects/dolibarr/evidence/dolibarr-C3991.json,1153
results/subjects/dolibarr/evidence/dolibarr-C3992.json,1153
results/subjects/dolibarr/evidence/dolibarr-C3993.json,1220
results/subjects/dolibarr/evidence/dolibarr-C3994.json,1152
results/subjects/dolibarr/evidence/dolibarr-C3995.json,1222
results/subjects/dolibarr/evidence/dolibarr-C3996.json,1152
results/subjects/dolibarr/evidence/dolibarr-C3997.json,1148
results/subjects/dolibarr/evidence/dolibarr-C3998.json,1149
results/subjects/dolibarr/evidence/dolibarr-C3999.json,1150
results/subjects/dolibarr/evidence/dolibarr-C4000.json,1150
results/subjects/dolibarr/evidence/dolibarr-C4001.json,1150
results/subjects/dolibarr/evidence/dolibarr-C4002.json,1150
results/subjects/dolibarr/evidence/dolibarr-C4003.json,1150
results/subjects/dolibarr/evidence/dolibarr-C4004.json,1150
results/subjects/dolibarr/evidence/dolibarr-C4005.json,1151
results/subjects/dolibarr/evidence/dolibarr-C4006.json,1152
results/subjects/dolibarr/evidence/dolibarr-C4007.json,1152
results/subjects/dolibarr/evidence/dolibarr-C4008.json,1221
results/subjects/dolibarr/evidence/dolibarr-C4009.json,1151
results/subjects/dolibarr/evidence/dolibarr-C4010.json,1151
results/subjects/dolibarr/evidence/dolibarr-C4011.json,1151
results/subjects/dolibarr/evidence/dolibarr-C4012.json,1151
results/subjects/dolibarr/evidence/dolibarr-C4013.json,1181
results/subjects/dolibarr/evidence/dolibarr-C4014.json,1153
results/subjects/dolibarr/evidence/dolibarr-C4015.json,1417
results/subjects/dolibarr/evidence/dolibarr-C4016.json,1415
results/subjects/dolibarr/evidence/dolibarr-C4017.json,1150
results/subjects/dolibarr/evidence/dolibarr-C4018.json,1211
results/subjects/dolibarr/evidence/dolibarr-C4019.json,1141
results/subjects/dolibarr/evidence/dolibarr-C4020.json,1211
results/subjects/dolibarr/evidence/dolibarr-C4021.json,1141
results/subjects/dolibarr/evidence/dolibarr-C4022.json,1172
results/subjects/dolibarr/evidence/dolibarr-C4023.json,1356
results/subjects/dolibarr/evidence/dolibarr-C4024.json,1144
results/subjects/dolibarr/evidence/dolibarr-C4025.json,1356
results/subjects/dolibarr/evidence/dolibarr-C4026.json,1144
results/subjects/dolibarr/evidence/dolibarr-C4027.json,1175
results/subjects/dolibarr/evidence/dolibarr-C4028.json,1620
results/subjects/dolibarr/evidence/dolibarr-C4029.json,1506
results/subjects/dolibarr/evidence/dolibarr-C4030.json,1252
results/subjects/dolibarr/evidence/dolibarr-C4031.json,1521
results/subjects/dolibarr/evidence/dolibarr-C4032.json,1519
results/subjects/dolibarr/evidence/dolibarr-C4033.json,1158
results/subjects/dolibarr/evidence/dolibarr-C4034.json,1143
results/subjects/dolibarr/evidence/dolibarr-C4035.json,1144
results/subjects/dolibarr/evidence/dolibarr-C4036.json,1144
results/subjects/dolibarr/evidence/dolibarr-C4037.json,1144
results/subjects/dolibarr/evidence/dolibarr-C4038.json,1144
results/subjects/dolibarr/evidence/dolibarr-C4039.json,1145
results/subjects/dolibarr/evidence/dolibarr-C4040.json,1518
results/subjects/dolibarr/evidence/dolibarr-C4041.json,1516
results/subjects/dolibarr/evidence/dolibarr-C4042.json,1155
results/subjects/dolibarr/evidence/dolibarr-C4043.json,1139
results/subjects/dolibarr/evidence/dolibarr-C4044.json,1140
results/subjects/dolibarr/evidence/dolibarr-C4045.json,1140
results/subjects/dolibarr/evidence/dolibarr-C4046.json,1141
results/subjects/dolibarr/evidence/dolibarr-C4047.json,1141
results/subjects/dolibarr/evidence/dolibarr-C4048.json,1141
results/subjects/dolibarr/evidence/dolibarr-C4049.json,1140
results/subjects/dolibarr/evidence/dolibarr-C4050.json,1140
results/subjects/dolibarr/evidence/dolibarr-C4051.json,1141
results/subjects/dolibarr/evidence/dolibarr-C4052.json,1141
results/subjects/dolibarr/evidence/dolibarr-C4053.json,1141
results/subjects/dolibarr/evidence/dolibarr-C4054.json,1554
results/subjects/dolibarr/evidence/dolibarr-C4055.json,1515
results/subjects/dolibarr/evidence/dolibarr-C4056.json,1185
results/subjects/dolibarr/evidence/dolibarr-C4057.json,1142
results/subjects/dolibarr/evidence/dolibarr-C4058.json,1142
results/subjects/dolibarr/evidence/dolibarr-C4059.json,1140
results/subjects/dolibarr/evidence/dolibarr-C4060.json,1141
results/subjects/dolibarr/evidence/dolibarr-C4061.json,1143
results/subjects/dolibarr/evidence/dolibarr-C4062.json,1144
results/subjects/dolibarr/evidence/dolibarr-C4063.json,1167
results/subjects/dolibarr/evidence/dolibarr-C4064.json,1168
results/subjects/dolibarr/evidence/dolibarr-C4065.json,1418
results/subjects/dolibarr/evidence/dolibarr-C4066.json,1415
results/subjects/dolibarr/evidence/dolibarr-C4067.json,1554
results/subjects/dolibarr/evidence/dolibarr-C4068.json,1517
results/subjects/dolibarr/evidence/dolibarr-C4069.json,1186
results/subjects/dolibarr/evidence/dolibarr-C4070.json,1421
results/subjects/dolibarr/evidence/dolibarr-C4071.json,1419
results/subjects/dolibarr/evidence/dolibarr-C4072.json,1154
results/subjects/dolibarr/evidence/dolibarr-C4073.json,1143
results/subjects/dolibarr/evidence/dolibarr-C4074.json,1143
results/subjects/dolibarr/evidence/dolibarr-C4075.json,1143
results/subjects/dolibarr/evidence/dolibarr-C4076.json,1143
results/subjects/dolibarr/evidence/dolibarr-C4077.json,1148
results/subjects/dolibarr/evidence/dolibarr-C4078.json,1149
results/subjects/dolibarr/evidence/dolibarr-C4079.json,1145
results/subjects/dolibarr/evidence/dolibarr-C4080.json,1146
results/subjects/dolibarr/evidence/dolibarr-C4081.json,1139
results/subjects/dolibarr/evidence/dolibarr-C4082.json,1140
results/subjects/dolibarr/evidence/dolibarr-C4083.json,1143
results/subjects/dolibarr/evidence/dolibarr-C4084.json,1143
results/subjects/dolibarr/evidence/dolibarr-C4085.json,1143
results/subjects/dolibarr/evidence/dolibarr-C4086.json,1143
results/subjects/dolibarr/evidence/dolibarr-C4087.json,1517
results/subjects/dolibarr/evidence/dolibarr-C4088.json,1515
results/subjects/dolibarr/evidence/dolibarr-C4089.json,1154
results/subjects/dolibarr/evidence/dolibarr-C4090.json,1318
results/subjects/dolibarr/evidence/dolibarr-C4091.json,1140
results/subjects/dolibarr/evidence/dolibarr-C4092.json,1140
results/subjects/dolibarr/evidence/dolibarr-C4093.json,1170
results/subjects/dolibarr/evidence/dolibarr-C4094.json,1141
results/subjects/dolibarr/evidence/dolibarr-C4095.json,1142
results/subjects/dolibarr/evidence/dolibarr-C4096.json,1142
results/subjects/dolibarr/evidence/dolibarr-C4097.json,1142
results/subjects/dolibarr/evidence/dolibarr-C4098.json,1321
results/subjects/dolibarr/evidence/dolibarr-C4099.json,1141
results/subjects/dolibarr/evidence/dolibarr-C4100.json,1142
results/subjects/dolibarr/evidence/dolibarr-C4101.json,1172
results/subjects/dolibarr/evidence/dolibarr-C4102.json,1143
results/subjects/dolibarr/evidence/dolibarr-C4103.json,1143
results/subjects/dolibarr/evidence/dolibarr-C4104.json,1143
results/subjects/dolibarr/evidence/dolibarr-C4105.json,1143
results/subjects/dolibarr/evidence/dolibarr-C4106.json,1293
results/subjects/dolibarr/evidence/dolibarr-C4107.json,1149
results/subjects/dolibarr/evidence/dolibarr-C4108.json,1149
results/subjects/dolibarr/evidence/dolibarr-C4109.json,1149
results/subjects/dolibarr/evidence/dolibarr-C4110.json,1149
results/subjects/dolibarr/evidence/dolibarr-C4111.json,1225
results/subjects/dolibarr/evidence/dolibarr-C4112.json,1521
results/subjects/dolibarr/evidence/dolibarr-C4113.json,1519
results/subjects/dolibarr/evidence/dolibarr-C4114.json,1158
results/subjects/dolibarr/evidence/dolibarr-C4115.json,1145
results/subjects/dolibarr/evidence/dolibarr-C4116.json,1145
results/subjects/dolibarr/evidence/dolibarr-C4117.json,1145
results/subjects/dolibarr/evidence/dolibarr-C4118.json,1146
results/subjects/dolibarr/evidence/dolibarr-C4119.json,1147
results/subjects/dolibarr/evidence/dolibarr-C4120.json,1143
results/subjects/dolibarr/evidence/dolibarr-C4121.json,1143
results/subjects/dolibarr/evidence/dolibarr-C4122.json,1144
results/subjects/dolibarr/evidence/dolibarr-C4123.json,1144
results/subjects/dolibarr/evidence/dolibarr-C4124.json,1144
results/subjects/dolibarr/evidence/dolibarr-C4125.json,1144
results/subjects/dolibarr/evidence/dolibarr-C4126.json,1144
results/subjects/dolibarr/evidence/dolibarr-C4127.json,1145
results/subjects/dolibarr/evidence/dolibarr-C4128.json,1423
results/subjects/dolibarr/evidence/dolibarr-C4129.json,1420
results/subjects/dolibarr/evidence/dolibarr-C4130.json,1156
results/subjects/dolibarr/evidence/dolibarr-C4131.json,1142
results/subjects/dolibarr/evidence/dolibarr-C4132.json,1142
results/subjects/dolibarr/evidence/dolibarr-C4133.json,1516
results/subjects/dolibarr/evidence/dolibarr-C4134.json,1514
results/subjects/dolibarr/evidence/dolibarr-C4135.json,1153
results/subjects/dolibarr/evidence/dolibarr-C4136.json,1144
results/subjects/dolibarr/evidence/dolibarr-C4137.json,1144
results/subjects/dolibarr/evidence/dolibarr-C4138.json,1144
results/subjects/dolibarr/evidence/dolibarr-C4139.json,1145
results/subjects/dolibarr/evidence/dolibarr-C4140.json,1146
results/subjects/dolibarr/evidence/dolibarr-C4141.json,1146
results/subjects/dolibarr/evidence/dolibarr-C4142.json,1148
results/subjects/dolibarr/evidence/dolibarr-C4143.json,1148
results/subjects/dolibarr/evidence/dolibarr-C4144.json,1149
results/subjects/dolibarr/evidence/dolibarr-C4145.json,1149
results/subjects/dolibarr/evidence/dolibarr-C4146.json,1149
results/subjects/dolibarr/evidence/dolibarr-C4147.json,1138
results/subjects/dolibarr/evidence/dolibarr-C4148.json,1138
results/subjects/dolibarr/evidence/dolibarr-C4149.json,1279
results/subjects/dolibarr/evidence/dolibarr-C4150.json,1140
results/subjects/dolibarr/evidence/dolibarr-C4151.json,1281
results/subjects/dolibarr/evidence/dolibarr-C4152.json,1249
results/subjects/dolibarr/evidence/dolibarr-C4153.json,1135
results/subjects/dolibarr/evidence/dolibarr-C4154.json,1142
results/subjects/dolibarr/evidence/dolibarr-C4155.json,1143
results/subjects/dolibarr/evidence/dolibarr-C4156.json,2980
results/subjects/dolibarr/evidence/dolibarr-C4157.json,1479
results/subjects/dolibarr/evidence/dolibarr-C4158.json,2935
results/subjects/dolibarr/evidence/dolibarr-C4159.json,1129
results/subjects/dolibarr/evidence/dolibarr-C4160.json,1939
results/subjects/dolibarr/evidence/dolibarr-C4161.json,1444
results/subjects/dolibarr/evidence/dolibarr-C4162.json,1582
results/subjects/dolibarr/evidence/dolibarr-C4163.json,3028
results/subjects/dolibarr/evidence/dolibarr-C4164.json,1580
results/subjects/dolibarr/evidence/dolibarr-C4165.json,2895
results/subjects/dolibarr/evidence/dolibarr-C4166.json,1936
results/subjects/dolibarr/evidence/dolibarr-C4167.json,1441
results/subjects/dolibarr/evidence/dolibarr-C4168.json,1579
results/subjects/dolibarr/evidence/dolibarr-C4169.json,2041
results/subjects/dolibarr/evidence/dolibarr-C4170.json,1983
results/subjects/dolibarr/evidence/dolibarr-C4171.json,1197
results/subjects/dolibarr/evidence/dolibarr-C4172.json,1140
results/subjects/dolibarr/evidence/dolibarr-C4173.json,1141
results/subjects/dolibarr/evidence/dolibarr-C4174.json,1214
results/subjects/dolibarr/evidence/dolibarr-C4175.json,1263
results/subjects/dolibarr/evidence/dolibarr-C4176.json,1264
results/subjects/dolibarr/evidence/dolibarr-C4177.json,1260
results/subjects/dolibarr/evidence/dolibarr-C4178.json,1135
results/subjects/dolibarr/evidence/dolibarr-C4179.json,1193
results/subjects/dolibarr/evidence/dolibarr-C4180.json,1164
results/subjects/dolibarr/evidence/dolibarr-C4181.json,1137
results/subjects/dolibarr/evidence/dolibarr-C4182.json,1168
results/subjects/dolibarr/evidence/dolibarr-C4183.json,1140
results/subjects/dolibarr/evidence/dolibarr-C4184.json,1350
results/subjects/dolibarr/evidence/dolibarr-C4185.json,1266
results/subjects/dolibarr/evidence/dolibarr-C4186.json,1266
results/subjects/dolibarr/evidence/dolibarr-C4187.json,1413
results/subjects/dolibarr/evidence/dolibarr-C4188.json,1341
results/subjects/dolibarr/evidence/dolibarr-C4189.json,1539
results/subjects/dolibarr/evidence/dolibarr-C4190.json,1323
results/subjects/dolibarr/evidence/dolibarr-C4191.json,1199
results/subjects/dolibarr/evidence/dolibarr-C4192.json,1194
results/subjects/dolibarr/evidence/dolibarr-C4193.json,2137
results/subjects/dolibarr/evidence/dolibarr-C4194.json,1125
results/subjects/dolibarr/evidence/dolibarr-C4195.json,1125
results/subjects/dolibarr/evidence/dolibarr-C4196.json,1194
results/subjects/dolibarr/evidence/dolibarr-C4197.json,1203
results/subjects/dolibarr/evidence/dolibarr-C4198.json,1238
results/subjects/dolibarr/evidence/dolibarr-C4199.json,1239
results/subjects/dolibarr/evidence/dolibarr-C4200.json,1127
results/subjects/dolibarr/evidence/dolibarr-C4201.json,1203
results/subjects/dolibarr/evidence/dolibarr-C4202.json,1127
results/subjects/dolibarr/evidence/dolibarr-C4203.json,1201
results/subjects/dolibarr/evidence/dolibarr-C4204.json,1345
results/subjects/dolibarr/evidence/dolibarr-C4205.json,1337
results/subjects/dolibarr/evidence/dolibarr-C4206.json,1156
results/subjects/dolibarr/evidence/dolibarr-C4207.json,1156
results/subjects/dolibarr/evidence/dolibarr-C4208.json,1127
results/subjects/dolibarr/evidence/dolibarr-C4209.json,1156
results/subjects/dolibarr/evidence/dolibarr-C4210.json,1156
results/subjects/dolibarr/evidence/dolibarr-C4211.json,1127
results/subjects/dolibarr/evidence/dolibarr-C4212.json,1127
results/subjects/dolibarr/evidence/dolibarr-C4213.json,1253
results/subjects/dolibarr/evidence/dolibarr-C4214.json,1126
results/subjects/dolibarr/evidence/dolibarr-C4215.json,1127
results/subjects/dolibarr/evidence/dolibarr-C4216.json,1157
results/subjects/dolibarr/evidence/dolibarr-C4217.json,1395
results/subjects/dolibarr/evidence/dolibarr-C4218.json,2169
results/subjects/dolibarr/evidence/dolibarr-C4219.json,1246
results/subjects/dolibarr/evidence/dolibarr-C4220.json,1952
results/subjects/dolibarr/evidence/dolibarr-C4221.json,1985
results/subjects/dolibarr/evidence/dolibarr-C4222.json,1202
results/subjects/dolibarr/evidence/dolibarr-C4223.json,1275
results/subjects/dolibarr/evidence/dolibarr-C4224.json,1125
results/subjects/dolibarr/evidence/dolibarr-C4225.json,1125
results/subjects/dolibarr/evidence/dolibarr-C4226.json,1197
results/subjects/dolibarr/evidence/dolibarr-C4227.json,1255
results/subjects/dolibarr/evidence/dolibarr-C4228.json,1155
results/subjects/dolibarr/evidence/dolibarr-C4229.json,1156
results/subjects/dolibarr/evidence/dolibarr-C4230.json,1156
results/subjects/dolibarr/evidence/dolibarr-C4231.json,1409
results/subjects/dolibarr/evidence/dolibarr-C4232.json,1239
results/subjects/dolibarr/evidence/dolibarr-C4233.json,1156
results/subjects/dolibarr/evidence/dolibarr-C4234.json,1604
results/subjects/dolibarr/evidence/dolibarr-C4235.json,1681
results/subjects/dolibarr/evidence/dolibarr-C4236.json,1535
results/subjects/dolibarr/evidence/dolibarr-C4237.json,1882
results/subjects/dolibarr/evidence/dolibarr-C4238.json,2656
results/subjects/dolibarr/evidence/dolibarr-C4239.json,1225
results/subjects/dolibarr/evidence/dolibarr-C4240.json,1192
results/subjects/dolibarr/evidence/dolibarr-C4241.json,1345
results/subjects/dolibarr/evidence/dolibarr-C4242.json,3317
results/subjects/dolibarr/evidence/dolibarr-C4243.json,1599
results/subjects/dolibarr/evidence/dolibarr-C4244.json,1657
results/subjects/dolibarr/evidence/dolibarr-C4245.json,1474
results/subjects/dolibarr/evidence/dolibarr-C4246.json,2456
results/subjects/dolibarr/evidence/dolibarr-C4247.json,2325
results/subjects/dolibarr/evidence/dolibarr-C4248.json,2351
results/subjects/dolibarr/evidence/dolibarr-C4249.json,1695
results/subjects/dolibarr/evidence/dolibarr-C4250.json,1577
results/subjects/dolibarr/evidence/dolibarr-C4251.json,1705
results/subjects/dolibarr/evidence/dolibarr-C4252.json,2155
results/subjects/dolibarr/evidence/dolibarr-C4253.json,2700
results/subjects/dolibarr/evidence/dolibarr-C4254.json,2142
results/subjects/dolibarr/evidence/dolibarr-C4255.json,1667
results/subjects/dolibarr/evidence/dolibarr-C4256.json,1628
results/subjects/dolibarr/evidence/dolibarr-C4257.json,2888
results/subjects/dolibarr/evidence/dolibarr-C4258.json,1426
results/subjects/dolibarr/evidence/dolibarr-C4259.json,1692
results/subjects/dolibarr/evidence/dolibarr-C4260.json,1485
results/subjects/dolibarr/evidence/dolibarr-C4261.json,7533
results/subjects/dolibarr/evidence/dolibarr-C4262.json,2589
results/subjects/dolibarr/evidence/dolibarr-C4263.json,2191
results/subjects/dolibarr/evidence/dolibarr-C4264.json,2082
results/subjects/dolibarr/evidence/dolibarr-C4265.json,4167
results/subjects/dolibarr/evidence/dolibarr-C4266.json,1770
results/subjects/dolibarr/evidence/dolibarr-C4267.json,2210
results/subjects/dolibarr/evidence/dolibarr-C4268.json,2749
results/subjects/dolibarr/evidence/dolibarr-C4269.json,1770
results/subjects/dolibarr/evidence/dolibarr-C4270.json,2878
results/subjects/dolibarr/evidence/dolibarr-C4271.json,1273
results/subjects/dolibarr/evidence/dolibarr-C4272.json,1355
results/subjects/dolibarr/evidence/dolibarr-C4273.json,2457
results/subjects/dolibarr/evidence/dolibarr-C4274.json,1508
results/subjects/dolibarr/evidence/dolibarr-C4275.json,1727
results/subjects/dolibarr/evidence/dolibarr-C4276.json,1689
results/subjects/dolibarr/evidence/dolibarr-C4277.json,1461
results/subjects/dolibarr/evidence/dolibarr-C4278.json,1525
results/subjects/dolibarr/evidence/dolibarr-C4279.json,2422
results/subjects/dolibarr/evidence/dolibarr-C4280.json,1988
results/subjects/dolibarr/evidence/dolibarr-C4281.json,1586
results/subjects/dolibarr/evidence/dolibarr-C4282.json,1406
results/subjects/dolibarr/evidence/dolibarr-C4283.json,2438
results/subjects/dolibarr/evidence/dolibarr-C4284.json,1785
results/subjects/dolibarr/evidence/dolibarr-C4285.json,2697
results/subjects/dolibarr/evidence/dolibarr-C4286.json,1773
results/subjects/dolibarr/evidence/dolibarr-C4287.json,1557
results/subjects/dolibarr/evidence/dolibarr-C4288.json,1967
results/subjects/dolibarr/evidence/dolibarr-C4289.json,1878
results/subjects/dolibarr/evidence/dolibarr-C4290.json,1617
results/subjects/dolibarr/evidence/dolibarr-C4291.json,1608
results/subjects/dolibarr/evidence/dolibarr-C4292.json,2324
results/subjects/dolibarr/evidence/dolibarr-C4293.json,1645
results/subjects/dolibarr/evidence/dolibarr-C4294.json,1369
results/subjects/dolibarr/evidence/dolibarr-C4295.json,1398
results/subjects/dolibarr/evidence/dolibarr-C4296.json,1621
results/subjects/dolibarr/evidence/dolibarr-C4297.json,1663
results/subjects/dolibarr/evidence/dolibarr-C4298.json,1697
results/subjects/dolibarr/evidence/dolibarr-C4299.json,2351
results/subjects/dolibarr/evidence/dolibarr-C4300.json,1635
results/subjects/dolibarr/evidence/dolibarr-C4301.json,2082
results/subjects/dolibarr/evidence/dolibarr-C4302.json,3019
results/subjects/dolibarr/evidence/dolibarr-C4303.json,1713
results/subjects/dolibarr/evidence/dolibarr-C4304.json,1401
results/subjects/dolibarr/evidence/dolibarr-C4305.json,2146
results/subjects/dolibarr/evidence/dolibarr-C4306.json,1582
results/subjects/dolibarr/evidence/dolibarr-C4307.json,1486
results/subjects/dolibarr/evidence/dolibarr-C4308.json,1701
results/subjects/dolibarr/evidence/dolibarr-C4309.json,1915
results/subjects/dolibarr/evidence/dolibarr-C4310.json,1723
results/subjects/dolibarr/evidence/dolibarr-C4311.json,1623
results/subjects/dolibarr/evidence/dolibarr-C4312.json,2540
results/subjects/dolibarr/evidence/dolibarr-C4313.json,1706
results/subjects/dolibarr/evidence/dolibarr-C4314.json,1634
results/subjects/dolibarr/evidence/dolibarr-C4315.json,1770
results/subjects/dolibarr/evidence/dolibarr-C4316.json,1732
results/subjects/dolibarr/evidence/dolibarr-C4317.json,1899
results/subjects/dolibarr/evidence/dolibarr-C4318.json,1586
results/subjects/dolibarr/evidence/dolibarr-C4319.json,1800
results/subjects/dolibarr/evidence/dolibarr-C4320.json,1236
results/subjects/dolibarr/evidence/dolibarr-C4321.json,1153
results/subjects/dolibarr/evidence/dolibarr-C4322.json,1153
results/subjects/dolibarr/evidence/dolibarr-C4323.json,1153
results/subjects/dolibarr/evidence/dolibarr-C4324.json,1374
results/subjects/dolibarr/evidence/dolibarr-C4325.json,1328
results/subjects/dolibarr/evidence/dolibarr-C4326.json,1153
results/subjects/dolibarr/evidence/dolibarr-C4327.json,3521
results/subjects/dolibarr/evidence/dolibarr-C4328.json,1208
results/subjects/dolibarr/evidence/dolibarr-C4329.json,1463
results/subjects/dolibarr/evidence/dolibarr-C4330.json,1492
results/subjects/dolibarr/evidence/dolibarr-C4331.json,1141
results/subjects/dolibarr/evidence/dolibarr-C4332.json,1773
results/subjects/dolibarr/evidence/dolibarr-C4333.json,1216
results/subjects/dolibarr/evidence/dolibarr-C4334.json,1300
results/subjects/dolibarr/evidence/dolibarr-C4335.json,1214
results/subjects/dolibarr/evidence/dolibarr-C4336.json,1169
results/subjects/dolibarr/evidence/dolibarr-C4337.json,1140
results/subjects/dolibarr/evidence/dolibarr-C4338.json,1426
results/subjects/dolibarr/evidence/dolibarr-C4339.json,1169
results/subjects/dolibarr/evidence/dolibarr-C4340.json,2104
results/subjects/dolibarr/evidence/dolibarr-C4341.json,1229
results/subjects/dolibarr/evidence/dolibarr-C4342.json,1151
results/subjects/dolibarr/evidence/dolibarr-C4343.json,1219
results/subjects/dolibarr/evidence/dolibarr-C4344.json,1679
results/subjects/dolibarr/evidence/dolibarr-C4345.json,1151
results/subjects/dolibarr/evidence/dolibarr-C4346.json,2213
results/subjects/dolibarr/evidence/dolibarr-C4347.json,1139
results/subjects/dolibarr/evidence/dolibarr-C4348.json,1817
results/subjects/dolibarr/evidence/dolibarr-C4349.json,1351
results/subjects/dolibarr/evidence/dolibarr-C4350.json,1139
results/subjects/dolibarr/evidence/dolibarr-C4351.json,1788
results/subjects/dolibarr/evidence/dolibarr-C4352.json,1885
results/subjects/dolibarr/evidence/dolibarr-C4353.json,1172
results/subjects/dolibarr/evidence/dolibarr-C4354.json,1172
results/subjects/dolibarr/evidence/dolibarr-C4355.json,1172
results/subjects/dolibarr/evidence/dolibarr-C4356.json,1143
results/subjects/dolibarr/evidence/dolibarr-C4357.json,1143
results/subjects/dolibarr/evidence/dolibarr-C4358.json,1172
results/subjects/dolibarr/evidence/dolibarr-C4359.json,1172
results/subjects/dolibarr/evidence/dolibarr-C4360.json,1172
results/subjects/dolibarr/evidence/dolibarr-C4361.json,1398
results/subjects/dolibarr/evidence/dolibarr-C4362.json,1215
results/subjects/dolibarr/evidence/dolibarr-C4363.json,1349
results/subjects/dolibarr/evidence/dolibarr-C4364.json,1174
results/subjects/dolibarr/evidence/dolibarr-C4365.json,1175
results/subjects/dolibarr/evidence/dolibarr-C4366.json,1174
results/subjects/dolibarr/evidence/dolibarr-C4367.json,1145
results/subjects/dolibarr/evidence/dolibarr-C4368.json,1173
results/subjects/dolibarr/evidence/dolibarr-C4369.json,1173
results/subjects/dolibarr/evidence/dolibarr-C4370.json,1145
results/subjects/dolibarr/evidence/dolibarr-C4371.json,1221
results/subjects/dolibarr/evidence/dolibarr-C4372.json,1221
results/subjects/dolibarr/evidence/dolibarr-C4373.json,1174
results/subjects/dolibarr/evidence/dolibarr-C4374.json,1174
results/subjects/dolibarr/evidence/dolibarr-C4375.json,3526
results/subjects/dolibarr/evidence/dolibarr-C4376.json,1562
results/subjects/dolibarr/evidence/dolibarr-C4377.json,1735
results/subjects/dolibarr/evidence/dolibarr-C4378.json,3299
results/subjects/dolibarr/evidence/dolibarr-C4379.json,1202
results/subjects/dolibarr/evidence/dolibarr-C4380.json,1539
results/subjects/dolibarr/evidence/dolibarr-C4381.json,1448
results/subjects/dolibarr/evidence/dolibarr-C4382.json,2492
results/subjects/dolibarr/evidence/dolibarr-C4383.json,1212
results/subjects/dolibarr/evidence/dolibarr-C4384.json,1234
results/subjects/dolibarr/evidence/dolibarr-C4385.json,1296
results/subjects/dolibarr/evidence/dolibarr-C4386.json,1666
results/subjects/dolibarr/evidence/dolibarr-C4387.json,1163
results/subjects/dolibarr/evidence/dolibarr-C4388.json,1163
results/subjects/dolibarr/evidence/dolibarr-C4389.json,1136
results/subjects/dolibarr/evidence/dolibarr-C4390.json,1344
results/subjects/dolibarr/evidence/dolibarr-C4391.json,1136
results/subjects/dolibarr/evidence/dolibarr-C4392.json,1749
results/subjects/dolibarr/evidence/dolibarr-C4393.json,1173
results/subjects/dolibarr/evidence/dolibarr-C4394.json,1249
results/subjects/dolibarr/evidence/dolibarr-C4395.json,1174
results/subjects/dolibarr/evidence/dolibarr-C4396.json,1145
results/subjects/dolibarr/evidence/dolibarr-C4397.json,1174
results/subjects/dolibarr/evidence/dolibarr-C4398.json,1174
results/subjects/dolibarr/evidence/dolibarr-C4399.json,1318
results/subjects/dolibarr/evidence/dolibarr-C4400.json,1174
results/subjects/dolibarr/evidence/dolibarr-C4401.json,1174
results/subjects/dolibarr/evidence/dolibarr-C4402.json,1174
results/subjects/dolibarr/evidence/dolibarr-C4403.json,1359
results/subjects/dolibarr/evidence/dolibarr-C4404.json,1147
results/subjects/dolibarr/evidence/dolibarr-C4405.json,1602
results/subjects/dolibarr/evidence/dolibarr-C4406.json,1246
results/subjects/dolibarr/evidence/dolibarr-C4407.json,1163
results/subjects/dolibarr/evidence/dolibarr-C4408.json,1163
results/subjects/dolibarr/evidence/dolibarr-C4409.json,1163
results/subjects/dolibarr/evidence/dolibarr-C4410.json,1278
results/subjects/dolibarr/evidence/dolibarr-C4411.json,1545
results/subjects/dolibarr/evidence/dolibarr-C4412.json,1205
results/subjects/dolibarr/evidence/dolibarr-C4413.json,1137
results/subjects/dolibarr/evidence/dolibarr-C4414.json,1137
results/subjects/dolibarr/evidence/dolibarr-C4415.json,1137
results/subjects/dolibarr/evidence/dolibarr-C4416.json,1137
results/subjects/dolibarr/evidence/dolibarr-C4417.json,1137
results/subjects/dolibarr/evidence/dolibarr-C4418.json,1137
results/subjects/dolibarr/evidence/dolibarr-C4419.json,1282
results/subjects/dolibarr/evidence/dolibarr-C4420.json,1139
results/subjects/dolibarr/evidence/dolibarr-C4421.json,1139
results/subjects/dolibarr/evidence/dolibarr-C4422.json,1868
results/subjects/dolibarr/evidence/dolibarr-C4423.json,1236
results/subjects/dolibarr/evidence/dolibarr-C4424.json,1136
results/subjects/dolibarr/evidence/dolibarr-C4425.json,1166
results/subjects/dolibarr/evidence/dolibarr-C4426.json,1165
results/subjects/dolibarr/evidence/dolibarr-C4427.json,1166
results/subjects/dolibarr/evidence/dolibarr-C4428.json,1272
results/subjects/dolibarr/evidence/dolibarr-C4429.json,1137
results/subjects/dolibarr/evidence/dolibarr-C4430.json,1358
results/subjects/dolibarr/evidence/dolibarr-C4431.json,1250
results/subjects/dolibarr/evidence/dolibarr-C4432.json,1206
results/subjects/dolibarr/evidence/dolibarr-C4433.json,1167
results/subjects/dolibarr/evidence/dolibarr-C4434.json,1168
results/subjects/dolibarr/evidence/dolibarr-C4435.json,1201
results/subjects/dolibarr/evidence/dolibarr-C4436.json,1138
results/subjects/dolibarr/evidence/dolibarr-C4437.json,2858
results/subjects/dolibarr/evidence/dolibarr-C4438.json,1647
results/subjects/dolibarr/evidence/dolibarr-C4439.json,1133
results/subjects/dolibarr/evidence/dolibarr-C4440.json,1133
results/subjects/dolibarr/evidence/dolibarr-C4441.json,1372
results/subjects/dolibarr/evidence/dolibarr-C4442.json,1254
results/subjects/dolibarr/evidence/dolibarr-C4443.json,1163
results/subjects/dolibarr/evidence/dolibarr-C4444.json,1211
results/subjects/dolibarr/evidence/dolibarr-C4445.json,1134
results/subjects/dolibarr/evidence/dolibarr-C4446.json,1133
results/subjects/dolibarr/evidence/dolibarr-C4447.json,1190
results/subjects/dolibarr/evidence/dolibarr-C4448.json,1198
results/subjects/dolibarr/evidence/dolibarr-C4449.json,1134
results/subjects/dolibarr/evidence/dolibarr-C4450.json,1134
results/subjects/dolibarr/evidence/dolibarr-C4451.json,1134
results/subjects/dolibarr/evidence/dolibarr-C4452.json,1134
results/subjects/dolibarr/evidence/dolibarr-C4453.json,1332
results/subjects/dolibarr/evidence/dolibarr-C4454.json,1134
results/subjects/dolibarr/evidence/dolibarr-C4455.json,1134
results/subjects/dolibarr/evidence/dolibarr-C4456.json,1134
results/subjects/dolibarr/evidence/dolibarr-C4457.json,1134
results/subjects/dolibarr/evidence/dolibarr-C4458.json,1199
results/subjects/dolibarr/evidence/dolibarr-C4459.json,1164
results/subjects/dolibarr/evidence/dolibarr-C4460.json,1163
results/subjects/dolibarr/evidence/dolibarr-C4461.json,1164
results/subjects/dolibarr/evidence/dolibarr-C4462.json,1164
results/subjects/dolibarr/evidence/dolibarr-C4463.json,1163
results/subjects/dolibarr/evidence/dolibarr-C4464.json,1164
results/subjects/dolibarr/evidence/dolibarr-C4465.json,1163
results/subjects/dolibarr/evidence/dolibarr-C4466.json,1133
results/subjects/dolibarr/evidence/dolibarr-C4467.json,1211
results/subjects/dolibarr/evidence/dolibarr-C4468.json,1242
results/subjects/dolibarr/evidence/dolibarr-C4469.json,1134
results/subjects/dolibarr/evidence/dolibarr-C4470.json,1163
results/subjects/dolibarr/evidence/dolibarr-C4471.json,1165
results/subjects/dolibarr/evidence/dolibarr-C4472.json,1136
results/subjects/dolibarr/evidence/dolibarr-C4473.json,1276
results/subjects/dolibarr/evidence/dolibarr-C4474.json,1213
results/subjects/dolibarr/evidence/dolibarr-C4475.json,1136
results/subjects/dolibarr/evidence/dolibarr-C4476.json,1203
results/subjects/dolibarr/evidence/dolibarr-C4477.json,1819
results/subjects/dolibarr/evidence/dolibarr-C4478.json,1945
results/subjects/dolibarr/evidence/dolibarr-C4479.json,1798
results/subjects/dolibarr/evidence/dolibarr-C4480.json,1424
results/subjects/dolibarr/evidence/dolibarr-C4481.json,1214
results/subjects/dolibarr/evidence/dolibarr-C4482.json,1140
results/subjects/dolibarr/evidence/dolibarr-C4483.json,1169
results/subjects/dolibarr/evidence/dolibarr-C4484.json,1140
results/subjects/dolibarr/evidence/dolibarr-C4485.json,1169
results/subjects/dolibarr/evidence/dolibarr-C4486.json,1713
results/subjects/dolibarr/evidence/dolibarr-C4487.json,1574
results/subjects/dolibarr/evidence/dolibarr-C4488.json,1170
results/subjects/dolibarr/evidence/dolibarr-C4489.json,1140
results/subjects/dolibarr/evidence/dolibarr-C4490.json,1140
results/subjects/dolibarr/evidence/dolibarr-C4491.json,1344
results/subjects/dolibarr/evidence/dolibarr-C4492.json,2185
results/subjects/dolibarr/evidence/dolibarr-C4493.json,1129
results/subjects/dolibarr/evidence/dolibarr-C4494.json,1258
results/subjects/dolibarr/evidence/dolibarr-C4495.json,1200
results/subjects/dolibarr/evidence/dolibarr-C4496.json,1285
results/subjects/dolibarr/evidence/dolibarr-C4497.json,1199
results/subjects/dolibarr/evidence/dolibarr-C4498.json,1129
results/subjects/dolibarr/evidence/dolibarr-C4499.json,1206
results/subjects/dolibarr/evidence/dolibarr-C4500.json,1160
results/subjects/dolibarr/evidence/dolibarr-C4501.json,1160
results/subjects/dolibarr/evidence/dolibarr-C4502.json,1161
results/subjects/dolibarr/evidence/dolibarr-C4503.json,1160
results/subjects/dolibarr/evidence/dolibarr-C4504.json,1433
results/subjects/dolibarr/evidence/dolibarr-C4505.json,1131
results/subjects/dolibarr/evidence/dolibarr-C4506.json,1130
results/subjects/dolibarr/evidence/dolibarr-C4507.json,1160
results/subjects/dolibarr/evidence/dolibarr-C4508.json,1160
results/subjects/dolibarr/evidence/dolibarr-C4509.json,1160
results/subjects/dolibarr/evidence/dolibarr-C4510.json,1200
results/subjects/dolibarr/evidence/dolibarr-C4511.json,1160
results/subjects/dolibarr/evidence/dolibarr-C4512.json,1160
results/subjects/dolibarr/evidence/dolibarr-C4513.json,1160
results/subjects/dolibarr/evidence/dolibarr-C4514.json,1200
results/subjects/dolibarr/evidence/dolibarr-C4515.json,1243
results/subjects/dolibarr/evidence/dolibarr-C4516.json,1187
results/subjects/dolibarr/evidence/dolibarr-C4517.json,1242
results/subjects/dolibarr/evidence/dolibarr-C4518.json,1167
results/subjects/dolibarr/evidence/dolibarr-C4519.json,1207
results/subjects/dolibarr/evidence/dolibarr-C4520.json,1323
results/subjects/dolibarr/evidence/dolibarr-C4521.json,1208
results/subjects/dolibarr/evidence/dolibarr-C4522.json,1199
results/subjects/dolibarr/evidence/dolibarr-C4523.json,1960
results/subjects/dolibarr/evidence/dolibarr-C4524.json,1572
results/subjects/dolibarr/evidence/dolibarr-C4525.json,1136
results/subjects/dolibarr/evidence/dolibarr-C4526.json,1340
results/subjects/dolibarr/evidence/dolibarr-C4527.json,2231
results/subjects/dolibarr/evidence/dolibarr-C4528.json,1973
results/subjects/dolibarr/evidence/dolibarr-C4529.json,1709
results/subjects/dolibarr/evidence/dolibarr-C4530.json,2028
results/subjects/dolibarr/evidence/dolibarr-C4531.json,1332
results/subjects/dolibarr/evidence/dolibarr-C4532.json,1197
results/subjects/dolibarr/evidence/dolibarr-C4533.json,1192
results/subjects/dolibarr/evidence/dolibarr-C4534.json,1129
results/subjects/dolibarr/evidence/dolibarr-C4535.json,1129
results/subjects/dolibarr/evidence/dolibarr-C4536.json,1129
results/subjects/dolibarr/evidence/dolibarr-C4537.json,1129
results/subjects/dolibarr/evidence/dolibarr-C4538.json,2587
results/subjects/dolibarr/evidence/dolibarr-C4539.json,1127
results/subjects/dolibarr/evidence/dolibarr-C4540.json,1127
results/subjects/dolibarr/evidence/dolibarr-C4541.json,1127
results/subjects/dolibarr/evidence/dolibarr-C4542.json,1386
results/subjects/dolibarr/evidence/dolibarr-C4543.json,1129
results/subjects/dolibarr/evidence/dolibarr-C4544.json,1129
results/subjects/dolibarr/evidence/dolibarr-C4545.json,1129
results/subjects/dolibarr/evidence/dolibarr-C4546.json,1129
results/subjects/dolibarr/evidence/dolibarr-C4547.json,1159
results/subjects/dolibarr/evidence/dolibarr-C4548.json,1158
results/subjects/dolibarr/evidence/dolibarr-C4549.json,1158
results/subjects/dolibarr/evidence/dolibarr-C4550.json,1158
results/subjects/dolibarr/evidence/dolibarr-C4551.json,1158
results/subjects/dolibarr/evidence/dolibarr-C4552.json,1129
results/subjects/dolibarr/evidence/dolibarr-C4553.json,1129
results/subjects/dolibarr/evidence/dolibarr-C4554.json,1129
results/subjects/dolibarr/evidence/dolibarr-C4555.json,1129
results/subjects/dolibarr/evidence/dolibarr-C4556.json,1207
results/subjects/dolibarr/evidence/dolibarr-C4557.json,1129
results/subjects/dolibarr/evidence/dolibarr-C4558.json,1129
results/subjects/dolibarr/evidence/dolibarr-C4559.json,1185
results/subjects/dolibarr/evidence/dolibarr-C4560.json,1129
results/subjects/dolibarr/evidence/dolibarr-C4561.json,1261
results/subjects/dolibarr/evidence/dolibarr-C4562.json,1129
results/subjects/dolibarr/evidence/dolibarr-C4563.json,1129
results/subjects/dolibarr/evidence/dolibarr-C4564.json,1159
results/subjects/dolibarr/evidence/dolibarr-C4565.json,1158
results/subjects/dolibarr/evidence/dolibarr-C4566.json,1129
results/subjects/dolibarr/evidence/dolibarr-C4567.json,1517
results/subjects/dolibarr/evidence/dolibarr-C4568.json,1158
results/subjects/dolibarr/evidence/dolibarr-C4569.json,1158
results/subjects/dolibarr/evidence/dolibarr-C4570.json,1158
results/subjects/dolibarr/evidence/dolibarr-C4571.json,1158
results/subjects/dolibarr/evidence/dolibarr-C4572.json,1207
results/subjects/dolibarr/evidence/dolibarr-C4573.json,1223
results/subjects/dolibarr/evidence/dolibarr-C4574.json,1129
results/subjects/dolibarr/evidence/dolibarr-C4575.json,1160
results/subjects/dolibarr/evidence/dolibarr-C4576.json,1813
results/subjects/dolibarr/evidence/dolibarr-C4577.json,1960
results/subjects/dolibarr/evidence/dolibarr-C4578.json,3475
results/subjects/dolibarr/evidence/dolibarr-C4579.json,1775
results/subjects/dolibarr/evidence/dolibarr-C4580.json,2464
results/subjects/dolibarr/evidence/dolibarr-C4581.json,1709
results/subjects/dolibarr/evidence/dolibarr-C4582.json,2677
results/subjects/dolibarr/evidence/dolibarr-C4583.json,2175
results/subjects/dolibarr/evidence/dolibarr-C4584.json,2749
results/subjects/dolibarr/evidence/dolibarr-C4585.json,1785
results/subjects/dolibarr/evidence/dolibarr-C4586.json,1537
results/subjects/dolibarr/evidence/dolibarr-C4587.json,2268
results/subjects/dolibarr/evidence/dolibarr-C4588.json,2601
results/subjects/dolibarr/evidence/dolibarr-C4589.json,1186
results/subjects/dolibarr/evidence/dolibarr-C4590.json,2701
results/subjects/dolibarr/evidence/dolibarr-C4591.json,1187
results/subjects/dolibarr/evidence/dolibarr-C4592.json,1873
results/subjects/dolibarr/evidence/dolibarr-C4593.json,5173
results/subjects/dolibarr/evidence/dolibarr-C4594.json,2557
results/subjects/dolibarr/evidence/dolibarr-C4595.json,1994
results/subjects/dolibarr/evidence/dolibarr-C4596.json,1831
results/subjects/dolibarr/evidence/dolibarr-C4597.json,7138
results/subjects/dolibarr/evidence/dolibarr-C4598.json,2188
results/subjects/dolibarr/evidence/dolibarr-C4599.json,2075
results/subjects/dolibarr/evidence/dolibarr-C4600.json,2813
results/subjects/dolibarr/evidence/dolibarr-C4601.json,1767
results/subjects/dolibarr/evidence/dolibarr-C4602.json,2594
results/subjects/dolibarr/evidence/dolibarr-C4603.json,1767
results/subjects/dolibarr/evidence/dolibarr-C4604.json,2001
results/subjects/dolibarr/evidence/dolibarr-C4605.json,1279
results/subjects/dolibarr/evidence/dolibarr-C4606.json,1330
results/subjects/dolibarr/evidence/dolibarr-C4607.json,1202
results/subjects/dolibarr/evidence/dolibarr-C4608.json,1198
results/subjects/dolibarr/evidence/dolibarr-C4609.json,1135
results/subjects/dolibarr/evidence/dolibarr-C4610.json,1135
results/subjects/dolibarr/evidence/dolibarr-C4611.json,1135
results/subjects/dolibarr/evidence/dolibarr-C4612.json,1135
results/subjects/dolibarr/evidence/dolibarr-C4613.json,1135
results/subjects/dolibarr/evidence/dolibarr-C4614.json,5028
results/subjects/dolibarr/evidence/dolibarr-C4615.json,1128
results/subjects/dolibarr/evidence/dolibarr-C4616.json,1326
results/subjects/dolibarr/evidence/dolibarr-C4617.json,1128
results/subjects/dolibarr/evidence/dolibarr-C4618.json,1327
results/subjects/dolibarr/evidence/dolibarr-C4619.json,1130
results/subjects/dolibarr/evidence/dolibarr-C4620.json,1208
results/subjects/dolibarr/evidence/dolibarr-C4621.json,1130
results/subjects/dolibarr/evidence/dolibarr-C4622.json,1159
results/subjects/dolibarr/evidence/dolibarr-C4623.json,1130
results/subjects/dolibarr/evidence/dolibarr-C4624.json,1130
results/subjects/dolibarr/evidence/dolibarr-C4625.json,1130
results/subjects/dolibarr/evidence/dolibarr-C4626.json,1130
results/subjects/dolibarr/evidence/dolibarr-C4627.json,1130
results/subjects/dolibarr/evidence/dolibarr-C4628.json,1130
results/subjects/dolibarr/evidence/dolibarr-C4629.json,1186
results/subjects/dolibarr/evidence/dolibarr-C4630.json,1130
results/subjects/dolibarr/evidence/dolibarr-C4631.json,1130
results/subjects/dolibarr/evidence/dolibarr-C4632.json,1130
results/subjects/dolibarr/evidence/dolibarr-C4633.json,1130
results/subjects/dolibarr/evidence/dolibarr-C4634.json,1130
results/subjects/dolibarr/evidence/dolibarr-C4635.json,1130
results/subjects/dolibarr/evidence/dolibarr-C4636.json,1160
results/subjects/dolibarr/evidence/dolibarr-C4637.json,1160
results/subjects/dolibarr/evidence/dolibarr-C4638.json,1160
results/subjects/dolibarr/evidence/dolibarr-C4639.json,1159
results/subjects/dolibarr/evidence/dolibarr-C4640.json,1130
results/subjects/dolibarr/evidence/dolibarr-C4641.json,1160
results/subjects/dolibarr/evidence/dolibarr-C4642.json,1159
results/subjects/dolibarr/evidence/dolibarr-C4643.json,1217
results/subjects/dolibarr/evidence/dolibarr-C4644.json,1526
results/subjects/dolibarr/evidence/dolibarr-C4645.json,1129
results/subjects/dolibarr/evidence/dolibarr-C4646.json,1159
results/subjects/dolibarr/evidence/dolibarr-C4647.json,1208
results/subjects/dolibarr/evidence/dolibarr-C4648.json,1229
results/subjects/dolibarr/evidence/dolibarr-C4649.json,1130
results/subjects/dolibarr/evidence/dolibarr-C4650.json,1162
results/subjects/dolibarr/evidence/dolibarr-C4651.json,1816
results/subjects/dolibarr/evidence/dolibarr-C4652.json,2137
results/subjects/dolibarr/evidence/dolibarr-C4653.json,1343
results/subjects/dolibarr/evidence/dolibarr-C4654.json,1208
results/subjects/dolibarr/evidence/dolibarr-C4655.json,1140
results/subjects/dolibarr/evidence/dolibarr-C4656.json,1170
results/subjects/dolibarr/evidence/dolibarr-C4657.json,1218
results/subjects/dolibarr/evidence/dolibarr-C4658.json,1170
results/subjects/dolibarr/evidence/dolibarr-C4659.json,1293
results/subjects/dolibarr/evidence/dolibarr-C4660.json,1177
results/subjects/dolibarr/evidence/dolibarr-C4661.json,1178
results/subjects/dolibarr/evidence/dolibarr-C4662.json,1215
results/subjects/dolibarr/evidence/dolibarr-C4663.json,1178
results/subjects/dolibarr/evidence/dolibarr-C4664.json,1178
results/subjects/dolibarr/evidence/dolibarr-C4665.json,1220
results/subjects/dolibarr/evidence/dolibarr-C4666.json,1593
results/subjects/dolibarr/evidence/dolibarr-C4667.json,1207
results/subjects/dolibarr/evidence/dolibarr-C4668.json,1197
results/subjects/dolibarr/evidence/dolibarr-C4669.json,1160
results/subjects/dolibarr/evidence/dolibarr-C4670.json,1334
results/subjects/dolibarr/evidence/dolibarr-C4671.json,1130
results/subjects/dolibarr/evidence/dolibarr-C4672.json,1130
results/subjects/dolibarr/evidence/dolibarr-C4673.json,2662
results/subjects/dolibarr/evidence/dolibarr-C4674.json,1282
results/subjects/dolibarr/evidence/dolibarr-C4675.json,1488
results/subjects/dolibarr/evidence/dolibarr-C4676.json,1202
results/subjects/dolibarr/evidence/dolibarr-C4677.json,1239
results/subjects/dolibarr/evidence/dolibarr-C4678.json,1380
results/subjects/dolibarr/evidence/dolibarr-C4679.json,1299
results/subjects/dolibarr/evidence/dolibarr-C4680.json,1164
results/subjects/dolibarr/evidence/dolibarr-C4681.json,1278
results/subjects/dolibarr/evidence/dolibarr-C4682.json,1287
results/subjects/dolibarr/evidence/dolibarr-C4683.json,1134
results/subjects/dolibarr/evidence/dolibarr-C4684.json,1356
results/subjects/dolibarr/evidence/dolibarr-C4685.json,1466
results/subjects/dolibarr/evidence/dolibarr-C4686.json,1140
results/subjects/dolibarr/evidence/dolibarr-C4687.json,1244
results/subjects/dolibarr/evidence/dolibarr-C4688.json,1168
results/subjects/dolibarr/evidence/dolibarr-C4689.json,1138
results/subjects/dolibarr/evidence/dolibarr-C4690.json,1379
results/subjects/dolibarr/evidence/dolibarr-C4691.json,1249
results/subjects/dolibarr/evidence/dolibarr-C4692.json,1203
results/subjects/dolibarr/evidence/dolibarr-C4693.json,1126
results/subjects/dolibarr/evidence/dolibarr-C4694.json,1126
results/subjects/dolibarr/evidence/dolibarr-C4695.json,1629
results/subjects/dolibarr/evidence/dolibarr-C4696.json,1285
results/subjects/dolibarr/evidence/dolibarr-C4697.json,1245
results/subjects/dolibarr/evidence/dolibarr-C4698.json,1165
results/subjects/dolibarr/evidence/dolibarr-C4699.json,1135
results/subjects/dolibarr/evidence/dolibarr-C4700.json,2492
results/subjects/dolibarr/evidence/dolibarr-C4701.json,1207
results/subjects/dolibarr/evidence/dolibarr-C4702.json,1208
results/subjects/dolibarr/evidence/dolibarr-C4703.json,1130
results/subjects/dolibarr/evidence/dolibarr-C4704.json,1160
results/subjects/dolibarr/evidence/dolibarr-C4705.json,1208
results/subjects/dolibarr/evidence/dolibarr-C4706.json,1207
results/subjects/dolibarr/evidence/dolibarr-C4707.json,1159
results/subjects/dolibarr/evidence/dolibarr-C4708.json,1196
results/subjects/dolibarr/evidence/dolibarr-C4709.json,1160
results/subjects/dolibarr/evidence/dolibarr-C4710.json,1230
results/subjects/dolibarr/evidence/dolibarr-C4711.json,1958
results/subjects/dolibarr/evidence/dolibarr-C4712.json,1186
results/subjects/dolibarr/evidence/dolibarr-C4713.json,1162
results/subjects/dolibarr/evidence/dolibarr-C4714.json,1202
results/subjects/dolibarr/evidence/dolibarr-C4715.json,1162
results/subjects/dolibarr/evidence/dolibarr-C4716.json,1161
results/subjects/dolibarr/evidence/dolibarr-C4717.json,1672
results/subjects/dolibarr/evidence/dolibarr-C4718.json,1265
results/subjects/dolibarr/evidence/dolibarr-C4719.json,1265
results/subjects/dolibarr/evidence/dolibarr-C4720.json,1200
results/subjects/dolibarr/evidence/dolibarr-C4721.json,1524
results/subjects/dolibarr/evidence/dolibarr-C4722.json,2828
results/subjects/dolibarr/evidence/dolibarr-C4723.json,1575
results/subjects/dolibarr/evidence/dolibarr-C4724.json,2365
results/subjects/dolibarr/evidence/dolibarr-C4725.json,1614
results/subjects/dolibarr/evidence/dolibarr-C4726.json,2047
results/subjects/dolibarr/evidence/dolibarr-C4727.json,1430
results/subjects/dolibarr/evidence/dolibarr-C4728.json,1279
results/subjects/dolibarr/evidence/dolibarr-C4729.json,1401
results/subjects/dolibarr/evidence/dolibarr-C4730.json,1294
results/subjects/dolibarr/evidence/dolibarr-C4731.json,1205
results/subjects/dolibarr/evidence/dolibarr-C4732.json,1205
results/subjects/dolibarr/evidence/dolibarr-C4733.json,1556
results/subjects/dolibarr/evidence/dolibarr-C4734.json,1250
results/subjects/dolibarr/evidence/dolibarr-C4735.json,1189
results/subjects/dolibarr/evidence/dolibarr-C4736.json,1733
results/subjects/dolibarr/evidence/dolibarr-C4737.json,1117
results/subjects/dolibarr/evidence/dolibarr-C4738.json,1117
results/subjects/dolibarr/evidence/dolibarr-C4739.json,1229
results/subjects/dolibarr/evidence/dolibarr-C4740.json,1117
results/subjects/dolibarr/evidence/dolibarr-C4741.json,1329
results/subjects/dolibarr/evidence/dolibarr-C4742.json,1117
results/subjects/dolibarr/evidence/dolibarr-C4743.json,1146
results/subjects/dolibarr/evidence/dolibarr-C4744.json,1118
results/subjects/dolibarr/evidence/dolibarr-C4745.json,1119
results/subjects/dolibarr/evidence/dolibarr-C4746.json,1231
results/subjects/dolibarr/evidence/dolibarr-C4747.json,1331
results/subjects/dolibarr/evidence/dolibarr-C4748.json,1119
results/subjects/dolibarr/evidence/dolibarr-C4749.json,1148
results/subjects/dolibarr/evidence/dolibarr-C4750.json,1432
results/subjects/dolibarr/evidence/dolibarr-C4751.json,1404
results/subjects/dolibarr/evidence/dolibarr-C4752.json,2110
results/subjects/dolibarr/evidence/dolibarr-C4753.json,2072
results/subjects/dolibarr/evidence/dolibarr-C4754.json,2123
results/subjects/dolibarr/evidence/dolibarr-C4755.json,1533
results/subjects/dolibarr/evidence/dolibarr-C4756.json,2386
results/subjects/dolibarr/evidence/dolibarr-C4757.json,1269
results/subjects/dolibarr/evidence/dolibarr-C4758.json,1123
results/subjects/dolibarr/evidence/dolibarr-C4759.json,1450
results/subjects/dolibarr/evidence/dolibarr-C4760.json,1371
results/subjects/dolibarr/evidence/dolibarr-C4761.json,1159
results/subjects/dolibarr/evidence/dolibarr-C4762.json,1629
results/subjects/dolibarr/evidence/dolibarr-C4763.json,1129
results/subjects/dolibarr/evidence/dolibarr-C4764.json,1131
results/subjects/dolibarr/evidence/dolibarr-C4765.json,1191
results/subjects/dolibarr/evidence/dolibarr-C4766.json,1131
results/subjects/dolibarr/evidence/dolibarr-C4767.json,1330
results/subjects/dolibarr/evidence/dolibarr-C4768.json,1161
results/subjects/dolibarr/evidence/dolibarr-C4769.json,1160
results/subjects/dolibarr/evidence/dolibarr-C4770.json,1202
results/subjects/dolibarr/evidence/dolibarr-C4771.json,1557
results/subjects/dolibarr/evidence/dolibarr-C4772.json,1609
results/subjects/dolibarr/evidence/dolibarr-C4773.json,1325
results/subjects/dolibarr/evidence/dolibarr-C4774.json,1121
results/subjects/dolibarr/evidence/dolibarr-C4775.json,1150
results/subjects/dolibarr/evidence/dolibarr-C4776.json,1392
results/subjects/dolibarr/evidence/dolibarr-C4777.json,1154
results/subjects/dolibarr/evidence/dolibarr-C4778.json,1126
results/subjects/dolibarr/evidence/dolibarr-C4779.json,1155
results/subjects/dolibarr/evidence/dolibarr-C4780.json,1155
results/subjects/dolibarr/evidence/dolibarr-C4781.json,1195
results/subjects/dolibarr/evidence/dolibarr-C4782.json,1238
results/subjects/dolibarr/evidence/dolibarr-C4783.json,1143
results/subjects/dolibarr/evidence/dolibarr-C4784.json,1420
results/subjects/dolibarr/evidence/dolibarr-C4785.json,1116
results/subjects/dolibarr/evidence/dolibarr-C4786.json,1304
results/subjects/dolibarr/evidence/dolibarr-C4787.json,1305
results/subjects/dolibarr/evidence/dolibarr-C4788.json,1126
results/subjects/dolibarr/evidence/dolibarr-C4789.json,1127
results/subjects/dolibarr/evidence/dolibarr-C4790.json,1127
results/subjects/dolibarr/evidence/dolibarr-C4791.json,1127
results/subjects/dolibarr/evidence/dolibarr-C4792.json,1122
results/subjects/dolibarr/evidence/dolibarr-C4793.json,1661
results/subjects/dolibarr/evidence/dolibarr-C4794.json,1192
results/subjects/dolibarr/evidence/dolibarr-C4795.json,1153
results/subjects/dolibarr/evidence/dolibarr-C4796.json,1152
results/subjects/dolibarr/evidence/dolibarr-C4797.json,1193
results/subjects/dolibarr/evidence/dolibarr-C4798.json,1192
results/subjects/dolibarr/evidence/dolibarr-C4799.json,1152
results/subjects/dolibarr/evidence/dolibarr-C4800.json,1193
results/subjects/dolibarr/evidence/dolibarr-C4801.json,1153
results/subjects/dolibarr/evidence/dolibarr-C4802.json,1192
results/subjects/dolibarr/evidence/dolibarr-C4803.json,1192
results/subjects/dolibarr/evidence/dolibarr-C4804.json,1192
results/subjects/dolibarr/evidence/dolibarr-C4805.json,1153
results/subjects/dolibarr/evidence/dolibarr-C4806.json,1466
results/subjects/dolibarr/evidence/dolibarr-C4807.json,2452
results/subjects/dolibarr/evidence/dolibarr-C4808.json,2125
results/subjects/dolibarr/evidence/dolibarr-C4809.json,1819
results/subjects/dolibarr/evidence/dolibarr-C4810.json,1343
results/subjects/dolibarr/evidence/dolibarr-C4811.json,1471
results/subjects/dolibarr/evidence/dolibarr-C4812.json,1280
results/subjects/dolibarr/evidence/dolibarr-C4813.json,1644
results/subjects/dolibarr/evidence/dolibarr-C4814.json,1358
results/subjects/dolibarr/evidence/dolibarr-C4815.json,1372
results/subjects/dolibarr/evidence/dolibarr-C4816.json,1939
results/subjects/dolibarr/evidence/dolibarr-C4817.json,1719
results/subjects/dolibarr/evidence/dolibarr-C4818.json,1429
results/subjects/dolibarr/evidence/dolibarr-C4819.json,2235
results/subjects/dolibarr/evidence/dolibarr-C4820.json,1357
results/subjects/dolibarr/evidence/dolibarr-C4821.json,2959
results/subjects/dolibarr/evidence/dolibarr-C4822.json,2960
results/subjects/dolibarr/evidence/dolibarr-C4823.json,1966
results/subjects/dolibarr/evidence/dolibarr-C4824.json,1753
results/subjects/dolibarr/evidence/dolibarr-C4825.json,1316
results/subjects/dolibarr/evidence/dolibarr-C4826.json,1529
results/subjects/dolibarr/evidence/dolibarr-C4827.json,1407
results/subjects/dolibarr/evidence/dolibarr-C4828.json,1614
results/subjects/dolibarr/evidence/dolibarr-C4829.json,1485
results/subjects/dolibarr/evidence/dolibarr-C4830.json,1350
results/subjects/dolibarr/evidence/dolibarr-C4831.json,1189
results/subjects/dolibarr/evidence/dolibarr-C4832.json,1996
results/subjects/dolibarr/evidence/dolibarr-C4833.json,1135
results/subjects/dolibarr/evidence/dolibarr-C4834.json,1267
results/subjects/dolibarr/evidence/dolibarr-C4835.json,1847
results/subjects/dolibarr/evidence/dolibarr-C4836.json,1172
results/subjects/dolibarr/evidence/dolibarr-C4837.json,1145
results/subjects/dolibarr/evidence/dolibarr-C4838.json,1145
results/subjects/dolibarr/evidence/dolibarr-C4839.json,1145
results/subjects/dolibarr/evidence/dolibarr-C4840.json,1145
results/subjects/dolibarr/evidence/dolibarr-C4841.json,1451
results/subjects/dolibarr/evidence/dolibarr-C4842.json,1286
results/subjects/dolibarr/evidence/dolibarr-C4843.json,1820
results/subjects/dolibarr/evidence/dolibarr-C4844.json,1745
results/subjects/dolibarr/evidence/dolibarr-C4845.json,2014
results/subjects/dolibarr/evidence/dolibarr-C4846.json,1249
results/subjects/dolibarr/evidence/dolibarr-C4847.json,1797
results/subjects/dolibarr/evidence/dolibarr-C4848.json,1414
results/subjects/dolibarr/evidence/dolibarr-C4849.json,2658
results/subjects/dolibarr/evidence/dolibarr-C4850.json,1128
results/subjects/dolibarr/evidence/dolibarr-C4851.json,1284
results/subjects/dolibarr/evidence/dolibarr-C4852.json,1504
results/subjects/dolibarr/evidence/dolibarr-C4853.json,1157
results/subjects/dolibarr/evidence/dolibarr-C4854.json,1158
results/subjects/dolibarr/evidence/dolibarr-C4855.json,1129
results/subjects/dolibarr/evidence/dolibarr-C4856.json,1160
results/subjects/dolibarr/evidence/dolibarr-C4857.json,1207
results/subjects/dolibarr/evidence/dolibarr-C4858.json,1130
results/subjects/dolibarr/evidence/dolibarr-C4859.json,1418
results/subjects/dolibarr/evidence/dolibarr-C4860.json,1130
results/subjects/dolibarr/evidence/dolibarr-C4861.json,1466
results/subjects/dolibarr/evidence/dolibarr-C4862.json,1196
results/subjects/dolibarr/evidence/dolibarr-C4863.json,1159
results/subjects/dolibarr/evidence/dolibarr-C4864.json,1130
results/subjects/dolibarr/evidence/dolibarr-C4865.json,1159
results/subjects/dolibarr/evidence/dolibarr-C4866.json,1270
results/subjects/dolibarr/evidence/dolibarr-C4867.json,1161
results/subjects/dolibarr/evidence/dolibarr-C4868.json,1437
results/subjects/dolibarr/evidence/dolibarr-C4869.json,1162
results/subjects/dolibarr/evidence/dolibarr-C4870.json,1133
results/subjects/dolibarr/evidence/dolibarr-C4871.json,1162
results/subjects/dolibarr/evidence/dolibarr-C4872.json,1162
results/subjects/dolibarr/evidence/dolibarr-C4873.json,1162
results/subjects/dolibarr/evidence/dolibarr-C4874.json,1245
results/subjects/dolibarr/evidence/dolibarr-C4875.json,1293
results/subjects/dolibarr/evidence/dolibarr-C4876.json,1160
results/subjects/dolibarr/evidence/dolibarr-C4877.json,1131
results/subjects/dolibarr/evidence/dolibarr-C4878.json,1268
results/subjects/dolibarr/evidence/dolibarr-C4879.json,1165
results/subjects/dolibarr/evidence/dolibarr-C4880.json,1255
results/subjects/dolibarr/evidence/dolibarr-C4881.json,1166
results/subjects/dolibarr/evidence/dolibarr-C4882.json,1444
results/subjects/dolibarr/evidence/dolibarr-C4883.json,1162
results/subjects/dolibarr/evidence/dolibarr-C4884.json,1217
results/subjects/dolibarr/evidence/dolibarr-C4885.json,1132
results/subjects/dolibarr/evidence/dolibarr-C4886.json,1202
results/subjects/dolibarr/evidence/dolibarr-C4887.json,1244
results/subjects/dolibarr/evidence/dolibarr-C4888.json,1386
results/subjects/dolibarr/evidence/dolibarr-C4889.json,1377
results/subjects/dolibarr/evidence/dolibarr-C4890.json,1818
results/subjects/dolibarr/evidence/dolibarr-C4891.json,2774
results/subjects/dolibarr/evidence/dolibarr-C4892.json,2316
results/subjects/dolibarr/evidence/dolibarr-C4893.json,1327
results/subjects/dolibarr/evidence/dolibarr-C4894.json,1613
results/subjects/dolibarr/evidence/dolibarr-C4895.json,1654
results/subjects/dolibarr/evidence/dolibarr-C4896.json,1502
results/subjects/dolibarr/evidence/dolibarr-C4897.json,2051
results/subjects/dolibarr/evidence/dolibarr-C4898.json,2339
results/subjects/dolibarr/evidence/dolibarr-C4899.json,1206
results/subjects/dolibarr/evidence/dolibarr-C4900.json,2224
results/subjects/dolibarr/evidence/dolibarr-C4901.json,1651
results/subjects/dolibarr/evidence/dolibarr-C4902.json,2640
results/subjects/dolibarr/evidence/dolibarr-C4903.json,1369
results/subjects/dolibarr/evidence/dolibarr-C4904.json,1492
results/subjects/dolibarr/evidence/dolibarr-C4905.json,1500
results/subjects/dolibarr/evidence/dolibarr-C4906.json,1473
results/subjects/dolibarr/evidence/dolibarr-C4907.json,1471
results/subjects/dolibarr/evidence/dolibarr-C4908.json,1630
results/subjects/dolibarr/evidence/dolibarr-C4909.json,2742
results/subjects/dolibarr/evidence/dolibarr-C4910.json,1560
results/subjects/dolibarr/evidence/dolibarr-C4911.json,2520
results/subjects/dolibarr/evidence/dolibarr-C4912.json,1323
results/subjects/dolibarr/evidence/dolibarr-C4913.json,2133
results/subjects/dolibarr/evidence/dolibarr-C4914.json,1931
results/subjects/dolibarr/evidence/dolibarr-C4915.json,1402
results/subjects/dolibarr/evidence/dolibarr-C4916.json,2287
results/subjects/dolibarr/evidence/dolibarr-C4917.json,2353
results/subjects/dolibarr/evidence/dolibarr-C4918.json,1601
results/subjects/dolibarr/evidence/dolibarr-C4919.json,1975
results/subjects/dolibarr/evidence/dolibarr-C4920.json,1975
results/subjects/dolibarr/evidence/dolibarr-C4921.json,1384
results/subjects/dolibarr/evidence/dolibarr-C4922.json,1219
results/subjects/dolibarr/evidence/dolibarr-C4923.json,1141
results/subjects/dolibarr/evidence/dolibarr-C4924.json,1207
results/subjects/dolibarr/evidence/dolibarr-C4925.json,1170
results/subjects/dolibarr/evidence/dolibarr-C4926.json,1170
results/subjects/dolibarr/evidence/dolibarr-C4927.json,1207
results/subjects/dolibarr/evidence/dolibarr-C4928.json,1208
results/subjects/dolibarr/evidence/dolibarr-C4929.json,1171
results/subjects/dolibarr/evidence/dolibarr-C4930.json,1170
results/subjects/dolibarr/evidence/dolibarr-C4931.json,1170
results/subjects/dolibarr/evidence/dolibarr-C4932.json,1166
results/subjects/dolibarr/evidence/dolibarr-C4933.json,1139
results/subjects/dolibarr/evidence/dolibarr-C4934.json,1139
results/subjects/dolibarr/evidence/dolibarr-C4935.json,1215
results/subjects/dolibarr/evidence/dolibarr-C4936.json,1215
results/subjects/dolibarr/evidence/dolibarr-C4937.json,1894
results/subjects/dolibarr/evidence/dolibarr-C4938.json,1169
results/subjects/dolibarr/evidence/dolibarr-C4939.json,1213
results/subjects/dolibarr/evidence/dolibarr-C4940.json,1139
results/subjects/dolibarr/evidence/dolibarr-C4941.json,1209
results/subjects/dolibarr/evidence/dolibarr-C4942.json,1609
results/subjects/dolibarr/evidence/dolibarr-C4943.json,1168
results/subjects/dolibarr/evidence/dolibarr-C4944.json,1139
results/subjects/dolibarr/evidence/dolibarr-C4945.json,1471
results/subjects/dolibarr/evidence/dolibarr-C4946.json,1205
results/subjects/dolibarr/evidence/dolibarr-C4947.json,1209
results/subjects/dolibarr/evidence/dolibarr-C4948.json,1251
results/subjects/dolibarr/evidence/dolibarr-C4949.json,1139
results/subjects/dolibarr/evidence/dolibarr-C4950.json,1623
results/subjects/dolibarr/evidence/dolibarr-C4951.json,1241
results/subjects/dolibarr/evidence/dolibarr-C4952.json,1245
results/subjects/dolibarr/evidence/dolibarr-C4953.json,1201
results/subjects/dolibarr/evidence/dolibarr-C4954.json,1133
results/subjects/dolibarr/evidence/dolibarr-C4955.json,1134
results/subjects/dolibarr/evidence/dolibarr-C4956.json,1135
results/subjects/dolibarr/evidence/dolibarr-C4957.json,1135
results/subjects/dolibarr/evidence/dolibarr-C4958.json,1164
results/subjects/dolibarr/evidence/dolibarr-C4959.json,1164
results/subjects/dolibarr/evidence/dolibarr-C4960.json,1164
results/subjects/dolibarr/evidence/dolibarr-C4961.json,1165
results/subjects/dolibarr/evidence/dolibarr-C4962.json,1164
results/subjects/dolibarr/evidence/dolibarr-C4963.json,1164
results/subjects/dolibarr/evidence/dolibarr-C4964.json,1164
results/subjects/dolibarr/evidence/dolibarr-C4965.json,1233
results/subjects/dolibarr/evidence/dolibarr-C4966.json,1160
results/subjects/dolibarr/evidence/dolibarr-C4967.json,1235
results/subjects/dolibarr/evidence/dolibarr-C4968.json,1393
results/subjects/dolibarr/evidence/dolibarr-C4969.json,1664
results/subjects/dolibarr/evidence/dolibarr-C4970.json,2148
results/subjects/dolibarr/evidence/dolibarr-C4971.json,2252
results/subjects/dolibarr/evidence/dolibarr-C4972.json,1442
results/subjects/dolibarr/evidence/dolibarr-C4973.json,1597
results/subjects/dolibarr/evidence/dolibarr-C4974.json,2139
results/subjects/dolibarr/evidence/dolibarr-C4975.json,2184
results/subjects/dolibarr/evidence/dolibarr-C4976.json,2031
results/subjects/dolibarr/evidence/dolibarr-C4977.json,1431
results/subjects/dolibarr/evidence/dolibarr-C4978.json,1199
results/subjects/dolibarr/evidence/dolibarr-C4979.json,1728
results/subjects/dolibarr/evidence/dolibarr-C4980.json,1365
results/subjects/dolibarr/evidence/dolibarr-C4981.json,1804
results/subjects/dolibarr/evidence/dolibarr-C4982.json,1397
results/subjects/dolibarr/evidence/dolibarr-C4983.json,1799
results/subjects/dolibarr/evidence/dolibarr-C4984.json,1392
results/subjects/dolibarr/evidence/dolibarr-C4985.json,1393
results/subjects/dolibarr/evidence/dolibarr-C4986.json,1664
results/subjects/dolibarr/evidence/dolibarr-C4987.json,2192
results/subjects/dolibarr/evidence/dolibarr-C4988.json,2232
results/subjects/dolibarr/evidence/dolibarr-C4989.json,1148
results/subjects/dolibarr/evidence/dolibarr-C4990.json,1146
results/subjects/dolibarr/evidence/dolibarr-C4991.json,1147
results/subjects/dolibarr/evidence/dolibarr-C4992.json,1149
results/subjects/dolibarr/evidence/dolibarr-C4993.json,1151
results/subjects/dolibarr/evidence/dolibarr-C4994.json,1188
results/subjects/dolibarr/evidence/dolibarr-C4995.json,1114
results/subjects/dolibarr/evidence/dolibarr-C4996.json,1212
results/subjects/dolibarr/evidence/dolibarr-C4997.json,1126
results/subjects/dolibarr/evidence/dolibarr-C4998.json,1244
results/subjects/dolibarr/screening/screening.csv,1091820
results/subjects/dolibarr/syntax/syntax_php56_generic.csv,284679
results/subjects/kanboard/candidates/candidates.csv,59583
results/subjects/kanboard/characterization/login.csv,187
results/subjects/kanboard/evidence/kanboard-C0001.json,1209
results/subjects/kanboard/evidence/kanboard-C0002.json,1133
results/subjects/kanboard/evidence/kanboard-C0003.json,1127
results/subjects/kanboard/evidence/kanboard-C0004.json,1129
results/subjects/kanboard/evidence/kanboard-C0005.json,1130
results/subjects/kanboard/evidence/kanboard-C0006.json,1129
results/subjects/kanboard/evidence/kanboard-C0007.json,1195
results/subjects/kanboard/evidence/kanboard-C0008.json,1219
results/subjects/kanboard/evidence/kanboard-C0009.json,1191
results/subjects/kanboard/evidence/kanboard-C0010.json,1194
results/subjects/kanboard/evidence/kanboard-C0011.json,1200
results/subjects/kanboard/evidence/kanboard-C0012.json,1129
results/subjects/kanboard/evidence/kanboard-C0013.json,1129
results/subjects/kanboard/evidence/kanboard-C0014.json,1196
results/subjects/kanboard/evidence/kanboard-C0015.json,1124
results/subjects/kanboard/evidence/kanboard-C0016.json,1124
results/subjects/kanboard/evidence/kanboard-C0017.json,1124
results/subjects/kanboard/evidence/kanboard-C0018.json,1124
results/subjects/kanboard/evidence/kanboard-C0019.json,1125
results/subjects/kanboard/evidence/kanboard-C0020.json,1228
results/subjects/kanboard/evidence/kanboard-C0021.json,1223
results/subjects/kanboard/evidence/kanboard-C0022.json,1231
results/subjects/kanboard/evidence/kanboard-C0023.json,1154
results/subjects/kanboard/evidence/kanboard-C0024.json,1229
results/subjects/kanboard/evidence/kanboard-C0025.json,1152
results/subjects/kanboard/evidence/kanboard-C0026.json,1150
results/subjects/kanboard/evidence/kanboard-C0027.json,1158
results/subjects/kanboard/evidence/kanboard-C0028.json,1189
results/subjects/kanboard/evidence/kanboard-C0029.json,1153
results/subjects/kanboard/evidence/kanboard-C0030.json,1154
results/subjects/kanboard/evidence/kanboard-C0031.json,1154
results/subjects/kanboard/evidence/kanboard-C0032.json,1155
results/subjects/kanboard/evidence/kanboard-C0033.json,1157
results/subjects/kanboard/evidence/kanboard-C0034.json,1156
results/subjects/kanboard/evidence/kanboard-C0035.json,1129
results/subjects/kanboard/evidence/kanboard-C0036.json,1124
results/subjects/kanboard/evidence/kanboard-C0037.json,1126
results/subjects/kanboard/evidence/kanboard-C0038.json,1127
results/subjects/kanboard/evidence/kanboard-C0039.json,1126
results/subjects/kanboard/evidence/kanboard-C0040.json,1127
results/subjects/kanboard/evidence/kanboard-C0041.json,1319
results/subjects/kanboard/evidence/kanboard-C0042.json,1320
results/subjects/kanboard/evidence/kanboard-C0043.json,1127
results/subjects/kanboard/evidence/kanboard-C0044.json,1154
results/subjects/kanboard/evidence/kanboard-C0045.json,1109
results/subjects/kanboard/evidence/kanboard-C0046.json,1110
results/subjects/kanboard/evidence/kanboard-C0047.json,1110
results/subjects/kanboard/evidence/kanboard-C0048.json,1110
results/subjects/kanboard/evidence/kanboard-C0049.json,1110
results/subjects/kanboard/evidence/kanboard-C0050.json,1110
results/subjects/kanboard/evidence/kanboard-C0051.json,1109
results/subjects/kanboard/evidence/kanboard-C0052.json,1109
results/subjects/kanboard/evidence/kanboard-C0053.json,1109
results/subjects/kanboard/evidence/kanboard-C0054.json,1109
results/subjects/kanboard/evidence/kanboard-C0055.json,1113
results/subjects/kanboard/evidence/kanboard-C0056.json,1140
results/subjects/kanboard/evidence/kanboard-C0057.json,1242
results/subjects/kanboard/evidence/kanboard-C0058.json,1136
results/subjects/kanboard/evidence/kanboard-C0059.json,1256
results/subjects/kanboard/evidence/kanboard-C0060.json,1130
results/subjects/kanboard/evidence/kanboard-C0061.json,1401
results/subjects/kanboard/evidence/kanboard-C0062.json,1124
results/subjects/kanboard/evidence/kanboard-C0063.json,1124
results/subjects/kanboard/evidence/kanboard-C0064.json,1110
results/subjects/kanboard/evidence/kanboard-C0065.json,1359
results/subjects/kanboard/evidence/kanboard-C0066.json,1213
results/subjects/kanboard/evidence/kanboard-C0067.json,1604
results/subjects/kanboard/evidence/kanboard-C0068.json,1899
results/subjects/kanboard/evidence/kanboard-C0069.json,1270
results/subjects/kanboard/evidence/kanboard-C0070.json,1111
results/subjects/kanboard/evidence/kanboard-C0071.json,1121
results/subjects/kanboard/evidence/kanboard-C0072.json,1176
results/subjects/kanboard/evidence/kanboard-C0073.json,1173
results/subjects/kanboard/evidence/kanboard-C0074.json,1249
results/subjects/kanboard/evidence/kanboard-C0075.json,1215
results/subjects/kanboard/evidence/kanboard-C0076.json,1229
results/subjects/kanboard/evidence/kanboard-C0077.json,1214
results/subjects/kanboard/evidence/kanboard-C0078.json,1120
results/subjects/kanboard/evidence/kanboard-C0079.json,1186
results/subjects/kanboard/evidence/kanboard-C0080.json,1144
results/subjects/kanboard/evidence/kanboard-C0081.json,1350
results/subjects/kanboard/evidence/kanboard-C0082.json,1312
results/subjects/kanboard/evidence/kanboard-C0083.json,1680
results/subjects/kanboard/evidence/kanboard-C0084.json,1135
results/subjects/kanboard/evidence/kanboard-C0085.json,1182
results/subjects/kanboard/evidence/kanboard-C0086.json,1184
results/subjects/kanboard/evidence/kanboard-C0087.json,1206
results/subjects/kanboard/evidence/kanboard-C0088.json,1138
results/subjects/kanboard/evidence/kanboard-C0089.json,1214
results/subjects/kanboard/evidence/kanboard-C0090.json,1619
results/subjects/kanboard/evidence/kanboard-C0091.json,1185
results/subjects/kanboard/evidence/kanboard-C0092.json,1187
results/subjects/kanboard/evidence/kanboard-C0093.json,1141
results/subjects/kanboard/evidence/kanboard-C0094.json,1217
results/subjects/kanboard/evidence/kanboard-C0095.json,1767
results/subjects/kanboard/evidence/kanboard-C0096.json,1183
results/subjects/kanboard/evidence/kanboard-C0097.json,1185
results/subjects/kanboard/evidence/kanboard-C0098.json,1139
results/subjects/kanboard/evidence/kanboard-C0099.json,1215
results/subjects/kanboard/evidence/kanboard-C0100.json,1122
results/subjects/kanboard/evidence/kanboard-C0101.json,1326
results/subjects/kanboard/evidence/kanboard-C0102.json,1178
results/subjects/kanboard/evidence/kanboard-C0103.json,1214
results/subjects/kanboard/evidence/kanboard-C0104.json,1607
results/subjects/kanboard/evidence/kanboard-C0105.json,1283
results/subjects/kanboard/evidence/kanboard-C0106.json,1339
results/subjects/kanboard/evidence/kanboard-C0107.json,1401
results/subjects/kanboard/evidence/kanboard-C0108.json,1352
results/subjects/kanboard/evidence/kanboard-C0109.json,1442
results/subjects/kanboard/evidence/kanboard-C0110.json,1296
results/subjects/kanboard/evidence/kanboard-C0111.json,1670
results/subjects/kanboard/evidence/kanboard-C0112.json,1296
results/subjects/kanboard/evidence/kanboard-C0113.json,1518
results/subjects/kanboard/evidence/kanboard-C0114.json,1394
results/subjects/kanboard/evidence/kanboard-C0115.json,2236
results/subjects/kanboard/evidence/kanboard-C0116.json,1479
results/subjects/kanboard/evidence/kanboard-C0117.json,1960
results/subjects/kanboard/evidence/kanboard-C0118.json,2125
results/subjects/kanboard/evidence/kanboard-C0119.json,1355
results/subjects/kanboard/evidence/kanboard-C0120.json,2031
results/subjects/kanboard/evidence/kanboard-C0121.json,1913
results/subjects/kanboard/evidence/kanboard-C0122.json,1455
results/subjects/kanboard/evidence/kanboard-C0123.json,1390
results/subjects/kanboard/evidence/kanboard-C0124.json,1455
results/subjects/kanboard/evidence/kanboard-C0125.json,1300
results/subjects/kanboard/evidence/kanboard-C0126.json,1343
results/subjects/kanboard/evidence/kanboard-C0127.json,1558
results/subjects/kanboard/evidence/kanboard-C0128.json,1940
results/subjects/kanboard/evidence/kanboard-C0129.json,1916
results/subjects/kanboard/evidence/kanboard-C0130.json,1243
results/subjects/kanboard/evidence/kanboard-C0131.json,1803
results/subjects/kanboard/evidence/kanboard-C0132.json,1232
results/subjects/kanboard/evidence/kanboard-C0133.json,1424
results/subjects/kanboard/evidence/kanboard-C0134.json,1325
results/subjects/kanboard/evidence/kanboard-C0135.json,1280
results/subjects/kanboard/evidence/kanboard-C0136.json,1278
results/subjects/kanboard/evidence/kanboard-C0137.json,1785
results/subjects/kanboard/evidence/kanboard-C0138.json,1388
results/subjects/kanboard/evidence/kanboard-C0139.json,2147
results/subjects/kanboard/evidence/kanboard-C0140.json,1392
results/subjects/kanboard/evidence/kanboard-C0141.json,1846
results/subjects/kanboard/evidence/kanboard-C0142.json,1409
results/subjects/kanboard/evidence/kanboard-C0143.json,1294
results/subjects/kanboard/evidence/kanboard-C0144.json,1388
results/subjects/kanboard/evidence/kanboard-C0145.json,1388
results/subjects/kanboard/evidence/kanboard-C0146.json,1322
results/subjects/kanboard/evidence/kanboard-C0147.json,1325
results/subjects/kanboard/evidence/kanboard-C0148.json,1357
results/subjects/kanboard/evidence/kanboard-C0149.json,2101
results/subjects/kanboard/evidence/kanboard-C0150.json,1539
results/subjects/kanboard/evidence/kanboard-C0151.json,1538
results/subjects/kanboard/evidence/kanboard-C0152.json,1520
results/subjects/kanboard/evidence/kanboard-C0153.json,1341
results/subjects/kanboard/evidence/kanboard-C0154.json,1157
results/subjects/kanboard/evidence/kanboard-C0155.json,1157
results/subjects/kanboard/evidence/kanboard-C0156.json,1163
results/subjects/kanboard/evidence/kanboard-C0157.json,1154
results/subjects/kanboard/evidence/kanboard-C0158.json,1161
results/subjects/kanboard/evidence/kanboard-C0159.json,1155
results/subjects/kanboard/evidence/kanboard-C0160.json,1562
results/subjects/kanboard/evidence/kanboard-C0161.json,1442
results/subjects/kanboard/evidence/kanboard-C0162.json,1394
results/subjects/kanboard/evidence/kanboard-C0163.json,1193
results/subjects/kanboard/evidence/kanboard-C0164.json,1579
results/subjects/kanboard/evidence/kanboard-C0165.json,1365
results/subjects/kanboard/evidence/kanboard-C0166.json,1757
results/subjects/kanboard/evidence/kanboard-C0167.json,1881
results/subjects/kanboard/evidence/kanboard-C0168.json,1560
results/subjects/kanboard/evidence/kanboard-C0169.json,1446
results/subjects/kanboard/evidence/kanboard-C0170.json,1606
results/subjects/kanboard/evidence/kanboard-C0171.json,1715
results/subjects/kanboard/evidence/kanboard-C0172.json,1372
results/subjects/kanboard/evidence/kanboard-C0173.json,1607
results/subjects/kanboard/evidence/kanboard-C0174.json,1560
results/subjects/kanboard/evidence/kanboard-C0175.json,1607
results/subjects/kanboard/evidence/kanboard-C0176.json,1677
results/subjects/kanboard/evidence/kanboard-C0177.json,1615
results/subjects/kanboard/evidence/kanboard-C0178.json,1358
results/subjects/kanboard/evidence/kanboard-C0179.json,1587
results/subjects/kanboard/evidence/kanboard-C0180.json,1597
results/subjects/kanboard/evidence/kanboard-C0181.json,1514
results/subjects/kanboard/evidence/kanboard-C0182.json,1438
results/subjects/kanboard/evidence/kanboard-C0183.json,1358
results/subjects/kanboard/evidence/kanboard-C0184.json,1744
results/subjects/kanboard/evidence/kanboard-C0185.json,1699
results/subjects/kanboard/evidence/kanboard-C0186.json,1696
results/subjects/kanboard/evidence/kanboard-C0187.json,1328
results/subjects/kanboard/evidence/kanboard-C0188.json,1358
results/subjects/kanboard/evidence/kanboard-C0189.json,1641
results/subjects/kanboard/evidence/kanboard-C0190.json,1280
results/subjects/kanboard/evidence/kanboard-C0191.json,1794
results/subjects/kanboard/evidence/kanboard-C0192.json,1417
results/subjects/kanboard/evidence/kanboard-C0193.json,1362
results/subjects/kanboard/evidence/kanboard-C0194.json,1192
results/subjects/kanboard/evidence/kanboard-C0195.json,1662
results/subjects/kanboard/evidence/kanboard-C0196.json,1391
results/subjects/kanboard/evidence/kanboard-C0197.json,1290
results/subjects/kanboard/evidence/kanboard-C0198.json,1426
results/subjects/kanboard/evidence/kanboard-C0199.json,1340
results/subjects/kanboard/evidence/kanboard-C0200.json,1316
results/subjects/kanboard/evidence/kanboard-C0201.json,1462
results/subjects/kanboard/evidence/kanboard-C0202.json,1374
results/subjects/kanboard/evidence/kanboard-C0203.json,1538
results/subjects/kanboard/evidence/kanboard-C0204.json,1405
results/subjects/kanboard/evidence/kanboard-C0205.json,1405
results/subjects/kanboard/evidence/kanboard-C0206.json,1626
results/subjects/kanboard/evidence/kanboard-C0207.json,1753
results/subjects/kanboard/evidence/kanboard-C0208.json,1708
results/subjects/kanboard/evidence/kanboard-C0209.json,1749
results/subjects/kanboard/evidence/kanboard-C0210.json,1772
results/subjects/kanboard/evidence/kanboard-C0211.json,1365
results/subjects/kanboard/evidence/kanboard-C0212.json,1422
results/subjects/kanboard/evidence/kanboard-C0213.json,1400
results/subjects/kanboard/evidence/kanboard-C0214.json,2050
results/subjects/kanboard/evidence/kanboard-C0215.json,1545
results/subjects/kanboard/evidence/kanboard-C0216.json,1800
results/subjects/kanboard/evidence/kanboard-C0217.json,1314
results/subjects/kanboard/evidence/kanboard-C0218.json,1200
results/subjects/kanboard/evidence/kanboard-C0219.json,1308
results/subjects/kanboard/evidence/kanboard-C0220.json,1398
results/subjects/kanboard/evidence/kanboard-C0221.json,1557
results/subjects/kanboard/evidence/kanboard-C0222.json,1628
results/subjects/kanboard/evidence/kanboard-C0223.json,1282
results/subjects/kanboard/evidence/kanboard-C0224.json,1464
results/subjects/kanboard/evidence/kanboard-C0225.json,1394
results/subjects/kanboard/evidence/kanboard-C0226.json,1283
results/subjects/kanboard/evidence/kanboard-C0227.json,1514
results/subjects/kanboard/evidence/kanboard-C0228.json,1510
results/subjects/kanboard/evidence/kanboard-C0229.json,1276
results/subjects/kanboard/evidence/kanboard-C0230.json,1247
results/subjects/kanboard/evidence/kanboard-C0231.json,1515
results/subjects/kanboard/evidence/kanboard-C0232.json,1997
results/subjects/kanboard/evidence/kanboard-C0233.json,1582
results/subjects/kanboard/evidence/kanboard-C0234.json,1582
results/subjects/kanboard/evidence/kanboard-C0235.json,1582
results/subjects/kanboard/evidence/kanboard-C0236.json,1582
results/subjects/kanboard/evidence/kanboard-C0237.json,1582
results/subjects/kanboard/evidence/kanboard-C0238.json,1582
results/subjects/kanboard/evidence/kanboard-C0239.json,1582
results/subjects/kanboard/evidence/kanboard-C0240.json,1582
results/subjects/kanboard/evidence/kanboard-C0241.json,1582
results/subjects/kanboard/evidence/kanboard-C0242.json,1582
results/subjects/kanboard/evidence/kanboard-C0243.json,1582
results/subjects/kanboard/evidence/kanboard-C0244.json,1582
results/subjects/kanboard/evidence/kanboard-C0245.json,1582
results/subjects/kanboard/evidence/kanboard-C0246.json,1582
results/subjects/kanboard/evidence/kanboard-C0247.json,1582
results/subjects/kanboard/evidence/kanboard-C0248.json,1582
results/subjects/kanboard/evidence/kanboard-C0249.json,1582
results/subjects/kanboard/evidence/kanboard-C0250.json,1582
results/subjects/kanboard/evidence/kanboard-C0251.json,1582
results/subjects/kanboard/evidence/kanboard-C0252.json,1610
results/subjects/kanboard/evidence/kanboard-C0253.json,1582
results/subjects/kanboard/evidence/kanboard-C0254.json,1582
results/subjects/kanboard/evidence/kanboard-C0255.json,1582
results/subjects/kanboard/evidence/kanboard-C0256.json,1582
results/subjects/kanboard/evidence/kanboard-C0257.json,1582
results/subjects/kanboard/evidence/kanboard-C0258.json,1582
results/subjects/kanboard/evidence/kanboard-C0259.json,1587
results/subjects/kanboard/evidence/kanboard-C0260.json,1582
results/subjects/kanboard/evidence/kanboard-C0261.json,1582
results/subjects/kanboard/evidence/kanboard-C0262.json,1582
results/subjects/kanboard/evidence/kanboard-C0263.json,1582
results/subjects/kanboard/evidence/kanboard-C0264.json,1582
results/subjects/kanboard/evidence/kanboard-C0265.json,1582
results/subjects/kanboard/evidence/kanboard-C0266.json,1582
results/subjects/kanboard/evidence/kanboard-C0267.json,1111
results/subjects/kanboard/evidence/kanboard-C0268.json,1110
results/subjects/kanboard/evidence/kanboard-C0269.json,1206
results/subjects/kanboard/oracle/login_coverage.csv,41504
results/subjects/kanboard/screening/screening.csv,53972
results/subjects/kanboard/syntax/syntax_php56_generic.csv,32995
results/subjects/kanboard/syntax/syntax_php72_generic.csv,32751
results/subjects/opencart/candidates/candidates.csv,156983
results/subjects/opencart/evidence/opencart-C0001.json,1183
results/subjects/opencart/evidence/opencart-C0002.json,1117
results/subjects/opencart/evidence/opencart-C0003.json,1184
results/subjects/opencart/evidence/opencart-C0004.json,1206
results/subjects/opencart/evidence/opencart-C0005.json,1177
results/subjects/opencart/evidence/opencart-C0006.json,1114
results/subjects/opencart/evidence/opencart-C0007.json,1115
results/subjects/opencart/evidence/opencart-C0008.json,1118
results/subjects/opencart/evidence/opencart-C0009.json,1276
results/subjects/opencart/evidence/opencart-C0010.json,1150
results/subjects/opencart/evidence/opencart-C0011.json,1149
results/subjects/opencart/evidence/opencart-C0012.json,1240
results/subjects/opencart/evidence/opencart-C0013.json,1212
results/subjects/opencart/evidence/opencart-C0014.json,1120
results/subjects/opencart/evidence/opencart-C0015.json,1188
results/subjects/opencart/evidence/opencart-C0016.json,1151
results/subjects/opencart/evidence/opencart-C0017.json,1154
results/subjects/opencart/evidence/opencart-C0018.json,1149
results/subjects/opencart/evidence/opencart-C0019.json,1148
results/subjects/opencart/evidence/opencart-C0020.json,1358
results/subjects/opencart/evidence/opencart-C0021.json,1172
results/subjects/opencart/evidence/opencart-C0022.json,1142
results/subjects/opencart/evidence/opencart-C0023.json,1171
results/subjects/opencart/evidence/opencart-C0024.json,1142
results/subjects/opencart/evidence/opencart-C0025.json,1286
results/subjects/opencart/evidence/opencart-C0026.json,1144
results/subjects/opencart/evidence/opencart-C0027.json,1144
results/subjects/opencart/evidence/opencart-C0028.json,1119
results/subjects/opencart/evidence/opencart-C0029.json,1121
results/subjects/opencart/evidence/opencart-C0030.json,1231
results/subjects/opencart/evidence/opencart-C0031.json,1156
results/subjects/opencart/evidence/opencart-C0032.json,1127
results/subjects/opencart/evidence/opencart-C0033.json,1233
results/subjects/opencart/evidence/opencart-C0034.json,1158
results/subjects/opencart/evidence/opencart-C0035.json,1129
results/subjects/opencart/evidence/opencart-C0036.json,1523
results/subjects/opencart/evidence/opencart-C0037.json,1124
results/subjects/opencart/evidence/opencart-C0038.json,1125
results/subjects/opencart/evidence/opencart-C0039.json,1125
results/subjects/opencart/evidence/opencart-C0040.json,1155
results/subjects/opencart/evidence/opencart-C0041.json,1125
results/subjects/opencart/evidence/opencart-C0042.json,1154
results/subjects/opencart/evidence/opencart-C0043.json,1227
results/subjects/opencart/evidence/opencart-C0044.json,1157
results/subjects/opencart/evidence/opencart-C0045.json,1195
results/subjects/opencart/evidence/opencart-C0046.json,1152
results/subjects/opencart/evidence/opencart-C0047.json,1135
results/subjects/opencart/evidence/opencart-C0048.json,1140
results/subjects/opencart/evidence/opencart-C0049.json,1132
results/subjects/opencart/evidence/opencart-C0050.json,1132
results/subjects/opencart/evidence/opencart-C0051.json,1143
results/subjects/opencart/evidence/opencart-C0052.json,1143
results/subjects/opencart/evidence/opencart-C0053.json,1143
results/subjects/opencart/evidence/opencart-C0054.json,1143
results/subjects/opencart/evidence/opencart-C0055.json,1131
results/subjects/opencart/evidence/opencart-C0056.json,1132
results/subjects/opencart/evidence/opencart-C0057.json,1132
results/subjects/opencart/evidence/opencart-C0058.json,1132
results/subjects/opencart/evidence/opencart-C0059.json,1133
results/subjects/opencart/evidence/opencart-C0060.json,1135
results/subjects/opencart/evidence/opencart-C0061.json,1135
results/subjects/opencart/evidence/opencart-C0062.json,1132
results/subjects/opencart/evidence/opencart-C0063.json,1132
results/subjects/opencart/evidence/opencart-C0064.json,1141
results/subjects/opencart/evidence/opencart-C0065.json,1141
results/subjects/opencart/evidence/opencart-C0066.json,1141
results/subjects/opencart/evidence/opencart-C0067.json,1141
results/subjects/opencart/evidence/opencart-C0068.json,1142
results/subjects/opencart/evidence/opencart-C0069.json,1143
results/subjects/opencart/evidence/opencart-C0070.json,1144
results/subjects/opencart/evidence/opencart-C0071.json,1143
results/subjects/opencart/evidence/opencart-C0072.json,1134
results/subjects/opencart/evidence/opencart-C0073.json,1136
results/subjects/opencart/evidence/opencart-C0074.json,1138
results/subjects/opencart/evidence/opencart-C0075.json,1138
results/subjects/opencart/evidence/opencart-C0076.json,1133
results/subjects/opencart/evidence/opencart-C0077.json,1148
results/subjects/opencart/evidence/opencart-C0078.json,1150
results/subjects/opencart/evidence/opencart-C0079.json,1144
results/subjects/opencart/evidence/opencart-C0080.json,1150
results/subjects/opencart/evidence/opencart-C0081.json,1151
results/subjects/opencart/evidence/opencart-C0082.json,1145
results/subjects/opencart/evidence/opencart-C0083.json,1146
results/subjects/opencart/evidence/opencart-C0084.json,1147
results/subjects/opencart/evidence/opencart-C0085.json,1145
results/subjects/opencart/evidence/opencart-C0086.json,1191
results/subjects/opencart/evidence/opencart-C0087.json,1122
results/subjects/opencart/evidence/opencart-C0088.json,1248
results/subjects/opencart/evidence/opencart-C0089.json,1248
results/subjects/opencart/evidence/opencart-C0090.json,1220
results/subjects/opencart/evidence/opencart-C0091.json,1219
results/subjects/opencart/evidence/opencart-C0092.json,1220
results/subjects/opencart/evidence/opencart-C0093.json,1220
results/subjects/opencart/evidence/opencart-C0094.json,1250
results/subjects/opencart/evidence/opencart-C0095.json,1250
results/subjects/opencart/evidence/opencart-C0096.json,1220
results/subjects/opencart/evidence/opencart-C0097.json,1220
results/subjects/opencart/evidence/opencart-C0098.json,1122
results/subjects/opencart/evidence/opencart-C0099.json,1220
results/subjects/opencart/evidence/opencart-C0100.json,1220
results/subjects/opencart/evidence/opencart-C0101.json,1218
results/subjects/opencart/evidence/opencart-C0102.json,1220
results/subjects/opencart/evidence/opencart-C0103.json,1220
results/subjects/opencart/evidence/opencart-C0104.json,1909
results/subjects/opencart/evidence/opencart-C0105.json,1129
results/subjects/opencart/evidence/opencart-C0106.json,1131
results/subjects/opencart/evidence/opencart-C0107.json,1129
results/subjects/opencart/evidence/opencart-C0108.json,1131
results/subjects/opencart/evidence/opencart-C0109.json,1155
results/subjects/opencart/evidence/opencart-C0110.json,1154
results/subjects/opencart/evidence/opencart-C0111.json,1155
results/subjects/opencart/evidence/opencart-C0112.json,1152
results/subjects/opencart/evidence/opencart-C0113.json,1155
results/subjects/opencart/evidence/opencart-C0114.json,1158
results/subjects/opencart/evidence/opencart-C0115.json,1155
results/subjects/opencart/evidence/opencart-C0116.json,1153
results/subjects/opencart/evidence/opencart-C0117.json,1156
results/subjects/opencart/evidence/opencart-C0118.json,1156
results/subjects/opencart/evidence/opencart-C0119.json,1156
results/subjects/opencart/evidence/opencart-C0120.json,1157
results/subjects/opencart/evidence/opencart-C0121.json,1152
results/subjects/opencart/evidence/opencart-C0122.json,1192
results/subjects/opencart/evidence/opencart-C0123.json,1153
results/subjects/opencart/evidence/opencart-C0124.json,1153
results/subjects/opencart/evidence/opencart-C0125.json,1155
results/subjects/opencart/evidence/opencart-C0126.json,1194
results/subjects/opencart/evidence/opencart-C0127.json,1164
results/subjects/opencart/evidence/opencart-C0128.json,1166
results/subjects/opencart/evidence/opencart-C0129.json,1137
results/subjects/opencart/evidence/opencart-C0130.json,1168
results/subjects/opencart/evidence/opencart-C0131.json,1168
results/subjects/opencart/evidence/opencart-C0132.json,1163
results/subjects/opencart/evidence/opencart-C0133.json,1163
results/subjects/opencart/evidence/opencart-C0134.json,1172
results/subjects/opencart/evidence/opencart-C0135.json,1174
results/subjects/opencart/evidence/opencart-C0136.json,1170
results/subjects/opencart/evidence/opencart-C0137.json,1172
results/subjects/opencart/evidence/opencart-C0138.json,1433
results/subjects/opencart/evidence/opencart-C0139.json,1139
results/subjects/opencart/evidence/opencart-C0140.json,1318
results/subjects/opencart/evidence/opencart-C0141.json,1270
results/subjects/opencart/evidence/opencart-C0142.json,1170
results/subjects/opencart/evidence/opencart-C0143.json,1266
results/subjects/opencart/evidence/opencart-C0144.json,1266
results/subjects/opencart/evidence/opencart-C0145.json,1208
results/subjects/opencart/evidence/opencart-C0146.json,1137
results/subjects/opencart/evidence/opencart-C0147.json,1169
results/subjects/opencart/evidence/opencart-C0148.json,1164
results/subjects/opencart/evidence/opencart-C0149.json,1250
results/subjects/opencart/evidence/opencart-C0150.json,1210
results/subjects/opencart/evidence/opencart-C0151.json,1146
results/subjects/opencart/evidence/opencart-C0152.json,1223
results/subjects/opencart/evidence/opencart-C0153.json,1167
results/subjects/opencart/evidence/opencart-C0154.json,1234
results/subjects/opencart/evidence/opencart-C0155.json,1164
results/subjects/opencart/evidence/opencart-C0156.json,1136
results/subjects/opencart/evidence/opencart-C0157.json,1162
results/subjects/opencart/evidence/opencart-C0158.json,1174
results/subjects/opencart/evidence/opencart-C0159.json,1145
results/subjects/opencart/evidence/opencart-C0160.json,1210
results/subjects/opencart/evidence/opencart-C0161.json,1182
results/subjects/opencart/evidence/opencart-C0162.json,1172
results/subjects/opencart/evidence/opencart-C0163.json,1172
results/subjects/opencart/evidence/opencart-C0164.json,1209
results/subjects/opencart/evidence/opencart-C0165.json,1143
results/subjects/opencart/evidence/opencart-C0166.json,1171
results/subjects/opencart/evidence/opencart-C0167.json,1164
results/subjects/opencart/evidence/opencart-C0168.json,1165
results/subjects/opencart/evidence/opencart-C0169.json,1163
results/subjects/opencart/evidence/opencart-C0170.json,1170
results/subjects/opencart/evidence/opencart-C0171.json,1204
results/subjects/opencart/evidence/opencart-C0172.json,1139
results/subjects/opencart/evidence/opencart-C0173.json,1167
results/subjects/opencart/evidence/opencart-C0174.json,1207
results/subjects/opencart/evidence/opencart-C0175.json,1179
results/subjects/opencart/evidence/opencart-C0176.json,1172
results/subjects/opencart/evidence/opencart-C0177.json,1144
results/subjects/opencart/evidence/opencart-C0178.json,1144
results/subjects/opencart/evidence/opencart-C0179.json,1172
results/subjects/opencart/evidence/opencart-C0180.json,1144
results/subjects/opencart/evidence/opencart-C0181.json,1173
results/subjects/opencart/evidence/opencart-C0182.json,1174
results/subjects/opencart/evidence/opencart-C0183.json,1166
results/subjects/opencart/evidence/opencart-C0184.json,1165
results/subjects/opencart/evidence/opencart-C0185.json,1167
results/subjects/opencart/evidence/opencart-C0186.json,1166
results/subjects/opencart/evidence/opencart-C0187.json,1138
results/subjects/opencart/evidence/opencart-C0188.json,1202
results/subjects/opencart/evidence/opencart-C0189.json,1166
results/subjects/opencart/evidence/opencart-C0190.json,1206
results/subjects/opencart/evidence/opencart-C0191.json,1206
results/subjects/opencart/evidence/opencart-C0192.json,1164
results/subjects/opencart/evidence/opencart-C0193.json,1164
results/subjects/opencart/evidence/opencart-C0194.json,1161
results/subjects/opencart/evidence/opencart-C0195.json,1161
results/subjects/opencart/evidence/opencart-C0196.json,1172
results/subjects/opencart/evidence/opencart-C0197.json,1172
results/subjects/opencart/evidence/opencart-C0198.json,1170
results/subjects/opencart/evidence/opencart-C0199.json,1172
results/subjects/opencart/evidence/opencart-C0200.json,1162
results/subjects/opencart/evidence/opencart-C0201.json,1162
results/subjects/opencart/evidence/opencart-C0202.json,1239
results/subjects/opencart/evidence/opencart-C0203.json,1239
results/subjects/opencart/evidence/opencart-C0204.json,1164
results/subjects/opencart/evidence/opencart-C0205.json,1162
results/subjects/opencart/evidence/opencart-C0206.json,1161
results/subjects/opencart/evidence/opencart-C0207.json,1133
results/subjects/opencart/evidence/opencart-C0208.json,1163
results/subjects/opencart/evidence/opencart-C0209.json,1135
results/subjects/opencart/evidence/opencart-C0210.json,1161
results/subjects/opencart/evidence/opencart-C0211.json,1131
results/subjects/opencart/evidence/opencart-C0212.json,1163
results/subjects/opencart/evidence/opencart-C0213.json,1162
results/subjects/opencart/evidence/opencart-C0214.json,1167
results/subjects/opencart/evidence/opencart-C0215.json,1286
results/subjects/opencart/evidence/opencart-C0216.json,1283
results/subjects/opencart/evidence/opencart-C0217.json,1132
results/subjects/opencart/evidence/opencart-C0218.json,1132
results/subjects/opencart/evidence/opencart-C0219.json,1133
results/subjects/opencart/evidence/opencart-C0220.json,1134
results/subjects/opencart/evidence/opencart-C0221.json,1127
results/subjects/opencart/evidence/opencart-C0222.json,1129
results/subjects/opencart/evidence/opencart-C0223.json,1128
results/subjects/opencart/evidence/opencart-C0224.json,1129
results/subjects/opencart/evidence/opencart-C0225.json,1130
results/subjects/opencart/evidence/opencart-C0226.json,1132
results/subjects/opencart/evidence/opencart-C0227.json,1131
results/subjects/opencart/evidence/opencart-C0228.json,1133
results/subjects/opencart/evidence/opencart-C0229.json,1129
results/subjects/opencart/evidence/opencart-C0230.json,1131
results/subjects/opencart/evidence/opencart-C0231.json,1131
results/subjects/opencart/evidence/opencart-C0232.json,1130
results/subjects/opencart/evidence/opencart-C0233.json,1131
results/subjects/opencart/evidence/opencart-C0234.json,1129
results/subjects/opencart/evidence/opencart-C0235.json,1133
results/subjects/opencart/evidence/opencart-C0236.json,1135
results/subjects/opencart/evidence/opencart-C0237.json,1122
results/subjects/opencart/evidence/opencart-C0238.json,1125
results/subjects/opencart/evidence/opencart-C0239.json,1126
results/subjects/opencart/evidence/opencart-C0240.json,1124
results/subjects/opencart/evidence/opencart-C0241.json,1126
results/subjects/opencart/evidence/opencart-C0242.json,1126
results/subjects/opencart/evidence/opencart-C0243.json,1128
results/subjects/opencart/evidence/opencart-C0244.json,1127
results/subjects/opencart/evidence/opencart-C0245.json,1129
results/subjects/opencart/evidence/opencart-C0246.json,1127
results/subjects/opencart/evidence/opencart-C0247.json,1128
results/subjects/opencart/evidence/opencart-C0248.json,1130
results/subjects/opencart/evidence/opencart-C0249.json,1131
results/subjects/opencart/evidence/opencart-C0250.json,1131
results/subjects/opencart/evidence/opencart-C0251.json,1129
results/subjects/opencart/evidence/opencart-C0252.json,1131
results/subjects/opencart/evidence/opencart-C0253.json,1137
results/subjects/opencart/evidence/opencart-C0254.json,1139
results/subjects/opencart/evidence/opencart-C0255.json,1129
results/subjects/opencart/evidence/opencart-C0256.json,1140
results/subjects/opencart/evidence/opencart-C0257.json,1138
results/subjects/opencart/evidence/opencart-C0258.json,1140
results/subjects/opencart/evidence/opencart-C0259.json,1131
results/subjects/opencart/evidence/opencart-C0260.json,1133
results/subjects/opencart/evidence/opencart-C0261.json,1141
results/subjects/opencart/evidence/opencart-C0262.json,1138
results/subjects/opencart/evidence/opencart-C0263.json,1140
results/subjects/opencart/evidence/opencart-C0264.json,1126
results/subjects/opencart/evidence/opencart-C0265.json,1132
results/subjects/opencart/evidence/opencart-C0266.json,1133
results/subjects/opencart/evidence/opencart-C0267.json,1135
results/subjects/opencart/evidence/opencart-C0268.json,1132
results/subjects/opencart/evidence/opencart-C0269.json,1131
results/subjects/opencart/evidence/opencart-C0270.json,1134
results/subjects/opencart/evidence/opencart-C0271.json,1195
results/subjects/opencart/evidence/opencart-C0272.json,1156
results/subjects/opencart/evidence/opencart-C0273.json,1156
results/subjects/opencart/evidence/opencart-C0274.json,1157
results/subjects/opencart/evidence/opencart-C0275.json,1131
results/subjects/opencart/evidence/opencart-C0276.json,1130
results/subjects/opencart/evidence/opencart-C0277.json,1136
results/subjects/opencart/evidence/opencart-C0278.json,1130
results/subjects/opencart/evidence/opencart-C0279.json,1129
results/subjects/opencart/evidence/opencart-C0280.json,1130
results/subjects/opencart/evidence/opencart-C0281.json,1127
results/subjects/opencart/evidence/opencart-C0282.json,1208
results/subjects/opencart/evidence/opencart-C0283.json,1207
results/subjects/opencart/evidence/opencart-C0284.json,1161
results/subjects/opencart/evidence/opencart-C0285.json,1160
results/subjects/opencart/evidence/opencart-C0286.json,1160
results/subjects/opencart/evidence/opencart-C0287.json,1125
results/subjects/opencart/evidence/opencart-C0288.json,1170
results/subjects/opencart/evidence/opencart-C0289.json,1142
results/subjects/opencart/evidence/opencart-C0290.json,1151
results/subjects/opencart/evidence/opencart-C0291.json,1153
results/subjects/opencart/evidence/opencart-C0292.json,1141
results/subjects/opencart/evidence/opencart-C0293.json,1139
results/subjects/opencart/evidence/opencart-C0294.json,1137
results/subjects/opencart/evidence/opencart-C0295.json,1153
results/subjects/opencart/evidence/opencart-C0296.json,1204
results/subjects/opencart/evidence/opencart-C0297.json,1171
results/subjects/opencart/evidence/opencart-C0298.json,1221
results/subjects/opencart/evidence/opencart-C0299.json,1221
results/subjects/opencart/evidence/opencart-C0300.json,1171
results/subjects/opencart/evidence/opencart-C0301.json,1223
results/subjects/opencart/evidence/opencart-C0302.json,1223
results/subjects/opencart/evidence/opencart-C0303.json,1173
results/subjects/opencart/evidence/opencart-C0304.json,1259
results/subjects/opencart/evidence/opencart-C0305.json,1259
results/subjects/opencart/evidence/opencart-C0306.json,1136
results/subjects/opencart/evidence/opencart-C0307.json,1150
results/subjects/opencart/evidence/opencart-C0308.json,1150
results/subjects/opencart/evidence/opencart-C0309.json,1151
results/subjects/opencart/evidence/opencart-C0310.json,1151
results/subjects/opencart/evidence/opencart-C0311.json,1150
results/subjects/opencart/evidence/opencart-C0312.json,1144
results/subjects/opencart/evidence/opencart-C0313.json,1145
results/subjects/opencart/evidence/opencart-C0314.json,1146
results/subjects/opencart/evidence/opencart-C0315.json,1143
results/subjects/opencart/evidence/opencart-C0316.json,1144
results/subjects/opencart/evidence/opencart-C0317.json,1140
results/subjects/opencart/evidence/opencart-C0318.json,1137
results/subjects/opencart/evidence/opencart-C0319.json,1139
results/subjects/opencart/evidence/opencart-C0320.json,1143
results/subjects/opencart/evidence/opencart-C0321.json,1150
results/subjects/opencart/evidence/opencart-C0322.json,1140
results/subjects/opencart/evidence/opencart-C0323.json,1141
results/subjects/opencart/evidence/opencart-C0324.json,1143
results/subjects/opencart/evidence/opencart-C0325.json,1150
results/subjects/opencart/evidence/opencart-C0326.json,1151
results/subjects/opencart/evidence/opencart-C0327.json,1213
results/subjects/opencart/evidence/opencart-C0328.json,1147
results/subjects/opencart/evidence/opencart-C0329.json,1179
results/subjects/opencart/evidence/opencart-C0330.json,1149
results/subjects/opencart/evidence/opencart-C0331.json,1149
results/subjects/opencart/evidence/opencart-C0332.json,1150
results/subjects/opencart/evidence/opencart-C0333.json,1150
results/subjects/opencart/evidence/opencart-C0334.json,1175
results/subjects/opencart/evidence/opencart-C0335.json,1150
results/subjects/opencart/evidence/opencart-C0336.json,1176
results/subjects/opencart/evidence/opencart-C0337.json,1151
results/subjects/opencart/evidence/opencart-C0338.json,1152
results/subjects/opencart/evidence/opencart-C0339.json,1152
results/subjects/opencart/evidence/opencart-C0340.json,1152
results/subjects/opencart/evidence/opencart-C0341.json,1177
results/subjects/opencart/evidence/opencart-C0342.json,1177
results/subjects/opencart/evidence/opencart-C0343.json,1179
results/subjects/opencart/evidence/opencart-C0344.json,1149
results/subjects/opencart/evidence/opencart-C0345.json,1139
results/subjects/opencart/evidence/opencart-C0346.json,1141
results/subjects/opencart/evidence/opencart-C0347.json,1141
results/subjects/opencart/evidence/opencart-C0348.json,1142
results/subjects/opencart/evidence/opencart-C0349.json,1142
results/subjects/opencart/evidence/opencart-C0350.json,1213
results/subjects/opencart/evidence/opencart-C0351.json,1145
results/subjects/opencart/evidence/opencart-C0352.json,1147
results/subjects/opencart/evidence/opencart-C0353.json,1177
results/subjects/opencart/evidence/opencart-C0354.json,1148
results/subjects/opencart/evidence/opencart-C0355.json,1149
results/subjects/opencart/evidence/opencart-C0356.json,1319
results/subjects/opencart/evidence/opencart-C0357.json,1144
results/subjects/opencart/evidence/opencart-C0358.json,1175
results/subjects/opencart/evidence/opencart-C0359.json,1145
results/subjects/opencart/evidence/opencart-C0360.json,1146
results/subjects/opencart/evidence/opencart-C0361.json,1195
results/subjects/opencart/evidence/opencart-C0362.json,1213
results/subjects/opencart/evidence/opencart-C0363.json,1144
results/subjects/opencart/evidence/opencart-C0364.json,1140
results/subjects/opencart/evidence/opencart-C0365.json,1147
results/subjects/opencart/evidence/opencart-C0366.json,1147
results/subjects/opencart/evidence/opencart-C0367.json,1144
results/subjects/opencart/evidence/opencart-C0368.json,1146
results/subjects/opencart/evidence/opencart-C0369.json,1138
results/subjects/opencart/evidence/opencart-C0370.json,1140
results/subjects/opencart/evidence/opencart-C0371.json,1147
results/subjects/opencart/evidence/opencart-C0372.json,1148
results/subjects/opencart/evidence/opencart-C0373.json,1146
results/subjects/opencart/evidence/opencart-C0374.json,1149
results/subjects/opencart/evidence/opencart-C0375.json,1149
results/subjects/opencart/evidence/opencart-C0376.json,1148
results/subjects/opencart/evidence/opencart-C0377.json,1149
results/subjects/opencart/evidence/opencart-C0378.json,1217
results/subjects/opencart/evidence/opencart-C0379.json,1149
results/subjects/opencart/evidence/opencart-C0380.json,1140
results/subjects/opencart/evidence/opencart-C0381.json,1142
results/subjects/opencart/evidence/opencart-C0382.json,1173
results/subjects/opencart/evidence/opencart-C0383.json,1154
results/subjects/opencart/evidence/opencart-C0384.json,1143
results/subjects/opencart/evidence/opencart-C0385.json,1144
results/subjects/opencart/evidence/opencart-C0386.json,1140
results/subjects/opencart/evidence/opencart-C0387.json,1168
results/subjects/opencart/evidence/opencart-C0388.json,1155
results/subjects/opencart/evidence/opencart-C0389.json,1154
results/subjects/opencart/evidence/opencart-C0390.json,1154
results/subjects/opencart/evidence/opencart-C0391.json,1153
results/subjects/opencart/evidence/opencart-C0392.json,1155
results/subjects/opencart/evidence/opencart-C0393.json,1155
results/subjects/opencart/evidence/opencart-C0394.json,1153
results/subjects/opencart/evidence/opencart-C0395.json,1152
results/subjects/opencart/evidence/opencart-C0396.json,1157
results/subjects/opencart/evidence/opencart-C0397.json,1156
results/subjects/opencart/evidence/opencart-C0398.json,1157
results/subjects/opencart/evidence/opencart-C0399.json,1157
results/subjects/opencart/evidence/opencart-C0400.json,1158
results/subjects/opencart/evidence/opencart-C0401.json,1156
results/subjects/opencart/evidence/opencart-C0402.json,1157
results/subjects/opencart/evidence/opencart-C0403.json,1158
results/subjects/opencart/evidence/opencart-C0404.json,1152
results/subjects/opencart/evidence/opencart-C0405.json,1152
results/subjects/opencart/evidence/opencart-C0406.json,1154
results/subjects/opencart/evidence/opencart-C0407.json,1153
results/subjects/opencart/evidence/opencart-C0408.json,1155
results/subjects/opencart/evidence/opencart-C0409.json,1155
results/subjects/opencart/evidence/opencart-C0410.json,1154
results/subjects/opencart/evidence/opencart-C0411.json,1155
results/subjects/opencart/evidence/opencart-C0412.json,1155
results/subjects/opencart/evidence/opencart-C0413.json,1152
results/subjects/opencart/evidence/opencart-C0414.json,1152
results/subjects/opencart/evidence/opencart-C0415.json,1155
results/subjects/opencart/evidence/opencart-C0416.json,1153
results/subjects/opencart/evidence/opencart-C0417.json,1154
results/subjects/opencart/evidence/opencart-C0418.json,1156
results/subjects/opencart/evidence/opencart-C0419.json,1156
results/subjects/opencart/evidence/opencart-C0420.json,1156
results/subjects/opencart/evidence/opencart-C0421.json,1164
results/subjects/opencart/evidence/opencart-C0422.json,1162
results/subjects/opencart/evidence/opencart-C0423.json,1159
results/subjects/opencart/evidence/opencart-C0424.json,1157
results/subjects/opencart/evidence/opencart-C0425.json,1159
results/subjects/opencart/evidence/opencart-C0426.json,1159
results/subjects/opencart/evidence/opencart-C0427.json,1151
results/subjects/opencart/evidence/opencart-C0428.json,1151
results/subjects/opencart/evidence/opencart-C0429.json,1152
results/subjects/opencart/evidence/opencart-C0430.json,1152
results/subjects/opencart/evidence/opencart-C0431.json,1155
results/subjects/opencart/evidence/opencart-C0432.json,1157
results/subjects/opencart/evidence/opencart-C0433.json,1159
results/subjects/opencart/evidence/opencart-C0434.json,1159
results/subjects/opencart/evidence/opencart-C0435.json,1160
results/subjects/opencart/evidence/opencart-C0436.json,1159
results/subjects/opencart/evidence/opencart-C0437.json,1159
results/subjects/opencart/evidence/opencart-C0438.json,1159
results/subjects/opencart/evidence/opencart-C0439.json,1159
results/subjects/opencart/evidence/opencart-C0440.json,1160
results/subjects/opencart/evidence/opencart-C0441.json,1163
results/subjects/opencart/evidence/opencart-C0442.json,1162
results/subjects/opencart/evidence/opencart-C0443.json,1163
results/subjects/opencart/evidence/opencart-C0444.json,1162
results/subjects/opencart/evidence/opencart-C0445.json,1164
results/subjects/opencart/evidence/opencart-C0446.json,1163
results/subjects/opencart/evidence/opencart-C0447.json,1164
results/subjects/opencart/evidence/opencart-C0448.json,1163
results/subjects/opencart/evidence/opencart-C0449.json,1164
results/subjects/opencart/evidence/opencart-C0450.json,1163
results/subjects/opencart/evidence/opencart-C0451.json,1163
results/subjects/opencart/evidence/opencart-C0452.json,1162
results/subjects/opencart/evidence/opencart-C0453.json,1160
results/subjects/opencart/evidence/opencart-C0454.json,1159
results/subjects/opencart/evidence/opencart-C0455.json,1159
results/subjects/opencart/evidence/opencart-C0456.json,1158
results/subjects/opencart/evidence/opencart-C0457.json,1163
results/subjects/opencart/evidence/opencart-C0458.json,1162
results/subjects/opencart/evidence/opencart-C0459.json,1154
results/subjects/opencart/evidence/opencart-C0460.json,1154
results/subjects/opencart/evidence/opencart-C0461.json,1157
results/subjects/opencart/evidence/opencart-C0462.json,1157
results/subjects/opencart/evidence/opencart-C0463.json,1148
results/subjects/opencart/evidence/opencart-C0464.json,1147
results/subjects/opencart/evidence/opencart-C0465.json,1150
results/subjects/opencart/evidence/opencart-C0466.json,1150
results/subjects/opencart/evidence/opencart-C0467.json,1150
results/subjects/opencart/evidence/opencart-C0468.json,1152
results/subjects/opencart/evidence/opencart-C0469.json,1151
results/subjects/opencart/evidence/opencart-C0470.json,1153
results/subjects/opencart/evidence/opencart-C0471.json,1153
results/subjects/opencart/evidence/opencart-C0472.json,1149
results/subjects/opencart/evidence/opencart-C0473.json,1150
results/subjects/opencart/evidence/opencart-C0474.json,1151
results/subjects/opencart/evidence/opencart-C0475.json,1149
results/subjects/opencart/evidence/opencart-C0476.json,1155
results/subjects/opencart/evidence/opencart-C0477.json,1150
results/subjects/opencart/evidence/opencart-C0478.json,1157
results/subjects/opencart/evidence/opencart-C0479.json,1148
results/subjects/opencart/evidence/opencart-C0480.json,1148
results/subjects/opencart/evidence/opencart-C0481.json,1149
results/subjects/opencart/evidence/opencart-C0482.json,1149
results/subjects/opencart/evidence/opencart-C0483.json,1146
results/subjects/opencart/evidence/opencart-C0484.json,1145
results/subjects/opencart/evidence/opencart-C0485.json,1286
results/subjects/opencart/evidence/opencart-C0486.json,1165
results/subjects/opencart/evidence/opencart-C0487.json,1166
results/subjects/opencart/evidence/opencart-C0488.json,1163
results/subjects/opencart/evidence/opencart-C0489.json,1162
results/subjects/opencart/evidence/opencart-C0490.json,1164
results/subjects/opencart/evidence/opencart-C0491.json,1163
results/subjects/opencart/evidence/opencart-C0492.json,1164
results/subjects/opencart/evidence/opencart-C0493.json,1163
results/subjects/opencart/evidence/opencart-C0494.json,1164
results/subjects/opencart/evidence/opencart-C0495.json,1163
results/subjects/opencart/evidence/opencart-C0496.json,1164
results/subjects/opencart/evidence/opencart-C0497.json,1162
results/subjects/opencart/evidence/opencart-C0498.json,1134
results/subjects/opencart/evidence/opencart-C0499.json,1163
results/subjects/opencart/evidence/opencart-C0500.json,1163
results/subjects/opencart/evidence/opencart-C0501.json,1163
results/subjects/opencart/evidence/opencart-C0502.json,1163
results/subjects/opencart/evidence/opencart-C0503.json,1164
results/subjects/opencart/evidence/opencart-C0504.json,1136
results/subjects/opencart/evidence/opencart-C0505.json,1165
results/subjects/opencart/evidence/opencart-C0506.json,1165
results/subjects/opencart/evidence/opencart-C0507.json,1165
results/subjects/opencart/evidence/opencart-C0508.json,1172
results/subjects/opencart/evidence/opencart-C0509.json,1144
results/subjects/opencart/evidence/opencart-C0510.json,1170
results/subjects/opencart/evidence/opencart-C0511.json,1142
results/subjects/opencart/evidence/opencart-C0512.json,1262
results/subjects/opencart/evidence/opencart-C0513.json,1129
results/subjects/opencart/evidence/opencart-C0514.json,1161
results/subjects/opencart/evidence/opencart-C0515.json,1161
results/subjects/opencart/evidence/opencart-C0516.json,1132
results/subjects/opencart/evidence/opencart-C0517.json,1167
results/subjects/opencart/evidence/opencart-C0518.json,1167
results/subjects/opencart/evidence/opencart-C0519.json,1306
results/subjects/opencart/evidence/opencart-C0520.json,1135
results/subjects/opencart/evidence/opencart-C0521.json,1165
results/subjects/opencart/evidence/opencart-C0522.json,1165
results/subjects/opencart/evidence/opencart-C0523.json,1135
results/subjects/opencart/evidence/opencart-C0524.json,1161
results/subjects/opencart/evidence/opencart-C0525.json,1160
results/subjects/opencart/evidence/opencart-C0526.json,1162
results/subjects/opencart/evidence/opencart-C0527.json,1162
results/subjects/opencart/evidence/opencart-C0528.json,1172
results/subjects/opencart/evidence/opencart-C0529.json,1170
results/subjects/opencart/evidence/opencart-C0530.json,1172
results/subjects/opencart/evidence/opencart-C0531.json,1167
results/subjects/opencart/evidence/opencart-C0532.json,1160
results/subjects/opencart/evidence/opencart-C0533.json,1172
results/subjects/opencart/evidence/opencart-C0534.json,1171
results/subjects/opencart/evidence/opencart-C0535.json,1143
results/subjects/opencart/evidence/opencart-C0536.json,1162
results/subjects/opencart/evidence/opencart-C0537.json,1164
results/subjects/opencart/evidence/opencart-C0538.json,1163
results/subjects/opencart/evidence/opencart-C0539.json,1164
results/subjects/opencart/evidence/opencart-C0540.json,1166
results/subjects/opencart/evidence/opencart-C0541.json,1169
results/subjects/opencart/evidence/opencart-C0542.json,1170
results/subjects/opencart/evidence/opencart-C0543.json,1170
results/subjects/opencart/evidence/opencart-C0544.json,1172
results/subjects/opencart/evidence/opencart-C0545.json,1144
results/subjects/opencart/evidence/opencart-C0546.json,1163
results/subjects/opencart/evidence/opencart-C0547.json,1163
results/subjects/opencart/evidence/opencart-C0548.json,1164
results/subjects/opencart/evidence/opencart-C0549.json,1165
results/subjects/opencart/evidence/opencart-C0550.json,1174
results/subjects/opencart/evidence/opencart-C0551.json,1163
results/subjects/opencart/evidence/opencart-C0552.json,1161
results/subjects/opencart/evidence/opencart-C0553.json,1161
results/subjects/opencart/evidence/opencart-C0554.json,1160
results/subjects/opencart/evidence/opencart-C0555.json,1161
results/subjects/opencart/evidence/opencart-C0556.json,1159
results/subjects/opencart/evidence/opencart-C0557.json,1161
results/subjects/opencart/evidence/opencart-C0558.json,1160
results/subjects/opencart/evidence/opencart-C0559.json,1161
results/subjects/opencart/evidence/opencart-C0560.json,1160
results/subjects/opencart/evidence/opencart-C0561.json,1161
results/subjects/opencart/evidence/opencart-C0562.json,1160
results/subjects/opencart/evidence/opencart-C0563.json,1290
results/subjects/opencart/evidence/opencart-C0564.json,1601
results/subjects/opencart/evidence/opencart-C0565.json,1169
results/subjects/opencart/evidence/opencart-C0566.json,1213
results/subjects/opencart/evidence/opencart-C0567.json,1247
results/subjects/opencart/evidence/opencart-C0568.json,1220
results/subjects/opencart/evidence/opencart-C0569.json,1347
results/subjects/opencart/evidence/opencart-C0570.json,1245
results/subjects/opencart/evidence/opencart-C0571.json,1132
results/subjects/opencart/evidence/opencart-C0572.json,1132
results/subjects/opencart/evidence/opencart-C0573.json,1138
results/subjects/opencart/evidence/opencart-C0574.json,1138
results/subjects/opencart/evidence/opencart-C0575.json,1131
results/subjects/opencart/evidence/opencart-C0576.json,1131
results/subjects/opencart/evidence/opencart-C0577.json,1131
results/subjects/opencart/evidence/opencart-C0578.json,1131
results/subjects/opencart/evidence/opencart-C0579.json,1131
results/subjects/opencart/evidence/opencart-C0580.json,1131
results/subjects/opencart/evidence/opencart-C0581.json,1129
results/subjects/opencart/evidence/opencart-C0582.json,1129
results/subjects/opencart/evidence/opencart-C0583.json,1134
results/subjects/opencart/evidence/opencart-C0584.json,1134
results/subjects/opencart/evidence/opencart-C0585.json,1134
results/subjects/opencart/evidence/opencart-C0586.json,1135
results/subjects/opencart/evidence/opencart-C0587.json,1135
results/subjects/opencart/evidence/opencart-C0588.json,1135
results/subjects/opencart/evidence/opencart-C0589.json,1129
results/subjects/opencart/evidence/opencart-C0590.json,1129
results/subjects/opencart/evidence/opencart-C0591.json,1129
results/subjects/opencart/evidence/opencart-C0592.json,1128
results/subjects/opencart/evidence/opencart-C0593.json,1129
results/subjects/opencart/evidence/opencart-C0594.json,1130
results/subjects/opencart/evidence/opencart-C0595.json,1130
results/subjects/opencart/evidence/opencart-C0596.json,1130
results/subjects/opencart/evidence/opencart-C0597.json,1132
results/subjects/opencart/evidence/opencart-C0598.json,1132
results/subjects/opencart/evidence/opencart-C0599.json,1132
results/subjects/opencart/evidence/opencart-C0600.json,1132
results/subjects/opencart/evidence/opencart-C0601.json,1132
results/subjects/opencart/evidence/opencart-C0602.json,1129
results/subjects/opencart/evidence/opencart-C0603.json,1129
results/subjects/opencart/evidence/opencart-C0604.json,1129
results/subjects/opencart/evidence/opencart-C0605.json,1131
results/subjects/opencart/evidence/opencart-C0606.json,1128
results/subjects/opencart/evidence/opencart-C0607.json,1131
results/subjects/opencart/evidence/opencart-C0608.json,1133
results/subjects/opencart/evidence/opencart-C0609.json,1133
results/subjects/opencart/evidence/opencart-C0610.json,1124
results/subjects/opencart/evidence/opencart-C0611.json,1127
results/subjects/opencart/evidence/opencart-C0612.json,1129
results/subjects/opencart/evidence/opencart-C0613.json,1124
results/subjects/opencart/evidence/opencart-C0614.json,1129
results/subjects/opencart/evidence/opencart-C0615.json,1130
results/subjects/opencart/evidence/opencart-C0616.json,1131
results/subjects/opencart/evidence/opencart-C0617.json,1132
results/subjects/opencart/evidence/opencart-C0618.json,1132
results/subjects/opencart/evidence/opencart-C0619.json,1132
results/subjects/opencart/evidence/opencart-C0620.json,1132
results/subjects/opencart/evidence/opencart-C0621.json,1133
results/subjects/opencart/evidence/opencart-C0622.json,1138
results/subjects/opencart/evidence/opencart-C0623.json,1140
results/subjects/opencart/evidence/opencart-C0624.json,1138
results/subjects/opencart/evidence/opencart-C0625.json,1138
results/subjects/opencart/evidence/opencart-C0626.json,1136
results/subjects/opencart/evidence/opencart-C0627.json,1136
results/subjects/opencart/evidence/opencart-C0628.json,1136
results/subjects/opencart/evidence/opencart-C0629.json,1128
results/subjects/opencart/evidence/opencart-C0630.json,1128
results/subjects/opencart/evidence/opencart-C0631.json,1128
results/subjects/opencart/evidence/opencart-C0632.json,1128
results/subjects/opencart/evidence/opencart-C0633.json,1129
results/subjects/opencart/evidence/opencart-C0634.json,1129
results/subjects/opencart/evidence/opencart-C0635.json,1129
results/subjects/opencart/evidence/opencart-C0636.json,1126
results/subjects/opencart/evidence/opencart-C0637.json,1133
results/subjects/opencart/evidence/opencart-C0638.json,1133
results/subjects/opencart/evidence/opencart-C0639.json,1135
results/subjects/opencart/evidence/opencart-C0640.json,1135
results/subjects/opencart/evidence/opencart-C0641.json,1136
results/subjects/opencart/evidence/opencart-C0642.json,1136
results/subjects/opencart/evidence/opencart-C0643.json,1136
results/subjects/opencart/evidence/opencart-C0644.json,1136
results/subjects/opencart/evidence/opencart-C0645.json,1136
results/subjects/opencart/evidence/opencart-C0646.json,1136
results/subjects/opencart/evidence/opencart-C0647.json,1140
results/subjects/opencart/evidence/opencart-C0648.json,1140
results/subjects/opencart/evidence/opencart-C0649.json,1136
results/subjects/opencart/evidence/opencart-C0650.json,1136
results/subjects/opencart/evidence/opencart-C0651.json,1140
results/subjects/opencart/evidence/opencart-C0652.json,1140
results/subjects/opencart/evidence/opencart-C0653.json,1141
results/subjects/opencart/evidence/opencart-C0654.json,1141
results/subjects/opencart/evidence/opencart-C0655.json,1141
results/subjects/opencart/evidence/opencart-C0656.json,1141
results/subjects/opencart/evidence/opencart-C0657.json,1141
results/subjects/opencart/evidence/opencart-C0658.json,1141
results/subjects/opencart/evidence/opencart-C0659.json,1140
results/subjects/opencart/evidence/opencart-C0660.json,1140
results/subjects/opencart/evidence/opencart-C0661.json,1137
results/subjects/opencart/evidence/opencart-C0662.json,1137
results/subjects/opencart/evidence/opencart-C0663.json,1136
results/subjects/opencart/evidence/opencart-C0664.json,1136
results/subjects/opencart/evidence/opencart-C0665.json,1140
results/subjects/opencart/evidence/opencart-C0666.json,1140
results/subjects/opencart/evidence/opencart-C0667.json,1132
results/subjects/opencart/evidence/opencart-C0668.json,1132
results/subjects/opencart/evidence/opencart-C0669.json,1159
results/subjects/opencart/evidence/opencart-C0670.json,1131
results/subjects/opencart/evidence/opencart-C0671.json,1131
results/subjects/opencart/evidence/opencart-C0672.json,1131
results/subjects/opencart/evidence/opencart-C0673.json,1134
results/subjects/opencart/evidence/opencart-C0674.json,1134
results/subjects/opencart/evidence/opencart-C0675.json,1132
results/subjects/opencart/evidence/opencart-C0676.json,1133
results/subjects/opencart/evidence/opencart-C0677.json,1134
results/subjects/opencart/evidence/opencart-C0678.json,1134
results/subjects/opencart/evidence/opencart-C0679.json,1134
results/subjects/opencart/evidence/opencart-C0680.json,1135
results/subjects/opencart/evidence/opencart-C0681.json,1136
results/subjects/opencart/evidence/opencart-C0682.json,1138
results/subjects/opencart/evidence/opencart-C0683.json,1138
results/subjects/opencart/evidence/opencart-C0684.json,1138
results/subjects/opencart/evidence/opencart-C0685.json,1139
results/subjects/opencart/evidence/opencart-C0686.json,1139
results/subjects/opencart/evidence/opencart-C0687.json,1134
results/subjects/opencart/evidence/opencart-C0688.json,1134
results/subjects/opencart/evidence/opencart-C0689.json,1134
results/subjects/opencart/evidence/opencart-C0690.json,1134
results/subjects/opencart/evidence/opencart-C0691.json,1134
results/subjects/opencart/evidence/opencart-C0692.json,1135
results/subjects/opencart/evidence/opencart-C0693.json,1136
results/subjects/opencart/evidence/opencart-C0694.json,1136
results/subjects/opencart/evidence/opencart-C0695.json,1136
results/subjects/opencart/evidence/opencart-C0696.json,1126
results/subjects/opencart/evidence/opencart-C0697.json,1123
results/subjects/opencart/evidence/opencart-C0698.json,1124
results/subjects/opencart/evidence/opencart-C0699.json,1125
results/subjects/opencart/evidence/opencart-C0700.json,1126
results/subjects/opencart/evidence/opencart-C0701.json,1127
results/subjects/opencart/evidence/opencart-C0702.json,1127
results/subjects/opencart/evidence/opencart-C0703.json,1128
results/subjects/opencart/evidence/opencart-C0704.json,1129
results/subjects/opencart/evidence/opencart-C0705.json,1124
results/subjects/opencart/evidence/opencart-C0706.json,1125
results/subjects/opencart/evidence/opencart-C0707.json,1126
results/subjects/opencart/evidence/opencart-C0708.json,1126
results/subjects/opencart/evidence/opencart-C0709.json,1126
results/subjects/opencart/evidence/opencart-C0710.json,1126
results/subjects/opencart/evidence/opencart-C0711.json,1127
results/subjects/opencart/evidence/opencart-C0712.json,1127
results/subjects/opencart/evidence/opencart-C0713.json,1127
results/subjects/opencart/evidence/opencart-C0714.json,1127
results/subjects/opencart/evidence/opencart-C0715.json,1133
results/subjects/opencart/evidence/opencart-C0716.json,1133
results/subjects/opencart/evidence/opencart-C0717.json,1129
results/subjects/opencart/evidence/opencart-C0718.json,1130
results/subjects/opencart/evidence/opencart-C0719.json,1128
results/subjects/opencart/evidence/opencart-C0720.json,1128
results/subjects/opencart/evidence/opencart-C0721.json,1125
results/subjects/opencart/evidence/opencart-C0722.json,1156
results/subjects/opencart/evidence/opencart-C0723.json,1154
results/subjects/opencart/evidence/opencart-C0724.json,1155
results/subjects/opencart/evidence/opencart-C0725.json,1125
results/subjects/opencart/evidence/opencart-C0726.json,1126
results/subjects/opencart/evidence/opencart-C0727.json,1123
results/subjects/opencart/evidence/opencart-C0728.json,1123
results/subjects/opencart/evidence/opencart-C0729.json,1124
results/subjects/opencart/evidence/opencart-C0730.json,1124
results/subjects/opencart/evidence/opencart-C0731.json,1124
results/subjects/opencart/evidence/opencart-C0732.json,1135
results/subjects/opencart/evidence/opencart-C0733.json,1135
results/subjects/opencart/evidence/opencart-C0734.json,1209
results/subjects/opencart/evidence/opencart-C0735.json,1140
results/subjects/opencart/evidence/opencart-C0736.json,1141
results/subjects/opencart/evidence/opencart-C0737.json,1141
results/subjects/opencart/evidence/opencart-C0738.json,1141
results/subjects/opencart/evidence/opencart-C0739.json,1141
results/subjects/opencart/evidence/opencart-C0740.json,1141
results/subjects/opencart/evidence/opencart-C0741.json,1141
results/subjects/opencart/evidence/opencart-C0742.json,1143
results/subjects/opencart/evidence/opencart-C0743.json,1143
results/subjects/opencart/evidence/opencart-C0744.json,1143
results/subjects/opencart/evidence/opencart-C0745.json,1143
results/subjects/opencart/evidence/opencart-C0746.json,1139
results/subjects/opencart/evidence/opencart-C0747.json,1143
results/subjects/opencart/evidence/opencart-C0748.json,1143
results/subjects/opencart/evidence/opencart-C0749.json,1141
results/subjects/opencart/evidence/opencart-C0750.json,1143
results/subjects/opencart/evidence/opencart-C0751.json,1138
results/subjects/opencart/evidence/opencart-C0752.json,1140
results/subjects/opencart/evidence/opencart-C0753.json,1141
results/subjects/opencart/evidence/opencart-C0754.json,1139
results/subjects/opencart/evidence/opencart-C0755.json,1350
results/subjects/opencart/evidence/opencart-C0756.json,1141
results/subjects/opencart/evidence/opencart-C0757.json,1283
results/subjects/opencart/evidence/opencart-C0758.json,1138
results/subjects/opencart/evidence/opencart-C0759.json,1141
results/subjects/opencart/evidence/opencart-C0760.json,1139
results/subjects/opencart/evidence/opencart-C0761.json,1136
results/subjects/opencart/evidence/opencart-C0762.json,1140
results/subjects/opencart/evidence/opencart-C0763.json,1138
results/subjects/opencart/evidence/opencart-C0764.json,1142
results/subjects/opencart/evidence/opencart-C0765.json,1138
results/subjects/opencart/evidence/opencart-C0766.json,1134
results/subjects/opencart/evidence/opencart-C0767.json,1136
results/subjects/opencart/evidence/opencart-C0768.json,1138
results/subjects/opencart/evidence/opencart-C0769.json,1139
results/subjects/opencart/evidence/opencart-C0770.json,1137
results/subjects/opencart/evidence/opencart-C0771.json,1259
results/subjects/opencart/evidence/opencart-C0772.json,1139
results/subjects/opencart/evidence/opencart-C0773.json,1139
results/subjects/opencart/evidence/opencart-C0774.json,1140
results/subjects/opencart/evidence/opencart-C0775.json,1260
results/subjects/opencart/evidence/opencart-C0776.json,1141
results/subjects/opencart/evidence/opencart-C0777.json,1141
results/subjects/opencart/evidence/opencart-C0778.json,1140
results/subjects/opencart/evidence/opencart-C0779.json,1147
results/subjects/opencart/evidence/opencart-C0780.json,1149
results/subjects/opencart/evidence/opencart-C0781.json,1149
results/subjects/opencart/evidence/opencart-C0782.json,1149
results/subjects/opencart/evidence/opencart-C0783.json,1176
results/subjects/opencart/evidence/opencart-C0784.json,1147
results/subjects/opencart/evidence/opencart-C0785.json,1149
results/subjects/opencart/evidence/opencart-C0786.json,1149
results/subjects/opencart/evidence/opencart-C0787.json,1149
results/subjects/opencart/evidence/opencart-C0788.json,1145
results/subjects/opencart/evidence/opencart-C0789.json,1147
results/subjects/opencart/evidence/opencart-C0790.json,1147
results/subjects/opencart/evidence/opencart-C0791.json,1147
results/subjects/opencart/evidence/opencart-C0792.json,1174
results/subjects/opencart/evidence/opencart-C0793.json,1145
results/subjects/opencart/evidence/opencart-C0794.json,1147
results/subjects/opencart/evidence/opencart-C0795.json,1147
results/subjects/opencart/evidence/opencart-C0796.json,1147
results/subjects/opencart/evidence/opencart-C0797.json,1245
results/subjects/opencart/evidence/opencart-C0798.json,1136
results/subjects/opencart/evidence/opencart-C0799.json,1137
results/subjects/opencart/evidence/opencart-C0800.json,1139
results/subjects/opencart/evidence/opencart-C0801.json,1139
results/subjects/opencart/evidence/opencart-C0802.json,1139
results/subjects/opencart/evidence/opencart-C0803.json,1169
results/subjects/opencart/evidence/opencart-C0804.json,1169
results/subjects/opencart/evidence/opencart-C0805.json,1168
results/subjects/opencart/evidence/opencart-C0806.json,1169
results/subjects/opencart/evidence/opencart-C0807.json,1145
results/subjects/opencart/evidence/opencart-C0808.json,1136
results/subjects/opencart/evidence/opencart-C0809.json,1143
results/subjects/opencart/evidence/opencart-C0810.json,1145
results/subjects/opencart/evidence/opencart-C0811.json,1145
results/subjects/opencart/evidence/opencart-C0812.json,1145
results/subjects/opencart/evidence/opencart-C0813.json,1135
results/subjects/opencart/evidence/opencart-C0814.json,1136
results/subjects/opencart/evidence/opencart-C0815.json,1135
results/subjects/opencart/evidence/opencart-C0816.json,1136
results/subjects/opencart/evidence/opencart-C0817.json,1137
results/subjects/opencart/evidence/opencart-C0818.json,1143
results/subjects/opencart/evidence/opencart-C0819.json,1147
results/subjects/opencart/evidence/opencart-C0820.json,1149
results/subjects/opencart/evidence/opencart-C0821.json,1147
results/subjects/opencart/evidence/opencart-C0822.json,1147
results/subjects/opencart/evidence/opencart-C0823.json,1144
results/subjects/opencart/evidence/opencart-C0824.json,1145
results/subjects/opencart/evidence/opencart-C0825.json,1147
results/subjects/opencart/evidence/opencart-C0826.json,1142
results/subjects/opencart/evidence/opencart-C0827.json,1144
results/subjects/opencart/evidence/opencart-C0828.json,1140
results/subjects/opencart/evidence/opencart-C0829.json,1137
results/subjects/opencart/evidence/opencart-C0830.json,1137
results/subjects/opencart/evidence/opencart-C0831.json,1135
results/subjects/opencart/evidence/opencart-C0832.json,1140
results/subjects/opencart/evidence/opencart-C0833.json,1147
results/subjects/opencart/evidence/opencart-C0834.json,1137
results/subjects/opencart/evidence/opencart-C0835.json,1140
results/subjects/opencart/evidence/opencart-C0836.json,1147
results/subjects/opencart/evidence/opencart-C0837.json,1144
results/subjects/opencart/evidence/opencart-C0838.json,1146
results/subjects/opencart/evidence/opencart-C0839.json,1147
results/subjects/opencart/evidence/opencart-C0840.json,1146
results/subjects/opencart/evidence/opencart-C0841.json,1148
results/subjects/opencart/evidence/opencart-C0842.json,1148
results/subjects/opencart/evidence/opencart-C0843.json,1148
results/subjects/opencart/evidence/opencart-C0844.json,1148
results/subjects/opencart/evidence/opencart-C0845.json,1144
results/subjects/opencart/evidence/opencart-C0846.json,1147
results/subjects/opencart/evidence/opencart-C0847.json,1943
results/subjects/opencart/evidence/opencart-C0848.json,1203
results/subjects/opencart/evidence/opencart-C0849.json,1139
results/subjects/opencart/evidence/opencart-C0850.json,1242
results/subjects/opencart/evidence/opencart-C0851.json,1463
results/subjects/opencart/evidence/opencart-C0852.json,1480
results/subjects/opencart/evidence/opencart-C0853.json,1137
results/subjects/opencart/evidence/opencart-C0854.json,1137
results/subjects/opencart/evidence/opencart-C0855.json,1138
results/subjects/opencart/evidence/opencart-C0856.json,1139
results/subjects/opencart/evidence/opencart-C0857.json,1136
results/subjects/opencart/evidence/opencart-C0858.json,1149
results/subjects/opencart/evidence/opencart-C0859.json,1139
results/subjects/opencart/evidence/opencart-C0860.json,1141
results/subjects/opencart/evidence/opencart-C0861.json,1143
results/subjects/opencart/evidence/opencart-C0862.json,1145
results/subjects/opencart/evidence/opencart-C0863.json,1145
results/subjects/opencart/evidence/opencart-C0864.json,1147
results/subjects/opencart/evidence/opencart-C0865.json,1141
results/subjects/opencart/evidence/opencart-C0866.json,1143
results/subjects/opencart/evidence/opencart-C0867.json,1143
results/subjects/opencart/evidence/opencart-C0868.json,1144
results/subjects/opencart/evidence/opencart-C0869.json,1145
results/subjects/opencart/evidence/opencart-C0870.json,1141
results/subjects/opencart/evidence/opencart-C0871.json,1148
results/subjects/opencart/evidence/opencart-C0872.json,1137
results/subjects/opencart/evidence/opencart-C0873.json,1144
results/subjects/opencart/evidence/opencart-C0874.json,1146
results/subjects/opencart/evidence/opencart-C0875.json,1145
results/subjects/opencart/evidence/opencart-C0876.json,1146
results/subjects/opencart/evidence/opencart-C0877.json,1142
results/subjects/opencart/evidence/opencart-C0878.json,1137
results/subjects/opencart/evidence/opencart-C0879.json,1144
results/subjects/opencart/evidence/opencart-C0880.json,1145
results/subjects/opencart/evidence/opencart-C0881.json,1145
results/subjects/opencart/evidence/opencart-C0882.json,1141
results/subjects/opencart/evidence/opencart-C0883.json,1147
results/subjects/opencart/evidence/opencart-C0884.json,1147
results/subjects/opencart/evidence/opencart-C0885.json,1137
results/subjects/opencart/evidence/opencart-C0886.json,1139
results/subjects/opencart/evidence/opencart-C0887.json,1140
results/subjects/opencart/evidence/opencart-C0888.json,1141
results/subjects/opencart/evidence/opencart-C0889.json,1141
results/subjects/opencart/evidence/opencart-C0890.json,1142
results/subjects/opencart/evidence/opencart-C0891.json,1151
results/subjects/opencart/evidence/opencart-C0892.json,1142
results/subjects/opencart/evidence/opencart-C0893.json,1139
results/subjects/opencart/evidence/opencart-C0894.json,1148
results/subjects/opencart/evidence/opencart-C0895.json,1145
results/subjects/opencart/evidence/opencart-C0896.json,1146
results/subjects/opencart/evidence/opencart-C0897.json,1146
results/subjects/opencart/evidence/opencart-C0898.json,1151
results/subjects/opencart/evidence/opencart-C0899.json,1140
results/subjects/opencart/evidence/opencart-C0900.json,1148
results/subjects/opencart/evidence/opencart-C0901.json,1141
results/subjects/opencart/evidence/opencart-C0902.json,1142
results/subjects/opencart/evidence/opencart-C0903.json,1144
results/subjects/opencart/evidence/opencart-C0904.json,1139
results/subjects/opencart/evidence/opencart-C0905.json,1139
results/subjects/opencart/evidence/opencart-C0906.json,1139
results/subjects/opencart/evidence/opencart-C0907.json,1137
results/subjects/opencart/evidence/opencart-C0908.json,1146
results/subjects/opencart/evidence/opencart-C0909.json,1142
results/subjects/opencart/evidence/opencart-C0910.json,1135
results/subjects/opencart/evidence/opencart-C0911.json,1137
results/subjects/opencart/evidence/opencart-C0912.json,1136
results/subjects/opencart/evidence/opencart-C0913.json,1136
results/subjects/opencart/evidence/opencart-C0914.json,1138
results/subjects/opencart/evidence/opencart-C0915.json,1138
results/subjects/opencart/evidence/opencart-C0916.json,1260
results/subjects/opencart/evidence/opencart-C0917.json,1161
results/subjects/opencart/evidence/opencart-C0918.json,1131
results/subjects/opencart/evidence/opencart-C0919.json,1138
results/subjects/opencart/evidence/opencart-C0920.json,1137
results/subjects/opencart/evidence/opencart-C0921.json,1175
results/subjects/opencart/evidence/opencart-C0922.json,1146
results/subjects/opencart/evidence/opencart-C0923.json,1143
results/subjects/opencart/evidence/opencart-C0924.json,1144
results/subjects/opencart/evidence/opencart-C0925.json,1150
results/subjects/opencart/evidence/opencart-C0926.json,1151
results/subjects/opencart/screening/screening.csv,214337
results/subjects/opencart/syntax/syntax_php56_generic.csv,79953
results/subjects/phpbb/candidates/candidates.csv,178030
results/subjects/phpbb/evidence/phpbb-C0001.json,1103
results/subjects/phpbb/evidence/phpbb-C0002.json,1158
results/subjects/phpbb/evidence/phpbb-C0003.json,1250
results/subjects/phpbb/evidence/phpbb-C0004.json,1345
results/subjects/phpbb/evidence/phpbb-C0005.json,2084
results/subjects/phpbb/evidence/phpbb-C0006.json,1387
results/subjects/phpbb/evidence/phpbb-C0007.json,1280
results/subjects/phpbb/evidence/phpbb-C0008.json,1300
results/subjects/phpbb/evidence/phpbb-C0009.json,1231
results/subjects/phpbb/evidence/phpbb-C0010.json,1622
results/subjects/phpbb/evidence/phpbb-C0011.json,2052
results/subjects/phpbb/evidence/phpbb-C0012.json,1107
results/subjects/phpbb/evidence/phpbb-C0013.json,1124
results/subjects/phpbb/evidence/phpbb-C0014.json,1301
results/subjects/phpbb/evidence/phpbb-C0015.json,1138
results/subjects/phpbb/evidence/phpbb-C0016.json,1138
results/subjects/phpbb/evidence/phpbb-C0017.json,1121
results/subjects/phpbb/evidence/phpbb-C0018.json,1121
results/subjects/phpbb/evidence/phpbb-C0019.json,1121
results/subjects/phpbb/evidence/phpbb-C0020.json,1121
results/subjects/phpbb/evidence/phpbb-C0021.json,1121
results/subjects/phpbb/evidence/phpbb-C0022.json,1121
results/subjects/phpbb/evidence/phpbb-C0023.json,1121
results/subjects/phpbb/evidence/phpbb-C0024.json,1121
results/subjects/phpbb/evidence/phpbb-C0025.json,1209
results/subjects/phpbb/evidence/phpbb-C0026.json,1247
results/subjects/phpbb/evidence/phpbb-C0027.json,1247
results/subjects/phpbb/evidence/phpbb-C0028.json,1248
results/subjects/phpbb/evidence/phpbb-C0029.json,1125
results/subjects/phpbb/evidence/phpbb-C0030.json,1195
results/subjects/phpbb/evidence/phpbb-C0031.json,1189
results/subjects/phpbb/evidence/phpbb-C0032.json,1118
results/subjects/phpbb/evidence/phpbb-C0033.json,1111
results/subjects/phpbb/evidence/phpbb-C0034.json,1345
results/subjects/phpbb/evidence/phpbb-C0035.json,1347
results/subjects/phpbb/evidence/phpbb-C0036.json,1198
results/subjects/phpbb/evidence/phpbb-C0037.json,1197
results/subjects/phpbb/evidence/phpbb-C0038.json,1151
results/subjects/phpbb/evidence/phpbb-C0039.json,1342
results/subjects/phpbb/evidence/phpbb-C0040.json,1112
results/subjects/phpbb/evidence/phpbb-C0041.json,1112
results/subjects/phpbb/evidence/phpbb-C0042.json,1113
results/subjects/phpbb/evidence/phpbb-C0043.json,1113
results/subjects/phpbb/evidence/phpbb-C0044.json,1345
results/subjects/phpbb/evidence/phpbb-C0045.json,1237
results/subjects/phpbb/evidence/phpbb-C0046.json,1299
results/subjects/phpbb/evidence/phpbb-C0047.json,1301
results/subjects/phpbb/evidence/phpbb-C0048.json,1154
results/subjects/phpbb/evidence/phpbb-C0049.json,1297
results/subjects/phpbb/evidence/phpbb-C0050.json,1299
results/subjects/phpbb/evidence/phpbb-C0051.json,1302
results/subjects/phpbb/evidence/phpbb-C0052.json,1304
results/subjects/phpbb/evidence/phpbb-C0053.json,1301
results/subjects/phpbb/evidence/phpbb-C0054.json,1303
results/subjects/phpbb/evidence/phpbb-C0055.json,1302
results/subjects/phpbb/evidence/phpbb-C0056.json,1304
results/subjects/phpbb/evidence/phpbb-C0057.json,1113
results/subjects/phpbb/evidence/phpbb-C0058.json,1124
results/subjects/phpbb/evidence/phpbb-C0059.json,1249
results/subjects/phpbb/evidence/phpbb-C0060.json,1220
results/subjects/phpbb/evidence/phpbb-C0061.json,1290
results/subjects/phpbb/evidence/phpbb-C0062.json,1127
results/subjects/phpbb/evidence/phpbb-C0063.json,1120
results/subjects/phpbb/evidence/phpbb-C0064.json,1151
results/subjects/phpbb/evidence/phpbb-C0065.json,1130
results/subjects/phpbb/evidence/phpbb-C0066.json,1117
results/subjects/phpbb/evidence/phpbb-C0067.json,1117
results/subjects/phpbb/evidence/phpbb-C0068.json,1131
results/subjects/phpbb/evidence/phpbb-C0069.json,1104
results/subjects/phpbb/evidence/phpbb-C0070.json,1114
results/subjects/phpbb/evidence/phpbb-C0071.json,1145
results/subjects/phpbb/evidence/phpbb-C0072.json,1165
results/subjects/phpbb/evidence/phpbb-C0073.json,1119
results/subjects/phpbb/evidence/phpbb-C0074.json,1099
results/subjects/phpbb/evidence/phpbb-C0075.json,1346
results/subjects/phpbb/evidence/phpbb-C0076.json,1230
results/subjects/phpbb/evidence/phpbb-C0077.json,1118
results/subjects/phpbb/evidence/phpbb-C0078.json,1159
results/subjects/phpbb/evidence/phpbb-C0079.json,1116
results/subjects/phpbb/evidence/phpbb-C0080.json,1112
results/subjects/phpbb/evidence/phpbb-C0081.json,1119
results/subjects/phpbb/evidence/phpbb-C0082.json,1119
results/subjects/phpbb/evidence/phpbb-C0083.json,1119
results/subjects/phpbb/evidence/phpbb-C0084.json,1220
results/subjects/phpbb/evidence/phpbb-C0085.json,1115
results/subjects/phpbb/evidence/phpbb-C0086.json,1112
results/subjects/phpbb/evidence/phpbb-C0087.json,1107
results/subjects/phpbb/evidence/phpbb-C0088.json,1112
results/subjects/phpbb/evidence/phpbb-C0089.json,1114
results/subjects/phpbb/evidence/phpbb-C0090.json,1150
results/subjects/phpbb/evidence/phpbb-C0091.json,1121
results/subjects/phpbb/evidence/phpbb-C0092.json,1112
results/subjects/phpbb/evidence/phpbb-C0093.json,1112
results/subjects/phpbb/evidence/phpbb-C0094.json,1294
results/subjects/phpbb/evidence/phpbb-C0095.json,1228
results/subjects/phpbb/evidence/phpbb-C0096.json,1810
results/subjects/phpbb/evidence/phpbb-C0097.json,1211
results/subjects/phpbb/evidence/phpbb-C0098.json,1144
results/subjects/phpbb/evidence/phpbb-C0099.json,1378
results/subjects/phpbb/evidence/phpbb-C0100.json,1174
results/subjects/phpbb/evidence/phpbb-C0101.json,1207
results/subjects/phpbb/evidence/phpbb-C0102.json,1291
results/subjects/phpbb/evidence/phpbb-C0103.json,1594
results/subjects/phpbb/evidence/phpbb-C0104.json,1260
results/subjects/phpbb/evidence/phpbb-C0105.json,1160
results/subjects/phpbb/evidence/phpbb-C0106.json,1131
results/subjects/phpbb/evidence/phpbb-C0107.json,1161
results/subjects/phpbb/evidence/phpbb-C0108.json,1161
results/subjects/phpbb/evidence/phpbb-C0109.json,1161
results/subjects/phpbb/evidence/phpbb-C0110.json,1129
results/subjects/phpbb/evidence/phpbb-C0111.json,1129
results/subjects/phpbb/evidence/phpbb-C0112.json,1129
results/subjects/phpbb/evidence/phpbb-C0113.json,1190
results/subjects/phpbb/evidence/phpbb-C0114.json,1122
results/subjects/phpbb/evidence/phpbb-C0115.json,1123
results/subjects/phpbb/evidence/phpbb-C0116.json,1135
results/subjects/phpbb/evidence/phpbb-C0117.json,1153
results/subjects/phpbb/evidence/phpbb-C0118.json,1124
results/subjects/phpbb/evidence/phpbb-C0119.json,1125
results/subjects/phpbb/evidence/phpbb-C0120.json,1224
results/subjects/phpbb/evidence/phpbb-C0121.json,1119
results/subjects/phpbb/evidence/phpbb-C0122.json,1120
results/subjects/phpbb/evidence/phpbb-C0123.json,1120
results/subjects/phpbb/evidence/phpbb-C0124.json,1200
results/subjects/phpbb/evidence/phpbb-C0125.json,1123
results/subjects/phpbb/evidence/phpbb-C0126.json,1109
results/subjects/phpbb/evidence/phpbb-C0127.json,1110
results/subjects/phpbb/evidence/phpbb-C0128.json,1110
results/subjects/phpbb/evidence/phpbb-C0129.json,1397
results/subjects/phpbb/evidence/phpbb-C0130.json,1369
results/subjects/phpbb/evidence/phpbb-C0131.json,1773
results/subjects/phpbb/evidence/phpbb-C0132.json,1740
results/subjects/phpbb/evidence/phpbb-C0133.json,1252
results/subjects/phpbb/evidence/phpbb-C0134.json,1119
results/subjects/phpbb/evidence/phpbb-C0135.json,1142
results/subjects/phpbb/evidence/phpbb-C0136.json,1144
results/subjects/phpbb/evidence/phpbb-C0137.json,1181
results/subjects/phpbb/evidence/phpbb-C0138.json,1241
results/subjects/phpbb/evidence/phpbb-C0139.json,1320
results/subjects/phpbb/evidence/phpbb-C0140.json,1205
results/subjects/phpbb/evidence/phpbb-C0141.json,1140
results/subjects/phpbb/evidence/phpbb-C0142.json,1141
results/subjects/phpbb/evidence/phpbb-C0143.json,1178
results/subjects/phpbb/evidence/phpbb-C0144.json,1430
results/subjects/phpbb/evidence/phpbb-C0145.json,1179
results/subjects/phpbb/evidence/phpbb-C0146.json,1255
results/subjects/phpbb/evidence/phpbb-C0147.json,1220
results/subjects/phpbb/evidence/phpbb-C0148.json,1184
results/subjects/phpbb/evidence/phpbb-C0149.json,1274
results/subjects/phpbb/evidence/phpbb-C0150.json,1120
results/subjects/phpbb/evidence/phpbb-C0151.json,1211
results/subjects/phpbb/evidence/phpbb-C0152.json,1122
results/subjects/phpbb/evidence/phpbb-C0153.json,1273
results/subjects/phpbb/evidence/phpbb-C0154.json,1114
results/subjects/phpbb/evidence/phpbb-C0155.json,1114
results/subjects/phpbb/evidence/phpbb-C0156.json,1141
results/subjects/phpbb/evidence/phpbb-C0157.json,1144
results/subjects/phpbb/evidence/phpbb-C0158.json,1109
results/subjects/phpbb/evidence/phpbb-C0159.json,1138
results/subjects/phpbb/evidence/phpbb-C0160.json,1218
results/subjects/phpbb/evidence/phpbb-C0161.json,1324
results/subjects/phpbb/evidence/phpbb-C0162.json,1447
results/subjects/phpbb/evidence/phpbb-C0163.json,1105
results/subjects/phpbb/evidence/phpbb-C0164.json,1192
results/subjects/phpbb/evidence/phpbb-C0165.json,1158
results/subjects/phpbb/evidence/phpbb-C0166.json,2172
results/subjects/phpbb/evidence/phpbb-C0167.json,1109
results/subjects/phpbb/evidence/phpbb-C0168.json,1109
results/subjects/phpbb/evidence/phpbb-C0169.json,1109
results/subjects/phpbb/evidence/phpbb-C0170.json,1177
results/subjects/phpbb/evidence/phpbb-C0171.json,1178
results/subjects/phpbb/evidence/phpbb-C0172.json,1183
results/subjects/phpbb/evidence/phpbb-C0173.json,1263
results/subjects/phpbb/evidence/phpbb-C0174.json,1111
results/subjects/phpbb/evidence/phpbb-C0175.json,1111
results/subjects/phpbb/evidence/phpbb-C0176.json,1111
results/subjects/phpbb/evidence/phpbb-C0177.json,1111
results/subjects/phpbb/evidence/phpbb-C0178.json,1111
results/subjects/phpbb/evidence/phpbb-C0179.json,1111
results/subjects/phpbb/evidence/phpbb-C0180.json,1155
results/subjects/phpbb/evidence/phpbb-C0181.json,1111
results/subjects/phpbb/evidence/phpbb-C0182.json,1140
results/subjects/phpbb/evidence/phpbb-C0183.json,1111
results/subjects/phpbb/evidence/phpbb-C0184.json,1160
results/subjects/phpbb/evidence/phpbb-C0185.json,1111
results/subjects/phpbb/evidence/phpbb-C0186.json,1111
results/subjects/phpbb/evidence/phpbb-C0187.json,1111
results/subjects/phpbb/evidence/phpbb-C0188.json,1429
results/subjects/phpbb/evidence/phpbb-C0189.json,1140
results/subjects/phpbb/evidence/phpbb-C0190.json,1141
results/subjects/phpbb/evidence/phpbb-C0191.json,1111
results/subjects/phpbb/evidence/phpbb-C0192.json,1111
results/subjects/phpbb/evidence/phpbb-C0193.json,1157
results/subjects/phpbb/evidence/phpbb-C0194.json,1175
results/subjects/phpbb/evidence/phpbb-C0195.json,1111
results/subjects/phpbb/evidence/phpbb-C0196.json,1185
results/subjects/phpbb/evidence/phpbb-C0197.json,1112
results/subjects/phpbb/evidence/phpbb-C0198.json,1157
results/subjects/phpbb/evidence/phpbb-C0199.json,1113
results/subjects/phpbb/evidence/phpbb-C0200.json,1113
results/subjects/phpbb/evidence/phpbb-C0201.json,1853
results/subjects/phpbb/evidence/phpbb-C0202.json,1208
results/subjects/phpbb/evidence/phpbb-C0203.json,1184
results/subjects/phpbb/evidence/phpbb-C0204.json,1145
results/subjects/phpbb/evidence/phpbb-C0205.json,1182
results/subjects/phpbb/evidence/phpbb-C0206.json,1217
results/subjects/phpbb/evidence/phpbb-C0207.json,1115
results/subjects/phpbb/evidence/phpbb-C0208.json,1218
results/subjects/phpbb/evidence/phpbb-C0209.json,1188
results/subjects/phpbb/evidence/phpbb-C0210.json,1215
results/subjects/phpbb/evidence/phpbb-C0211.json,1218
results/subjects/phpbb/evidence/phpbb-C0212.json,1146
results/subjects/phpbb/evidence/phpbb-C0213.json,1146
results/subjects/phpbb/evidence/phpbb-C0214.json,1210
results/subjects/phpbb/evidence/phpbb-C0215.json,1147
results/subjects/phpbb/evidence/phpbb-C0216.json,1146
results/subjects/phpbb/evidence/phpbb-C0217.json,1189
results/subjects/phpbb/evidence/phpbb-C0218.json,1187
results/subjects/phpbb/evidence/phpbb-C0219.json,1147
results/subjects/phpbb/evidence/phpbb-C0220.json,1379
results/subjects/phpbb/evidence/phpbb-C0221.json,1146
results/subjects/phpbb/evidence/phpbb-C0222.json,1361
results/subjects/phpbb/evidence/phpbb-C0223.json,1123
results/subjects/phpbb/evidence/phpbb-C0224.json,1117
results/subjects/phpbb/evidence/phpbb-C0225.json,1118
results/subjects/phpbb/evidence/phpbb-C0226.json,1118
results/subjects/phpbb/evidence/phpbb-C0227.json,1753
results/subjects/phpbb/evidence/phpbb-C0228.json,1115
results/subjects/phpbb/evidence/phpbb-C0229.json,1147
results/subjects/phpbb/evidence/phpbb-C0230.json,1117
results/subjects/phpbb/evidence/phpbb-C0231.json,1117
results/subjects/phpbb/evidence/phpbb-C0232.json,1117
results/subjects/phpbb/evidence/phpbb-C0233.json,1117
results/subjects/phpbb/evidence/phpbb-C0234.json,1167
results/subjects/phpbb/evidence/phpbb-C0235.json,1167
results/subjects/phpbb/evidence/phpbb-C0236.json,1289
results/subjects/phpbb/evidence/phpbb-C0237.json,1119
results/subjects/phpbb/evidence/phpbb-C0238.json,1227
results/subjects/phpbb/evidence/phpbb-C0239.json,1413
results/subjects/phpbb/evidence/phpbb-C0240.json,1117
results/subjects/phpbb/evidence/phpbb-C0241.json,1117
results/subjects/phpbb/evidence/phpbb-C0242.json,1117
results/subjects/phpbb/evidence/phpbb-C0243.json,1117
results/subjects/phpbb/evidence/phpbb-C0244.json,1118
results/subjects/phpbb/evidence/phpbb-C0245.json,1186
results/subjects/phpbb/evidence/phpbb-C0246.json,1187
results/subjects/phpbb/evidence/phpbb-C0247.json,1119
results/subjects/phpbb/evidence/phpbb-C0248.json,1119
results/subjects/phpbb/evidence/phpbb-C0249.json,1187
results/subjects/phpbb/evidence/phpbb-C0250.json,1148
results/subjects/phpbb/evidence/phpbb-C0251.json,1186
results/subjects/phpbb/evidence/phpbb-C0252.json,1186
results/subjects/phpbb/evidence/phpbb-C0253.json,1194
results/subjects/phpbb/evidence/phpbb-C0254.json,1148
results/subjects/phpbb/evidence/phpbb-C0255.json,1119
results/subjects/phpbb/evidence/phpbb-C0256.json,1119
results/subjects/phpbb/evidence/phpbb-C0257.json,1187
results/subjects/phpbb/evidence/phpbb-C0258.json,1187
results/subjects/phpbb/evidence/phpbb-C0259.json,1155
results/subjects/phpbb/evidence/phpbb-C0260.json,1445
results/subjects/phpbb/evidence/phpbb-C0261.json,1167
results/subjects/phpbb/evidence/phpbb-C0262.json,1117
results/subjects/phpbb/evidence/phpbb-C0263.json,1146
results/subjects/phpbb/evidence/phpbb-C0264.json,1117
results/subjects/phpbb/evidence/phpbb-C0265.json,1119
results/subjects/phpbb/evidence/phpbb-C0266.json,1149
results/subjects/phpbb/evidence/phpbb-C0267.json,1227
results/subjects/phpbb/evidence/phpbb-C0268.json,1119
results/subjects/phpbb/evidence/phpbb-C0269.json,1119
results/subjects/phpbb/evidence/phpbb-C0270.json,1345
results/subjects/phpbb/evidence/phpbb-C0271.json,1117
results/subjects/phpbb/evidence/phpbb-C0272.json,1118
results/subjects/phpbb/evidence/phpbb-C0273.json,1192
results/subjects/phpbb/evidence/phpbb-C0274.json,1118
results/subjects/phpbb/evidence/phpbb-C0275.json,1294
results/subjects/phpbb/evidence/phpbb-C0276.json,1232
results/subjects/phpbb/evidence/phpbb-C0277.json,1116
results/subjects/phpbb/evidence/phpbb-C0278.json,1142
results/subjects/phpbb/evidence/phpbb-C0279.json,1113
results/subjects/phpbb/evidence/phpbb-C0280.json,1142
results/subjects/phpbb/evidence/phpbb-C0281.json,1143
results/subjects/phpbb/evidence/phpbb-C0282.json,1143
results/subjects/phpbb/evidence/phpbb-C0283.json,1119
results/subjects/phpbb/evidence/phpbb-C0284.json,1119
results/subjects/phpbb/evidence/phpbb-C0285.json,1119
results/subjects/phpbb/evidence/phpbb-C0286.json,1119
results/subjects/phpbb/evidence/phpbb-C0287.json,1119
results/subjects/phpbb/evidence/phpbb-C0288.json,1120
results/subjects/phpbb/evidence/phpbb-C0289.json,1121
results/subjects/phpbb/evidence/phpbb-C0290.json,1121
results/subjects/phpbb/evidence/phpbb-C0291.json,1121
results/subjects/phpbb/evidence/phpbb-C0292.json,1121
results/subjects/phpbb/evidence/phpbb-C0293.json,1276
results/subjects/phpbb/evidence/phpbb-C0294.json,1183
results/subjects/phpbb/evidence/phpbb-C0295.json,1116
results/subjects/phpbb/evidence/phpbb-C0296.json,1116
results/subjects/phpbb/evidence/phpbb-C0297.json,1116
results/subjects/phpbb/evidence/phpbb-C0298.json,1116
results/subjects/phpbb/evidence/phpbb-C0299.json,1116
results/subjects/phpbb/evidence/phpbb-C0300.json,1118
results/subjects/phpbb/evidence/phpbb-C0301.json,1675
results/subjects/phpbb/evidence/phpbb-C0302.json,1186
results/subjects/phpbb/evidence/phpbb-C0303.json,1147
results/subjects/phpbb/evidence/phpbb-C0304.json,1117
results/subjects/phpbb/evidence/phpbb-C0305.json,1117
results/subjects/phpbb/evidence/phpbb-C0306.json,1185
results/subjects/phpbb/evidence/phpbb-C0307.json,1186
results/subjects/phpbb/evidence/phpbb-C0308.json,1223
results/subjects/phpbb/evidence/phpbb-C0309.json,1396
results/subjects/phpbb/evidence/phpbb-C0310.json,1252
results/subjects/phpbb/evidence/phpbb-C0311.json,1119
results/subjects/phpbb/evidence/phpbb-C0312.json,1902
results/subjects/phpbb/evidence/phpbb-C0313.json,1194
results/subjects/phpbb/evidence/phpbb-C0314.json,1188
results/subjects/phpbb/evidence/phpbb-C0315.json,1263
results/subjects/phpbb/evidence/phpbb-C0316.json,1432
results/subjects/phpbb/evidence/phpbb-C0317.json,1218
results/subjects/phpbb/evidence/phpbb-C0318.json,1254
results/subjects/phpbb/evidence/phpbb-C0319.json,1252
results/subjects/phpbb/evidence/phpbb-C0320.json,1192
results/subjects/phpbb/evidence/phpbb-C0321.json,1252
results/subjects/phpbb/evidence/phpbb-C0322.json,1188
results/subjects/phpbb/evidence/phpbb-C0323.json,1150
results/subjects/phpbb/evidence/phpbb-C0324.json,1118
results/subjects/phpbb/evidence/phpbb-C0325.json,1684
results/subjects/phpbb/evidence/phpbb-C0326.json,1190
results/subjects/phpbb/evidence/phpbb-C0327.json,1177
results/subjects/phpbb/evidence/phpbb-C0328.json,1198
results/subjects/phpbb/evidence/phpbb-C0329.json,1216
results/subjects/phpbb/evidence/phpbb-C0330.json,1224
results/subjects/phpbb/evidence/phpbb-C0331.json,1183
results/subjects/phpbb/evidence/phpbb-C0332.json,1146
results/subjects/phpbb/evidence/phpbb-C0333.json,1116
results/subjects/phpbb/evidence/phpbb-C0334.json,1116
results/subjects/phpbb/evidence/phpbb-C0335.json,1146
results/subjects/phpbb/evidence/phpbb-C0336.json,1116
results/subjects/phpbb/evidence/phpbb-C0337.json,1183
results/subjects/phpbb/evidence/phpbb-C0338.json,1116
results/subjects/phpbb/evidence/phpbb-C0339.json,1184
results/subjects/phpbb/evidence/phpbb-C0340.json,1218
results/subjects/phpbb/evidence/phpbb-C0341.json,1212
results/subjects/phpbb/evidence/phpbb-C0342.json,1240
results/subjects/phpbb/evidence/phpbb-C0343.json,1183
results/subjects/phpbb/evidence/phpbb-C0344.json,1146
results/subjects/phpbb/evidence/phpbb-C0345.json,1145
results/subjects/phpbb/evidence/phpbb-C0346.json,1212
results/subjects/phpbb/evidence/phpbb-C0347.json,1146
results/subjects/phpbb/evidence/phpbb-C0348.json,1116
results/subjects/phpbb/evidence/phpbb-C0349.json,1188
results/subjects/phpbb/evidence/phpbb-C0350.json,1145
results/subjects/phpbb/evidence/phpbb-C0351.json,1696
results/subjects/phpbb/evidence/phpbb-C0352.json,1113
results/subjects/phpbb/evidence/phpbb-C0353.json,1182
results/subjects/phpbb/evidence/phpbb-C0354.json,1381
results/subjects/phpbb/evidence/phpbb-C0355.json,1114
results/subjects/phpbb/evidence/phpbb-C0356.json,1114
results/subjects/phpbb/evidence/phpbb-C0357.json,1114
results/subjects/phpbb/evidence/phpbb-C0358.json,1116
results/subjects/phpbb/evidence/phpbb-C0359.json,1116
results/subjects/phpbb/evidence/phpbb-C0360.json,1116
results/subjects/phpbb/evidence/phpbb-C0361.json,1146
results/subjects/phpbb/evidence/phpbb-C0362.json,1338
results/subjects/phpbb/evidence/phpbb-C0363.json,1146
results/subjects/phpbb/evidence/phpbb-C0364.json,1116
results/subjects/phpbb/evidence/phpbb-C0365.json,1116
results/subjects/phpbb/evidence/phpbb-C0366.json,1471
results/subjects/phpbb/evidence/phpbb-C0367.json,1109
results/subjects/phpbb/evidence/phpbb-C0368.json,1109
results/subjects/phpbb/evidence/phpbb-C0369.json,1109
results/subjects/phpbb/evidence/phpbb-C0370.json,1109
results/subjects/phpbb/evidence/phpbb-C0371.json,1110
results/subjects/phpbb/evidence/phpbb-C0372.json,1111
results/subjects/phpbb/evidence/phpbb-C0373.json,1111
results/subjects/phpbb/evidence/phpbb-C0374.json,1111
results/subjects/phpbb/evidence/phpbb-C0375.json,1105
results/subjects/phpbb/evidence/phpbb-C0376.json,1332
results/subjects/phpbb/evidence/phpbb-C0377.json,1243
results/subjects/phpbb/evidence/phpbb-C0378.json,1209
results/subjects/phpbb/evidence/phpbb-C0379.json,1115
results/subjects/phpbb/evidence/phpbb-C0380.json,1104
results/subjects/phpbb/evidence/phpbb-C0381.json,1111
results/subjects/phpbb/evidence/phpbb-C0382.json,1103
results/subjects/phpbb/evidence/phpbb-C0383.json,1106
results/subjects/phpbb/evidence/phpbb-C0384.json,1107
results/subjects/phpbb/evidence/phpbb-C0385.json,1107
results/subjects/phpbb/evidence/phpbb-C0386.json,1108
results/subjects/phpbb/evidence/phpbb-C0387.json,1108
results/subjects/phpbb/evidence/phpbb-C0388.json,1107
results/subjects/phpbb/evidence/phpbb-C0389.json,1610
results/subjects/phpbb/evidence/phpbb-C0390.json,1103
results/subjects/phpbb/evidence/phpbb-C0391.json,1104
results/subjects/phpbb/evidence/phpbb-C0392.json,1134
results/subjects/phpbb/evidence/phpbb-C0393.json,1343
results/subjects/phpbb/evidence/phpbb-C0394.json,1203
results/subjects/phpbb/evidence/phpbb-C0395.json,1200
results/subjects/phpbb/evidence/phpbb-C0396.json,1136
results/subjects/phpbb/evidence/phpbb-C0397.json,1106
results/subjects/phpbb/evidence/phpbb-C0398.json,1135
results/subjects/phpbb/evidence/phpbb-C0399.json,1203
results/subjects/phpbb/evidence/phpbb-C0400.json,1308
results/subjects/phpbb/evidence/phpbb-C0401.json,1169
results/subjects/phpbb/evidence/phpbb-C0402.json,1202
results/subjects/phpbb/evidence/phpbb-C0403.json,1108
results/subjects/phpbb/evidence/phpbb-C0404.json,1111
results/subjects/phpbb/evidence/phpbb-C0405.json,1326
results/subjects/phpbb/evidence/phpbb-C0406.json,1113
results/subjects/phpbb/evidence/phpbb-C0407.json,1191
results/subjects/phpbb/evidence/phpbb-C0408.json,1195
results/subjects/phpbb/evidence/phpbb-C0409.json,1114
results/subjects/phpbb/evidence/phpbb-C0410.json,1114
results/subjects/phpbb/evidence/phpbb-C0411.json,1270
results/subjects/phpbb/evidence/phpbb-C0412.json,1173
results/subjects/phpbb/evidence/phpbb-C0413.json,1106
results/subjects/phpbb/evidence/phpbb-C0414.json,1136
results/subjects/phpbb/evidence/phpbb-C0415.json,1106
results/subjects/phpbb/evidence/phpbb-C0416.json,1106
results/subjects/phpbb/evidence/phpbb-C0417.json,1135
results/subjects/phpbb/evidence/phpbb-C0418.json,1135
results/subjects/phpbb/evidence/phpbb-C0419.json,1136
results/subjects/phpbb/evidence/phpbb-C0420.json,1136
results/subjects/phpbb/evidence/phpbb-C0421.json,1136
results/subjects/phpbb/evidence/phpbb-C0422.json,1136
results/subjects/phpbb/evidence/phpbb-C0423.json,1175
results/subjects/phpbb/evidence/phpbb-C0424.json,1115
results/subjects/phpbb/evidence/phpbb-C0425.json,1119
results/subjects/phpbb/evidence/phpbb-C0426.json,1119
results/subjects/phpbb/evidence/phpbb-C0427.json,1106
results/subjects/phpbb/evidence/phpbb-C0428.json,1107
results/subjects/phpbb/evidence/phpbb-C0429.json,1111
results/subjects/phpbb/evidence/phpbb-C0430.json,1111
results/subjects/phpbb/evidence/phpbb-C0431.json,1110
results/subjects/phpbb/evidence/phpbb-C0432.json,1134
results/subjects/phpbb/evidence/phpbb-C0433.json,1133
results/subjects/phpbb/evidence/phpbb-C0434.json,1135
results/subjects/phpbb/evidence/phpbb-C0435.json,1342
results/subjects/phpbb/evidence/phpbb-C0436.json,1108
results/subjects/phpbb/evidence/phpbb-C0437.json,1138
results/subjects/phpbb/evidence/phpbb-C0438.json,1108
results/subjects/phpbb/evidence/phpbb-C0439.json,1108
results/subjects/phpbb/evidence/phpbb-C0440.json,1117
results/subjects/phpbb/evidence/phpbb-C0441.json,1114
results/subjects/phpbb/evidence/phpbb-C0442.json,1114
results/subjects/phpbb/evidence/phpbb-C0443.json,1114
results/subjects/phpbb/evidence/phpbb-C0444.json,1115
results/subjects/phpbb/evidence/phpbb-C0445.json,1115
results/subjects/phpbb/evidence/phpbb-C0446.json,1115
results/subjects/phpbb/evidence/phpbb-C0447.json,1115
results/subjects/phpbb/evidence/phpbb-C0448.json,1218
results/subjects/phpbb/evidence/phpbb-C0449.json,1142
results/subjects/phpbb/evidence/phpbb-C0450.json,1143
results/subjects/phpbb/evidence/phpbb-C0451.json,1143
results/subjects/phpbb/evidence/phpbb-C0452.json,1206
results/subjects/phpbb/evidence/phpbb-C0453.json,1175
results/subjects/phpbb/evidence/phpbb-C0454.json,1176
results/subjects/phpbb/evidence/phpbb-C0455.json,1136
results/subjects/phpbb/evidence/phpbb-C0456.json,1248
results/subjects/phpbb/evidence/phpbb-C0457.json,1216
results/subjects/phpbb/evidence/phpbb-C0458.json,1134
results/subjects/phpbb/evidence/phpbb-C0459.json,1136
results/subjects/phpbb/evidence/phpbb-C0460.json,1175
results/subjects/phpbb/evidence/phpbb-C0461.json,1176
results/subjects/phpbb/evidence/phpbb-C0462.json,1135
results/subjects/phpbb/evidence/phpbb-C0463.json,1181
results/subjects/phpbb/evidence/phpbb-C0464.json,1111
results/subjects/phpbb/evidence/phpbb-C0465.json,1111
results/subjects/phpbb/evidence/phpbb-C0466.json,1109
results/subjects/phpbb/evidence/phpbb-C0467.json,1109
results/subjects/phpbb/evidence/phpbb-C0468.json,1117
results/subjects/phpbb/evidence/phpbb-C0469.json,1118
results/subjects/phpbb/evidence/phpbb-C0470.json,1118
results/subjects/phpbb/evidence/phpbb-C0471.json,1118
results/subjects/phpbb/evidence/phpbb-C0472.json,1118
results/subjects/phpbb/evidence/phpbb-C0473.json,1209
results/subjects/phpbb/evidence/phpbb-C0474.json,1117
results/subjects/phpbb/evidence/phpbb-C0475.json,1267
results/subjects/phpbb/evidence/phpbb-C0476.json,1188
results/subjects/phpbb/evidence/phpbb-C0477.json,1149
results/subjects/phpbb/evidence/phpbb-C0478.json,1187
results/subjects/phpbb/evidence/phpbb-C0479.json,1114
results/subjects/phpbb/evidence/phpbb-C0480.json,1126
results/subjects/phpbb/evidence/phpbb-C0481.json,1116
results/subjects/phpbb/evidence/phpbb-C0482.json,1143
results/subjects/phpbb/evidence/phpbb-C0483.json,1114
results/subjects/phpbb/evidence/phpbb-C0484.json,1114
results/subjects/phpbb/evidence/phpbb-C0485.json,1106
results/subjects/phpbb/evidence/phpbb-C0486.json,1270
results/subjects/phpbb/evidence/phpbb-C0487.json,1172
results/subjects/phpbb/evidence/phpbb-C0488.json,1172
results/subjects/phpbb/evidence/phpbb-C0489.json,1104
results/subjects/phpbb/evidence/phpbb-C0490.json,1104
results/subjects/phpbb/evidence/phpbb-C0491.json,1177
results/subjects/phpbb/evidence/phpbb-C0492.json,1111
results/subjects/phpbb/evidence/phpbb-C0493.json,1302
results/subjects/phpbb/evidence/phpbb-C0494.json,1118
results/subjects/phpbb/evidence/phpbb-C0495.json,1147
results/subjects/phpbb/evidence/phpbb-C0496.json,1211
results/subjects/phpbb/evidence/phpbb-C0497.json,1187
results/subjects/phpbb/evidence/phpbb-C0498.json,1147
results/subjects/phpbb/evidence/phpbb-C0499.json,1147
results/subjects/phpbb/evidence/phpbb-C0500.json,1316
results/subjects/phpbb/evidence/phpbb-C0501.json,1117
results/subjects/phpbb/evidence/phpbb-C0502.json,1117
results/subjects/phpbb/evidence/phpbb-C0503.json,1117
results/subjects/phpbb/evidence/phpbb-C0504.json,1146
results/subjects/phpbb/evidence/phpbb-C0505.json,1146
results/subjects/phpbb/evidence/phpbb-C0506.json,1146
results/subjects/phpbb/evidence/phpbb-C0507.json,1114
results/subjects/phpbb/evidence/phpbb-C0508.json,1114
results/subjects/phpbb/evidence/phpbb-C0509.json,1114
results/subjects/phpbb/evidence/phpbb-C0510.json,1114
results/subjects/phpbb/evidence/phpbb-C0511.json,1224
results/subjects/phpbb/evidence/phpbb-C0512.json,1254
results/subjects/phpbb/evidence/phpbb-C0513.json,1147
results/subjects/phpbb/evidence/phpbb-C0514.json,1193
results/subjects/phpbb/evidence/phpbb-C0515.json,1186
results/subjects/phpbb/evidence/phpbb-C0516.json,1148
results/subjects/phpbb/evidence/phpbb-C0517.json,1149
results/subjects/phpbb/evidence/phpbb-C0518.json,1189
results/subjects/phpbb/evidence/phpbb-C0519.json,1150
results/subjects/phpbb/evidence/phpbb-C0520.json,1190
results/subjects/phpbb/evidence/phpbb-C0521.json,1110
results/subjects/phpbb/evidence/phpbb-C0522.json,1112
results/subjects/phpbb/evidence/phpbb-C0523.json,1120
results/subjects/phpbb/evidence/phpbb-C0524.json,1120
results/subjects/phpbb/evidence/phpbb-C0525.json,1110
results/subjects/phpbb/evidence/phpbb-C0526.json,1202
results/subjects/phpbb/evidence/phpbb-C0527.json,1107
results/subjects/phpbb/evidence/phpbb-C0528.json,1176
results/subjects/phpbb/evidence/phpbb-C0529.json,1138
results/subjects/phpbb/evidence/phpbb-C0530.json,1338
results/subjects/phpbb/evidence/phpbb-C0531.json,1118
results/subjects/phpbb/evidence/phpbb-C0532.json,1118
results/subjects/phpbb/evidence/phpbb-C0533.json,1278
results/subjects/phpbb/evidence/phpbb-C0534.json,1246
results/subjects/phpbb/evidence/phpbb-C0535.json,1119
results/subjects/phpbb/evidence/phpbb-C0536.json,1891
results/subjects/phpbb/evidence/phpbb-C0537.json,1149
results/subjects/phpbb/evidence/phpbb-C0538.json,1380
results/subjects/phpbb/evidence/phpbb-C0539.json,1281
results/subjects/phpbb/evidence/phpbb-C0540.json,1121
results/subjects/phpbb/evidence/phpbb-C0541.json,1189
results/subjects/phpbb/evidence/phpbb-C0542.json,1150
results/subjects/phpbb/evidence/phpbb-C0543.json,1214
results/subjects/phpbb/evidence/phpbb-C0544.json,1121
results/subjects/phpbb/evidence/phpbb-C0545.json,1607
results/subjects/phpbb/evidence/phpbb-C0546.json,1121
results/subjects/phpbb/evidence/phpbb-C0547.json,1121
results/subjects/phpbb/evidence/phpbb-C0548.json,1281
results/subjects/phpbb/evidence/phpbb-C0549.json,1249
results/subjects/phpbb/evidence/phpbb-C0550.json,1232
results/subjects/phpbb/evidence/phpbb-C0551.json,1386
results/subjects/phpbb/evidence/phpbb-C0552.json,1738
results/subjects/phpbb/evidence/phpbb-C0553.json,1185
results/subjects/phpbb/evidence/phpbb-C0554.json,1119
results/subjects/phpbb/evidence/phpbb-C0555.json,1110
results/subjects/phpbb/evidence/phpbb-C0556.json,1113
results/subjects/phpbb/evidence/phpbb-C0557.json,1113
results/subjects/phpbb/evidence/phpbb-C0558.json,1113
results/subjects/phpbb/evidence/phpbb-C0559.json,1188
results/subjects/phpbb/evidence/phpbb-C0560.json,1243
results/subjects/phpbb/evidence/phpbb-C0561.json,1140
results/subjects/phpbb/evidence/phpbb-C0562.json,1140
results/subjects/phpbb/evidence/phpbb-C0563.json,1140
results/subjects/phpbb/evidence/phpbb-C0564.json,1178
results/subjects/phpbb/evidence/phpbb-C0565.json,1211
results/subjects/phpbb/evidence/phpbb-C0566.json,1194
results/subjects/phpbb/evidence/phpbb-C0567.json,1273
results/subjects/phpbb/evidence/phpbb-C0568.json,1204
results/subjects/phpbb/evidence/phpbb-C0569.json,1122
results/subjects/phpbb/evidence/phpbb-C0570.json,1122
results/subjects/phpbb/evidence/phpbb-C0571.json,1121
results/subjects/phpbb/evidence/phpbb-C0572.json,1115
results/subjects/phpbb/evidence/phpbb-C0573.json,1116
results/subjects/phpbb/evidence/phpbb-C0574.json,1116
results/subjects/phpbb/evidence/phpbb-C0575.json,1115
results/subjects/phpbb/evidence/phpbb-C0576.json,1116
results/subjects/phpbb/evidence/phpbb-C0577.json,1148
results/subjects/phpbb/evidence/phpbb-C0578.json,1120
results/subjects/phpbb/evidence/phpbb-C0579.json,1196
results/subjects/phpbb/evidence/phpbb-C0580.json,1125
results/subjects/phpbb/evidence/phpbb-C0581.json,1125
results/subjects/phpbb/evidence/phpbb-C0582.json,1196
results/subjects/phpbb/evidence/phpbb-C0583.json,1125
results/subjects/phpbb/evidence/phpbb-C0584.json,1151
results/subjects/phpbb/evidence/phpbb-C0585.json,1186
results/subjects/phpbb/evidence/phpbb-C0586.json,1152
results/subjects/phpbb/evidence/phpbb-C0587.json,1130
results/subjects/phpbb/evidence/phpbb-C0588.json,1195
results/subjects/phpbb/evidence/phpbb-C0589.json,1315
results/subjects/phpbb/evidence/phpbb-C0590.json,1189
results/subjects/phpbb/evidence/phpbb-C0591.json,1193
results/subjects/phpbb/evidence/phpbb-C0592.json,1397
results/subjects/phpbb/evidence/phpbb-C0593.json,1190
results/subjects/phpbb/evidence/phpbb-C0594.json,1119
results/subjects/phpbb/evidence/phpbb-C0595.json,1182
results/subjects/phpbb/evidence/phpbb-C0596.json,1368
results/subjects/phpbb/evidence/phpbb-C0597.json,1129
results/subjects/phpbb/evidence/phpbb-C0598.json,1260
results/subjects/phpbb/evidence/phpbb-C0599.json,1120
results/subjects/phpbb/evidence/phpbb-C0600.json,1228
results/subjects/phpbb/evidence/phpbb-C0601.json,1144
results/subjects/phpbb/evidence/phpbb-C0602.json,1144
results/subjects/phpbb/evidence/phpbb-C0603.json,1150
results/subjects/phpbb/evidence/phpbb-C0604.json,1147
results/subjects/phpbb/evidence/phpbb-C0605.json,1139
results/subjects/phpbb/evidence/phpbb-C0606.json,1364
results/subjects/phpbb/evidence/phpbb-C0607.json,1150
results/subjects/phpbb/evidence/phpbb-C0608.json,1146
results/subjects/phpbb/evidence/phpbb-C0609.json,1146
results/subjects/phpbb/evidence/phpbb-C0610.json,1142
results/subjects/phpbb/evidence/phpbb-C0611.json,1149
results/subjects/phpbb/evidence/phpbb-C0612.json,1144
results/subjects/phpbb/evidence/phpbb-C0613.json,1145
results/subjects/phpbb/evidence/phpbb-C0614.json,1254
results/subjects/phpbb/evidence/phpbb-C0615.json,1181
results/subjects/phpbb/evidence/phpbb-C0616.json,1183
results/subjects/phpbb/evidence/phpbb-C0617.json,1147
results/subjects/phpbb/evidence/phpbb-C0618.json,1167
results/subjects/phpbb/evidence/phpbb-C0619.json,1213
results/subjects/phpbb/evidence/phpbb-C0620.json,1169
results/subjects/phpbb/evidence/phpbb-C0621.json,1141
results/subjects/phpbb/evidence/phpbb-C0622.json,1170
results/subjects/phpbb/evidence/phpbb-C0623.json,1170
results/subjects/phpbb/evidence/phpbb-C0624.json,1136
results/subjects/phpbb/evidence/phpbb-C0625.json,1136
results/subjects/phpbb/evidence/phpbb-C0626.json,1114
results/subjects/phpbb/evidence/phpbb-C0627.json,1112
results/subjects/phpbb/evidence/phpbb-C0628.json,1114
results/subjects/phpbb/evidence/phpbb-C0629.json,1145
results/subjects/phpbb/evidence/phpbb-C0630.json,1117
results/subjects/phpbb/evidence/phpbb-C0631.json,1829
results/subjects/phpbb/evidence/phpbb-C0632.json,1113
results/subjects/phpbb/evidence/phpbb-C0633.json,1113
results/subjects/phpbb/evidence/phpbb-C0634.json,1143
results/subjects/phpbb/evidence/phpbb-C0635.json,1113
results/subjects/phpbb/evidence/phpbb-C0636.json,1113
results/subjects/phpbb/evidence/phpbb-C0637.json,1114
results/subjects/phpbb/evidence/phpbb-C0638.json,1597
results/subjects/phpbb/evidence/phpbb-C0639.json,1347
results/subjects/phpbb/evidence/phpbb-C0640.json,1258
results/subjects/phpbb/evidence/phpbb-C0641.json,1118
results/subjects/phpbb/evidence/phpbb-C0642.json,1147
results/subjects/phpbb/evidence/phpbb-C0643.json,1115
results/subjects/phpbb/evidence/phpbb-C0644.json,1117
results/subjects/phpbb/evidence/phpbb-C0645.json,1220
results/subjects/phpbb/evidence/phpbb-C0646.json,1111
results/subjects/phpbb/evidence/phpbb-C0647.json,1112
results/subjects/phpbb/evidence/phpbb-C0648.json,1188
results/subjects/phpbb/evidence/phpbb-C0649.json,1221
results/subjects/phpbb/evidence/phpbb-C0650.json,1112
results/subjects/phpbb/evidence/phpbb-C0651.json,1113
results/subjects/phpbb/evidence/phpbb-C0652.json,1189
results/subjects/phpbb/evidence/phpbb-C0653.json,1474
results/subjects/phpbb/evidence/phpbb-C0654.json,1111
results/subjects/phpbb/evidence/phpbb-C0655.json,1113
results/subjects/phpbb/evidence/phpbb-C0656.json,1213
results/subjects/phpbb/evidence/phpbb-C0657.json,1302
results/subjects/phpbb/evidence/phpbb-C0658.json,1223
results/subjects/phpbb/evidence/phpbb-C0659.json,1144
results/subjects/phpbb/evidence/phpbb-C0660.json,1145
results/subjects/phpbb/evidence/phpbb-C0661.json,1191
results/subjects/phpbb/evidence/phpbb-C0662.json,1254
results/subjects/phpbb/evidence/phpbb-C0663.json,1144
results/subjects/phpbb/evidence/phpbb-C0664.json,1190
results/subjects/phpbb/evidence/phpbb-C0665.json,1124
results/subjects/phpbb/evidence/phpbb-C0666.json,1319
results/subjects/phpbb/evidence/phpbb-C0667.json,1222
results/subjects/phpbb/evidence/phpbb-C0668.json,1321
results/subjects/phpbb/evidence/phpbb-C0669.json,1283
results/subjects/phpbb/evidence/phpbb-C0670.json,1201
results/subjects/phpbb/evidence/phpbb-C0671.json,1202
results/subjects/phpbb/evidence/phpbb-C0672.json,1155
results/subjects/phpbb/evidence/phpbb-C0673.json,1125
results/subjects/phpbb/evidence/phpbb-C0674.json,1476
results/subjects/phpbb/evidence/phpbb-C0675.json,1417
results/subjects/phpbb/evidence/phpbb-C0676.json,1225
results/subjects/phpbb/evidence/phpbb-C0677.json,1472
results/subjects/phpbb/evidence/phpbb-C0678.json,1381
results/subjects/phpbb/evidence/phpbb-C0679.json,1302
results/subjects/phpbb/evidence/phpbb-C0680.json,1213
results/subjects/phpbb/evidence/phpbb-C0681.json,1212
results/subjects/phpbb/evidence/phpbb-C0682.json,1155
results/subjects/phpbb/evidence/phpbb-C0683.json,1165
results/subjects/phpbb/evidence/phpbb-C0684.json,1165
results/subjects/phpbb/evidence/phpbb-C0685.json,1166
results/subjects/phpbb/evidence/phpbb-C0686.json,1125
results/subjects/phpbb/evidence/phpbb-C0687.json,1485
results/subjects/phpbb/evidence/phpbb-C0688.json,1111
results/subjects/phpbb/evidence/phpbb-C0689.json,1111
results/subjects/phpbb/evidence/phpbb-C0690.json,1312
results/subjects/phpbb/evidence/phpbb-C0691.json,1309
results/subjects/phpbb/evidence/phpbb-C0692.json,1298
results/subjects/phpbb/evidence/phpbb-C0693.json,1114
results/subjects/phpbb/evidence/phpbb-C0694.json,1114
results/subjects/phpbb/evidence/phpbb-C0695.json,1202
results/subjects/phpbb/evidence/phpbb-C0696.json,1573
results/subjects/phpbb/evidence/phpbb-C0697.json,1109
results/subjects/phpbb/evidence/phpbb-C0698.json,1242
results/subjects/phpbb/evidence/phpbb-C0699.json,1111
results/subjects/phpbb/evidence/phpbb-C0700.json,1265
results/subjects/phpbb/evidence/phpbb-C0701.json,1253
results/subjects/phpbb/evidence/phpbb-C0702.json,1197
results/subjects/phpbb/evidence/phpbb-C0703.json,1198
results/subjects/phpbb/evidence/phpbb-C0704.json,1113
results/subjects/phpbb/evidence/phpbb-C0705.json,1181
results/subjects/phpbb/evidence/phpbb-C0706.json,1143
results/subjects/phpbb/evidence/phpbb-C0707.json,1227
results/subjects/phpbb/evidence/phpbb-C0708.json,1143
results/subjects/phpbb/evidence/phpbb-C0709.json,1233
results/subjects/phpbb/evidence/phpbb-C0710.json,1228
results/subjects/phpbb/evidence/phpbb-C0711.json,1209
results/subjects/phpbb/evidence/phpbb-C0712.json,1219
results/subjects/phpbb/evidence/phpbb-C0713.json,1188
results/subjects/phpbb/evidence/phpbb-C0714.json,1193
results/subjects/phpbb/evidence/phpbb-C0715.json,1189
results/subjects/phpbb/evidence/phpbb-C0716.json,1253
results/subjects/phpbb/evidence/phpbb-C0717.json,1195
results/subjects/phpbb/evidence/phpbb-C0718.json,1155
results/subjects/phpbb/evidence/phpbb-C0719.json,1154
results/subjects/phpbb/evidence/phpbb-C0720.json,1192
results/subjects/phpbb/evidence/phpbb-C0721.json,1155
results/subjects/phpbb/evidence/phpbb-C0722.json,1195
results/subjects/phpbb/evidence/phpbb-C0723.json,1125
results/subjects/phpbb/evidence/phpbb-C0724.json,1157
results/subjects/phpbb/evidence/phpbb-C0725.json,1166
results/subjects/phpbb/evidence/phpbb-C0726.json,1203
results/subjects/phpbb/evidence/phpbb-C0727.json,1165
results/subjects/phpbb/evidence/phpbb-C0728.json,1165
results/subjects/phpbb/evidence/phpbb-C0729.json,1136
results/subjects/phpbb/evidence/phpbb-C0730.json,1167
results/subjects/phpbb/evidence/phpbb-C0731.json,1164
results/subjects/phpbb/evidence/phpbb-C0732.json,1241
results/subjects/phpbb/evidence/phpbb-C0733.json,1166
results/subjects/phpbb/evidence/phpbb-C0734.json,1157
results/subjects/phpbb/evidence/phpbb-C0735.json,1198
results/subjects/phpbb/evidence/phpbb-C0736.json,1245
results/subjects/phpbb/evidence/phpbb-C0737.json,1121
results/subjects/phpbb/evidence/phpbb-C0738.json,1220
results/subjects/phpbb/evidence/phpbb-C0739.json,1213
results/subjects/phpbb/evidence/phpbb-C0740.json,1214
results/subjects/phpbb/evidence/phpbb-C0741.json,1178
results/subjects/phpbb/evidence/phpbb-C0742.json,1179
results/subjects/phpbb/evidence/phpbb-C0743.json,1167
results/subjects/phpbb/evidence/phpbb-C0744.json,1162
results/subjects/phpbb/evidence/phpbb-C0745.json,1207
results/subjects/phpbb/evidence/phpbb-C0746.json,1208
results/subjects/phpbb/evidence/phpbb-C0747.json,1156
results/subjects/phpbb/evidence/phpbb-C0748.json,1232
results/subjects/phpbb/evidence/phpbb-C0749.json,1232
results/subjects/phpbb/evidence/phpbb-C0750.json,1128
results/subjects/phpbb/evidence/phpbb-C0751.json,1174
results/subjects/phpbb/evidence/phpbb-C0752.json,1212
results/subjects/phpbb/evidence/phpbb-C0753.json,1213
results/subjects/phpbb/evidence/phpbb-C0754.json,1139
results/subjects/phpbb/evidence/phpbb-C0755.json,1140
results/subjects/phpbb/evidence/phpbb-C0756.json,1168
results/subjects/phpbb/evidence/phpbb-C0757.json,1171
results/subjects/phpbb/evidence/phpbb-C0758.json,1121
results/subjects/phpbb/evidence/phpbb-C0759.json,1271
results/subjects/phpbb/evidence/phpbb-C0760.json,1236
results/subjects/phpbb/evidence/phpbb-C0761.json,1160
results/subjects/phpbb/evidence/phpbb-C0762.json,1157
results/subjects/phpbb/evidence/phpbb-C0763.json,1159
results/subjects/phpbb/evidence/phpbb-C0764.json,1126
results/subjects/phpbb/evidence/phpbb-C0765.json,1149
results/subjects/phpbb/evidence/phpbb-C0766.json,1191
results/subjects/phpbb/evidence/phpbb-C0767.json,1380
results/subjects/phpbb/evidence/phpbb-C0768.json,1144
results/subjects/phpbb/evidence/phpbb-C0769.json,1159
results/subjects/phpbb/evidence/phpbb-C0770.json,1210
results/subjects/phpbb/evidence/phpbb-C0771.json,1189
results/subjects/phpbb/evidence/phpbb-C0772.json,1118
results/subjects/phpbb/evidence/phpbb-C0773.json,1116
results/subjects/phpbb/evidence/phpbb-C0774.json,1116
results/subjects/phpbb/evidence/phpbb-C0775.json,1116
results/subjects/phpbb/evidence/phpbb-C0776.json,1189
results/subjects/phpbb/evidence/phpbb-C0777.json,1189
results/subjects/phpbb/evidence/phpbb-C0778.json,1146
results/subjects/phpbb/evidence/phpbb-C0779.json,1179
results/subjects/phpbb/evidence/phpbb-C0780.json,1180
results/subjects/phpbb/evidence/phpbb-C0781.json,1143
results/subjects/phpbb/evidence/phpbb-C0782.json,1114
results/subjects/phpbb/evidence/phpbb-C0783.json,1145
results/subjects/phpbb/evidence/phpbb-C0784.json,1224
results/subjects/phpbb/evidence/phpbb-C0785.json,1194
results/subjects/phpbb/evidence/phpbb-C0786.json,1122
results/subjects/phpbb/evidence/phpbb-C0787.json,1225
results/subjects/phpbb/evidence/phpbb-C0788.json,1193
results/subjects/phpbb/evidence/phpbb-C0789.json,1151
results/subjects/phpbb/evidence/phpbb-C0790.json,1158
results/subjects/phpbb/evidence/phpbb-C0791.json,1402
results/subjects/phpbb/evidence/phpbb-C0792.json,2216
results/subjects/phpbb/evidence/phpbb-C0793.json,1366
results/subjects/phpbb/evidence/phpbb-C0794.json,1207
results/subjects/phpbb/evidence/phpbb-C0795.json,1288
results/subjects/phpbb/evidence/phpbb-C0796.json,1596
results/subjects/phpbb/evidence/phpbb-C0797.json,1245
results/subjects/phpbb/evidence/phpbb-C0798.json,1649
results/subjects/phpbb/evidence/phpbb-C0799.json,1617
results/subjects/phpbb/evidence/phpbb-C0800.json,1341
results/subjects/phpbb/evidence/phpbb-C0801.json,1338
results/subjects/phpbb/evidence/phpbb-C0802.json,1274
results/subjects/phpbb/evidence/phpbb-C0803.json,1140
results/subjects/phpbb/evidence/phpbb-C0804.json,1708
results/subjects/phpbb/evidence/phpbb-C0805.json,1336
results/subjects/phpbb/evidence/phpbb-C0806.json,1232
results/subjects/phpbb/evidence/phpbb-C0807.json,1146
results/subjects/phpbb/evidence/phpbb-C0808.json,1148
results/subjects/phpbb/evidence/phpbb-C0809.json,1262
results/subjects/phpbb/evidence/phpbb-C0810.json,1118
results/subjects/phpbb/evidence/phpbb-C0811.json,1391
results/subjects/phpbb/evidence/phpbb-C0812.json,1359
results/subjects/phpbb/evidence/phpbb-C0813.json,1357
results/subjects/phpbb/evidence/phpbb-C0814.json,1156
results/subjects/phpbb/evidence/phpbb-C0815.json,1157
results/subjects/phpbb/evidence/phpbb-C0816.json,1157
results/subjects/phpbb/evidence/phpbb-C0817.json,1196
results/subjects/phpbb/evidence/phpbb-C0818.json,1129
results/subjects/phpbb/evidence/phpbb-C0819.json,1196
results/subjects/phpbb/evidence/phpbb-C0820.json,1198
results/subjects/phpbb/evidence/phpbb-C0821.json,1158
results/subjects/phpbb/evidence/phpbb-C0822.json,1129
results/subjects/phpbb/evidence/phpbb-C0823.json,1158
results/subjects/phpbb/evidence/phpbb-C0824.json,1113
results/subjects/phpbb/evidence/phpbb-C0825.json,1221
results/subjects/phpbb/evidence/phpbb-C0826.json,1156
results/subjects/phpbb/evidence/phpbb-C0827.json,1156
results/subjects/phpbb/evidence/phpbb-C0828.json,1223
results/subjects/phpbb/evidence/phpbb-C0829.json,1126
results/subjects/phpbb/evidence/phpbb-C0830.json,1783
results/subjects/phpbb/evidence/phpbb-C0831.json,1626
results/subjects/phpbb/evidence/phpbb-C0832.json,1150
results/subjects/phpbb/evidence/phpbb-C0833.json,1150
results/subjects/phpbb/evidence/phpbb-C0834.json,1295
results/subjects/phpbb/evidence/phpbb-C0835.json,1185
results/subjects/phpbb/evidence/phpbb-C0836.json,1110
results/subjects/phpbb/evidence/phpbb-C0837.json,1141
results/subjects/phpbb/evidence/phpbb-C0838.json,1221
results/subjects/phpbb/evidence/phpbb-C0839.json,1144
results/subjects/phpbb/evidence/phpbb-C0840.json,1115
results/subjects/phpbb/evidence/phpbb-C0841.json,1505
results/subjects/phpbb/evidence/phpbb-C0842.json,1260
results/subjects/phpbb/evidence/phpbb-C0843.json,1115
results/subjects/phpbb/evidence/phpbb-C0844.json,1212
results/subjects/phpbb/evidence/phpbb-C0845.json,1213
results/subjects/phpbb/evidence/phpbb-C0846.json,1233
results/subjects/phpbb/evidence/phpbb-C0847.json,1234
results/subjects/phpbb/evidence/phpbb-C0848.json,1113
results/subjects/phpbb/evidence/phpbb-C0849.json,1241
results/subjects/phpbb/evidence/phpbb-C0850.json,1213
results/subjects/phpbb/evidence/phpbb-C0851.json,1116
results/subjects/phpbb/evidence/phpbb-C0852.json,1224
results/subjects/phpbb/evidence/phpbb-C0853.json,1225
results/subjects/phpbb/evidence/phpbb-C0854.json,1369
results/subjects/phpbb/evidence/phpbb-C0855.json,1336
results/subjects/phpbb/evidence/phpbb-C0856.json,1117
results/subjects/phpbb/evidence/phpbb-C0857.json,1118
results/subjects/phpbb/evidence/phpbb-C0858.json,1492
results/subjects/phpbb/evidence/phpbb-C0859.json,1252
results/subjects/phpbb/evidence/phpbb-C0860.json,1325
results/subjects/phpbb/evidence/phpbb-C0861.json,1183
results/subjects/phpbb/evidence/phpbb-C0862.json,1183
results/subjects/phpbb/evidence/phpbb-C0863.json,1196
results/subjects/phpbb/evidence/phpbb-C0864.json,1216
results/subjects/phpbb/evidence/phpbb-C0865.json,1145
results/subjects/phpbb/evidence/phpbb-C0866.json,1592
results/subjects/phpbb/evidence/phpbb-C0867.json,1592
results/subjects/phpbb/evidence/phpbb-C0868.json,1145
results/subjects/phpbb/evidence/phpbb-C0869.json,1117
results/subjects/phpbb/evidence/phpbb-C0870.json,1636
results/subjects/phpbb/evidence/phpbb-C0871.json,1603
results/subjects/phpbb/evidence/phpbb-C0872.json,1218
results/subjects/phpbb/evidence/phpbb-C0873.json,1219
results/subjects/phpbb/evidence/phpbb-C0874.json,1225
results/subjects/phpbb/evidence/phpbb-C0875.json,1157
results/subjects/phpbb/evidence/phpbb-C0876.json,1408
results/subjects/phpbb/evidence/phpbb-C0877.json,1409
results/subjects/phpbb/evidence/phpbb-C0878.json,1139
results/subjects/phpbb/evidence/phpbb-C0879.json,1111
results/subjects/phpbb/evidence/phpbb-C0880.json,1212
results/subjects/phpbb/evidence/phpbb-C0881.json,1174
results/subjects/phpbb/evidence/phpbb-C0882.json,1271
results/subjects/phpbb/evidence/phpbb-C0883.json,1188
results/subjects/phpbb/evidence/phpbb-C0884.json,1195
results/subjects/phpbb/evidence/phpbb-C0885.json,1729
results/subjects/phpbb/evidence/phpbb-C0886.json,1411
results/subjects/phpbb/evidence/phpbb-C0887.json,1148
results/subjects/phpbb/evidence/phpbb-C0888.json,1119
results/subjects/phpbb/evidence/phpbb-C0889.json,1119
results/subjects/phpbb/evidence/phpbb-C0890.json,1119
results/subjects/phpbb/evidence/phpbb-C0891.json,1189
results/subjects/phpbb/evidence/phpbb-C0892.json,1224
results/subjects/phpbb/evidence/phpbb-C0893.json,1191
results/subjects/phpbb/evidence/phpbb-C0894.json,1266
results/subjects/phpbb/evidence/phpbb-C0895.json,1225
results/subjects/phpbb/evidence/phpbb-C0896.json,1195
results/subjects/phpbb/evidence/phpbb-C0897.json,1364
results/subjects/phpbb/evidence/phpbb-C0898.json,1336
results/subjects/phpbb/evidence/phpbb-C0899.json,1359
results/subjects/phpbb/evidence/phpbb-C0900.json,1279
results/subjects/phpbb/evidence/phpbb-C0901.json,1191
results/subjects/phpbb/evidence/phpbb-C0902.json,1146
results/subjects/phpbb/evidence/phpbb-C0903.json,1146
results/subjects/phpbb/evidence/phpbb-C0904.json,1381
results/subjects/phpbb/evidence/phpbb-C0905.json,1224
results/subjects/phpbb/evidence/phpbb-C0906.json,1227
results/subjects/phpbb/evidence/phpbb-C0907.json,1213
results/subjects/phpbb/evidence/phpbb-C0908.json,1335
results/subjects/phpbb/evidence/phpbb-C0909.json,1336
results/subjects/phpbb/evidence/phpbb-C0910.json,1237
results/subjects/phpbb/evidence/phpbb-C0911.json,1238
results/subjects/phpbb/evidence/phpbb-C0912.json,1288
results/subjects/phpbb/evidence/phpbb-C0913.json,1191
results/subjects/phpbb/evidence/phpbb-C0914.json,1188
results/subjects/phpbb/evidence/phpbb-C0915.json,1550
results/subjects/phpbb/evidence/phpbb-C0916.json,1113
results/subjects/phpbb/evidence/phpbb-C0917.json,1144
results/subjects/phpbb/evidence/phpbb-C0918.json,1260
results/subjects/phpbb/evidence/phpbb-C0919.json,1114
results/subjects/phpbb/evidence/phpbb-C0920.json,1114
results/subjects/phpbb/evidence/phpbb-C0921.json,1169
results/subjects/phpbb/evidence/phpbb-C0922.json,1145
results/subjects/phpbb/evidence/phpbb-C0923.json,1116
results/subjects/phpbb/evidence/phpbb-C0924.json,1641
results/subjects/phpbb/evidence/phpbb-C0925.json,1578
results/subjects/phpbb/evidence/phpbb-C0926.json,1293
results/subjects/phpbb/evidence/phpbb-C0927.json,1260
results/subjects/phpbb/evidence/phpbb-C0928.json,1322
results/subjects/phpbb/evidence/phpbb-C0929.json,1136
results/subjects/phpbb/evidence/phpbb-C0930.json,1137
results/subjects/phpbb/evidence/phpbb-C0931.json,1138
results/subjects/phpbb/evidence/phpbb-C0932.json,1138
results/subjects/phpbb/evidence/phpbb-C0933.json,1186
results/subjects/phpbb/evidence/phpbb-C0934.json,1178
results/subjects/phpbb/evidence/phpbb-C0935.json,1178
results/subjects/phpbb/evidence/phpbb-C0936.json,1140
results/subjects/phpbb/evidence/phpbb-C0937.json,1110
results/subjects/phpbb/evidence/phpbb-C0938.json,1110
results/subjects/phpbb/evidence/phpbb-C0939.json,1109
results/subjects/phpbb/evidence/phpbb-C0940.json,1109
results/subjects/phpbb/evidence/phpbb-C0941.json,1110
results/subjects/phpbb/evidence/phpbb-C0942.json,1110
results/subjects/phpbb/evidence/phpbb-C0943.json,1111
results/subjects/phpbb/evidence/phpbb-C0944.json,1111
results/subjects/phpbb/evidence/phpbb-C0945.json,1664
results/subjects/phpbb/evidence/phpbb-C0946.json,1112
results/subjects/phpbb/evidence/phpbb-C0947.json,1411
results/subjects/phpbb/evidence/phpbb-C0948.json,1110
results/subjects/phpbb/evidence/phpbb-C0949.json,1111
results/subjects/phpbb/evidence/phpbb-C0950.json,1247
results/subjects/phpbb/evidence/phpbb-C0951.json,1214
results/subjects/phpbb/evidence/phpbb-C0952.json,1343
results/subjects/phpbb/evidence/phpbb-C0953.json,1142
results/subjects/phpbb/evidence/phpbb-C0954.json,1190
results/subjects/phpbb/evidence/phpbb-C0955.json,1273
results/subjects/phpbb/evidence/phpbb-C0956.json,1141
results/subjects/phpbb/evidence/phpbb-C0957.json,1142
results/subjects/phpbb/evidence/phpbb-C0958.json,1174
results/subjects/phpbb/evidence/phpbb-C0959.json,1141
results/subjects/phpbb/evidence/phpbb-C0960.json,1316
results/subjects/phpbb/evidence/phpbb-C0961.json,1111
results/subjects/phpbb/evidence/phpbb-C0962.json,1112
results/subjects/phpbb/evidence/phpbb-C0963.json,1142
results/subjects/phpbb/evidence/phpbb-C0964.json,1244
results/subjects/phpbb/evidence/phpbb-C0965.json,1112
results/subjects/phpbb/evidence/phpbb-C0966.json,1142
results/subjects/phpbb/evidence/phpbb-C0967.json,1181
results/subjects/phpbb/evidence/phpbb-C0968.json,1190
results/subjects/phpbb/evidence/phpbb-C0969.json,1175
results/subjects/phpbb/evidence/phpbb-C0970.json,1142
results/subjects/phpbb/evidence/phpbb-C0971.json,1180
results/subjects/phpbb/evidence/phpbb-C0972.json,1147
results/subjects/phpbb/evidence/phpbb-C0973.json,1216
results/subjects/phpbb/evidence/phpbb-C0974.json,1141
results/subjects/phpbb/evidence/phpbb-C0975.json,1184
results/subjects/phpbb/evidence/phpbb-C0976.json,1313
results/subjects/phpbb/evidence/phpbb-C0977.json,1142
results/subjects/phpbb/evidence/phpbb-C0978.json,1171
results/subjects/phpbb/evidence/phpbb-C0979.json,1202
results/subjects/phpbb/evidence/phpbb-C0980.json,1223
results/subjects/phpbb/evidence/phpbb-C0981.json,1216
results/subjects/phpbb/evidence/phpbb-C0982.json,1182
results/subjects/phpbb/evidence/phpbb-C0983.json,1145
results/subjects/phpbb/evidence/phpbb-C0984.json,1356
results/subjects/phpbb/evidence/phpbb-C0985.json,1182
results/subjects/phpbb/evidence/phpbb-C0986.json,1223
results/subjects/phpbb/evidence/phpbb-C0987.json,1213
results/subjects/phpbb/evidence/phpbb-C0988.json,1364
results/subjects/phpbb/evidence/phpbb-C0989.json,1140
results/subjects/phpbb/evidence/phpbb-C0990.json,1242
results/subjects/phpbb/evidence/phpbb-C0991.json,1298
results/subjects/phpbb/evidence/phpbb-C0992.json,1185
results/subjects/phpbb/evidence/phpbb-C0993.json,1126
results/subjects/phpbb/evidence/phpbb-C0994.json,1144
results/subjects/phpbb/evidence/phpbb-C0995.json,1145
results/subjects/phpbb/evidence/phpbb-C0996.json,1275
results/subjects/phpbb/evidence/phpbb-C0997.json,1242
results/subjects/phpbb/evidence/phpbb-C0998.json,1116
results/subjects/phpbb/evidence/phpbb-C0999.json,1438
results/subjects/phpbb/evidence/phpbb-C1000.json,1405
results/subjects/phpbb/evidence/phpbb-C1001.json,1145
results/subjects/phpbb/evidence/phpbb-C1002.json,1117
results/subjects/phpbb/evidence/phpbb-C1003.json,1118
results/subjects/phpbb/evidence/phpbb-C1004.json,1385
results/subjects/phpbb/evidence/phpbb-C1005.json,1351
results/subjects/phpbb/evidence/phpbb-C1006.json,1112
results/subjects/phpbb/evidence/phpbb-C1007.json,1148
results/subjects/phpbb/evidence/phpbb-C1008.json,1120
results/subjects/phpbb/evidence/phpbb-C1009.json,1456
results/subjects/phpbb/evidence/phpbb-C1010.json,1389
results/subjects/phpbb/evidence/phpbb-C1011.json,1974
results/subjects/phpbb/evidence/phpbb-C1012.json,1875
results/subjects/phpbb/evidence/phpbb-C1013.json,1150
results/subjects/phpbb/evidence/phpbb-C1014.json,1603
results/subjects/phpbb/evidence/phpbb-C1015.json,1529
results/subjects/phpbb/evidence/phpbb-C1016.json,1118
results/subjects/phpbb/evidence/phpbb-C1017.json,1188
results/subjects/phpbb/evidence/phpbb-C1018.json,1413
results/subjects/phpbb/evidence/phpbb-C1019.json,1292
results/subjects/phpbb/evidence/phpbb-C1020.json,1259
results/subjects/phpbb/evidence/phpbb-C1021.json,1294
results/subjects/phpbb/evidence/phpbb-C1022.json,1261
results/subjects/phpbb/evidence/phpbb-C1023.json,1152
results/subjects/phpbb/evidence/phpbb-C1024.json,1285
results/subjects/phpbb/evidence/phpbb-C1025.json,1252
results/subjects/phpbb/evidence/phpbb-C1026.json,1256
results/subjects/phpbb/evidence/phpbb-C1027.json,1223
results/subjects/phpbb/evidence/phpbb-C1028.json,1216
results/subjects/phpbb/evidence/phpbb-C1029.json,1183
results/subjects/phpbb/evidence/phpbb-C1030.json,1225
results/subjects/phpbb/evidence/phpbb-C1031.json,1157
results/subjects/phpbb/evidence/phpbb-C1032.json,1220
results/subjects/phpbb/evidence/phpbb-C1033.json,1187
results/subjects/phpbb/evidence/phpbb-C1034.json,1383
results/subjects/phpbb/evidence/phpbb-C1035.json,1350
results/subjects/phpbb/evidence/phpbb-C1036.json,1113
results/subjects/phpbb/evidence/phpbb-C1037.json,1113
results/subjects/phpbb/evidence/phpbb-C1038.json,1113
results/subjects/phpbb/evidence/phpbb-C1039.json,1115
results/subjects/phpbb/evidence/phpbb-C1040.json,1118
results/subjects/phpbb/evidence/phpbb-C1041.json,1120
results/subjects/phpbb/evidence/phpbb-C1042.json,1120
results/subjects/phpbb/evidence/phpbb-C1043.json,1120
results/subjects/phpbb/evidence/phpbb-C1044.json,1120
results/subjects/phpbb/evidence/phpbb-C1045.json,1120
results/subjects/phpbb/evidence/phpbb-C1046.json,1120
results/subjects/phpbb/evidence/phpbb-C1047.json,1122
results/subjects/phpbb/evidence/phpbb-C1048.json,1122
results/subjects/phpbb/evidence/phpbb-C1049.json,1122
results/subjects/phpbb/evidence/phpbb-C1050.json,1122
results/subjects/phpbb/evidence/phpbb-C1051.json,1117
results/subjects/phpbb/evidence/phpbb-C1052.json,1121
results/subjects/phpbb/evidence/phpbb-C1053.json,1122
results/subjects/phpbb/evidence/phpbb-C1054.json,1122
results/subjects/phpbb/evidence/phpbb-C1055.json,1143
results/subjects/phpbb/evidence/phpbb-C1056.json,1160
results/subjects/phpbb/evidence/phpbb-C1057.json,1141
results/subjects/phpbb/screening/screening.csv,219952
results/subjects/phpbb/syntax/syntax_php56_generic.csv,55634
results/subjects/phpmyadmin/candidates/candidates.csv,215632
results/subjects/phpmyadmin/evidence/phpmyadmin-C0001.json,1131
results/subjects/phpmyadmin/evidence/phpmyadmin-C0002.json,2800
results/subjects/phpmyadmin/evidence/phpmyadmin-C0003.json,1213
results/subjects/phpmyadmin/evidence/phpmyadmin-C0004.json,2133
results/subjects/phpmyadmin/evidence/phpmyadmin-C0005.json,1967
results/subjects/phpmyadmin/evidence/phpmyadmin-C0006.json,1611
results/subjects/phpmyadmin/evidence/phpmyadmin-C0007.json,1360
results/subjects/phpmyadmin/evidence/phpmyadmin-C0008.json,1524
results/subjects/phpmyadmin/evidence/phpmyadmin-C0009.json,1456
results/subjects/phpmyadmin/evidence/phpmyadmin-C0010.json,1590
results/subjects/phpmyadmin/evidence/phpmyadmin-C0011.json,1720
results/subjects/phpmyadmin/evidence/phpmyadmin-C0012.json,2424
results/subjects/phpmyadmin/evidence/phpmyadmin-C0013.json,2391
results/subjects/phpmyadmin/evidence/phpmyadmin-C0014.json,2361
results/subjects/phpmyadmin/evidence/phpmyadmin-C0015.json,1361
results/subjects/phpmyadmin/evidence/phpmyadmin-C0016.json,2647
results/subjects/phpmyadmin/evidence/phpmyadmin-C0017.json,1494
results/subjects/phpmyadmin/evidence/phpmyadmin-C0018.json,2080
results/subjects/phpmyadmin/evidence/phpmyadmin-C0019.json,1374
results/subjects/phpmyadmin/evidence/phpmyadmin-C0020.json,2986
results/subjects/phpmyadmin/evidence/phpmyadmin-C0021.json,2085
results/subjects/phpmyadmin/evidence/phpmyadmin-C0022.json,1429
results/subjects/phpmyadmin/evidence/phpmyadmin-C0023.json,1479
results/subjects/phpmyadmin/evidence/phpmyadmin-C0024.json,1259
results/subjects/phpmyadmin/evidence/phpmyadmin-C0025.json,1225
results/subjects/phpmyadmin/evidence/phpmyadmin-C0026.json,1562
results/subjects/phpmyadmin/evidence/phpmyadmin-C0027.json,1564
results/subjects/phpmyadmin/evidence/phpmyadmin-C0028.json,1949
results/subjects/phpmyadmin/evidence/phpmyadmin-C0029.json,1132
results/subjects/phpmyadmin/evidence/phpmyadmin-C0030.json,1599
results/subjects/phpmyadmin/evidence/phpmyadmin-C0031.json,1295
results/subjects/phpmyadmin/evidence/phpmyadmin-C0032.json,1238
results/subjects/phpmyadmin/evidence/phpmyadmin-C0033.json,1813
results/subjects/phpmyadmin/evidence/phpmyadmin-C0034.json,2178
results/subjects/phpmyadmin/evidence/phpmyadmin-C0035.json,1515
results/subjects/phpmyadmin/evidence/phpmyadmin-C0036.json,1889
results/subjects/phpmyadmin/evidence/phpmyadmin-C0037.json,1144
results/subjects/phpmyadmin/evidence/phpmyadmin-C0038.json,1267
results/subjects/phpmyadmin/evidence/phpmyadmin-C0039.json,1201
results/subjects/phpmyadmin/evidence/phpmyadmin-C0040.json,1183
results/subjects/phpmyadmin/evidence/phpmyadmin-C0041.json,1500
results/subjects/phpmyadmin/evidence/phpmyadmin-C0042.json,1435
results/subjects/phpmyadmin/evidence/phpmyadmin-C0043.json,1811
results/subjects/phpmyadmin/evidence/phpmyadmin-C0044.json,1346
results/subjects/phpmyadmin/evidence/phpmyadmin-C0045.json,1578
results/subjects/phpmyadmin/evidence/phpmyadmin-C0046.json,1852
results/subjects/phpmyadmin/evidence/phpmyadmin-C0047.json,1760
results/subjects/phpmyadmin/evidence/phpmyadmin-C0048.json,1846
results/subjects/phpmyadmin/evidence/phpmyadmin-C0049.json,1403
results/subjects/phpmyadmin/evidence/phpmyadmin-C0050.json,1396
results/subjects/phpmyadmin/evidence/phpmyadmin-C0051.json,1152
results/subjects/phpmyadmin/evidence/phpmyadmin-C0052.json,1140
results/subjects/phpmyadmin/evidence/phpmyadmin-C0053.json,1340
results/subjects/phpmyadmin/evidence/phpmyadmin-C0054.json,1184
results/subjects/phpmyadmin/evidence/phpmyadmin-C0055.json,1864
results/subjects/phpmyadmin/evidence/phpmyadmin-C0056.json,1339
results/subjects/phpmyadmin/evidence/phpmyadmin-C0057.json,1317
results/subjects/phpmyadmin/evidence/phpmyadmin-C0058.json,1302
results/subjects/phpmyadmin/evidence/phpmyadmin-C0059.json,1398
results/subjects/phpmyadmin/evidence/phpmyadmin-C0060.json,1224
results/subjects/phpmyadmin/evidence/phpmyadmin-C0061.json,1176
results/subjects/phpmyadmin/evidence/phpmyadmin-C0062.json,1146
results/subjects/phpmyadmin/evidence/phpmyadmin-C0063.json,1118
results/subjects/phpmyadmin/evidence/phpmyadmin-C0064.json,1783
results/subjects/phpmyadmin/evidence/phpmyadmin-C0065.json,1639
results/subjects/phpmyadmin/evidence/phpmyadmin-C0066.json,2246
results/subjects/phpmyadmin/evidence/phpmyadmin-C0067.json,1197
results/subjects/phpmyadmin/evidence/phpmyadmin-C0068.json,1293
results/subjects/phpmyadmin/evidence/phpmyadmin-C0069.json,1225
results/subjects/phpmyadmin/evidence/phpmyadmin-C0070.json,1119
results/subjects/phpmyadmin/evidence/phpmyadmin-C0071.json,1129
results/subjects/phpmyadmin/evidence/phpmyadmin-C0072.json,1130
results/subjects/phpmyadmin/evidence/phpmyadmin-C0073.json,1496
results/subjects/phpmyadmin/evidence/phpmyadmin-C0074.json,1117
results/subjects/phpmyadmin/evidence/phpmyadmin-C0075.json,1251
results/subjects/phpmyadmin/evidence/phpmyadmin-C0076.json,1252
results/subjects/phpmyadmin/evidence/phpmyadmin-C0077.json,1252
results/subjects/phpmyadmin/evidence/phpmyadmin-C0078.json,1252
results/subjects/phpmyadmin/evidence/phpmyadmin-C0079.json,1252
results/subjects/phpmyadmin/evidence/phpmyadmin-C0080.json,1305
results/subjects/phpmyadmin/evidence/phpmyadmin-C0081.json,1128
results/subjects/phpmyadmin/evidence/phpmyadmin-C0082.json,1269
results/subjects/phpmyadmin/evidence/phpmyadmin-C0083.json,1191
results/subjects/phpmyadmin/evidence/phpmyadmin-C0084.json,1188
results/subjects/phpmyadmin/evidence/phpmyadmin-C0085.json,1114
results/subjects/phpmyadmin/evidence/phpmyadmin-C0086.json,1578
results/subjects/phpmyadmin/evidence/phpmyadmin-C0087.json,1286
results/subjects/phpmyadmin/evidence/phpmyadmin-C0088.json,1192
results/subjects/phpmyadmin/evidence/phpmyadmin-C0089.json,1193
results/subjects/phpmyadmin/evidence/phpmyadmin-C0090.json,1251
results/subjects/phpmyadmin/evidence/phpmyadmin-C0091.json,2982
results/subjects/phpmyadmin/evidence/phpmyadmin-C0092.json,1281
results/subjects/phpmyadmin/evidence/phpmyadmin-C0093.json,1183
results/subjects/phpmyadmin/evidence/phpmyadmin-C0094.json,1234
results/subjects/phpmyadmin/evidence/phpmyadmin-C0095.json,1221
results/subjects/phpmyadmin/evidence/phpmyadmin-C0096.json,1240
results/subjects/phpmyadmin/evidence/phpmyadmin-C0097.json,1245
results/subjects/phpmyadmin/evidence/phpmyadmin-C0098.json,1486
results/subjects/phpmyadmin/evidence/phpmyadmin-C0099.json,1347
results/subjects/phpmyadmin/evidence/phpmyadmin-C0100.json,1158
results/subjects/phpmyadmin/evidence/phpmyadmin-C0101.json,1184
results/subjects/phpmyadmin/evidence/phpmyadmin-C0102.json,1270
results/subjects/phpmyadmin/evidence/phpmyadmin-C0103.json,1509
results/subjects/phpmyadmin/evidence/phpmyadmin-C0104.json,1193
results/subjects/phpmyadmin/evidence/phpmyadmin-C0105.json,1202
results/subjects/phpmyadmin/evidence/phpmyadmin-C0106.json,1202
results/subjects/phpmyadmin/evidence/phpmyadmin-C0107.json,1229
results/subjects/phpmyadmin/evidence/phpmyadmin-C0108.json,1980
results/subjects/phpmyadmin/evidence/phpmyadmin-C0109.json,1206
results/subjects/phpmyadmin/evidence/phpmyadmin-C0110.json,1229
results/subjects/phpmyadmin/evidence/phpmyadmin-C0111.json,1260
results/subjects/phpmyadmin/evidence/phpmyadmin-C0112.json,1198
results/subjects/phpmyadmin/evidence/phpmyadmin-C0113.json,1286
results/subjects/phpmyadmin/evidence/phpmyadmin-C0114.json,1192
results/subjects/phpmyadmin/evidence/phpmyadmin-C0115.json,1654
results/subjects/phpmyadmin/evidence/phpmyadmin-C0116.json,1201
results/subjects/phpmyadmin/evidence/phpmyadmin-C0117.json,1315
results/subjects/phpmyadmin/evidence/phpmyadmin-C0118.json,1291
results/subjects/phpmyadmin/evidence/phpmyadmin-C0119.json,1146
results/subjects/phpmyadmin/evidence/phpmyadmin-C0120.json,1515
results/subjects/phpmyadmin/evidence/phpmyadmin-C0121.json,1195
results/subjects/phpmyadmin/evidence/phpmyadmin-C0122.json,1387
results/subjects/phpmyadmin/evidence/phpmyadmin-C0123.json,1249
results/subjects/phpmyadmin/evidence/phpmyadmin-C0124.json,1295
results/subjects/phpmyadmin/evidence/phpmyadmin-C0125.json,1181
results/subjects/phpmyadmin/evidence/phpmyadmin-C0126.json,1264
results/subjects/phpmyadmin/evidence/phpmyadmin-C0127.json,1196
results/subjects/phpmyadmin/evidence/phpmyadmin-C0128.json,1404
results/subjects/phpmyadmin/evidence/phpmyadmin-C0129.json,1241
results/subjects/phpmyadmin/evidence/phpmyadmin-C0130.json,1116
results/subjects/phpmyadmin/evidence/phpmyadmin-C0131.json,1254
results/subjects/phpmyadmin/evidence/phpmyadmin-C0132.json,1322
results/subjects/phpmyadmin/evidence/phpmyadmin-C0133.json,1190
results/subjects/phpmyadmin/evidence/phpmyadmin-C0134.json,1118
results/subjects/phpmyadmin/evidence/phpmyadmin-C0135.json,1190
results/subjects/phpmyadmin/evidence/phpmyadmin-C0136.json,1190
results/subjects/phpmyadmin/evidence/phpmyadmin-C0137.json,1210
results/subjects/phpmyadmin/evidence/phpmyadmin-C0138.json,1968
results/subjects/phpmyadmin/evidence/phpmyadmin-C0139.json,1190
results/subjects/phpmyadmin/evidence/phpmyadmin-C0140.json,1119
results/subjects/phpmyadmin/evidence/phpmyadmin-C0141.json,1187
results/subjects/phpmyadmin/evidence/phpmyadmin-C0142.json,1187
results/subjects/phpmyadmin/evidence/phpmyadmin-C0143.json,1377
results/subjects/phpmyadmin/evidence/phpmyadmin-C0144.json,1198
results/subjects/phpmyadmin/evidence/phpmyadmin-C0145.json,1199
results/subjects/phpmyadmin/evidence/phpmyadmin-C0146.json,1517
results/subjects/phpmyadmin/evidence/phpmyadmin-C0147.json,1373
results/subjects/phpmyadmin/evidence/phpmyadmin-C0148.json,1116
results/subjects/phpmyadmin/evidence/phpmyadmin-C0149.json,1116
results/subjects/phpmyadmin/evidence/phpmyadmin-C0150.json,1619
results/subjects/phpmyadmin/evidence/phpmyadmin-C0151.json,1240
results/subjects/phpmyadmin/evidence/phpmyadmin-C0152.json,1315
results/subjects/phpmyadmin/evidence/phpmyadmin-C0153.json,1399
results/subjects/phpmyadmin/evidence/phpmyadmin-C0154.json,1926
results/subjects/phpmyadmin/evidence/phpmyadmin-C0155.json,1115
results/subjects/phpmyadmin/evidence/phpmyadmin-C0156.json,1197
results/subjects/phpmyadmin/evidence/phpmyadmin-C0157.json,1198
results/subjects/phpmyadmin/evidence/phpmyadmin-C0158.json,1283
results/subjects/phpmyadmin/evidence/phpmyadmin-C0159.json,1295
results/subjects/phpmyadmin/evidence/phpmyadmin-C0160.json,1296
results/subjects/phpmyadmin/evidence/phpmyadmin-C0161.json,1199
results/subjects/phpmyadmin/evidence/phpmyadmin-C0162.json,1119
results/subjects/phpmyadmin/evidence/phpmyadmin-C0163.json,1125
results/subjects/phpmyadmin/evidence/phpmyadmin-C0164.json,1342
results/subjects/phpmyadmin/evidence/phpmyadmin-C0165.json,1335
results/subjects/phpmyadmin/evidence/phpmyadmin-C0166.json,1116
results/subjects/phpmyadmin/evidence/phpmyadmin-C0167.json,1201
results/subjects/phpmyadmin/evidence/phpmyadmin-C0168.json,1215
results/subjects/phpmyadmin/evidence/phpmyadmin-C0169.json,1206
results/subjects/phpmyadmin/evidence/phpmyadmin-C0170.json,2191
results/subjects/phpmyadmin/evidence/phpmyadmin-C0171.json,2109
results/subjects/phpmyadmin/evidence/phpmyadmin-C0172.json,1207
results/subjects/phpmyadmin/evidence/phpmyadmin-C0173.json,1208
results/subjects/phpmyadmin/evidence/phpmyadmin-C0174.json,1130
results/subjects/phpmyadmin/evidence/phpmyadmin-C0175.json,1208
results/subjects/phpmyadmin/evidence/phpmyadmin-C0176.json,1609
results/subjects/phpmyadmin/evidence/phpmyadmin-C0177.json,1593
results/subjects/phpmyadmin/evidence/phpmyadmin-C0178.json,1699
results/subjects/phpmyadmin/evidence/phpmyadmin-C0179.json,1186
results/subjects/phpmyadmin/evidence/phpmyadmin-C0180.json,1192
results/subjects/phpmyadmin/evidence/phpmyadmin-C0181.json,1218
results/subjects/phpmyadmin/evidence/phpmyadmin-C0182.json,1191
results/subjects/phpmyadmin/evidence/phpmyadmin-C0183.json,1577
results/subjects/phpmyadmin/evidence/phpmyadmin-C0184.json,1196
results/subjects/phpmyadmin/evidence/phpmyadmin-C0185.json,1453
results/subjects/phpmyadmin/evidence/phpmyadmin-C0186.json,2551
results/subjects/phpmyadmin/evidence/phpmyadmin-C0187.json,1562
results/subjects/phpmyadmin/evidence/phpmyadmin-C0188.json,2107
results/subjects/phpmyadmin/evidence/phpmyadmin-C0189.json,1571
results/subjects/phpmyadmin/evidence/phpmyadmin-C0190.json,1342
results/subjects/phpmyadmin/evidence/phpmyadmin-C0191.json,1184
results/subjects/phpmyadmin/evidence/phpmyadmin-C0192.json,1366
results/subjects/phpmyadmin/evidence/phpmyadmin-C0193.json,1235
results/subjects/phpmyadmin/evidence/phpmyadmin-C0194.json,1501
results/subjects/phpmyadmin/evidence/phpmyadmin-C0195.json,1124
results/subjects/phpmyadmin/evidence/phpmyadmin-C0196.json,1151
results/subjects/phpmyadmin/evidence/phpmyadmin-C0197.json,1122
results/subjects/phpmyadmin/evidence/phpmyadmin-C0198.json,1328
results/subjects/phpmyadmin/evidence/phpmyadmin-C0199.json,1296
results/subjects/phpmyadmin/evidence/phpmyadmin-C0200.json,1189
results/subjects/phpmyadmin/evidence/phpmyadmin-C0201.json,1121
results/subjects/phpmyadmin/evidence/phpmyadmin-C0202.json,1372
results/subjects/phpmyadmin/evidence/phpmyadmin-C0203.json,1122
results/subjects/phpmyadmin/evidence/phpmyadmin-C0204.json,1123
results/subjects/phpmyadmin/evidence/phpmyadmin-C0205.json,1123
results/subjects/phpmyadmin/evidence/phpmyadmin-C0206.json,1123
results/subjects/phpmyadmin/evidence/phpmyadmin-C0207.json,1225
results/subjects/phpmyadmin/evidence/phpmyadmin-C0208.json,1125
results/subjects/phpmyadmin/evidence/phpmyadmin-C0209.json,1398
results/subjects/phpmyadmin/evidence/phpmyadmin-C0210.json,3124
results/subjects/phpmyadmin/evidence/phpmyadmin-C0211.json,1350
results/subjects/phpmyadmin/evidence/phpmyadmin-C0212.json,1128
results/subjects/phpmyadmin/evidence/phpmyadmin-C0213.json,1200
results/subjects/phpmyadmin/evidence/phpmyadmin-C0214.json,1342
results/subjects/phpmyadmin/evidence/phpmyadmin-C0215.json,1306
results/subjects/phpmyadmin/evidence/phpmyadmin-C0216.json,1213
results/subjects/phpmyadmin/evidence/phpmyadmin-C0217.json,1469
results/subjects/phpmyadmin/evidence/phpmyadmin-C0218.json,1148
results/subjects/phpmyadmin/evidence/phpmyadmin-C0219.json,1442
results/subjects/phpmyadmin/evidence/phpmyadmin-C0220.json,1470
results/subjects/phpmyadmin/evidence/phpmyadmin-C0221.json,1295
results/subjects/phpmyadmin/evidence/phpmyadmin-C0222.json,1250
results/subjects/phpmyadmin/evidence/phpmyadmin-C0223.json,1237
results/subjects/phpmyadmin/evidence/phpmyadmin-C0224.json,1342
results/subjects/phpmyadmin/evidence/phpmyadmin-C0225.json,1193
results/subjects/phpmyadmin/evidence/phpmyadmin-C0226.json,1427
results/subjects/phpmyadmin/evidence/phpmyadmin-C0227.json,1222
results/subjects/phpmyadmin/evidence/phpmyadmin-C0228.json,1826
results/subjects/phpmyadmin/evidence/phpmyadmin-C0229.json,1156
results/subjects/phpmyadmin/evidence/phpmyadmin-C0230.json,1279
results/subjects/phpmyadmin/evidence/phpmyadmin-C0231.json,1647
results/subjects/phpmyadmin/evidence/phpmyadmin-C0232.json,1343
results/subjects/phpmyadmin/evidence/phpmyadmin-C0233.json,1156
results/subjects/phpmyadmin/evidence/phpmyadmin-C0234.json,1656
results/subjects/phpmyadmin/evidence/phpmyadmin-C0235.json,1158
results/subjects/phpmyadmin/evidence/phpmyadmin-C0236.json,2420
results/subjects/phpmyadmin/evidence/phpmyadmin-C0237.json,1331
results/subjects/phpmyadmin/evidence/phpmyadmin-C0238.json,1146
results/subjects/phpmyadmin/evidence/phpmyadmin-C0239.json,1187
results/subjects/phpmyadmin/evidence/phpmyadmin-C0240.json,1142
results/subjects/phpmyadmin/evidence/phpmyadmin-C0241.json,1776
results/subjects/phpmyadmin/evidence/phpmyadmin-C0242.json,1595
results/subjects/phpmyadmin/evidence/phpmyadmin-C0243.json,1138
results/subjects/phpmyadmin/evidence/phpmyadmin-C0244.json,1134
results/subjects/phpmyadmin/evidence/phpmyadmin-C0245.json,1135
results/subjects/phpmyadmin/evidence/phpmyadmin-C0246.json,1135
results/subjects/phpmyadmin/evidence/phpmyadmin-C0247.json,1136
results/subjects/phpmyadmin/evidence/phpmyadmin-C0248.json,1352
results/subjects/phpmyadmin/evidence/phpmyadmin-C0249.json,1139
results/subjects/phpmyadmin/evidence/phpmyadmin-C0250.json,1349
results/subjects/phpmyadmin/evidence/phpmyadmin-C0251.json,1209
results/subjects/phpmyadmin/evidence/phpmyadmin-C0252.json,1136
results/subjects/phpmyadmin/evidence/phpmyadmin-C0253.json,1137
results/subjects/phpmyadmin/evidence/phpmyadmin-C0254.json,1210
results/subjects/phpmyadmin/evidence/phpmyadmin-C0255.json,1140
results/subjects/phpmyadmin/evidence/phpmyadmin-C0256.json,1163
results/subjects/phpmyadmin/evidence/phpmyadmin-C0257.json,1134
results/subjects/phpmyadmin/evidence/phpmyadmin-C0258.json,1135
results/subjects/phpmyadmin/evidence/phpmyadmin-C0259.json,1135
results/subjects/phpmyadmin/evidence/phpmyadmin-C0260.json,1212
results/subjects/phpmyadmin/evidence/phpmyadmin-C0261.json,1134
results/subjects/phpmyadmin/evidence/phpmyadmin-C0262.json,1135
results/subjects/phpmyadmin/evidence/phpmyadmin-C0263.json,1208
results/subjects/phpmyadmin/evidence/phpmyadmin-C0264.json,1136
results/subjects/phpmyadmin/evidence/phpmyadmin-C0265.json,1134
results/subjects/phpmyadmin/evidence/phpmyadmin-C0266.json,1504
results/subjects/phpmyadmin/evidence/phpmyadmin-C0267.json,1134
results/subjects/phpmyadmin/evidence/phpmyadmin-C0268.json,1233
results/subjects/phpmyadmin/evidence/phpmyadmin-C0269.json,1136
results/subjects/phpmyadmin/evidence/phpmyadmin-C0270.json,1210
results/subjects/phpmyadmin/evidence/phpmyadmin-C0271.json,1137
results/subjects/phpmyadmin/evidence/phpmyadmin-C0272.json,1201
results/subjects/phpmyadmin/evidence/phpmyadmin-C0273.json,1235
results/subjects/phpmyadmin/evidence/phpmyadmin-C0274.json,1229
results/subjects/phpmyadmin/evidence/phpmyadmin-C0275.json,1246
results/subjects/phpmyadmin/evidence/phpmyadmin-C0276.json,1139
results/subjects/phpmyadmin/evidence/phpmyadmin-C0277.json,1247
results/subjects/phpmyadmin/evidence/phpmyadmin-C0278.json,1140
results/subjects/phpmyadmin/evidence/phpmyadmin-C0279.json,1163
results/subjects/phpmyadmin/evidence/phpmyadmin-C0280.json,1134
results/subjects/phpmyadmin/evidence/phpmyadmin-C0281.json,1135
results/subjects/phpmyadmin/evidence/phpmyadmin-C0282.json,1159
results/subjects/phpmyadmin/evidence/phpmyadmin-C0283.json,1158
results/subjects/phpmyadmin/evidence/phpmyadmin-C0284.json,1406
results/subjects/phpmyadmin/evidence/phpmyadmin-C0285.json,1209
results/subjects/phpmyadmin/evidence/phpmyadmin-C0286.json,1208
results/subjects/phpmyadmin/evidence/phpmyadmin-C0287.json,1209
results/subjects/phpmyadmin/evidence/phpmyadmin-C0288.json,1604
results/subjects/phpmyadmin/evidence/phpmyadmin-C0289.json,1605
results/subjects/phpmyadmin/evidence/phpmyadmin-C0290.json,1706
results/subjects/phpmyadmin/evidence/phpmyadmin-C0291.json,1707
results/subjects/phpmyadmin/evidence/phpmyadmin-C0292.json,1199
results/subjects/phpmyadmin/evidence/phpmyadmin-C0293.json,1846
results/subjects/phpmyadmin/evidence/phpmyadmin-C0294.json,1847
results/subjects/phpmyadmin/evidence/phpmyadmin-C0295.json,1654
results/subjects/phpmyadmin/evidence/phpmyadmin-C0296.json,1655
results/subjects/phpmyadmin/evidence/phpmyadmin-C0297.json,1319
results/subjects/phpmyadmin/evidence/phpmyadmin-C0298.json,1214
results/subjects/phpmyadmin/evidence/phpmyadmin-C0299.json,1242
results/subjects/phpmyadmin/evidence/phpmyadmin-C0300.json,1361
results/subjects/phpmyadmin/evidence/phpmyadmin-C0301.json,1201
results/subjects/phpmyadmin/evidence/phpmyadmin-C0302.json,1383
results/subjects/phpmyadmin/evidence/phpmyadmin-C0303.json,1248
results/subjects/phpmyadmin/evidence/phpmyadmin-C0304.json,1341
results/subjects/phpmyadmin/evidence/phpmyadmin-C0305.json,1241
results/subjects/phpmyadmin/evidence/phpmyadmin-C0306.json,1208
results/subjects/phpmyadmin/evidence/phpmyadmin-C0307.json,1379
results/subjects/phpmyadmin/evidence/phpmyadmin-C0308.json,1684
results/subjects/phpmyadmin/evidence/phpmyadmin-C0309.json,1472
results/subjects/phpmyadmin/evidence/phpmyadmin-C0310.json,1506
results/subjects/phpmyadmin/evidence/phpmyadmin-C0311.json,1245
results/subjects/phpmyadmin/evidence/phpmyadmin-C0312.json,1320
results/subjects/phpmyadmin/evidence/phpmyadmin-C0313.json,1174
results/subjects/phpmyadmin/evidence/phpmyadmin-C0314.json,1308
results/subjects/phpmyadmin/evidence/phpmyadmin-C0315.json,1271
results/subjects/phpmyadmin/evidence/phpmyadmin-C0316.json,1903
results/subjects/phpmyadmin/evidence/phpmyadmin-C0317.json,1786
results/subjects/phpmyadmin/evidence/phpmyadmin-C0318.json,1153
results/subjects/phpmyadmin/evidence/phpmyadmin-C0319.json,1347
results/subjects/phpmyadmin/evidence/phpmyadmin-C0320.json,1884
results/subjects/phpmyadmin/evidence/phpmyadmin-C0321.json,1273
results/subjects/phpmyadmin/evidence/phpmyadmin-C0322.json,1181
results/subjects/phpmyadmin/evidence/phpmyadmin-C0323.json,1180
results/subjects/phpmyadmin/evidence/phpmyadmin-C0324.json,1391
results/subjects/phpmyadmin/evidence/phpmyadmin-C0325.json,1392
results/subjects/phpmyadmin/evidence/phpmyadmin-C0326.json,1185
results/subjects/phpmyadmin/evidence/phpmyadmin-C0327.json,1147
results/subjects/phpmyadmin/evidence/phpmyadmin-C0328.json,1120
results/subjects/phpmyadmin/evidence/phpmyadmin-C0329.json,1120
results/subjects/phpmyadmin/evidence/phpmyadmin-C0330.json,1879
results/subjects/phpmyadmin/evidence/phpmyadmin-C0331.json,1150
results/subjects/phpmyadmin/evidence/phpmyadmin-C0332.json,1150
results/subjects/phpmyadmin/evidence/phpmyadmin-C0333.json,1774
results/subjects/phpmyadmin/evidence/phpmyadmin-C0334.json,1640
results/subjects/phpmyadmin/evidence/phpmyadmin-C0335.json,3009
results/subjects/phpmyadmin/evidence/phpmyadmin-C0336.json,1199
results/subjects/phpmyadmin/evidence/phpmyadmin-C0337.json,1195
results/subjects/phpmyadmin/evidence/phpmyadmin-C0338.json,1193
results/subjects/phpmyadmin/evidence/phpmyadmin-C0339.json,1127
results/subjects/phpmyadmin/evidence/phpmyadmin-C0340.json,1190
results/subjects/phpmyadmin/evidence/phpmyadmin-C0341.json,1605
results/subjects/phpmyadmin/evidence/phpmyadmin-C0342.json,1174
results/subjects/phpmyadmin/evidence/phpmyadmin-C0343.json,1158
results/subjects/phpmyadmin/evidence/phpmyadmin-C0344.json,1538
results/subjects/phpmyadmin/evidence/phpmyadmin-C0345.json,1300
results/subjects/phpmyadmin/evidence/phpmyadmin-C0346.json,1175
results/subjects/phpmyadmin/evidence/phpmyadmin-C0347.json,1122
results/subjects/phpmyadmin/evidence/phpmyadmin-C0348.json,1131
results/subjects/phpmyadmin/evidence/phpmyadmin-C0349.json,1132
results/subjects/phpmyadmin/evidence/phpmyadmin-C0350.json,2133
results/subjects/phpmyadmin/evidence/phpmyadmin-C0351.json,1119
results/subjects/phpmyadmin/evidence/phpmyadmin-C0352.json,1252
results/subjects/phpmyadmin/evidence/phpmyadmin-C0353.json,1144
results/subjects/phpmyadmin/evidence/phpmyadmin-C0354.json,1267
results/subjects/phpmyadmin/evidence/phpmyadmin-C0355.json,1121
results/subjects/phpmyadmin/evidence/phpmyadmin-C0356.json,1121
results/subjects/phpmyadmin/evidence/phpmyadmin-C0357.json,1121
results/subjects/phpmyadmin/evidence/phpmyadmin-C0358.json,1488
results/subjects/phpmyadmin/evidence/phpmyadmin-C0359.json,1117
results/subjects/phpmyadmin/evidence/phpmyadmin-C0360.json,1117
results/subjects/phpmyadmin/evidence/phpmyadmin-C0361.json,1117
results/subjects/phpmyadmin/evidence/phpmyadmin-C0362.json,1119
results/subjects/phpmyadmin/evidence/phpmyadmin-C0363.json,1119
results/subjects/phpmyadmin/evidence/phpmyadmin-C0364.json,2843
results/subjects/phpmyadmin/evidence/phpmyadmin-C0365.json,1732
results/subjects/phpmyadmin/evidence/phpmyadmin-C0366.json,1267
results/subjects/phpmyadmin/evidence/phpmyadmin-C0367.json,1179
results/subjects/phpmyadmin/evidence/phpmyadmin-C0368.json,1127
results/subjects/phpmyadmin/evidence/phpmyadmin-C0369.json,2046
results/subjects/phpmyadmin/evidence/phpmyadmin-C0370.json,1259
results/subjects/phpmyadmin/evidence/phpmyadmin-C0371.json,1130
results/subjects/phpmyadmin/evidence/phpmyadmin-C0372.json,1229
results/subjects/phpmyadmin/evidence/phpmyadmin-C0373.json,1344
results/subjects/phpmyadmin/evidence/phpmyadmin-C0374.json,1132
results/subjects/phpmyadmin/evidence/phpmyadmin-C0375.json,1132
results/subjects/phpmyadmin/evidence/phpmyadmin-C0376.json,1263
results/subjects/phpmyadmin/evidence/phpmyadmin-C0377.json,1263
results/subjects/phpmyadmin/evidence/phpmyadmin-C0378.json,1201
results/subjects/phpmyadmin/evidence/phpmyadmin-C0379.json,1132
results/subjects/phpmyadmin/evidence/phpmyadmin-C0380.json,1132
results/subjects/phpmyadmin/evidence/phpmyadmin-C0381.json,1265
results/subjects/phpmyadmin/evidence/phpmyadmin-C0382.json,1262
results/subjects/phpmyadmin/evidence/phpmyadmin-C0383.json,1132
results/subjects/phpmyadmin/evidence/phpmyadmin-C0384.json,1132
results/subjects/phpmyadmin/evidence/phpmyadmin-C0385.json,1213
results/subjects/phpmyadmin/evidence/phpmyadmin-C0386.json,1145
results/subjects/phpmyadmin/evidence/phpmyadmin-C0387.json,1732
results/subjects/phpmyadmin/evidence/phpmyadmin-C0388.json,1125
results/subjects/phpmyadmin/evidence/phpmyadmin-C0389.json,1617
results/subjects/phpmyadmin/evidence/phpmyadmin-C0390.json,1369
results/subjects/phpmyadmin/evidence/phpmyadmin-C0391.json,1370
results/subjects/phpmyadmin/evidence/phpmyadmin-C0392.json,2065
results/subjects/phpmyadmin/evidence/phpmyadmin-C0393.json,1118
results/subjects/phpmyadmin/evidence/phpmyadmin-C0394.json,1119
results/subjects/phpmyadmin/evidence/phpmyadmin-C0395.json,1677
results/subjects/phpmyadmin/evidence/phpmyadmin-C0396.json,1119
results/subjects/phpmyadmin/evidence/phpmyadmin-C0397.json,1217
results/subjects/phpmyadmin/evidence/phpmyadmin-C0398.json,1149
results/subjects/phpmyadmin/evidence/phpmyadmin-C0399.json,1120
results/subjects/phpmyadmin/evidence/phpmyadmin-C0400.json,1183
results/subjects/phpmyadmin/evidence/phpmyadmin-C0401.json,1117
results/subjects/phpmyadmin/evidence/phpmyadmin-C0402.json,1117
results/subjects/phpmyadmin/evidence/phpmyadmin-C0403.json,1116
results/subjects/phpmyadmin/evidence/phpmyadmin-C0404.json,1768
results/subjects/phpmyadmin/evidence/phpmyadmin-C0405.json,1846
results/subjects/phpmyadmin/evidence/phpmyadmin-C0406.json,1231
results/subjects/phpmyadmin/evidence/phpmyadmin-C0407.json,1515
results/subjects/phpmyadmin/evidence/phpmyadmin-C0408.json,1118
results/subjects/phpmyadmin/evidence/phpmyadmin-C0409.json,1169
results/subjects/phpmyadmin/evidence/phpmyadmin-C0410.json,1799
results/subjects/phpmyadmin/evidence/phpmyadmin-C0411.json,1148
results/subjects/phpmyadmin/evidence/phpmyadmin-C0412.json,1287
results/subjects/phpmyadmin/evidence/phpmyadmin-C0413.json,1119
results/subjects/phpmyadmin/evidence/phpmyadmin-C0414.json,1119
results/subjects/phpmyadmin/evidence/phpmyadmin-C0415.json,1119
results/subjects/phpmyadmin/evidence/phpmyadmin-C0416.json,1119
results/subjects/phpmyadmin/evidence/phpmyadmin-C0417.json,1198
results/subjects/phpmyadmin/evidence/phpmyadmin-C0418.json,1179
results/subjects/phpmyadmin/evidence/phpmyadmin-C0419.json,1228
results/subjects/phpmyadmin/evidence/phpmyadmin-C0420.json,1150
results/subjects/phpmyadmin/evidence/phpmyadmin-C0421.json,1218
results/subjects/phpmyadmin/evidence/phpmyadmin-C0422.json,2224
results/subjects/phpmyadmin/evidence/phpmyadmin-C0423.json,1118
results/subjects/phpmyadmin/evidence/phpmyadmin-C0424.json,1708
results/subjects/phpmyadmin/evidence/phpmyadmin-C0425.json,3259
results/subjects/phpmyadmin/evidence/phpmyadmin-C0426.json,1152
results/subjects/phpmyadmin/evidence/phpmyadmin-C0427.json,1123
results/subjects/phpmyadmin/evidence/phpmyadmin-C0428.json,1123
results/subjects/phpmyadmin/evidence/phpmyadmin-C0429.json,1256
results/subjects/phpmyadmin/evidence/phpmyadmin-C0430.json,1171
results/subjects/phpmyadmin/evidence/phpmyadmin-C0431.json,1125
results/subjects/phpmyadmin/evidence/phpmyadmin-C0432.json,1193
results/subjects/phpmyadmin/evidence/phpmyadmin-C0433.json,1185
results/subjects/phpmyadmin/evidence/phpmyadmin-C0434.json,1179
results/subjects/phpmyadmin/evidence/phpmyadmin-C0435.json,1192
results/subjects/phpmyadmin/evidence/phpmyadmin-C0436.json,1193
results/subjects/phpmyadmin/evidence/phpmyadmin-C0437.json,1125
results/subjects/phpmyadmin/evidence/phpmyadmin-C0438.json,1239
results/subjects/phpmyadmin/evidence/phpmyadmin-C0439.json,1210
results/subjects/phpmyadmin/evidence/phpmyadmin-C0440.json,1488
results/subjects/phpmyadmin/evidence/phpmyadmin-C0441.json,1217
results/subjects/phpmyadmin/evidence/phpmyadmin-C0442.json,1178
results/subjects/phpmyadmin/evidence/phpmyadmin-C0443.json,1123
results/subjects/phpmyadmin/evidence/phpmyadmin-C0444.json,1124
results/subjects/phpmyadmin/evidence/phpmyadmin-C0445.json,1124
results/subjects/phpmyadmin/evidence/phpmyadmin-C0446.json,1166
results/subjects/phpmyadmin/evidence/phpmyadmin-C0447.json,1168
results/subjects/phpmyadmin/evidence/phpmyadmin-C0448.json,1117
results/subjects/phpmyadmin/evidence/phpmyadmin-C0449.json,1255
results/subjects/phpmyadmin/evidence/phpmyadmin-C0450.json,1221
results/subjects/phpmyadmin/evidence/phpmyadmin-C0451.json,1559
results/subjects/phpmyadmin/evidence/phpmyadmin-C0452.json,1146
results/subjects/phpmyadmin/evidence/phpmyadmin-C0453.json,1497
results/subjects/phpmyadmin/evidence/phpmyadmin-C0454.json,1117
results/subjects/phpmyadmin/evidence/phpmyadmin-C0455.json,1117
results/subjects/phpmyadmin/evidence/phpmyadmin-C0456.json,1116
results/subjects/phpmyadmin/evidence/phpmyadmin-C0457.json,1147
results/subjects/phpmyadmin/evidence/phpmyadmin-C0458.json,2457
results/subjects/phpmyadmin/evidence/phpmyadmin-C0459.json,1197
results/subjects/phpmyadmin/evidence/phpmyadmin-C0460.json,1330
results/subjects/phpmyadmin/evidence/phpmyadmin-C0461.json,1792
results/subjects/phpmyadmin/evidence/phpmyadmin-C0462.json,1154
results/subjects/phpmyadmin/evidence/phpmyadmin-C0463.json,2413
results/subjects/phpmyadmin/evidence/phpmyadmin-C0464.json,1156
results/subjects/phpmyadmin/evidence/phpmyadmin-C0465.json,1156
results/subjects/phpmyadmin/evidence/phpmyadmin-C0466.json,1155
results/subjects/phpmyadmin/evidence/phpmyadmin-C0467.json,1212
results/subjects/phpmyadmin/evidence/phpmyadmin-C0468.json,1430
results/subjects/phpmyadmin/evidence/phpmyadmin-C0469.json,1165
results/subjects/phpmyadmin/evidence/phpmyadmin-C0470.json,4303
results/subjects/phpmyadmin/evidence/phpmyadmin-C0471.json,1858
results/subjects/phpmyadmin/evidence/phpmyadmin-C0472.json,1251
results/subjects/phpmyadmin/evidence/phpmyadmin-C0473.json,1152
results/subjects/phpmyadmin/evidence/phpmyadmin-C0474.json,1317
results/subjects/phpmyadmin/evidence/phpmyadmin-C0475.json,1814
results/subjects/phpmyadmin/evidence/phpmyadmin-C0476.json,1124
results/subjects/phpmyadmin/evidence/phpmyadmin-C0477.json,1154
results/subjects/phpmyadmin/evidence/phpmyadmin-C0478.json,1639
results/subjects/phpmyadmin/evidence/phpmyadmin-C0479.json,1154
results/subjects/phpmyadmin/evidence/phpmyadmin-C0480.json,1391
results/subjects/phpmyadmin/evidence/phpmyadmin-C0481.json,1123
results/subjects/phpmyadmin/evidence/phpmyadmin-C0482.json,1246
results/subjects/phpmyadmin/evidence/phpmyadmin-C0483.json,1219
results/subjects/phpmyadmin/evidence/phpmyadmin-C0484.json,1715
results/subjects/phpmyadmin/evidence/phpmyadmin-C0485.json,1119
results/subjects/phpmyadmin/evidence/phpmyadmin-C0486.json,1120
results/subjects/phpmyadmin/evidence/phpmyadmin-C0487.json,1260
results/subjects/phpmyadmin/evidence/phpmyadmin-C0488.json,1312
results/subjects/phpmyadmin/evidence/phpmyadmin-C0489.json,1200
results/subjects/phpmyadmin/evidence/phpmyadmin-C0490.json,1920
results/subjects/phpmyadmin/evidence/phpmyadmin-C0491.json,1725
results/subjects/phpmyadmin/evidence/phpmyadmin-C0492.json,1196
results/subjects/phpmyadmin/evidence/phpmyadmin-C0493.json,1121
results/subjects/phpmyadmin/evidence/phpmyadmin-C0494.json,1121
results/subjects/phpmyadmin/evidence/phpmyadmin-C0495.json,1151
results/subjects/phpmyadmin/evidence/phpmyadmin-C0496.json,1187
results/subjects/phpmyadmin/evidence/phpmyadmin-C0497.json,1152
results/subjects/phpmyadmin/evidence/phpmyadmin-C0498.json,1201
results/subjects/phpmyadmin/evidence/phpmyadmin-C0499.json,1201
results/subjects/phpmyadmin/evidence/phpmyadmin-C0500.json,1152
results/subjects/phpmyadmin/evidence/phpmyadmin-C0501.json,1123
results/subjects/phpmyadmin/evidence/phpmyadmin-C0502.json,1123
results/subjects/phpmyadmin/evidence/phpmyadmin-C0503.json,1191
results/subjects/phpmyadmin/evidence/phpmyadmin-C0504.json,1255
results/subjects/phpmyadmin/evidence/phpmyadmin-C0505.json,1123
results/subjects/phpmyadmin/evidence/phpmyadmin-C0506.json,1230
results/subjects/phpmyadmin/evidence/phpmyadmin-C0507.json,1156
results/subjects/phpmyadmin/evidence/phpmyadmin-C0508.json,1155
results/subjects/phpmyadmin/evidence/phpmyadmin-C0509.json,1156
results/subjects/phpmyadmin/evidence/phpmyadmin-C0510.json,1158
results/subjects/phpmyadmin/evidence/phpmyadmin-C0511.json,1158
results/subjects/phpmyadmin/evidence/phpmyadmin-C0512.json,3549
results/subjects/phpmyadmin/evidence/phpmyadmin-C0513.json,1721
results/subjects/phpmyadmin/evidence/phpmyadmin-C0514.json,1399
results/subjects/phpmyadmin/evidence/phpmyadmin-C0515.json,1571
results/subjects/phpmyadmin/evidence/phpmyadmin-C0516.json,1504
results/subjects/phpmyadmin/evidence/phpmyadmin-C0517.json,1366
results/subjects/phpmyadmin/evidence/phpmyadmin-C0518.json,1255
results/subjects/phpmyadmin/evidence/phpmyadmin-C0519.json,1211
results/subjects/phpmyadmin/evidence/phpmyadmin-C0520.json,1121
results/subjects/phpmyadmin/evidence/phpmyadmin-C0521.json,1188
results/subjects/phpmyadmin/evidence/phpmyadmin-C0522.json,1119
results/subjects/phpmyadmin/evidence/phpmyadmin-C0523.json,1149
results/subjects/phpmyadmin/evidence/phpmyadmin-C0524.json,1121
results/subjects/phpmyadmin/evidence/phpmyadmin-C0525.json,1846
results/subjects/phpmyadmin/evidence/phpmyadmin-C0526.json,1155
results/subjects/phpmyadmin/evidence/phpmyadmin-C0527.json,1147
results/subjects/phpmyadmin/evidence/phpmyadmin-C0528.json,1245
results/subjects/phpmyadmin/evidence/phpmyadmin-C0529.json,1199
results/subjects/phpmyadmin/evidence/phpmyadmin-C0530.json,3578
results/subjects/phpmyadmin/evidence/phpmyadmin-C0531.json,1116
results/subjects/phpmyadmin/evidence/phpmyadmin-C0532.json,1145
results/subjects/phpmyadmin/evidence/phpmyadmin-C0533.json,1187
results/subjects/phpmyadmin/evidence/phpmyadmin-C0534.json,1369
results/subjects/phpmyadmin/evidence/phpmyadmin-C0535.json,1178
results/subjects/phpmyadmin/evidence/phpmyadmin-C0536.json,1184
results/subjects/phpmyadmin/evidence/phpmyadmin-C0537.json,1118
results/subjects/phpmyadmin/evidence/phpmyadmin-C0538.json,1311
results/subjects/phpmyadmin/evidence/phpmyadmin-C0539.json,1397
results/subjects/phpmyadmin/evidence/phpmyadmin-C0540.json,1265
results/subjects/phpmyadmin/evidence/phpmyadmin-C0541.json,2300
results/subjects/phpmyadmin/evidence/phpmyadmin-C0542.json,1408
results/subjects/phpmyadmin/evidence/phpmyadmin-C0543.json,1125
results/subjects/phpmyadmin/evidence/phpmyadmin-C0544.json,2121
results/subjects/phpmyadmin/evidence/phpmyadmin-C0545.json,1267
results/subjects/phpmyadmin/evidence/phpmyadmin-C0546.json,1126
results/subjects/phpmyadmin/evidence/phpmyadmin-C0547.json,1219
results/subjects/phpmyadmin/evidence/phpmyadmin-C0548.json,1155
results/subjects/phpmyadmin/evidence/phpmyadmin-C0549.json,2257
results/subjects/phpmyadmin/evidence/phpmyadmin-C0550.json,1203
results/subjects/phpmyadmin/evidence/phpmyadmin-C0551.json,1118
results/subjects/phpmyadmin/evidence/phpmyadmin-C0552.json,1118
results/subjects/phpmyadmin/evidence/phpmyadmin-C0553.json,1147
results/subjects/phpmyadmin/evidence/phpmyadmin-C0554.json,1148
results/subjects/phpmyadmin/evidence/phpmyadmin-C0555.json,1148
results/subjects/phpmyadmin/evidence/phpmyadmin-C0556.json,1347
results/subjects/phpmyadmin/evidence/phpmyadmin-C0557.json,1120
results/subjects/phpmyadmin/evidence/phpmyadmin-C0558.json,1149
results/subjects/phpmyadmin/evidence/phpmyadmin-C0559.json,1198
results/subjects/phpmyadmin/evidence/phpmyadmin-C0560.json,1170
results/subjects/phpmyadmin/evidence/phpmyadmin-C0561.json,1191
results/subjects/phpmyadmin/evidence/phpmyadmin-C0562.json,1149
results/subjects/phpmyadmin/evidence/phpmyadmin-C0563.json,1306
results/subjects/phpmyadmin/evidence/phpmyadmin-C0564.json,1217
results/subjects/phpmyadmin/evidence/phpmyadmin-C0565.json,1117
results/subjects/phpmyadmin/evidence/phpmyadmin-C0566.json,1386
results/subjects/phpmyadmin/evidence/phpmyadmin-C0567.json,1366
results/subjects/phpmyadmin/evidence/phpmyadmin-C0568.json,1149
results/subjects/phpmyadmin/evidence/phpmyadmin-C0569.json,1149
results/subjects/phpmyadmin/evidence/phpmyadmin-C0570.json,1150
results/subjects/phpmyadmin/evidence/phpmyadmin-C0571.json,1230
results/subjects/phpmyadmin/evidence/phpmyadmin-C0572.json,1120
results/subjects/phpmyadmin/evidence/phpmyadmin-C0573.json,2687
results/subjects/phpmyadmin/evidence/phpmyadmin-C0574.json,1578
results/subjects/phpmyadmin/evidence/phpmyadmin-C0575.json,1309
results/subjects/phpmyadmin/evidence/phpmyadmin-C0576.json,1231
results/subjects/phpmyadmin/evidence/phpmyadmin-C0577.json,1460
results/subjects/phpmyadmin/evidence/phpmyadmin-C0578.json,1663
results/subjects/phpmyadmin/evidence/phpmyadmin-C0579.json,1152
results/subjects/phpmyadmin/evidence/phpmyadmin-C0580.json,1200
results/subjects/phpmyadmin/evidence/phpmyadmin-C0581.json,1127
results/subjects/phpmyadmin/evidence/phpmyadmin-C0582.json,1157
results/subjects/phpmyadmin/evidence/phpmyadmin-C0583.json,1157
results/subjects/phpmyadmin/evidence/phpmyadmin-C0584.json,1209
results/subjects/phpmyadmin/evidence/phpmyadmin-C0585.json,1118
results/subjects/phpmyadmin/evidence/phpmyadmin-C0586.json,1118
results/subjects/phpmyadmin/evidence/phpmyadmin-C0587.json,1117
results/subjects/phpmyadmin/evidence/phpmyadmin-C0588.json,1197
results/subjects/phpmyadmin/evidence/phpmyadmin-C0589.json,1115
results/subjects/phpmyadmin/evidence/phpmyadmin-C0590.json,1195
results/subjects/phpmyadmin/evidence/phpmyadmin-C0591.json,1407
results/subjects/phpmyadmin/evidence/phpmyadmin-C0592.json,1240
results/subjects/phpmyadmin/evidence/phpmyadmin-C0593.json,1425
results/subjects/phpmyadmin/evidence/phpmyadmin-C0594.json,1276
results/subjects/phpmyadmin/evidence/phpmyadmin-C0595.json,3081
results/subjects/phpmyadmin/evidence/phpmyadmin-C0596.json,1162
results/subjects/phpmyadmin/evidence/phpmyadmin-C0597.json,1290
results/subjects/phpmyadmin/evidence/phpmyadmin-C0598.json,1117
results/subjects/phpmyadmin/evidence/phpmyadmin-C0599.json,1479
results/subjects/phpmyadmin/evidence/phpmyadmin-C0600.json,1119
results/subjects/phpmyadmin/evidence/phpmyadmin-C0601.json,1119
results/subjects/phpmyadmin/evidence/phpmyadmin-C0602.json,1159
results/subjects/phpmyadmin/evidence/phpmyadmin-C0603.json,1119
results/subjects/phpmyadmin/evidence/phpmyadmin-C0604.json,1223
results/subjects/phpmyadmin/evidence/phpmyadmin-C0605.json,1209
results/subjects/phpmyadmin/evidence/phpmyadmin-C0606.json,1161
results/subjects/phpmyadmin/evidence/phpmyadmin-C0607.json,1119
results/subjects/phpmyadmin/evidence/phpmyadmin-C0608.json,1119
results/subjects/phpmyadmin/evidence/phpmyadmin-C0609.json,1119
results/subjects/phpmyadmin/evidence/phpmyadmin-C0610.json,1201
results/subjects/phpmyadmin/evidence/phpmyadmin-C0611.json,1119
results/subjects/phpmyadmin/evidence/phpmyadmin-C0612.json,1119
results/subjects/phpmyadmin/evidence/phpmyadmin-C0613.json,1119
results/subjects/phpmyadmin/evidence/phpmyadmin-C0614.json,1119
results/subjects/phpmyadmin/evidence/phpmyadmin-C0615.json,1216
results/subjects/phpmyadmin/evidence/phpmyadmin-C0616.json,1119
results/subjects/phpmyadmin/evidence/phpmyadmin-C0617.json,1119
results/subjects/phpmyadmin/evidence/phpmyadmin-C0618.json,1119
results/subjects/phpmyadmin/evidence/phpmyadmin-C0619.json,1376
results/subjects/phpmyadmin/evidence/phpmyadmin-C0620.json,1207
results/subjects/phpmyadmin/evidence/phpmyadmin-C0621.json,1196
results/subjects/phpmyadmin/evidence/phpmyadmin-C0622.json,1195
results/subjects/phpmyadmin/evidence/phpmyadmin-C0623.json,1130
results/subjects/phpmyadmin/evidence/phpmyadmin-C0624.json,1124
results/subjects/phpmyadmin/evidence/phpmyadmin-C0625.json,1124
results/subjects/phpmyadmin/evidence/phpmyadmin-C0626.json,1158
results/subjects/phpmyadmin/evidence/phpmyadmin-C0627.json,1153
results/subjects/phpmyadmin/evidence/phpmyadmin-C0628.json,1155
results/subjects/phpmyadmin/evidence/phpmyadmin-C0629.json,1482
results/subjects/phpmyadmin/evidence/phpmyadmin-C0630.json,1483
results/subjects/phpmyadmin/evidence/phpmyadmin-C0631.json,1152
results/subjects/phpmyadmin/evidence/phpmyadmin-C0632.json,1153
results/subjects/phpmyadmin/evidence/phpmyadmin-C0633.json,1184
results/subjects/phpmyadmin/evidence/phpmyadmin-C0634.json,1131
results/subjects/phpmyadmin/evidence/phpmyadmin-C0635.json,1131
results/subjects/phpmyadmin/evidence/phpmyadmin-C0636.json,1131
results/subjects/phpmyadmin/evidence/phpmyadmin-C0637.json,1131
results/subjects/phpmyadmin/evidence/phpmyadmin-C0638.json,1131
results/subjects/phpmyadmin/evidence/phpmyadmin-C0639.json,1796
results/subjects/phpmyadmin/evidence/phpmyadmin-C0640.json,1567
results/subjects/phpmyadmin/evidence/phpmyadmin-C0641.json,1433
results/subjects/phpmyadmin/evidence/phpmyadmin-C0642.json,1138
results/subjects/phpmyadmin/evidence/phpmyadmin-C0643.json,1127
results/subjects/phpmyadmin/evidence/phpmyadmin-C0644.json,1128
results/subjects/phpmyadmin/evidence/phpmyadmin-C0645.json,1129
results/subjects/phpmyadmin/evidence/phpmyadmin-C0646.json,1129
results/subjects/phpmyadmin/evidence/phpmyadmin-C0647.json,1129
results/subjects/phpmyadmin/evidence/phpmyadmin-C0648.json,1129
results/subjects/phpmyadmin/evidence/phpmyadmin-C0649.json,1264
results/subjects/phpmyadmin/evidence/phpmyadmin-C0650.json,3331
results/subjects/phpmyadmin/evidence/phpmyadmin-C0651.json,1175
results/subjects/phpmyadmin/evidence/phpmyadmin-C0652.json,1279
results/subjects/phpmyadmin/evidence/phpmyadmin-C0653.json,1251
results/subjects/phpmyadmin/evidence/phpmyadmin-C0654.json,1127
results/subjects/phpmyadmin/evidence/phpmyadmin-C0655.json,1127
results/subjects/phpmyadmin/evidence/phpmyadmin-C0656.json,1127
results/subjects/phpmyadmin/evidence/phpmyadmin-C0657.json,1127
results/subjects/phpmyadmin/evidence/phpmyadmin-C0658.json,1127
results/subjects/phpmyadmin/evidence/phpmyadmin-C0659.json,1412
results/subjects/phpmyadmin/evidence/phpmyadmin-C0660.json,1128
results/subjects/phpmyadmin/evidence/phpmyadmin-C0661.json,1295
results/subjects/phpmyadmin/evidence/phpmyadmin-C0662.json,1263
results/subjects/phpmyadmin/evidence/phpmyadmin-C0663.json,1264
results/subjects/phpmyadmin/evidence/phpmyadmin-C0664.json,1125
results/subjects/phpmyadmin/evidence/phpmyadmin-C0665.json,2188
results/subjects/phpmyadmin/evidence/phpmyadmin-C0666.json,2160
results/subjects/phpmyadmin/evidence/phpmyadmin-C0667.json,2349
results/subjects/phpmyadmin/evidence/phpmyadmin-C0668.json,1291
results/subjects/phpmyadmin/evidence/phpmyadmin-C0669.json,1282
results/subjects/phpmyadmin/evidence/phpmyadmin-C0670.json,1393
results/subjects/phpmyadmin/evidence/phpmyadmin-C0671.json,1300
results/subjects/phpmyadmin/evidence/phpmyadmin-C0672.json,1301
results/subjects/phpmyadmin/evidence/phpmyadmin-C0673.json,1154
results/subjects/phpmyadmin/evidence/phpmyadmin-C0674.json,1154
results/subjects/phpmyadmin/evidence/phpmyadmin-C0675.json,3204
results/subjects/phpmyadmin/evidence/phpmyadmin-C0676.json,1128
results/subjects/phpmyadmin/evidence/phpmyadmin-C0677.json,1128
results/subjects/phpmyadmin/evidence/phpmyadmin-C0678.json,1158
results/subjects/phpmyadmin/evidence/phpmyadmin-C0679.json,1242
results/subjects/phpmyadmin/evidence/phpmyadmin-C0680.json,1729
results/subjects/phpmyadmin/evidence/phpmyadmin-C0681.json,1260
results/subjects/phpmyadmin/evidence/phpmyadmin-C0682.json,1198
results/subjects/phpmyadmin/evidence/phpmyadmin-C0683.json,1251
results/subjects/phpmyadmin/evidence/phpmyadmin-C0684.json,1264
results/subjects/phpmyadmin/evidence/phpmyadmin-C0685.json,1238
results/subjects/phpmyadmin/evidence/phpmyadmin-C0686.json,1248
results/subjects/phpmyadmin/evidence/phpmyadmin-C0687.json,1215
results/subjects/phpmyadmin/evidence/phpmyadmin-C0688.json,1130
results/subjects/phpmyadmin/evidence/phpmyadmin-C0689.json,1237
results/subjects/phpmyadmin/evidence/phpmyadmin-C0690.json,1199
results/subjects/phpmyadmin/evidence/phpmyadmin-C0691.json,1199
results/subjects/phpmyadmin/evidence/phpmyadmin-C0692.json,1199
results/subjects/phpmyadmin/evidence/phpmyadmin-C0693.json,1200
results/subjects/phpmyadmin/evidence/phpmyadmin-C0694.json,1159
results/subjects/phpmyadmin/evidence/phpmyadmin-C0695.json,1159
results/subjects/phpmyadmin/evidence/phpmyadmin-C0696.json,1176
results/subjects/phpmyadmin/evidence/phpmyadmin-C0697.json,1198
results/subjects/phpmyadmin/evidence/phpmyadmin-C0698.json,1130
results/subjects/phpmyadmin/evidence/phpmyadmin-C0699.json,1695
results/subjects/phpmyadmin/evidence/phpmyadmin-C0700.json,1130
results/subjects/phpmyadmin/evidence/phpmyadmin-C0701.json,1198
results/subjects/phpmyadmin/evidence/phpmyadmin-C0702.json,1130
results/subjects/phpmyadmin/evidence/phpmyadmin-C0703.json,1199
results/subjects/phpmyadmin/evidence/phpmyadmin-C0704.json,1130
results/subjects/phpmyadmin/evidence/phpmyadmin-C0705.json,1335
results/subjects/phpmyadmin/evidence/phpmyadmin-C0706.json,1260
results/subjects/phpmyadmin/evidence/phpmyadmin-C0707.json,1255
results/subjects/phpmyadmin/evidence/phpmyadmin-C0708.json,1205
results/subjects/phpmyadmin/evidence/phpmyadmin-C0709.json,1237
results/subjects/phpmyadmin/evidence/phpmyadmin-C0710.json,1172
results/subjects/phpmyadmin/evidence/phpmyadmin-C0711.json,1502
results/subjects/phpmyadmin/evidence/phpmyadmin-C0712.json,1416
results/subjects/phpmyadmin/evidence/phpmyadmin-C0713.json,1123
results/subjects/phpmyadmin/evidence/phpmyadmin-C0714.json,1137
results/subjects/phpmyadmin/evidence/phpmyadmin-C0715.json,1135
results/subjects/phpmyadmin/evidence/phpmyadmin-C0716.json,1131
results/subjects/phpmyadmin/evidence/phpmyadmin-C0717.json,1132
results/subjects/phpmyadmin/evidence/phpmyadmin-C0718.json,1132
results/subjects/phpmyadmin/evidence/phpmyadmin-C0719.json,1132
results/subjects/phpmyadmin/evidence/phpmyadmin-C0720.json,1127
results/subjects/phpmyadmin/evidence/phpmyadmin-C0721.json,1289
results/subjects/phpmyadmin/evidence/phpmyadmin-C0722.json,1133
results/subjects/phpmyadmin/evidence/phpmyadmin-C0723.json,1790
results/subjects/phpmyadmin/evidence/phpmyadmin-C0724.json,1316
results/subjects/phpmyadmin/evidence/phpmyadmin-C0725.json,1829
results/subjects/phpmyadmin/evidence/phpmyadmin-C0726.json,1193
results/subjects/phpmyadmin/evidence/phpmyadmin-C0727.json,2844
results/subjects/phpmyadmin/evidence/phpmyadmin-C0728.json,1573
results/subjects/phpmyadmin/evidence/phpmyadmin-C0729.json,1236
results/subjects/phpmyadmin/evidence/phpmyadmin-C0730.json,1138
results/subjects/phpmyadmin/evidence/phpmyadmin-C0731.json,1138
results/subjects/phpmyadmin/evidence/phpmyadmin-C0732.json,1138
results/subjects/phpmyadmin/evidence/phpmyadmin-C0733.json,1138
results/subjects/phpmyadmin/evidence/phpmyadmin-C0734.json,1326
results/subjects/phpmyadmin/evidence/phpmyadmin-C0735.json,1616
results/subjects/phpmyadmin/evidence/phpmyadmin-C0736.json,1518
results/subjects/phpmyadmin/evidence/phpmyadmin-C0737.json,1368
results/subjects/phpmyadmin/evidence/phpmyadmin-C0738.json,1225
results/subjects/phpmyadmin/evidence/phpmyadmin-C0739.json,1141
results/subjects/phpmyadmin/evidence/phpmyadmin-C0740.json,1133
results/subjects/phpmyadmin/evidence/phpmyadmin-C0741.json,2823
results/subjects/phpmyadmin/evidence/phpmyadmin-C0742.json,1478
results/subjects/phpmyadmin/evidence/phpmyadmin-C0743.json,1220
results/subjects/phpmyadmin/evidence/phpmyadmin-C0744.json,1845
results/subjects/phpmyadmin/evidence/phpmyadmin-C0745.json,1705
results/subjects/phpmyadmin/evidence/phpmyadmin-C0746.json,1255
results/subjects/phpmyadmin/evidence/phpmyadmin-C0747.json,1430
results/subjects/phpmyadmin/evidence/phpmyadmin-C0748.json,4155
results/subjects/phpmyadmin/evidence/phpmyadmin-C0749.json,1599
results/subjects/phpmyadmin/evidence/phpmyadmin-C0750.json,1449
results/subjects/phpmyadmin/evidence/phpmyadmin-C0751.json,1346
results/subjects/phpmyadmin/evidence/phpmyadmin-C0752.json,1244
results/subjects/phpmyadmin/evidence/phpmyadmin-C0753.json,1793
results/subjects/phpmyadmin/evidence/phpmyadmin-C0754.json,1223
results/subjects/phpmyadmin/evidence/phpmyadmin-C0755.json,1947
results/subjects/phpmyadmin/evidence/phpmyadmin-C0756.json,1916
results/subjects/phpmyadmin/evidence/phpmyadmin-C0757.json,2099
results/subjects/phpmyadmin/evidence/phpmyadmin-C0758.json,1453
results/subjects/phpmyadmin/evidence/phpmyadmin-C0759.json,1565
results/subjects/phpmyadmin/evidence/phpmyadmin-C0760.json,1918
results/subjects/phpmyadmin/evidence/phpmyadmin-C0761.json,1447
results/subjects/phpmyadmin/evidence/phpmyadmin-C0762.json,1560
results/subjects/phpmyadmin/evidence/phpmyadmin-C0763.json,2009
results/subjects/phpmyadmin/evidence/phpmyadmin-C0764.json,1428
results/subjects/phpmyadmin/evidence/phpmyadmin-C0765.json,1447
results/subjects/phpmyadmin/evidence/phpmyadmin-C0766.json,1401
results/subjects/phpmyadmin/evidence/phpmyadmin-C0767.json,5408
results/subjects/phpmyadmin/evidence/phpmyadmin-C0768.json,1230
results/subjects/phpmyadmin/evidence/phpmyadmin-C0769.json,1130
results/subjects/phpmyadmin/evidence/phpmyadmin-C0770.json,1205
results/subjects/phpmyadmin/evidence/phpmyadmin-C0771.json,1159
results/subjects/phpmyadmin/evidence/phpmyadmin-C0772.json,1268
results/subjects/phpmyadmin/evidence/phpmyadmin-C0773.json,1130
results/subjects/phpmyadmin/evidence/phpmyadmin-C0774.json,1201
results/subjects/phpmyadmin/evidence/phpmyadmin-C0775.json,1382
results/subjects/phpmyadmin/evidence/phpmyadmin-C0776.json,1216
results/subjects/phpmyadmin/evidence/phpmyadmin-C0777.json,2154
results/subjects/phpmyadmin/evidence/phpmyadmin-C0778.json,1204
results/subjects/phpmyadmin/evidence/phpmyadmin-C0779.json,1410
results/subjects/phpmyadmin/evidence/phpmyadmin-C0780.json,1180
results/subjects/phpmyadmin/evidence/phpmyadmin-C0781.json,1426
results/subjects/phpmyadmin/evidence/phpmyadmin-C0782.json,1315
results/subjects/phpmyadmin/evidence/phpmyadmin-C0783.json,1575
results/subjects/phpmyadmin/evidence/phpmyadmin-C0784.json,1216
results/subjects/phpmyadmin/evidence/phpmyadmin-C0785.json,1290
results/subjects/phpmyadmin/evidence/phpmyadmin-C0786.json,1650
results/subjects/phpmyadmin/evidence/phpmyadmin-C0787.json,1236
results/subjects/phpmyadmin/evidence/phpmyadmin-C0788.json,1132
results/subjects/phpmyadmin/evidence/phpmyadmin-C0789.json,1438
results/subjects/phpmyadmin/evidence/phpmyadmin-C0790.json,1247
results/subjects/phpmyadmin/evidence/phpmyadmin-C0791.json,1249
results/subjects/phpmyadmin/evidence/phpmyadmin-C0792.json,1390
results/subjects/phpmyadmin/evidence/phpmyadmin-C0793.json,1380
results/subjects/phpmyadmin/evidence/phpmyadmin-C0794.json,1630
results/subjects/phpmyadmin/evidence/phpmyadmin-C0795.json,1484
results/subjects/phpmyadmin/evidence/phpmyadmin-C0796.json,1594
results/subjects/phpmyadmin/evidence/phpmyadmin-C0797.json,1480
results/subjects/phpmyadmin/evidence/phpmyadmin-C0798.json,1260
results/subjects/phpmyadmin/evidence/phpmyadmin-C0799.json,1305
results/subjects/phpmyadmin/evidence/phpmyadmin-C0800.json,1268
results/subjects/phpmyadmin/evidence/phpmyadmin-C0801.json,1330
results/subjects/phpmyadmin/evidence/phpmyadmin-C0802.json,1381
results/subjects/phpmyadmin/evidence/phpmyadmin-C0803.json,1353
results/subjects/phpmyadmin/evidence/phpmyadmin-C0804.json,1551
results/subjects/phpmyadmin/evidence/phpmyadmin-C0805.json,1381
results/subjects/phpmyadmin/evidence/phpmyadmin-C0806.json,2266
results/subjects/phpmyadmin/evidence/phpmyadmin-C0807.json,1157
results/subjects/phpmyadmin/evidence/phpmyadmin-C0808.json,1604
results/subjects/phpmyadmin/evidence/phpmyadmin-C0809.json,1712
results/subjects/phpmyadmin/evidence/phpmyadmin-C0810.json,1129
results/subjects/phpmyadmin/evidence/phpmyadmin-C0811.json,1129
results/subjects/phpmyadmin/evidence/phpmyadmin-C0812.json,1131
results/subjects/phpmyadmin/evidence/phpmyadmin-C0813.json,1364
results/subjects/phpmyadmin/evidence/phpmyadmin-C0814.json,2718
results/subjects/phpmyadmin/evidence/phpmyadmin-C0815.json,1447
results/subjects/phpmyadmin/evidence/phpmyadmin-C0816.json,1134
results/subjects/phpmyadmin/evidence/phpmyadmin-C0817.json,1310
results/subjects/phpmyadmin/evidence/phpmyadmin-C0818.json,1311
results/subjects/phpmyadmin/evidence/phpmyadmin-C0819.json,2388
results/subjects/phpmyadmin/evidence/phpmyadmin-C0820.json,1835
results/subjects/phpmyadmin/evidence/phpmyadmin-C0821.json,2546
results/subjects/phpmyadmin/evidence/phpmyadmin-C0822.json,1697
results/subjects/phpmyadmin/evidence/phpmyadmin-C0823.json,1748
results/subjects/phpmyadmin/evidence/phpmyadmin-C0824.json,1380
results/subjects/phpmyadmin/evidence/phpmyadmin-C0825.json,1319
results/subjects/phpmyadmin/evidence/phpmyadmin-C0826.json,1290
results/subjects/phpmyadmin/evidence/phpmyadmin-C0827.json,2551
results/subjects/phpmyadmin/evidence/phpmyadmin-C0828.json,1961
results/subjects/phpmyadmin/evidence/phpmyadmin-C0829.json,1455
results/subjects/phpmyadmin/evidence/phpmyadmin-C0830.json,1196
results/subjects/phpmyadmin/evidence/phpmyadmin-C0831.json,1188
results/subjects/phpmyadmin/evidence/phpmyadmin-C0832.json,1190
results/subjects/phpmyadmin/evidence/phpmyadmin-C0833.json,1823
results/subjects/phpmyadmin/evidence/phpmyadmin-C0834.json,1145
results/subjects/phpmyadmin/evidence/phpmyadmin-C0835.json,1825
results/subjects/phpmyadmin/evidence/phpmyadmin-C0836.json,1141
results/subjects/phpmyadmin/evidence/phpmyadmin-C0837.json,1137
results/subjects/phpmyadmin/evidence/phpmyadmin-C0838.json,1305
results/subjects/phpmyadmin/evidence/phpmyadmin-C0839.json,1278
results/subjects/phpmyadmin/evidence/phpmyadmin-C0840.json,1278
results/subjects/phpmyadmin/evidence/phpmyadmin-C0841.json,1142
results/subjects/phpmyadmin/evidence/phpmyadmin-C0842.json,1138
results/subjects/phpmyadmin/evidence/phpmyadmin-C0843.json,1137
results/subjects/phpmyadmin/evidence/phpmyadmin-C0844.json,1139
results/subjects/phpmyadmin/evidence/phpmyadmin-C0845.json,1139
results/subjects/phpmyadmin/evidence/phpmyadmin-C0846.json,1143
results/subjects/phpmyadmin/evidence/phpmyadmin-C0847.json,1143
results/subjects/phpmyadmin/evidence/phpmyadmin-C0848.json,1164
results/subjects/phpmyadmin/evidence/phpmyadmin-C0849.json,1137
results/subjects/phpmyadmin/evidence/phpmyadmin-C0850.json,1164
results/subjects/phpmyadmin/evidence/phpmyadmin-C0851.json,1135
results/subjects/phpmyadmin/evidence/phpmyadmin-C0852.json,1137
results/subjects/phpmyadmin/evidence/phpmyadmin-C0853.json,1137
results/subjects/phpmyadmin/evidence/phpmyadmin-C0854.json,1137
results/subjects/phpmyadmin/evidence/phpmyadmin-C0855.json,1199
results/subjects/phpmyadmin/evidence/phpmyadmin-C0856.json,1142
results/subjects/phpmyadmin/evidence/phpmyadmin-C0857.json,1453
results/subjects/phpmyadmin/evidence/phpmyadmin-C0858.json,1214
results/subjects/phpmyadmin/evidence/phpmyadmin-C0859.json,1205
results/subjects/phpmyadmin/evidence/phpmyadmin-C0860.json,1282
results/subjects/phpmyadmin/evidence/phpmyadmin-C0861.json,1169
results/subjects/phpmyadmin/evidence/phpmyadmin-C0862.json,1139
results/subjects/phpmyadmin/evidence/phpmyadmin-C0863.json,1139
results/subjects/phpmyadmin/evidence/phpmyadmin-C0864.json,1139
results/subjects/phpmyadmin/evidence/phpmyadmin-C0865.json,1139
results/subjects/phpmyadmin/evidence/phpmyadmin-C0866.json,1139
results/subjects/phpmyadmin/evidence/phpmyadmin-C0867.json,1139
results/subjects/phpmyadmin/evidence/phpmyadmin-C0868.json,1139
results/subjects/phpmyadmin/evidence/phpmyadmin-C0869.json,1142
results/subjects/phpmyadmin/evidence/phpmyadmin-C0870.json,1142
results/subjects/phpmyadmin/evidence/phpmyadmin-C0871.json,1142
results/subjects/phpmyadmin/evidence/phpmyadmin-C0872.json,1267
results/subjects/phpmyadmin/evidence/phpmyadmin-C0873.json,1235
results/subjects/phpmyadmin/evidence/phpmyadmin-C0874.json,1137
results/subjects/phpmyadmin/evidence/phpmyadmin-C0875.json,1138
results/subjects/phpmyadmin/evidence/phpmyadmin-C0876.json,1280
results/subjects/phpmyadmin/evidence/phpmyadmin-C0877.json,1280
results/subjects/phpmyadmin/evidence/phpmyadmin-C0878.json,1136
results/subjects/phpmyadmin/evidence/phpmyadmin-C0879.json,1142
results/subjects/phpmyadmin/evidence/phpmyadmin-C0880.json,1143
results/subjects/phpmyadmin/evidence/phpmyadmin-C0881.json,1381
results/subjects/phpmyadmin/evidence/phpmyadmin-C0882.json,1245
results/subjects/phpmyadmin/evidence/phpmyadmin-C0883.json,1136
results/subjects/phpmyadmin/evidence/phpmyadmin-C0884.json,1193
results/subjects/phpmyadmin/evidence/phpmyadmin-C0885.json,1195
results/subjects/phpmyadmin/evidence/phpmyadmin-C0886.json,1269
results/subjects/phpmyadmin/evidence/phpmyadmin-C0887.json,1270
results/subjects/phpmyadmin/evidence/phpmyadmin-C0888.json,1417
results/subjects/phpmyadmin/evidence/phpmyadmin-C0889.json,1292
results/subjects/phpmyadmin/evidence/phpmyadmin-C0890.json,1338
results/subjects/phpmyadmin/evidence/phpmyadmin-C0891.json,1489
results/subjects/phpmyadmin/evidence/phpmyadmin-C0892.json,1171
results/subjects/phpmyadmin/evidence/phpmyadmin-C0893.json,1258
results/subjects/phpmyadmin/evidence/phpmyadmin-C0894.json,1295
results/subjects/phpmyadmin/evidence/phpmyadmin-C0895.json,1347
results/subjects/phpmyadmin/evidence/phpmyadmin-C0896.json,1348
results/subjects/phpmyadmin/evidence/phpmyadmin-C0897.json,1147
results/subjects/phpmyadmin/evidence/phpmyadmin-C0898.json,1143
results/subjects/phpmyadmin/evidence/phpmyadmin-C0899.json,1449
results/subjects/phpmyadmin/evidence/phpmyadmin-C0900.json,1450
results/subjects/phpmyadmin/evidence/phpmyadmin-C0901.json,1207
results/subjects/phpmyadmin/evidence/phpmyadmin-C0902.json,1135
results/subjects/phpmyadmin/evidence/phpmyadmin-C0903.json,1635
results/subjects/phpmyadmin/evidence/phpmyadmin-C0904.json,1636
results/subjects/phpmyadmin/evidence/phpmyadmin-C0905.json,1149
results/subjects/phpmyadmin/evidence/phpmyadmin-C0906.json,1397
results/subjects/phpmyadmin/evidence/phpmyadmin-C0907.json,1398
results/subjects/phpmyadmin/evidence/phpmyadmin-C0908.json,1166
results/subjects/phpmyadmin/evidence/phpmyadmin-C0909.json,1171
results/subjects/phpmyadmin/evidence/phpmyadmin-C0910.json,1170
results/subjects/phpmyadmin/evidence/phpmyadmin-C0911.json,1139
results/subjects/phpmyadmin/evidence/phpmyadmin-C0912.json,1139
results/subjects/phpmyadmin/evidence/phpmyadmin-C0913.json,1139
results/subjects/phpmyadmin/evidence/phpmyadmin-C0914.json,1139
results/subjects/phpmyadmin/evidence/phpmyadmin-C0915.json,1139
results/subjects/phpmyadmin/evidence/phpmyadmin-C0916.json,1261
results/subjects/phpmyadmin/evidence/phpmyadmin-C0917.json,1134
results/subjects/phpmyadmin/evidence/phpmyadmin-C0918.json,1134
results/subjects/phpmyadmin/evidence/phpmyadmin-C0919.json,1410
results/subjects/phpmyadmin/evidence/phpmyadmin-C0920.json,1239
results/subjects/phpmyadmin/evidence/phpmyadmin-C0921.json,1239
results/subjects/phpmyadmin/evidence/phpmyadmin-C0922.json,1142
results/subjects/phpmyadmin/evidence/phpmyadmin-C0923.json,1239
results/subjects/phpmyadmin/evidence/phpmyadmin-C0924.json,1240
results/subjects/phpmyadmin/evidence/phpmyadmin-C0925.json,1235
results/subjects/phpmyadmin/evidence/phpmyadmin-C0926.json,1235
results/subjects/phpmyadmin/evidence/phpmyadmin-C0927.json,1237
results/subjects/phpmyadmin/evidence/phpmyadmin-C0928.json,1427
results/subjects/phpmyadmin/evidence/phpmyadmin-C0929.json,1137
results/subjects/phpmyadmin/evidence/phpmyadmin-C0930.json,1166
results/subjects/phpmyadmin/evidence/phpmyadmin-C0931.json,1348
results/subjects/phpmyadmin/evidence/phpmyadmin-C0932.json,1167
results/subjects/phpmyadmin/evidence/phpmyadmin-C0933.json,1166
results/subjects/phpmyadmin/evidence/phpmyadmin-C0934.json,1166
results/subjects/phpmyadmin/evidence/phpmyadmin-C0935.json,2058
results/subjects/phpmyadmin/evidence/phpmyadmin-C0936.json,1543
results/subjects/phpmyadmin/evidence/phpmyadmin-C0937.json,1433
results/subjects/phpmyadmin/evidence/phpmyadmin-C0938.json,1203
results/subjects/phpmyadmin/evidence/phpmyadmin-C0939.json,1162
results/subjects/phpmyadmin/evidence/phpmyadmin-C0940.json,1429
results/subjects/phpmyadmin/evidence/phpmyadmin-C0941.json,1154
results/subjects/phpmyadmin/evidence/phpmyadmin-C0942.json,1489
results/subjects/phpmyadmin/evidence/phpmyadmin-C0943.json,1348
results/subjects/phpmyadmin/evidence/phpmyadmin-C0944.json,1611
results/subjects/phpmyadmin/evidence/phpmyadmin-C0945.json,1157
results/subjects/phpmyadmin/evidence/phpmyadmin-C0946.json,1158
results/subjects/phpmyadmin/evidence/phpmyadmin-C0947.json,1241
results/subjects/phpmyadmin/evidence/phpmyadmin-C0948.json,1242
results/subjects/phpmyadmin/evidence/phpmyadmin-C0949.json,1531
results/subjects/phpmyadmin/evidence/phpmyadmin-C0950.json,1490
results/subjects/phpmyadmin/evidence/phpmyadmin-C0951.json,1549
results/subjects/phpmyadmin/evidence/phpmyadmin-C0952.json,1460
results/subjects/phpmyadmin/evidence/phpmyadmin-C0953.json,2057
results/subjects/phpmyadmin/evidence/phpmyadmin-C0954.json,1497
results/subjects/phpmyadmin/evidence/phpmyadmin-C0955.json,1488
results/subjects/phpmyadmin/evidence/phpmyadmin-C0956.json,2530
results/subjects/phpmyadmin/evidence/phpmyadmin-C0957.json,1626
results/subjects/phpmyadmin/evidence/phpmyadmin-C0958.json,1181
results/subjects/phpmyadmin/evidence/phpmyadmin-C0959.json,1181
results/subjects/phpmyadmin/evidence/phpmyadmin-C0960.json,1496
results/subjects/phpmyadmin/evidence/phpmyadmin-C0961.json,1154
results/subjects/phpmyadmin/evidence/phpmyadmin-C0962.json,3779
results/subjects/phpmyadmin/evidence/phpmyadmin-C0963.json,1771
results/subjects/phpmyadmin/evidence/phpmyadmin-C0964.json,1211
results/subjects/phpmyadmin/evidence/phpmyadmin-C0965.json,1155
results/subjects/phpmyadmin/evidence/phpmyadmin-C0966.json,1278
results/subjects/phpmyadmin/evidence/phpmyadmin-C0967.json,2504
results/subjects/phpmyadmin/evidence/phpmyadmin-C0968.json,1156
results/subjects/phpmyadmin/evidence/phpmyadmin-C0969.json,1157
results/subjects/phpmyadmin/evidence/phpmyadmin-C0970.json,1157
results/subjects/phpmyadmin/evidence/phpmyadmin-C0971.json,1190
results/subjects/phpmyadmin/evidence/phpmyadmin-C0972.json,1139
results/subjects/phpmyadmin/screening/screening.csv,205908
results/subjects/phpmyadmin/syntax/syntax_php56_generic.csv,50315
results/subjects/phppgadmin/candidates/candidates.csv,64032
results/subjects/phppgadmin/evidence/phppgadmin-C0001.json,2238
results/subjects/phppgadmin/evidence/phppgadmin-C0002.json,1199
results/subjects/phppgadmin/evidence/phppgadmin-C0003.json,1249
results/subjects/phppgadmin/evidence/phppgadmin-C0004.json,1202
results/subjects/phppgadmin/evidence/phppgadmin-C0005.json,1344
results/subjects/phppgadmin/evidence/phppgadmin-C0006.json,1676
results/subjects/phppgadmin/evidence/phppgadmin-C0007.json,1176
results/subjects/phppgadmin/evidence/phppgadmin-C0008.json,1141
results/subjects/phppgadmin/evidence/phppgadmin-C0009.json,1386
results/subjects/phppgadmin/evidence/phppgadmin-C0010.json,2080
results/subjects/phppgadmin/evidence/phppgadmin-C0011.json,1211
results/subjects/phppgadmin/evidence/phppgadmin-C0012.json,1428
results/subjects/phppgadmin/evidence/phppgadmin-C0013.json,1901
results/subjects/phppgadmin/evidence/phppgadmin-C0014.json,1301
results/subjects/phppgadmin/evidence/phppgadmin-C0015.json,1182
results/subjects/phppgadmin/evidence/phppgadmin-C0016.json,1405
results/subjects/phppgadmin/evidence/phppgadmin-C0017.json,1405
results/subjects/phppgadmin/evidence/phppgadmin-C0018.json,1101
results/subjects/phppgadmin/evidence/phppgadmin-C0019.json,1144
results/subjects/phppgadmin/evidence/phppgadmin-C0020.json,1247
results/subjects/phppgadmin/evidence/phppgadmin-C0021.json,1216
results/subjects/phppgadmin/evidence/phppgadmin-C0022.json,1876
results/subjects/phppgadmin/evidence/phppgadmin-C0023.json,1571
results/subjects/phppgadmin/evidence/phppgadmin-C0024.json,1352
results/subjects/phppgadmin/evidence/phppgadmin-C0025.json,2076
results/subjects/phppgadmin/evidence/phppgadmin-C0026.json,1549
results/subjects/phppgadmin/evidence/phppgadmin-C0027.json,1302
results/subjects/phppgadmin/evidence/phppgadmin-C0028.json,1253
results/subjects/phppgadmin/evidence/phppgadmin-C0029.json,1244
results/subjects/phppgadmin/evidence/phppgadmin-C0030.json,1592
results/subjects/phppgadmin/evidence/phppgadmin-C0031.json,1249
results/subjects/phppgadmin/evidence/phppgadmin-C0032.json,1103
results/subjects/phppgadmin/evidence/phppgadmin-C0033.json,1150
results/subjects/phppgadmin/evidence/phppgadmin-C0034.json,1251
results/subjects/phppgadmin/evidence/phppgadmin-C0035.json,1215
results/subjects/phppgadmin/evidence/phppgadmin-C0036.json,1725
results/subjects/phppgadmin/evidence/phppgadmin-C0037.json,1225
results/subjects/phppgadmin/evidence/phppgadmin-C0038.json,1103
results/subjects/phppgadmin/evidence/phppgadmin-C0039.json,1146
results/subjects/phppgadmin/evidence/phppgadmin-C0040.json,1181
results/subjects/phppgadmin/evidence/phppgadmin-C0041.json,1505
results/subjects/phppgadmin/evidence/phppgadmin-C0042.json,2127
results/subjects/phppgadmin/evidence/phppgadmin-C0043.json,1609
results/subjects/phppgadmin/evidence/phppgadmin-C0044.json,1444
results/subjects/phppgadmin/evidence/phppgadmin-C0045.json,1867
results/subjects/phppgadmin/evidence/phppgadmin-C0046.json,1909
results/subjects/phppgadmin/evidence/phppgadmin-C0047.json,1251
results/subjects/phppgadmin/evidence/phppgadmin-C0048.json,1384
results/subjects/phppgadmin/evidence/phppgadmin-C0049.json,1208
results/subjects/phppgadmin/evidence/phppgadmin-C0050.json,2202
results/subjects/phppgadmin/evidence/phppgadmin-C0051.json,1365
results/subjects/phppgadmin/evidence/phppgadmin-C0052.json,1451
results/subjects/phppgadmin/evidence/phppgadmin-C0053.json,1241
results/subjects/phppgadmin/evidence/phppgadmin-C0054.json,1381
results/subjects/phppgadmin/evidence/phppgadmin-C0055.json,2691
results/subjects/phppgadmin/evidence/phppgadmin-C0056.json,1657
results/subjects/phppgadmin/evidence/phppgadmin-C0057.json,1304
results/subjects/phppgadmin/evidence/phppgadmin-C0058.json,1260
results/subjects/phppgadmin/evidence/phppgadmin-C0059.json,1736
results/subjects/phppgadmin/evidence/phppgadmin-C0060.json,1772
results/subjects/phppgadmin/evidence/phppgadmin-C0061.json,1219
results/subjects/phppgadmin/evidence/phppgadmin-C0062.json,1179
results/subjects/phppgadmin/evidence/phppgadmin-C0063.json,1438
results/subjects/phppgadmin/evidence/phppgadmin-C0064.json,1209
results/subjects/phppgadmin/evidence/phppgadmin-C0065.json,1239
results/subjects/phppgadmin/evidence/phppgadmin-C0066.json,1395
results/subjects/phppgadmin/evidence/phppgadmin-C0067.json,1253
results/subjects/phppgadmin/evidence/phppgadmin-C0068.json,1319
results/subjects/phppgadmin/evidence/phppgadmin-C0069.json,1210
results/subjects/phppgadmin/evidence/phppgadmin-C0070.json,1901
results/subjects/phppgadmin/evidence/phppgadmin-C0071.json,1437
results/subjects/phppgadmin/evidence/phppgadmin-C0072.json,1249
results/subjects/phppgadmin/evidence/phppgadmin-C0073.json,1212
results/subjects/phppgadmin/evidence/phppgadmin-C0074.json,1242
results/subjects/phppgadmin/evidence/phppgadmin-C0075.json,1140
results/subjects/phppgadmin/evidence/phppgadmin-C0076.json,1466
results/subjects/phppgadmin/evidence/phppgadmin-C0077.json,1644
results/subjects/phppgadmin/evidence/phppgadmin-C0078.json,1475
results/subjects/phppgadmin/evidence/phppgadmin-C0079.json,1148
results/subjects/phppgadmin/evidence/phppgadmin-C0080.json,1716
results/subjects/phppgadmin/evidence/phppgadmin-C0081.json,1444
results/subjects/phppgadmin/evidence/phppgadmin-C0082.json,1383
results/subjects/phppgadmin/evidence/phppgadmin-C0083.json,2241
results/subjects/phppgadmin/evidence/phppgadmin-C0084.json,1685
results/subjects/phppgadmin/evidence/phppgadmin-C0085.json,1824
results/subjects/phppgadmin/evidence/phppgadmin-C0086.json,1182
results/subjects/phppgadmin/evidence/phppgadmin-C0087.json,1266
results/subjects/phppgadmin/evidence/phppgadmin-C0088.json,1713
results/subjects/phppgadmin/evidence/phppgadmin-C0089.json,1340
results/subjects/phppgadmin/evidence/phppgadmin-C0090.json,1208
results/subjects/phppgadmin/evidence/phppgadmin-C0091.json,1793
results/subjects/phppgadmin/evidence/phppgadmin-C0092.json,1240
results/subjects/phppgadmin/evidence/phppgadmin-C0093.json,1184
results/subjects/phppgadmin/evidence/phppgadmin-C0094.json,1242
results/subjects/phppgadmin/evidence/phppgadmin-C0095.json,2129
results/subjects/phppgadmin/evidence/phppgadmin-C0096.json,1257
results/subjects/phppgadmin/evidence/phppgadmin-C0097.json,1214
results/subjects/phppgadmin/evidence/phppgadmin-C0098.json,1636
results/subjects/phppgadmin/evidence/phppgadmin-C0099.json,1472
results/subjects/phppgadmin/evidence/phppgadmin-C0100.json,1357
results/subjects/phppgadmin/evidence/phppgadmin-C0101.json,1144
results/subjects/phppgadmin/evidence/phppgadmin-C0102.json,1625
results/subjects/phppgadmin/evidence/phppgadmin-C0103.json,1582
results/subjects/phppgadmin/evidence/phppgadmin-C0104.json,1407
results/subjects/phppgadmin/evidence/phppgadmin-C0105.json,1174
results/subjects/phppgadmin/evidence/phppgadmin-C0106.json,1266
results/subjects/phppgadmin/evidence/phppgadmin-C0107.json,2719
results/subjects/phppgadmin/evidence/phppgadmin-C0108.json,1746
results/subjects/phppgadmin/evidence/phppgadmin-C0109.json,1355
results/subjects/phppgadmin/evidence/phppgadmin-C0110.json,1333
results/subjects/phppgadmin/evidence/phppgadmin-C0111.json,1472
results/subjects/phppgadmin/evidence/phppgadmin-C0112.json,1169
results/subjects/phppgadmin/evidence/phppgadmin-C0113.json,1205
results/subjects/phppgadmin/evidence/phppgadmin-C0114.json,1216
results/subjects/phppgadmin/evidence/phppgadmin-C0115.json,1240
results/subjects/phppgadmin/evidence/phppgadmin-C0116.json,1589
results/subjects/phppgadmin/evidence/phppgadmin-C0117.json,1184
results/subjects/phppgadmin/evidence/phppgadmin-C0118.json,2017
results/subjects/phppgadmin/evidence/phppgadmin-C0119.json,1329
results/subjects/phppgadmin/evidence/phppgadmin-C0120.json,1150
results/subjects/phppgadmin/evidence/phppgadmin-C0121.json,1418
results/subjects/phppgadmin/evidence/phppgadmin-C0122.json,1179
results/subjects/phppgadmin/evidence/phppgadmin-C0123.json,1227
results/subjects/phppgadmin/evidence/phppgadmin-C0124.json,1352
results/subjects/phppgadmin/evidence/phppgadmin-C0125.json,1832
results/subjects/phppgadmin/evidence/phppgadmin-C0126.json,1250
results/subjects/phppgadmin/evidence/phppgadmin-C0127.json,1239
results/subjects/phppgadmin/evidence/phppgadmin-C0128.json,2123
results/subjects/phppgadmin/evidence/phppgadmin-C0129.json,1418
results/subjects/phppgadmin/evidence/phppgadmin-C0130.json,1280
results/subjects/phppgadmin/evidence/phppgadmin-C0131.json,1472
results/subjects/phppgadmin/evidence/phppgadmin-C0132.json,1215
results/subjects/phppgadmin/evidence/phppgadmin-C0133.json,1144
results/subjects/phppgadmin/evidence/phppgadmin-C0134.json,1749
results/subjects/phppgadmin/evidence/phppgadmin-C0135.json,1360
results/subjects/phppgadmin/evidence/phppgadmin-C0136.json,1204
results/subjects/phppgadmin/evidence/phppgadmin-C0137.json,1855
results/subjects/phppgadmin/evidence/phppgadmin-C0138.json,1287
results/subjects/phppgadmin/evidence/phppgadmin-C0139.json,1178
results/subjects/phppgadmin/evidence/phppgadmin-C0140.json,1351
results/subjects/phppgadmin/evidence/phppgadmin-C0141.json,2301
results/subjects/phppgadmin/evidence/phppgadmin-C0142.json,1329
results/subjects/phppgadmin/evidence/phppgadmin-C0143.json,1202
results/subjects/phppgadmin/evidence/phppgadmin-C0144.json,1234
results/subjects/phppgadmin/evidence/phppgadmin-C0145.json,1654
results/subjects/phppgadmin/evidence/phppgadmin-C0146.json,1215
results/subjects/phppgadmin/evidence/phppgadmin-C0147.json,1204
results/subjects/phppgadmin/evidence/phppgadmin-C0148.json,2511
results/subjects/phppgadmin/evidence/phppgadmin-C0149.json,1584
results/subjects/phppgadmin/evidence/phppgadmin-C0150.json,1213
results/subjects/phppgadmin/evidence/phppgadmin-C0151.json,1227
results/subjects/phppgadmin/evidence/phppgadmin-C0152.json,1107
results/subjects/phppgadmin/evidence/phppgadmin-C0153.json,1187
results/subjects/phppgadmin/evidence/phppgadmin-C0154.json,1108
results/subjects/phppgadmin/evidence/phppgadmin-C0155.json,1439
results/subjects/phppgadmin/evidence/phppgadmin-C0156.json,1397
results/subjects/phppgadmin/evidence/phppgadmin-C0157.json,1109
results/subjects/phppgadmin/evidence/phppgadmin-C0158.json,1225
results/subjects/phppgadmin/evidence/phppgadmin-C0159.json,1145
results/subjects/phppgadmin/evidence/phppgadmin-C0160.json,1167
results/subjects/phppgadmin/evidence/phppgadmin-C0161.json,1109
results/subjects/phppgadmin/evidence/phppgadmin-C0162.json,1185
results/subjects/phppgadmin/evidence/phppgadmin-C0163.json,1330
results/subjects/phppgadmin/evidence/phppgadmin-C0164.json,1221
results/subjects/phppgadmin/evidence/phppgadmin-C0165.json,1269
results/subjects/phppgadmin/evidence/phppgadmin-C0166.json,1299
results/subjects/phppgadmin/evidence/phppgadmin-C0167.json,1383
results/subjects/phppgadmin/evidence/phppgadmin-C0168.json,1339
results/subjects/phppgadmin/evidence/phppgadmin-C0169.json,1500
results/subjects/phppgadmin/evidence/phppgadmin-C0170.json,1113
results/subjects/phppgadmin/evidence/phppgadmin-C0171.json,1397
results/subjects/phppgadmin/evidence/phppgadmin-C0172.json,1687
results/subjects/phppgadmin/evidence/phppgadmin-C0173.json,1550
results/subjects/phppgadmin/evidence/phppgadmin-C0174.json,1145
results/subjects/phppgadmin/evidence/phppgadmin-C0175.json,1116
results/subjects/phppgadmin/evidence/phppgadmin-C0176.json,1145
results/subjects/phppgadmin/evidence/phppgadmin-C0177.json,1281
results/subjects/phppgadmin/evidence/phppgadmin-C0178.json,1273
results/subjects/phppgadmin/evidence/phppgadmin-C0179.json,1314
results/subjects/phppgadmin/evidence/phppgadmin-C0180.json,1221
results/subjects/phppgadmin/evidence/phppgadmin-C0181.json,1206
results/subjects/phppgadmin/evidence/phppgadmin-C0182.json,1208
results/subjects/phppgadmin/evidence/phppgadmin-C0183.json,1276
results/subjects/phppgadmin/evidence/phppgadmin-C0184.json,1350
results/subjects/phppgadmin/evidence/phppgadmin-C0185.json,1272
results/subjects/phppgadmin/evidence/phppgadmin-C0186.json,1468
results/subjects/phppgadmin/evidence/phppgadmin-C0187.json,2050
results/subjects/phppgadmin/evidence/phppgadmin-C0188.json,1593
results/subjects/phppgadmin/evidence/phppgadmin-C0189.json,1573
results/subjects/phppgadmin/evidence/phppgadmin-C0190.json,1115
results/subjects/phppgadmin/evidence/phppgadmin-C0191.json,1125
results/subjects/phppgadmin/evidence/phppgadmin-C0192.json,1126
results/subjects/phppgadmin/evidence/phppgadmin-C0193.json,1127
results/subjects/phppgadmin/evidence/phppgadmin-C0194.json,1128
results/subjects/phppgadmin/evidence/phppgadmin-C0195.json,1128
results/subjects/phppgadmin/evidence/phppgadmin-C0196.json,1129
results/subjects/phppgadmin/evidence/phppgadmin-C0197.json,1130
results/subjects/phppgadmin/evidence/phppgadmin-C0198.json,1124
results/subjects/phppgadmin/evidence/phppgadmin-C0199.json,1466
results/subjects/phppgadmin/evidence/phppgadmin-C0200.json,1213
results/subjects/phppgadmin/evidence/phppgadmin-C0201.json,1122
results/subjects/phppgadmin/evidence/phppgadmin-C0202.json,1254
results/subjects/phppgadmin/evidence/phppgadmin-C0203.json,1124
results/subjects/phppgadmin/evidence/phppgadmin-C0204.json,1124
results/subjects/phppgadmin/evidence/phppgadmin-C0205.json,1194
results/subjects/phppgadmin/evidence/phppgadmin-C0206.json,1124
results/subjects/phppgadmin/evidence/phppgadmin-C0207.json,1124
results/subjects/phppgadmin/evidence/phppgadmin-C0208.json,1192
results/subjects/phppgadmin/evidence/phppgadmin-C0209.json,1124
results/subjects/phppgadmin/evidence/phppgadmin-C0210.json,1125
results/subjects/phppgadmin/evidence/phppgadmin-C0211.json,1126
results/subjects/phppgadmin/evidence/phppgadmin-C0212.json,1126
results/subjects/phppgadmin/evidence/phppgadmin-C0213.json,1125
results/subjects/phppgadmin/evidence/phppgadmin-C0214.json,1125
results/subjects/phppgadmin/evidence/phppgadmin-C0215.json,1125
results/subjects/phppgadmin/evidence/phppgadmin-C0216.json,1126
results/subjects/phppgadmin/evidence/phppgadmin-C0217.json,1127
results/subjects/phppgadmin/evidence/phppgadmin-C0218.json,1127
results/subjects/phppgadmin/evidence/phppgadmin-C0219.json,1127
results/subjects/phppgadmin/evidence/phppgadmin-C0220.json,1127
results/subjects/phppgadmin/evidence/phppgadmin-C0221.json,1842
results/subjects/phppgadmin/evidence/phppgadmin-C0222.json,1120
results/subjects/phppgadmin/evidence/phppgadmin-C0223.json,1252
results/subjects/phppgadmin/evidence/phppgadmin-C0224.json,1120
results/subjects/phppgadmin/evidence/phppgadmin-C0225.json,1120
results/subjects/phppgadmin/evidence/phppgadmin-C0226.json,1121
results/subjects/phppgadmin/evidence/phppgadmin-C0227.json,1122
results/subjects/phppgadmin/evidence/phppgadmin-C0228.json,1122
results/subjects/phppgadmin/evidence/phppgadmin-C0229.json,1122
results/subjects/phppgadmin/evidence/phppgadmin-C0230.json,1224
results/subjects/phppgadmin/evidence/phppgadmin-C0231.json,1122
results/subjects/phppgadmin/evidence/phppgadmin-C0232.json,1122
results/subjects/phppgadmin/evidence/phppgadmin-C0233.json,1122
results/subjects/phppgadmin/evidence/phppgadmin-C0234.json,1185
results/subjects/phppgadmin/evidence/phppgadmin-C0235.json,1122
results/subjects/phppgadmin/evidence/phppgadmin-C0236.json,1122
results/subjects/phppgadmin/evidence/phppgadmin-C0237.json,1122
results/subjects/phppgadmin/evidence/phppgadmin-C0238.json,1122
results/subjects/phppgadmin/evidence/phppgadmin-C0239.json,1122
results/subjects/phppgadmin/evidence/phppgadmin-C0240.json,1162
results/subjects/phppgadmin/evidence/phppgadmin-C0241.json,1122
results/subjects/phppgadmin/evidence/phppgadmin-C0242.json,1122
results/subjects/phppgadmin/evidence/phppgadmin-C0243.json,1122
results/subjects/phppgadmin/evidence/phppgadmin-C0244.json,1261
results/subjects/phppgadmin/evidence/phppgadmin-C0245.json,1120
results/subjects/phppgadmin/evidence/phppgadmin-C0246.json,1121
results/subjects/phppgadmin/evidence/phppgadmin-C0247.json,1121
results/subjects/phppgadmin/evidence/phppgadmin-C0248.json,1825
results/subjects/phppgadmin/evidence/phppgadmin-C0249.json,1443
results/subjects/phppgadmin/evidence/phppgadmin-C0250.json,1139
results/subjects/phppgadmin/evidence/phppgadmin-C0251.json,1139
results/subjects/phppgadmin/evidence/phppgadmin-C0252.json,1220
results/subjects/phppgadmin/evidence/phppgadmin-C0253.json,1139
results/subjects/phppgadmin/evidence/phppgadmin-C0254.json,1213
results/subjects/phppgadmin/evidence/phppgadmin-C0255.json,1141
results/subjects/phppgadmin/evidence/phppgadmin-C0256.json,1494
results/subjects/phppgadmin/evidence/phppgadmin-C0257.json,1392
results/subjects/phppgadmin/evidence/phppgadmin-C0258.json,1206
results/subjects/phppgadmin/evidence/phppgadmin-C0259.json,1250
results/subjects/phppgadmin/evidence/phppgadmin-C0260.json,1190
results/subjects/phppgadmin/evidence/phppgadmin-C0261.json,1186
results/subjects/phppgadmin/evidence/phppgadmin-C0262.json,1122
results/subjects/phppgadmin/evidence/phppgadmin-C0263.json,1121
results/subjects/phppgadmin/evidence/phppgadmin-C0264.json,2517
results/subjects/phppgadmin/evidence/phppgadmin-C0265.json,1120
results/subjects/phppgadmin/evidence/phppgadmin-C0266.json,1120
results/subjects/phppgadmin/evidence/phppgadmin-C0267.json,1120
results/subjects/phppgadmin/evidence/phppgadmin-C0268.json,1229
results/subjects/phppgadmin/evidence/phppgadmin-C0269.json,1201
results/subjects/phppgadmin/evidence/phppgadmin-C0270.json,1203
results/subjects/phppgadmin/evidence/phppgadmin-C0271.json,1122
results/subjects/phppgadmin/evidence/phppgadmin-C0272.json,1122
results/subjects/phppgadmin/evidence/phppgadmin-C0273.json,1122
results/subjects/phppgadmin/evidence/phppgadmin-C0274.json,1122
results/subjects/phppgadmin/evidence/phppgadmin-C0275.json,1122
results/subjects/phppgadmin/evidence/phppgadmin-C0276.json,1122
results/subjects/phppgadmin/evidence/phppgadmin-C0277.json,1245
results/subjects/phppgadmin/evidence/phppgadmin-C0278.json,1203
results/subjects/phppgadmin/evidence/phppgadmin-C0279.json,1151
results/subjects/phppgadmin/evidence/phppgadmin-C0280.json,1122
results/subjects/phppgadmin/evidence/phppgadmin-C0281.json,1203
results/subjects/phppgadmin/evidence/phppgadmin-C0282.json,1203
results/subjects/phppgadmin/evidence/phppgadmin-C0283.json,1122
results/subjects/phppgadmin/evidence/phppgadmin-C0284.json,1122
results/subjects/phppgadmin/evidence/phppgadmin-C0285.json,1203
results/subjects/phppgadmin/evidence/phppgadmin-C0286.json,1203
results/subjects/phppgadmin/evidence/phppgadmin-C0287.json,1313
results/subjects/phppgadmin/evidence/phppgadmin-C0288.json,1203
results/subjects/phppgadmin/evidence/phppgadmin-C0289.json,1203
results/subjects/phppgadmin/evidence/phppgadmin-C0290.json,1122
results/subjects/phppgadmin/evidence/phppgadmin-C0291.json,1203
results/subjects/phppgadmin/evidence/phppgadmin-C0292.json,1122
results/subjects/phppgadmin/evidence/phppgadmin-C0293.json,1122
results/subjects/phppgadmin/evidence/phppgadmin-C0294.json,1122
results/subjects/phppgadmin/evidence/phppgadmin-C0295.json,1203
results/subjects/phppgadmin/evidence/phppgadmin-C0296.json,1122
results/subjects/phppgadmin/evidence/phppgadmin-C0297.json,1203
results/subjects/phppgadmin/evidence/phppgadmin-C0298.json,1122
results/subjects/phppgadmin/evidence/phppgadmin-C0299.json,1122
results/subjects/phppgadmin/evidence/phppgadmin-C0300.json,1122
results/subjects/phppgadmin/evidence/phppgadmin-C0301.json,1122
results/subjects/phppgadmin/evidence/phppgadmin-C0302.json,1122
results/subjects/phppgadmin/evidence/phppgadmin-C0303.json,1122
results/subjects/phppgadmin/evidence/phppgadmin-C0304.json,1204
results/subjects/phppgadmin/evidence/phppgadmin-C0305.json,1122
results/subjects/phppgadmin/evidence/phppgadmin-C0306.json,1122
results/subjects/phppgadmin/evidence/phppgadmin-C0307.json,1194
results/subjects/phppgadmin/evidence/phppgadmin-C0308.json,1196
results/subjects/phppgadmin/evidence/phppgadmin-C0309.json,1230
results/subjects/phppgadmin/evidence/phppgadmin-C0310.json,1202
results/subjects/phppgadmin/evidence/phppgadmin-C0311.json,1202
results/subjects/phppgadmin/evidence/phppgadmin-C0312.json,1203
results/subjects/phppgadmin/evidence/phppgadmin-C0313.json,1296
results/subjects/phppgadmin/evidence/phppgadmin-C0314.json,1254
results/subjects/phppgadmin/evidence/phppgadmin-C0315.json,1203
results/subjects/phppgadmin/evidence/phppgadmin-C0316.json,1122
results/subjects/phppgadmin/evidence/phppgadmin-C0317.json,1122
results/subjects/phppgadmin/evidence/phppgadmin-C0318.json,1203
results/subjects/phppgadmin/evidence/phppgadmin-C0319.json,1203
results/subjects/phppgadmin/evidence/phppgadmin-C0320.json,1336
results/subjects/phppgadmin/evidence/phppgadmin-C0321.json,1296
results/subjects/phppgadmin/evidence/phppgadmin-C0322.json,1784
results/subjects/phppgadmin/evidence/phppgadmin-C0323.json,1202
results/subjects/phppgadmin/evidence/phppgadmin-C0324.json,1748
results/subjects/phppgadmin/evidence/phppgadmin-C0325.json,1202
results/subjects/phppgadmin/evidence/phppgadmin-C0326.json,1203
results/subjects/phppgadmin/evidence/phppgadmin-C0327.json,1122
results/subjects/phppgadmin/evidence/phppgadmin-C0328.json,2014
results/subjects/phppgadmin/evidence/phppgadmin-C0329.json,1202
results/subjects/phppgadmin/evidence/phppgadmin-C0330.json,1293
results/subjects/phppgadmin/evidence/phppgadmin-C0331.json,1884
results/subjects/phppgadmin/evidence/phppgadmin-C0332.json,1122
results/subjects/phppgadmin/evidence/phppgadmin-C0333.json,1202
results/subjects/phppgadmin/screening/screening.csv,65084
results/subjects/phppgadmin/syntax/syntax_php56_generic.csv,9273
results/subjects/roundcubemail/candidates/candidates.csv,94941
results/subjects/roundcubemail/evidence/roundcubemail-C0001.json,1405
results/subjects/roundcubemail/evidence/roundcubemail-C0002.json,1738
results/subjects/roundcubemail/evidence/roundcubemail-C0003.json,1340
results/subjects/roundcubemail/evidence/roundcubemail-C0004.json,2347
results/subjects/roundcubemail/evidence/roundcubemail-C0005.json,1765
results/subjects/roundcubemail/evidence/roundcubemail-C0006.json,2150
results/subjects/roundcubemail/evidence/roundcubemail-C0007.json,1263
results/subjects/roundcubemail/evidence/roundcubemail-C0008.json,1262
results/subjects/roundcubemail/evidence/roundcubemail-C0009.json,1118
results/subjects/roundcubemail/evidence/roundcubemail-C0010.json,1148
results/subjects/roundcubemail/evidence/roundcubemail-C0011.json,1119
results/subjects/roundcubemail/evidence/roundcubemail-C0012.json,1120
results/subjects/roundcubemail/evidence/roundcubemail-C0013.json,1157
results/subjects/roundcubemail/evidence/roundcubemail-C0014.json,1129
results/subjects/roundcubemail/evidence/roundcubemail-C0015.json,1124
results/subjects/roundcubemail/evidence/roundcubemail-C0016.json,1149
results/subjects/roundcubemail/evidence/roundcubemail-C0017.json,1461
results/subjects/roundcubemail/evidence/roundcubemail-C0018.json,1122
results/subjects/roundcubemail/evidence/roundcubemail-C0019.json,2220
results/subjects/roundcubemail/evidence/roundcubemail-C0020.json,1304
results/subjects/roundcubemail/evidence/roundcubemail-C0021.json,1240
results/subjects/roundcubemail/evidence/roundcubemail-C0022.json,1123
results/subjects/roundcubemail/evidence/roundcubemail-C0023.json,1486
results/subjects/roundcubemail/evidence/roundcubemail-C0024.json,1123
results/subjects/roundcubemail/evidence/roundcubemail-C0025.json,1123
results/subjects/roundcubemail/evidence/roundcubemail-C0026.json,1125
results/subjects/roundcubemail/evidence/roundcubemail-C0027.json,1125
results/subjects/roundcubemail/evidence/roundcubemail-C0028.json,1125
results/subjects/roundcubemail/evidence/roundcubemail-C0029.json,1125
results/subjects/roundcubemail/evidence/roundcubemail-C0030.json,1125
results/subjects/roundcubemail/evidence/roundcubemail-C0031.json,1125
results/subjects/roundcubemail/evidence/roundcubemail-C0032.json,1125
results/subjects/roundcubemail/evidence/roundcubemail-C0033.json,1125
results/subjects/roundcubemail/evidence/roundcubemail-C0034.json,1125
results/subjects/roundcubemail/evidence/roundcubemail-C0035.json,1208
results/subjects/roundcubemail/evidence/roundcubemail-C0036.json,1125
results/subjects/roundcubemail/evidence/roundcubemail-C0037.json,1198
results/subjects/roundcubemail/evidence/roundcubemail-C0038.json,1177
results/subjects/roundcubemail/evidence/roundcubemail-C0039.json,1194
results/subjects/roundcubemail/evidence/roundcubemail-C0040.json,1952
results/subjects/roundcubemail/evidence/roundcubemail-C0041.json,1435
results/subjects/roundcubemail/evidence/roundcubemail-C0042.json,1131
results/subjects/roundcubemail/evidence/roundcubemail-C0043.json,1131
results/subjects/roundcubemail/evidence/roundcubemail-C0044.json,1131
results/subjects/roundcubemail/evidence/roundcubemail-C0045.json,1160
results/subjects/roundcubemail/evidence/roundcubemail-C0046.json,1131
results/subjects/roundcubemail/evidence/roundcubemail-C0047.json,1987
results/subjects/roundcubemail/evidence/roundcubemail-C0048.json,1283
results/subjects/roundcubemail/evidence/roundcubemail-C0049.json,1135
results/subjects/roundcubemail/evidence/roundcubemail-C0050.json,1252
results/subjects/roundcubemail/evidence/roundcubemail-C0051.json,1135
results/subjects/roundcubemail/evidence/roundcubemail-C0052.json,1181
results/subjects/roundcubemail/evidence/roundcubemail-C0053.json,1137
results/subjects/roundcubemail/evidence/roundcubemail-C0054.json,1217
results/subjects/roundcubemail/evidence/roundcubemail-C0055.json,1137
results/subjects/roundcubemail/evidence/roundcubemail-C0056.json,1137
results/subjects/roundcubemail/evidence/roundcubemail-C0057.json,1137
results/subjects/roundcubemail/evidence/roundcubemail-C0058.json,1210
results/subjects/roundcubemail/evidence/roundcubemail-C0059.json,1202
results/subjects/roundcubemail/evidence/roundcubemail-C0060.json,1137
results/subjects/roundcubemail/evidence/roundcubemail-C0061.json,1210
results/subjects/roundcubemail/evidence/roundcubemail-C0062.json,1250
results/subjects/roundcubemail/evidence/roundcubemail-C0063.json,1924
results/subjects/roundcubemail/evidence/roundcubemail-C0064.json,1241
results/subjects/roundcubemail/evidence/roundcubemail-C0065.json,1132
results/subjects/roundcubemail/evidence/roundcubemail-C0066.json,1132
results/subjects/roundcubemail/evidence/roundcubemail-C0067.json,1190
results/subjects/roundcubemail/evidence/roundcubemail-C0068.json,1132
results/subjects/roundcubemail/evidence/roundcubemail-C0069.json,1132
results/subjects/roundcubemail/evidence/roundcubemail-C0070.json,1202
results/subjects/roundcubemail/evidence/roundcubemail-C0071.json,1182
results/subjects/roundcubemail/evidence/roundcubemail-C0072.json,1164
results/subjects/roundcubemail/evidence/roundcubemail-C0073.json,1259
results/subjects/roundcubemail/evidence/roundcubemail-C0074.json,1129
results/subjects/roundcubemail/evidence/roundcubemail-C0075.json,1159
results/subjects/roundcubemail/evidence/roundcubemail-C0076.json,1158
results/subjects/roundcubemail/evidence/roundcubemail-C0077.json,1158
results/subjects/roundcubemail/evidence/roundcubemail-C0078.json,1242
results/subjects/roundcubemail/evidence/roundcubemail-C0079.json,1158
results/subjects/roundcubemail/evidence/roundcubemail-C0080.json,1276
results/subjects/roundcubemail/evidence/roundcubemail-C0081.json,1133
results/subjects/roundcubemail/evidence/roundcubemail-C0082.json,1720
results/subjects/roundcubemail/evidence/roundcubemail-C0083.json,1238
results/subjects/roundcubemail/evidence/roundcubemail-C0084.json,1131
results/subjects/roundcubemail/evidence/roundcubemail-C0085.json,1131
results/subjects/roundcubemail/evidence/roundcubemail-C0086.json,1204
results/subjects/roundcubemail/evidence/roundcubemail-C0087.json,1246
results/subjects/roundcubemail/evidence/roundcubemail-C0088.json,1133
results/subjects/roundcubemail/evidence/roundcubemail-C0089.json,1204
results/subjects/roundcubemail/evidence/roundcubemail-C0090.json,1235
results/subjects/roundcubemail/evidence/roundcubemail-C0091.json,1275
results/subjects/roundcubemail/evidence/roundcubemail-C0092.json,1194
results/subjects/roundcubemail/evidence/roundcubemail-C0093.json,1246
results/subjects/roundcubemail/evidence/roundcubemail-C0094.json,1314
results/subjects/roundcubemail/evidence/roundcubemail-C0095.json,1394
results/subjects/roundcubemail/evidence/roundcubemail-C0096.json,1319
results/subjects/roundcubemail/evidence/roundcubemail-C0097.json,1133
results/subjects/roundcubemail/evidence/roundcubemail-C0098.json,1158
results/subjects/roundcubemail/evidence/roundcubemail-C0099.json,1209
results/subjects/roundcubemail/evidence/roundcubemail-C0100.json,1211
results/subjects/roundcubemail/evidence/roundcubemail-C0101.json,1276
results/subjects/roundcubemail/evidence/roundcubemail-C0102.json,1445
results/subjects/roundcubemail/evidence/roundcubemail-C0103.json,1757
results/subjects/roundcubemail/evidence/roundcubemail-C0104.json,1196
results/subjects/roundcubemail/evidence/roundcubemail-C0105.json,1200
results/subjects/roundcubemail/evidence/roundcubemail-C0106.json,1175
results/subjects/roundcubemail/evidence/roundcubemail-C0107.json,1127
results/subjects/roundcubemail/evidence/roundcubemail-C0108.json,1128
results/subjects/roundcubemail/evidence/roundcubemail-C0109.json,1129
results/subjects/roundcubemail/evidence/roundcubemail-C0110.json,1247
results/subjects/roundcubemail/evidence/roundcubemail-C0111.json,1170
results/subjects/roundcubemail/evidence/roundcubemail-C0112.json,2208
results/subjects/roundcubemail/evidence/roundcubemail-C0113.json,1379
results/subjects/roundcubemail/evidence/roundcubemail-C0114.json,1283
results/subjects/roundcubemail/evidence/roundcubemail-C0115.json,1287
results/subjects/roundcubemail/evidence/roundcubemail-C0116.json,1239
results/subjects/roundcubemail/evidence/roundcubemail-C0117.json,1124
results/subjects/roundcubemail/evidence/roundcubemail-C0118.json,1206
results/subjects/roundcubemail/evidence/roundcubemail-C0119.json,1126
results/subjects/roundcubemail/evidence/roundcubemail-C0120.json,1203
results/subjects/roundcubemail/evidence/roundcubemail-C0121.json,1213
results/subjects/roundcubemail/evidence/roundcubemail-C0122.json,1126
results/subjects/roundcubemail/evidence/roundcubemail-C0123.json,1254
results/subjects/roundcubemail/evidence/roundcubemail-C0124.json,1126
results/subjects/roundcubemail/evidence/roundcubemail-C0125.json,1206
results/subjects/roundcubemail/evidence/roundcubemail-C0126.json,1639
results/subjects/roundcubemail/evidence/roundcubemail-C0127.json,1264
results/subjects/roundcubemail/evidence/roundcubemail-C0128.json,1123
results/subjects/roundcubemail/evidence/roundcubemail-C0129.json,1529
results/subjects/roundcubemail/evidence/roundcubemail-C0130.json,1326
results/subjects/roundcubemail/evidence/roundcubemail-C0131.json,1329
results/subjects/roundcubemail/evidence/roundcubemail-C0132.json,1381
results/subjects/roundcubemail/evidence/roundcubemail-C0133.json,1519
results/subjects/roundcubemail/evidence/roundcubemail-C0134.json,1250
results/subjects/roundcubemail/evidence/roundcubemail-C0135.json,1509
results/subjects/roundcubemail/evidence/roundcubemail-C0136.json,1424
results/subjects/roundcubemail/evidence/roundcubemail-C0137.json,1124
results/subjects/roundcubemail/evidence/roundcubemail-C0138.json,1247
results/subjects/roundcubemail/evidence/roundcubemail-C0139.json,1156
results/subjects/roundcubemail/evidence/roundcubemail-C0140.json,1128
results/subjects/roundcubemail/evidence/roundcubemail-C0141.json,1568
results/subjects/roundcubemail/evidence/roundcubemail-C0142.json,1500
results/subjects/roundcubemail/evidence/roundcubemail-C0143.json,1244
results/subjects/roundcubemail/evidence/roundcubemail-C0144.json,1136
results/subjects/roundcubemail/evidence/roundcubemail-C0145.json,1177
results/subjects/roundcubemail/evidence/roundcubemail-C0146.json,1244
results/subjects/roundcubemail/evidence/roundcubemail-C0147.json,1131
results/subjects/roundcubemail/evidence/roundcubemail-C0148.json,1195
results/subjects/roundcubemail/evidence/roundcubemail-C0149.json,1276
results/subjects/roundcubemail/evidence/roundcubemail-C0150.json,1130
results/subjects/roundcubemail/evidence/roundcubemail-C0151.json,1130
results/subjects/roundcubemail/evidence/roundcubemail-C0152.json,1177
results/subjects/roundcubemail/evidence/roundcubemail-C0153.json,1384
results/subjects/roundcubemail/evidence/roundcubemail-C0154.json,1404
results/subjects/roundcubemail/evidence/roundcubemail-C0155.json,3745
results/subjects/roundcubemail/evidence/roundcubemail-C0156.json,1247
results/subjects/roundcubemail/evidence/roundcubemail-C0157.json,1333
results/subjects/roundcubemail/evidence/roundcubemail-C0158.json,1199
results/subjects/roundcubemail/evidence/roundcubemail-C0159.json,1289
results/subjects/roundcubemail/evidence/roundcubemail-C0160.json,1304
results/subjects/roundcubemail/evidence/roundcubemail-C0161.json,1510
results/subjects/roundcubemail/evidence/roundcubemail-C0162.json,1408
results/subjects/roundcubemail/evidence/roundcubemail-C0163.json,1510
results/subjects/roundcubemail/evidence/roundcubemail-C0164.json,1374
results/subjects/roundcubemail/evidence/roundcubemail-C0165.json,1161
results/subjects/roundcubemail/evidence/roundcubemail-C0166.json,1254
results/subjects/roundcubemail/evidence/roundcubemail-C0167.json,1127
results/subjects/roundcubemail/evidence/roundcubemail-C0168.json,1127
results/subjects/roundcubemail/evidence/roundcubemail-C0169.json,1543
results/subjects/roundcubemail/evidence/roundcubemail-C0170.json,1412
results/subjects/roundcubemail/evidence/roundcubemail-C0171.json,1201
results/subjects/roundcubemail/evidence/roundcubemail-C0172.json,1201
results/subjects/roundcubemail/evidence/roundcubemail-C0173.json,1200
results/subjects/roundcubemail/evidence/roundcubemail-C0174.json,1128
results/subjects/roundcubemail/evidence/roundcubemail-C0175.json,1130
results/subjects/roundcubemail/evidence/roundcubemail-C0176.json,1130
results/subjects/roundcubemail/evidence/roundcubemail-C0177.json,1130
results/subjects/roundcubemail/evidence/roundcubemail-C0178.json,1130
results/subjects/roundcubemail/evidence/roundcubemail-C0179.json,1130
results/subjects/roundcubemail/evidence/roundcubemail-C0180.json,1130
results/subjects/roundcubemail/evidence/roundcubemail-C0181.json,1270
results/subjects/roundcubemail/evidence/roundcubemail-C0182.json,1140
results/subjects/roundcubemail/evidence/roundcubemail-C0183.json,1140
results/subjects/roundcubemail/evidence/roundcubemail-C0184.json,1141
results/subjects/roundcubemail/evidence/roundcubemail-C0185.json,1136
results/subjects/roundcubemail/evidence/roundcubemail-C0186.json,1136
results/subjects/roundcubemail/evidence/roundcubemail-C0187.json,1136
results/subjects/roundcubemail/evidence/roundcubemail-C0188.json,1136
results/subjects/roundcubemail/evidence/roundcubemail-C0189.json,1136
results/subjects/roundcubemail/evidence/roundcubemail-C0190.json,1136
results/subjects/roundcubemail/evidence/roundcubemail-C0191.json,1207
results/subjects/roundcubemail/evidence/roundcubemail-C0192.json,1135
results/subjects/roundcubemail/evidence/roundcubemail-C0193.json,1135
results/subjects/roundcubemail/evidence/roundcubemail-C0194.json,1135
results/subjects/roundcubemail/evidence/roundcubemail-C0195.json,1135
results/subjects/roundcubemail/evidence/roundcubemail-C0196.json,1135
results/subjects/roundcubemail/evidence/roundcubemail-C0197.json,1134
results/subjects/roundcubemail/evidence/roundcubemail-C0198.json,1405
results/subjects/roundcubemail/evidence/roundcubemail-C0199.json,1166
results/subjects/roundcubemail/evidence/roundcubemail-C0200.json,1213
results/subjects/roundcubemail/evidence/roundcubemail-C0201.json,1137
results/subjects/roundcubemail/evidence/roundcubemail-C0202.json,1166
results/subjects/roundcubemail/evidence/roundcubemail-C0203.json,1200
results/subjects/roundcubemail/evidence/roundcubemail-C0204.json,1137
results/subjects/roundcubemail/evidence/roundcubemail-C0205.json,1228
results/subjects/roundcubemail/evidence/roundcubemail-C0206.json,1138
results/subjects/roundcubemail/evidence/roundcubemail-C0207.json,1138
results/subjects/roundcubemail/evidence/roundcubemail-C0208.json,1347
results/subjects/roundcubemail/evidence/roundcubemail-C0209.json,1160
results/subjects/roundcubemail/evidence/roundcubemail-C0210.json,1131
results/subjects/roundcubemail/evidence/roundcubemail-C0211.json,1131
results/subjects/roundcubemail/evidence/roundcubemail-C0212.json,1160
results/subjects/roundcubemail/evidence/roundcubemail-C0213.json,1161
results/subjects/roundcubemail/evidence/roundcubemail-C0214.json,1201
results/subjects/roundcubemail/evidence/roundcubemail-C0215.json,1162
results/subjects/roundcubemail/evidence/roundcubemail-C0216.json,1210
results/subjects/roundcubemail/evidence/roundcubemail-C0217.json,1165
results/subjects/roundcubemail/evidence/roundcubemail-C0218.json,1138
results/subjects/roundcubemail/evidence/roundcubemail-C0219.json,1133
results/subjects/roundcubemail/evidence/roundcubemail-C0220.json,1134
results/subjects/roundcubemail/evidence/roundcubemail-C0221.json,2210
results/subjects/roundcubemail/evidence/roundcubemail-C0222.json,1133
results/subjects/roundcubemail/evidence/roundcubemail-C0223.json,1133
results/subjects/roundcubemail/evidence/roundcubemail-C0224.json,1318
results/subjects/roundcubemail/evidence/roundcubemail-C0225.json,1212
results/subjects/roundcubemail/evidence/roundcubemail-C0226.json,1133
results/subjects/roundcubemail/evidence/roundcubemail-C0227.json,1135
results/subjects/roundcubemail/evidence/roundcubemail-C0228.json,1135
results/subjects/roundcubemail/evidence/roundcubemail-C0229.json,1135
results/subjects/roundcubemail/evidence/roundcubemail-C0230.json,1135
results/subjects/roundcubemail/evidence/roundcubemail-C0231.json,1135
results/subjects/roundcubemail/evidence/roundcubemail-C0232.json,1135
results/subjects/roundcubemail/evidence/roundcubemail-C0233.json,1135
results/subjects/roundcubemail/evidence/roundcubemail-C0234.json,1135
results/subjects/roundcubemail/evidence/roundcubemail-C0235.json,1135
results/subjects/roundcubemail/evidence/roundcubemail-C0236.json,1135
results/subjects/roundcubemail/evidence/roundcubemail-C0237.json,1135
results/subjects/roundcubemail/evidence/roundcubemail-C0238.json,1135
results/subjects/roundcubemail/evidence/roundcubemail-C0239.json,1135
results/subjects/roundcubemail/evidence/roundcubemail-C0240.json,1135
results/subjects/roundcubemail/evidence/roundcubemail-C0241.json,1135
results/subjects/roundcubemail/evidence/roundcubemail-C0242.json,1135
results/subjects/roundcubemail/evidence/roundcubemail-C0243.json,1135
results/subjects/roundcubemail/evidence/roundcubemail-C0244.json,1135
results/subjects/roundcubemail/evidence/roundcubemail-C0245.json,1135
results/subjects/roundcubemail/evidence/roundcubemail-C0246.json,1135
results/subjects/roundcubemail/evidence/roundcubemail-C0247.json,1463
results/subjects/roundcubemail/evidence/roundcubemail-C0248.json,1139
results/subjects/roundcubemail/evidence/roundcubemail-C0249.json,1139
results/subjects/roundcubemail/evidence/roundcubemail-C0250.json,1267
results/subjects/roundcubemail/evidence/roundcubemail-C0251.json,1273
results/subjects/roundcubemail/evidence/roundcubemail-C0252.json,1211
results/subjects/roundcubemail/evidence/roundcubemail-C0253.json,1139
results/subjects/roundcubemail/evidence/roundcubemail-C0254.json,1216
results/subjects/roundcubemail/evidence/roundcubemail-C0255.json,1216
results/subjects/roundcubemail/evidence/roundcubemail-C0256.json,1217
results/subjects/roundcubemail/evidence/roundcubemail-C0257.json,1169
results/subjects/roundcubemail/evidence/roundcubemail-C0258.json,1140
results/subjects/roundcubemail/evidence/roundcubemail-C0259.json,1325
results/subjects/roundcubemail/evidence/roundcubemail-C0260.json,1513
results/subjects/roundcubemail/evidence/roundcubemail-C0261.json,1140
results/subjects/roundcubemail/evidence/roundcubemail-C0262.json,1141
results/subjects/roundcubemail/evidence/roundcubemail-C0263.json,1141
results/subjects/roundcubemail/evidence/roundcubemail-C0264.json,1141
results/subjects/roundcubemail/evidence/roundcubemail-C0265.json,1141
results/subjects/roundcubemail/evidence/roundcubemail-C0266.json,1142
results/subjects/roundcubemail/evidence/roundcubemail-C0267.json,1143
results/subjects/roundcubemail/evidence/roundcubemail-C0268.json,1143
results/subjects/roundcubemail/evidence/roundcubemail-C0269.json,1143
results/subjects/roundcubemail/evidence/roundcubemail-C0270.json,1173
results/subjects/roundcubemail/evidence/roundcubemail-C0271.json,1143
results/subjects/roundcubemail/evidence/roundcubemail-C0272.json,1143
results/subjects/roundcubemail/evidence/roundcubemail-C0273.json,1143
results/subjects/roundcubemail/evidence/roundcubemail-C0274.json,1143
results/subjects/roundcubemail/evidence/roundcubemail-C0275.json,1143
results/subjects/roundcubemail/evidence/roundcubemail-C0276.json,1143
results/subjects/roundcubemail/evidence/roundcubemail-C0277.json,1143
results/subjects/roundcubemail/evidence/roundcubemail-C0278.json,1143
results/subjects/roundcubemail/evidence/roundcubemail-C0279.json,1143
results/subjects/roundcubemail/evidence/roundcubemail-C0280.json,1143
results/subjects/roundcubemail/evidence/roundcubemail-C0281.json,1143
results/subjects/roundcubemail/evidence/roundcubemail-C0282.json,1138
results/subjects/roundcubemail/evidence/roundcubemail-C0283.json,1140
results/subjects/roundcubemail/evidence/roundcubemail-C0284.json,1699
results/subjects/roundcubemail/evidence/roundcubemail-C0285.json,1132
results/subjects/roundcubemail/evidence/roundcubemail-C0286.json,1133
results/subjects/roundcubemail/evidence/roundcubemail-C0287.json,1133
results/subjects/roundcubemail/evidence/roundcubemail-C0288.json,1133
results/subjects/roundcubemail/evidence/roundcubemail-C0289.json,1133
results/subjects/roundcubemail/evidence/roundcubemail-C0290.json,1133
results/subjects/roundcubemail/evidence/roundcubemail-C0291.json,1134
results/subjects/roundcubemail/evidence/roundcubemail-C0292.json,1135
results/subjects/roundcubemail/evidence/roundcubemail-C0293.json,1199
results/subjects/roundcubemail/evidence/roundcubemail-C0294.json,1135
results/subjects/roundcubemail/evidence/roundcubemail-C0295.json,1135
results/subjects/roundcubemail/evidence/roundcubemail-C0296.json,1135
results/subjects/roundcubemail/evidence/roundcubemail-C0297.json,1135
results/subjects/roundcubemail/evidence/roundcubemail-C0298.json,1189
results/subjects/roundcubemail/evidence/roundcubemail-C0299.json,1139
results/subjects/roundcubemail/evidence/roundcubemail-C0300.json,1219
results/subjects/roundcubemail/evidence/roundcubemail-C0301.json,1217
results/subjects/roundcubemail/evidence/roundcubemail-C0302.json,1136
results/subjects/roundcubemail/evidence/roundcubemail-C0303.json,1136
results/subjects/roundcubemail/evidence/roundcubemail-C0304.json,1136
results/subjects/roundcubemail/evidence/roundcubemail-C0305.json,1136
results/subjects/roundcubemail/evidence/roundcubemail-C0306.json,1136
results/subjects/roundcubemail/evidence/roundcubemail-C0307.json,1138
results/subjects/roundcubemail/evidence/roundcubemail-C0308.json,1132
results/subjects/roundcubemail/evidence/roundcubemail-C0309.json,1133
results/subjects/roundcubemail/evidence/roundcubemail-C0310.json,1133
results/subjects/roundcubemail/evidence/roundcubemail-C0311.json,1133
results/subjects/roundcubemail/evidence/roundcubemail-C0312.json,1133
results/subjects/roundcubemail/evidence/roundcubemail-C0313.json,1133
results/subjects/roundcubemail/evidence/roundcubemail-C0314.json,1133
results/subjects/roundcubemail/evidence/roundcubemail-C0315.json,1133
results/subjects/roundcubemail/evidence/roundcubemail-C0316.json,1139
results/subjects/roundcubemail/evidence/roundcubemail-C0317.json,1202
results/subjects/roundcubemail/evidence/roundcubemail-C0318.json,1135
results/subjects/roundcubemail/evidence/roundcubemail-C0319.json,1135
results/subjects/roundcubemail/evidence/roundcubemail-C0320.json,1206
results/subjects/roundcubemail/evidence/roundcubemail-C0321.json,1184
results/subjects/roundcubemail/evidence/roundcubemail-C0322.json,1139
results/subjects/roundcubemail/evidence/roundcubemail-C0323.json,1139
results/subjects/roundcubemail/evidence/roundcubemail-C0324.json,1139
results/subjects/roundcubemail/evidence/roundcubemail-C0325.json,1139
results/subjects/roundcubemail/evidence/roundcubemail-C0326.json,1140
results/subjects/roundcubemail/evidence/roundcubemail-C0327.json,1141
results/subjects/roundcubemail/evidence/roundcubemail-C0328.json,1142
results/subjects/roundcubemail/evidence/roundcubemail-C0329.json,1142
results/subjects/roundcubemail/evidence/roundcubemail-C0330.json,1311
results/subjects/roundcubemail/evidence/roundcubemail-C0331.json,1206
results/subjects/roundcubemail/evidence/roundcubemail-C0332.json,1136
results/subjects/roundcubemail/evidence/roundcubemail-C0333.json,1136
results/subjects/roundcubemail/evidence/roundcubemail-C0334.json,1132
results/subjects/roundcubemail/evidence/roundcubemail-C0335.json,1133
results/subjects/roundcubemail/evidence/roundcubemail-C0336.json,1247
results/subjects/roundcubemail/evidence/roundcubemail-C0337.json,1141
results/subjects/roundcubemail/evidence/roundcubemail-C0338.json,1207
results/subjects/roundcubemail/evidence/roundcubemail-C0339.json,1170
results/subjects/roundcubemail/evidence/roundcubemail-C0340.json,1142
results/subjects/roundcubemail/evidence/roundcubemail-C0341.json,1144
results/subjects/roundcubemail/evidence/roundcubemail-C0342.json,1235
results/subjects/roundcubemail/evidence/roundcubemail-C0343.json,1178
results/subjects/roundcubemail/evidence/roundcubemail-C0344.json,1141
results/subjects/roundcubemail/evidence/roundcubemail-C0345.json,1141
results/subjects/roundcubemail/evidence/roundcubemail-C0346.json,1551
results/subjects/roundcubemail/evidence/roundcubemail-C0347.json,1265
results/subjects/roundcubemail/evidence/roundcubemail-C0348.json,1304
results/subjects/roundcubemail/evidence/roundcubemail-C0349.json,1162
results/subjects/roundcubemail/evidence/roundcubemail-C0350.json,1206
results/subjects/roundcubemail/evidence/roundcubemail-C0351.json,1259
results/subjects/roundcubemail/evidence/roundcubemail-C0352.json,1133
results/subjects/roundcubemail/evidence/roundcubemail-C0353.json,1134
results/subjects/roundcubemail/evidence/roundcubemail-C0354.json,1134
results/subjects/roundcubemail/evidence/roundcubemail-C0355.json,1214
results/subjects/roundcubemail/evidence/roundcubemail-C0356.json,1134
results/subjects/roundcubemail/evidence/roundcubemail-C0357.json,1134
results/subjects/roundcubemail/evidence/roundcubemail-C0358.json,1134
results/subjects/roundcubemail/evidence/roundcubemail-C0359.json,1135
results/subjects/roundcubemail/evidence/roundcubemail-C0360.json,1136
results/subjects/roundcubemail/evidence/roundcubemail-C0361.json,1136
results/subjects/roundcubemail/evidence/roundcubemail-C0362.json,1134
results/subjects/roundcubemail/evidence/roundcubemail-C0363.json,1134
results/subjects/roundcubemail/evidence/roundcubemail-C0364.json,1134
results/subjects/roundcubemail/evidence/roundcubemail-C0365.json,1134
results/subjects/roundcubemail/evidence/roundcubemail-C0366.json,1134
results/subjects/roundcubemail/evidence/roundcubemail-C0367.json,1134
results/subjects/roundcubemail/evidence/roundcubemail-C0368.json,1164
results/subjects/roundcubemail/evidence/roundcubemail-C0369.json,1136
results/subjects/roundcubemail/evidence/roundcubemail-C0370.json,1136
results/subjects/roundcubemail/evidence/roundcubemail-C0371.json,1136
results/subjects/roundcubemail/evidence/roundcubemail-C0372.json,1136
results/subjects/roundcubemail/evidence/roundcubemail-C0373.json,1136
results/subjects/roundcubemail/evidence/roundcubemail-C0374.json,1255
results/subjects/roundcubemail/evidence/roundcubemail-C0375.json,1289
results/subjects/roundcubemail/evidence/roundcubemail-C0376.json,1160
results/subjects/roundcubemail/evidence/roundcubemail-C0377.json,1252
results/subjects/roundcubemail/evidence/roundcubemail-C0378.json,1159
results/subjects/roundcubemail/evidence/roundcubemail-C0379.json,1132
results/subjects/roundcubemail/evidence/roundcubemail-C0380.json,1132
results/subjects/roundcubemail/evidence/roundcubemail-C0381.json,1279
results/subjects/roundcubemail/evidence/roundcubemail-C0382.json,1242
results/subjects/roundcubemail/evidence/roundcubemail-C0383.json,1335
results/subjects/roundcubemail/evidence/roundcubemail-C0384.json,1138
results/subjects/roundcubemail/evidence/roundcubemail-C0385.json,1211
results/subjects/roundcubemail/evidence/roundcubemail-C0386.json,1212
results/subjects/roundcubemail/evidence/roundcubemail-C0387.json,1492
results/subjects/roundcubemail/evidence/roundcubemail-C0388.json,1115
results/subjects/roundcubemail/evidence/roundcubemail-C0389.json,1242
results/subjects/roundcubemail/evidence/roundcubemail-C0390.json,1189
results/subjects/roundcubemail/evidence/roundcubemail-C0391.json,1246
results/subjects/roundcubemail/evidence/roundcubemail-C0392.json,1190
results/subjects/roundcubemail/evidence/roundcubemail-C0393.json,1467
results/subjects/roundcubemail/evidence/roundcubemail-C0394.json,1303
results/subjects/roundcubemail/evidence/roundcubemail-C0395.json,1247
results/subjects/roundcubemail/evidence/roundcubemail-C0396.json,1219
results/subjects/roundcubemail/evidence/roundcubemail-C0397.json,1232
results/subjects/roundcubemail/evidence/roundcubemail-C0398.json,1134
results/subjects/roundcubemail/evidence/roundcubemail-C0399.json,1166
results/subjects/roundcubemail/evidence/roundcubemail-C0400.json,1167
results/subjects/roundcubemail/evidence/roundcubemail-C0401.json,1122
results/subjects/roundcubemail/evidence/roundcubemail-C0402.json,1259
results/subjects/roundcubemail/evidence/roundcubemail-C0403.json,1303
results/subjects/roundcubemail/evidence/roundcubemail-C0404.json,1255
results/subjects/roundcubemail/evidence/roundcubemail-C0405.json,1126
results/subjects/roundcubemail/evidence/roundcubemail-C0406.json,1197
results/subjects/roundcubemail/evidence/roundcubemail-C0407.json,1197
results/subjects/roundcubemail/evidence/roundcubemail-C0408.json,1253
results/subjects/roundcubemail/evidence/roundcubemail-C0409.json,1257
results/subjects/roundcubemail/evidence/roundcubemail-C0410.json,1210
results/subjects/roundcubemail/evidence/roundcubemail-C0411.json,1289
results/subjects/roundcubemail/evidence/roundcubemail-C0412.json,1209
results/subjects/roundcubemail/evidence/roundcubemail-C0413.json,1186
results/subjects/roundcubemail/evidence/roundcubemail-C0414.json,1186
results/subjects/roundcubemail/evidence/roundcubemail-C0415.json,1142
results/subjects/roundcubemail/evidence/roundcubemail-C0416.json,1512
results/subjects/roundcubemail/evidence/roundcubemail-C0417.json,1293
results/subjects/roundcubemail/evidence/roundcubemail-C0418.json,1125
results/subjects/roundcubemail/evidence/roundcubemail-C0419.json,1126
results/subjects/roundcubemail/evidence/roundcubemail-C0420.json,1126
results/subjects/roundcubemail/evidence/roundcubemail-C0421.json,1221
results/subjects/roundcubemail/evidence/roundcubemail-C0422.json,1282
results/subjects/roundcubemail/evidence/roundcubemail-C0423.json,1151
results/subjects/roundcubemail/evidence/roundcubemail-C0424.json,1226
results/subjects/roundcubemail/evidence/roundcubemail-C0425.json,1285
results/subjects/roundcubemail/evidence/roundcubemail-C0426.json,1144
results/subjects/roundcubemail/evidence/roundcubemail-C0427.json,1132
results/subjects/roundcubemail/evidence/roundcubemail-C0428.json,1202
results/subjects/roundcubemail/evidence/roundcubemail-C0429.json,1248
results/subjects/roundcubemail/evidence/roundcubemail-C0430.json,1248
results/subjects/roundcubemail/evidence/roundcubemail-C0431.json,1137
results/subjects/roundcubemail/evidence/roundcubemail-C0432.json,1219
results/subjects/roundcubemail/evidence/roundcubemail-C0433.json,1191
results/subjects/roundcubemail/evidence/roundcubemail-C0434.json,1129
results/subjects/roundcubemail/evidence/roundcubemail-C0435.json,1208
results/subjects/roundcubemail/evidence/roundcubemail-C0436.json,1136
results/subjects/roundcubemail/evidence/roundcubemail-C0437.json,1137
results/subjects/roundcubemail/evidence/roundcubemail-C0438.json,1325
results/subjects/roundcubemail/evidence/roundcubemail-C0439.json,1244
results/subjects/roundcubemail/evidence/roundcubemail-C0440.json,1240
results/subjects/roundcubemail/evidence/roundcubemail-C0441.json,1241
results/subjects/roundcubemail/evidence/roundcubemail-C0442.json,1235
results/subjects/roundcubemail/evidence/roundcubemail-C0443.json,1201
results/subjects/roundcubemail/evidence/roundcubemail-C0444.json,1286
results/subjects/roundcubemail/evidence/roundcubemail-C0445.json,1287
results/subjects/roundcubemail/evidence/roundcubemail-C0446.json,1208
results/subjects/roundcubemail/evidence/roundcubemail-C0447.json,1209
results/subjects/roundcubemail/evidence/roundcubemail-C0448.json,1210
results/subjects/roundcubemail/evidence/roundcubemail-C0449.json,1138
results/subjects/roundcubemail/evidence/roundcubemail-C0450.json,1211
results/subjects/roundcubemail/evidence/roundcubemail-C0451.json,1212
results/subjects/roundcubemail/evidence/roundcubemail-C0452.json,1145
results/subjects/roundcubemail/evidence/roundcubemail-C0453.json,1146
results/subjects/roundcubemail/evidence/roundcubemail-C0454.json,3101
results/subjects/roundcubemail/evidence/roundcubemail-C0455.json,1363
results/subjects/roundcubemail/evidence/roundcubemail-C0456.json,1258
results/subjects/roundcubemail/evidence/roundcubemail-C0457.json,1309
results/subjects/roundcubemail/evidence/roundcubemail-C0458.json,1155
results/subjects/roundcubemail/evidence/roundcubemail-C0459.json,1430
results/subjects/roundcubemail/evidence/roundcubemail-C0460.json,1678
results/subjects/roundcubemail/evidence/roundcubemail-C0461.json,2045
results/subjects/roundcubemail/evidence/roundcubemail-C0462.json,1155
results/subjects/roundcubemail/evidence/roundcubemail-C0463.json,2059
results/subjects/roundcubemail/evidence/roundcubemail-C0464.json,1155
results/subjects/roundcubemail/evidence/roundcubemail-C0465.json,1258
results/subjects/roundcubemail/evidence/roundcubemail-C0466.json,1258
results/subjects/roundcubemail/evidence/roundcubemail-C0467.json,1258
results/subjects/roundcubemail/evidence/roundcubemail-C0468.json,1565
results/subjects/roundcubemail/evidence/roundcubemail-C0469.json,1153
results/subjects/roundcubemail/evidence/roundcubemail-C0470.json,1154
results/subjects/roundcubemail/evidence/roundcubemail-C0471.json,1154
results/subjects/roundcubemail/evidence/roundcubemail-C0472.json,1498
results/subjects/roundcubemail/evidence/roundcubemail-C0473.json,1154
results/subjects/roundcubemail/evidence/roundcubemail-C0474.json,1154
results/subjects/roundcubemail/evidence/roundcubemail-C0475.json,1154
results/subjects/roundcubemail/evidence/roundcubemail-C0476.json,1153
results/subjects/roundcubemail/evidence/roundcubemail-C0477.json,1153
results/subjects/roundcubemail/evidence/roundcubemail-C0478.json,1154
results/subjects/roundcubemail/evidence/roundcubemail-C0479.json,1155
results/subjects/roundcubemail/evidence/roundcubemail-C0480.json,1155
results/subjects/roundcubemail/evidence/roundcubemail-C0481.json,1627
results/subjects/roundcubemail/evidence/roundcubemail-C0482.json,1154
results/subjects/roundcubemail/evidence/roundcubemail-C0483.json,1155
results/subjects/roundcubemail/evidence/roundcubemail-C0484.json,1155
results/subjects/roundcubemail/evidence/roundcubemail-C0485.json,1559
results/subjects/roundcubemail/evidence/roundcubemail-C0486.json,1155
results/subjects/roundcubemail/evidence/roundcubemail-C0487.json,1155
results/subjects/roundcubemail/evidence/roundcubemail-C0488.json,1155
results/subjects/roundcubemail/evidence/roundcubemail-C0489.json,1290
results/subjects/roundcubemail/evidence/roundcubemail-C0490.json,1138
results/subjects/roundcubemail/evidence/roundcubemail-C0491.json,1169
results/subjects/roundcubemail/evidence/roundcubemail-C0492.json,1217
results/subjects/roundcubemail/evidence/roundcubemail-C0493.json,1138
results/subjects/roundcubemail/evidence/roundcubemail-C0494.json,1390
results/subjects/roundcubemail/evidence/roundcubemail-C0495.json,1133
results/subjects/roundcubemail/evidence/roundcubemail-C0496.json,1133
results/subjects/roundcubemail/evidence/roundcubemail-C0497.json,1133
results/subjects/roundcubemail/evidence/roundcubemail-C0498.json,1133
results/subjects/roundcubemail/evidence/roundcubemail-C0499.json,1133
results/subjects/roundcubemail/evidence/roundcubemail-C0500.json,1133
results/subjects/roundcubemail/evidence/roundcubemail-C0501.json,1139
results/subjects/roundcubemail/evidence/roundcubemail-C0502.json,1134
results/subjects/roundcubemail/evidence/roundcubemail-C0503.json,1131
results/subjects/roundcubemail/evidence/roundcubemail-C0504.json,1251
results/subjects/roundcubemail/evidence/roundcubemail-C0505.json,1128
results/subjects/roundcubemail/evidence/roundcubemail-C0506.json,1129
results/subjects/roundcubemail/evidence/roundcubemail-C0507.json,1129
results/subjects/roundcubemail/evidence/roundcubemail-C0508.json,1177
results/subjects/roundcubemail/evidence/roundcubemail-C0509.json,1129
results/subjects/roundcubemail/evidence/roundcubemail-C0510.json,1130
results/subjects/roundcubemail/evidence/roundcubemail-C0511.json,1215
results/subjects/roundcubemail/evidence/roundcubemail-C0512.json,1131
results/subjects/roundcubemail/evidence/roundcubemail-C0513.json,1131
results/subjects/roundcubemail/screening/screening.csv,116217
results/subjects/roundcubemail/syntax/syntax_php56_generic.csv,23592
