candidate_id,project,file,start_line,end_line,candidate_type,dominant_issue,complexity_proxy,request_parameters,session_keys,database_tables,dom_selectors,forms,allowed_transformations,oracle_status
phpmyadmin-C0001,phpmyadmin,changelog.php,1,117,mixed_php_html,Mixed PHP/HTML,22,,,,,,Separate PHP Logic from Markup;Extract View Helper,pending
phpmyadmin-C0002,phpmyadmin,db_central_columns.php,1,181,form_handling,Request Handling Mixed With Rendering,21,add_column;add_new_column;col_attribute;col_default;col_default_sel;col_extra;col_isNull;col_length;col_name;col_type;collation;column-select;cur_table;db;delete_save;edit_central_columns_page;edit_save;getColumnList;multi_edit_central_column_save;orig_col_name;populateColumns;pos;selectedTable;selected_fld;table-select;total_rows,,,#del_col_name;#del_form;#table_columns;#tableslistcontainer;.data;.tablesorter,db_central_columns.php;tableslistcontainer,Extract Validation Helper;Extract Method;Extract View Helper,pending
phpmyadmin-C0003,phpmyadmin,db_datadict.php,1,215,mixed_php_html,Mixed PHP/HTML,29,,,,.nowrap;.print,,Separate PHP Logic from Markup;Extract View Helper,pending
phpmyadmin-C0004,phpmyadmin,db_designer.php,1,228,form_handling,Request Handling Mixed With Rendering,28,DB1;DB2;F1;F2;T1;T2;db;dialog;field;index;on_delete;on_update;operation;page;query;save_page;selected_page;selected_value;table;value,,,#PMA_disable_floating_menubar;#canvas_outer;#container-form;#designer_hint,form1,Extract Validation Helper;Extract Method;Extract View Helper,pending
phpmyadmin-C0005,phpmyadmin,db_export.php,1,150,form_handling,Request Handling Mixed With Rendering,20,selected_tbl;structure_or_data_forced;table_data;table_select;table_structure,,,#table_data_all;#table_structure_all;.all;.checkall;.export_data;.export_structure;.export_table_list_container;.export_table_name;.export_table_select;.marked,,Extract Validation Helper;Extract Method;Extract View Helper,pending
phpmyadmin-C0006,phpmyadmin,db_operations.php,1,308,form_handling,Request Handling Mixed With Rendering,43,adjust_privileges;comment;create_database_before_copying;db;db_copy;db_rename;newname;switch_to_new,pma_switch_to_new,,,,Extract Validation Helper;Extract Method;Extract View Helper,pending
phpmyadmin-C0007,phpmyadmin,db_qbe.php,1,178,form_handling,Request Handling Mixed With Rendering,14,action;db;searchId;searchName;submit_sql,,,,,Extract Validation Helper;Extract Method;Extract View Helper,pending
phpmyadmin-C0008,phpmyadmin,db_search.php,1,73,form_handling,Request Handling Mixed With Rendering,10,ajax_page_request;submit_search,,,#searchresults;#togglesearchresultlink;#togglesearchresultsdiv;.clearfloat,,Extract Validation Helper;Extract Method;Extract View Helper,pending
phpmyadmin-C0009,phpmyadmin,db_tracking.php,1,154,sql_data_access,SQL/Data Access Region,20,delete_tracking;selected;selected_tbl;submit_create_version;submit_mult;table;version,,,,,Light Data-Access Isolation;Extract Method,pending
phpmyadmin-C0010,phpmyadmin,error_report.php,1,135,form_handling,Request Handling Mixed With Rendering,24,always_send;automatic;exception_type;get_settings;send_error_report,error_subm_count;prev_error_subm_time;prev_errors,,,,Extract Validation Helper;Extract Method;Extract View Helper,pending
phpmyadmin-C0011,phpmyadmin,export.php,1,555,session_dependent_logic,Session-Dependent Logic,69,aliases;as_separate_files;check_time_out;compression;onserver;output_format;quick_export_onserver;quick_or_custom;structure_or_data_forced;what,pma_export_error;tmpval,,,,Extract Guard;Extract Method,pending
phpmyadmin-C0012,phpmyadmin,gis_data_editor.php,1,436,mixed_php_html_sql,SQL in Presentation Logic,80,field;generate;gis_data;input_name;type;value,,field;the;value,#choice;#gis_data;#gis_data_editor;#gis_data_editor_form;#gis_data_header;#gis_data_output;#gis_data_textarea;#openlayersmap;#placeholder;#pmaThemeImage;.add;.addGeom;.addLine;.addPoint;.addPolygon;.choice;.floatright;.gis_type;.hide,gis_data_editor.php,Light Data-Access Isolation;Extract Method;Extract View Helper,pending
phpmyadmin-C0013,phpmyadmin,gis_data_editor.php,23,437,sql_data_access,SQL/Data Access Region,77,field;generate;gis_data;input_name;type;value,,field;the;value,#choice;#gis_data;#gis_data_editor;#gis_data_editor_form;#gis_data_header;#gis_data_output;#gis_data_textarea;#openlayersmap;#placeholder;#pmaThemeImage;.add;.addGeom;.addLine;.addPoint;.addPolygon;.choice;.floatright;.gis_type;.hide,gis_data_editor.php,Light Data-Access Isolation;Extract Method,pending
phpmyadmin-C0014,phpmyadmin,import.php,1,784,form_handling,Request Handling Mixed With Rendering,137,action_bookmark;action_bookmark_all;allow_interrupt;bkm_label;bkm_replace;bookmark_query;bookmark_variable;console_bookmark_add;console_bookmark_refresh;console_message_id;db;format;id_bookmark;label;parameterized;parameters;rollback_query;shared;show_as_php;simulate_dml;skip;sql_query,Import_message;is_multi_query;sql_from_query_box,,,,Extract Validation Helper;Extract Method;Extract View Helper,pending
phpmyadmin-C0015,phpmyadmin,import_status.php,1,121,form_handling,Request Handling Mixed With Rendering,16,id;message,Import_message,,.tblFooters,,Extract Validation Helper;Extract Method;Extract View Helper,pending
phpmyadmin-C0016,phpmyadmin,index.php,1,691,form_handling,Request Handling Mixed With Rendering,78,access_time;ajax_request;collation_connection;db;git_revision;recent_table;set_fontsize;set_theme;table;target,encryption_key;partial_logout,,#is_git_revision;#li_select_fontsize;#li_select_lang;#li_select_mysql_charset;#li_select_mysql_collation;#li_select_server;#li_select_theme;#main_pane_left;#main_pane_right;#maincontainer;.cfg_dbg_demo;.disableAjax;.group;.jsversioncheck;.no_bullets;.pmagroup;.version,index.php,Extract Validation Helper;Extract Method;Extract View Helper,pending
phpmyadmin-C0017,phpmyadmin,navigation.php,1,84,long_method_or_region,Long or Complex Region,14,dbName;getNaviSettings;hideNavItem;itemName;itemType;reload;showUnhideDialog;tableName;unhideNavItem,,,,,Extract Method,pending
phpmyadmin-C0018,phpmyadmin,normalization.php,1,125,long_method_or_region,Long or Complex Region,18,addNewPrimary;createNewTables2NF;createNewTables3NF;findPdl;getColumns;getNewTables2NF;getNewTables3NF;newColumn;newTable;newTables;newTablesName;normalizeTo;numFields;pd;primary_columns;repeatingColumns;splitColumn;step;step1;step2;step3;step4;tables,,,,,Extract Method,pending
phpmyadmin-C0019,phpmyadmin,prefs_forms.php,1,96,form_handling,Request Handling Mixed With Rendering,19,form;revert;tab_hash,,,.config-form;.error,,Extract Validation Helper;Extract Method;Extract View Helper,pending
phpmyadmin-C0020,phpmyadmin,prefs_manage.php,1,380,form_handling,Request Handling Mixed With Rendering,81,export_type;fix_errors;import_merge;import_type;json;return_url;submit_clear;submit_export;submit_get_json;submit_import,userprefs_autoload,,#export_local_storage;#export_php_file;#export_text_file;#import_local_storage;#import_merge;#import_text_file;#input_import_file;#main_pane_left;#main_pane_right;#maincontainer;#opts_export_local_storage;#opts_import_local_storage;#opts_import_text_file;.clearfloat;.click-hide-message;.config-form;.disableAjax;.disabled;.group;.group-cnt,prefs_export;prefs_import;prefs_manage.php;prefs_reset,Extract Validation Helper;Extract Method;Extract View Helper,pending
phpmyadmin-C0021,phpmyadmin,server_privileges.php,1,471,form_handling,Request Handling Mixed With Rendering,77,adduser;ajax_page_request;changeUserGroup;change_copy;change_pw;checkprivsdb;checkprivstable;db;delete;edit_user_group_dialog;export;initial;mode;old_hostname;old_username;revokeall;showall;submit_mult;update_privs;userGroup;viewing_mode,,,,,Extract Validation Helper;Extract Method;Extract View Helper,pending
phpmyadmin-C0022,phpmyadmin,server_replication.php,1,92,form_handling,Request Handling Mixed With Rendering,11,mr_configure;repl_clear_scr;sl_configure;url_params,,,#replication,,Extract Validation Helper;Extract Method;Extract View Helper,pending
phpmyadmin-C0023,phpmyadmin,server_status_monitor.php,1,102,form_handling,Request Handling Mixed With Rendering,12,chart_data;log_data;logging_vars;query_analyzer;time_end;time_start;type,,,,,Extract Validation Helper;Extract Method;Extract View Helper,pending
phpmyadmin-C0024,phpmyadmin,server_status_processes.php,1,62,form_handling,Request Handling Mixed With Rendering,5,kill;refresh,,,,,Extract Validation Helper;Extract Method;Extract View Helper,pending
phpmyadmin-C0025,phpmyadmin,server_status_variables.php,1,58,form_handling,Request Handling Mixed With Rendering,6,flush,,,,,Extract Validation Helper;Extract Method;Extract View Helper,pending
phpmyadmin-C0026,phpmyadmin,server_user_groups.php,1,77,mixed_php_html_sql,SQL in Presentation Logic,10,addUserGroup;addUserGroupSubmit;deleteUserGroup;editUserGroup;editUserGroupSubmit;userGroup;viewUsers,,a,,,Light Data-Access Isolation;Extract Method;Extract View Helper,pending
phpmyadmin-C0027,phpmyadmin,sql.php,1,221,long_method_or_region,Long or Complex Region,57,bkm_fields;get_default_fk_check_value;get_enum_values;get_relational_values;get_set_values;set_col_prefs;sql_query;sql_signature;store_bkm,,,,,Extract Method,pending
phpmyadmin-C0028,phpmyadmin,tbl_addfield.php,1,133,long_method_or_region,Long or Complex Region,14,added_fields;after_field;do_save_data;field_input_transformation;field_input_transformation_options;field_mimetype;field_name;field_transformation;field_transformation_options;field_where;num_fields;orig_after_field;orig_field_where;orig_num_fields;submit_num_fields,,,,,Extract Method,pending
phpmyadmin-C0029,phpmyadmin,tbl_change.php,1,220,mixed_php_html,Mixed PHP/HTML,29,,,,,,Separate PHP Logic from Markup;Extract View Helper,pending
phpmyadmin-C0030,phpmyadmin,tbl_create.php,1,118,long_method_or_region,Long or Complex Region,17,do_save_data;field_input_transformation;field_input_transformation_options;field_mimetype;field_name;field_transformation;field_transformation_options;preview_sql,,,,,Extract Method,pending
phpmyadmin-C0031,phpmyadmin,tbl_export.php,1,144,sql_data_access,SQL/Data Access Region,16,templateAction,,as;clauses;that,,,Light Data-Access Isolation;Extract Method,pending
phpmyadmin-C0032,phpmyadmin,tbl_get_field.php,1,62,sql_data_access,SQL/Data Access Region,6,transform_key;where_clause,,,,,Light Data-Access Isolation;Extract Method,pending
phpmyadmin-C0033,phpmyadmin,tbl_operations.php,1,499,long_method_or_region,Long or Complex Region,87,adjust_privileges;change_all_collations;db;new_name;new_tbl_storage_engine;order_field;partition_operation;submit_copy;submit_move;submit_partition;submitoptions;submitorderby;table_maintenance;tbl_collation,,,,,Extract Method,pending
phpmyadmin-C0034,phpmyadmin,tbl_replace.php,1,498,sql_data_access,SQL/Data Access Region,73,after_insert;ajax_page_request;auto_increment;clause_is_unique;db;do_transformations;fields;fields_name;fields_null;fields_null_prev;fields_prev;fields_type;funcs;preview_sql;rel_fields_list;salt;table;transform_fields_list;virtual;where_clause,,query;table;tbl_change;the,,,Light Data-Access Isolation;Extract Method,pending
phpmyadmin-C0035,phpmyadmin,tbl_row_action.php,1,177,long_method_or_region,Long or Complex Region,36,default_action;goto;mult_btn;rows_to_delete;submit_mult;submit_mult_change_x;submit_mult_delete_x;submit_mult_export_x,,,,,Extract Method,pending
phpmyadmin-C0036,phpmyadmin,tbl_tracking.php,1,207,long_method_or_region,Long or Complex Region,30,date_from;date_to;delete_ddlog;delete_dmlog;export_type;logtype;report;report_export;selected_versions;snapshot;submit_create_version;submit_delete_version;submit_mult;toggle_activation;users;version,,,.clearfloat,,Extract Method,pending
phpmyadmin-C0037,phpmyadmin,transformation_overview.php,1,73,mixed_php_html,Mixed PHP/HTML,33,,,,,,Separate PHP Logic from Markup;Extract View Helper,pending
phpmyadmin-C0038,phpmyadmin,transformation_wrapper.php,1,168,sql_data_access,SQL/Data Access Region,27,newHeight;newWidth;resize,,,,,Light Data-Access Isolation;Extract Method,pending
phpmyadmin-C0039,phpmyadmin,url.php,1,43,form_handling,Request Handling Mixed With Rendering,4,url,,,,,Extract Validation Helper;Extract Method;Extract View Helper,pending
phpmyadmin-C0040,phpmyadmin,user_password.php,1,73,long_method_or_region,Long or Complex Region,12,nopass;pma_pw,,,,,Extract Method,pending
phpmyadmin-C0041,phpmyadmin,view_create.php,1,234,sql_data_access,SQL/Data Access Region,28,ajax_dialog;alterview;createview;db;sql_query;table;view,,INFORMATION_SCHEMA;former,,,Light Data-Access Isolation;Extract Method,pending
phpmyadmin-C0042,phpmyadmin,view_operations.php,1,149,form_handling,Request Handling Mixed With Rendering,24,new_name;submitoptions,,,.caution;.tblFooters,view_operations.php,Extract Validation Helper;Extract Method;Extract View Helper,pending
phpmyadmin-C0043,phpmyadmin,examples/openid.php,1,176,form_handling,Request Handling Mixed With Rendering,24,identifier;phpMyAdmin;start,PMA_single_signon_error_message;PMA_single_signon_message;PMA_single_signon_password;PMA_single_signon_user;identifier,,.error;.relyingparty_results,openid.php,Extract Validation Helper;Extract Method;Extract View Helper,pending
phpmyadmin-C0044,phpmyadmin,examples/openid.php,43,76,mixed_php_html,Mixed PHP/HTML,8,,PMA_single_signon_error_message;PMA_single_signon_message,,.error,,Separate PHP Logic from Markup;Extract View Helper,pending
phpmyadmin-C0045,phpmyadmin,examples/openid.php,76,177,session_dependent_logic,Session-Dependent Logic,13,identifier;phpMyAdmin;start,PMA_single_signon_password;PMA_single_signon_user;identifier,,.relyingparty_results,openid.php,Extract Guard;Extract Method,pending
phpmyadmin-C0046,phpmyadmin,examples/signon.php,1,75,form_handling,Request Handling Mixed With Rendering,15,host;password;port;user,PMA_single_signon_cfgupdate;PMA_single_signon_error_message;PMA_single_signon_host;PMA_single_signon_password;PMA_single_signon_port;PMA_single_signon_user,,.error,signon.php,Extract Validation Helper;Extract Method;Extract View Helper,pending
phpmyadmin-C0047,phpmyadmin,js/messages.php,1,995,mixed_php_html_sql,SQL in Presentation Logic,81,,,ORDER;PHP;general;main;one;other;slow;the;tracking,#pma_ignore_all_errors_popup;#pma_ignore_errors_popup;.error;.floatright;.message_errors_found,,Light Data-Access Isolation;Extract Method;Extract View Helper,pending
phpmyadmin-C0048,phpmyadmin,libraries/common.inc.php,1,458,form_handling,Request Handling Mixed With Rendering,51,back;goto;lang;pma_password;profiling;profiling_form;selected_recent_table;server;set_session;set_theme;sql_delimiter;sql_query;token, PMA_token ;cache;profiling,,,,Extract Validation Helper;Extract Method;Extract View Helper,pending
phpmyadmin-C0049,phpmyadmin,libraries/config.default.php,1,3222,sql_data_access,SQL/Data Access Region,149,,,a;here;listings;multiple;navigation;query;timestamp,,,Light Data-Access Isolation;Extract Method,pending
phpmyadmin-C0050,phpmyadmin,libraries/db_common.inc.php,1,159,long_method_or_region,Long or Complex Region,27,change_all_tables_collations;change_all_tables_columns_collations;db_collation;submitcollation,,,,,Extract Method,pending
phpmyadmin-C0051,phpmyadmin,libraries/db_table_exists.inc.php,1,111,sql_data_access,SQL/Data Access Region,24,,,,,,Light Data-Access Isolation;Extract Method,pending
phpmyadmin-C0052,phpmyadmin,libraries/error.inc.php,1,60,mixed_php_html,Mixed PHP/HTML,13,,,,,,Separate PHP Logic from Markup;Extract View Helper,pending
phpmyadmin-C0053,phpmyadmin,libraries/mult_submits.inc.php,1,342,session_dependent_logic,Session-Dependent Logic,67,rows_to_delete;selected_dbs;selected_tbl,tmpval,,,,Extract Guard;Extract Method,pending
phpmyadmin-C0054,phpmyadmin,libraries/replication.inc.php,1,172,long_method_or_region,Long or Complex Region,15,master_connection,,,,,Extract Method,pending
phpmyadmin-C0055,phpmyadmin,libraries/tbl_columns_definition_form.inc.php,1,449,long_method_or_region,Long or Complex Region,72,after_field;change_column;comment;connection;field_where;fulltext_indexes;indexes;primary_indexes;spatial_indexes;submit_num_fields;submit_partition_change;table;tbl_collation;tbl_storage_engine;unique_indexes,,,,,Extract Method,pending
phpmyadmin-C0056,phpmyadmin,libraries/tbl_partition_definition.inc.php,1,143,long_method_or_region,Long or Complex Region,20,partition_by;partition_count;partitions;subpartition_count,,,,,Extract Method,pending
phpmyadmin-C0057,phpmyadmin,libraries/user_preferences.inc.php,1,78,form_handling,Request Handling Mixed With Rendering,11,form;saved,,,.clearfloat,,Extract Validation Helper;Extract Method;Extract View Helper,pending
phpmyadmin-C0058,phpmyadmin,setup/config.php,1,50,session_dependent_logic,Session-Dependent Logic,7,eol;submit_clear;submit_download,eol,,,,Extract Guard;Extract Method,pending
phpmyadmin-C0059,phpmyadmin,setup/index.php,1,67,form_handling,Request Handling Mixed With Rendering,14,action_done;page,,,#menu;#page;.blue;.orange,,Extract Validation Helper;Extract Method;Extract View Helper,pending
phpmyadmin-C0060,phpmyadmin,test/bootstrap-dist.php,1,97,session_dependent_logic,Session-Dependent Logic,13,, PMA_token ;tmpval,,,,Extract Guard;Extract Method,pending
phpmyadmin-C0061,phpmyadmin,themes/svg_gradient.php,18,54,long_method_or_region,Long or Complex Region,10,,,,#linear-gradient,,Extract Method,pending
phpmyadmin-C0062,phpmyadmin,test/classes/AdvisorTest.php,1,352,mixed_php_html,Mixed PHP/HTML,18,,,,,,Separate PHP Logic from Markup;Extract View Helper,pending
phpmyadmin-C0063,phpmyadmin,test/classes/AdvisorTest.php,148,353,long_method_or_region,Long or Complex Region,8,,,,,,Extract Method,pending
phpmyadmin-C0064,phpmyadmin,test/classes/BrowseForeignersTest.php,1,291,form_handling,Request Handling Mixed With Rendering,12,foreign_filter;pos;rownumber,,,#browse_foreign_form;#browse_foreign_table;#input_foreign_filter;.ajax;.formelement;.pageselector,browse_foreign_from;browse_foreigners.php,Extract Validation Helper;Extract Method;Extract View Helper,pending
phpmyadmin-C0065,phpmyadmin,test/classes/BrowseForeignersTest.php,190,292,long_method_or_region,Long or Complex Region,2,foreign_filter;rownumber,,,#browse_foreign_form;#browse_foreign_table;#input_foreign_filter;.ajax;.formelement,browse_foreign_from;browse_foreigners.php,Extract Method,pending
phpmyadmin-C0066,phpmyadmin,test/classes/CentralColumnsTest.php,1,773,mixed_php_html_sql,SQL in Presentation Logic,29,col_extra;db;field_attribute;field_collation;field_default_type;field_length;field_name;field_type;orig_col_name;table,relation,CURRENT_TIMESTAMP;pma_central_columns;the,#table-select;#tableslistcontainer_checkall;.ajax;.change_central_columns;.checkall_box;.mult_submit,db_central_columns.php,Light Data-Access Isolation;Extract Method;Extract View Helper,pending
phpmyadmin-C0067,phpmyadmin,test/classes/CentralColumnsTest.php,72,144,session_dependent_logic,Session-Dependent Logic,2,,relation,,,,Extract Guard;Extract Method,pending
phpmyadmin-C0068,phpmyadmin,test/classes/CentralColumnsTest.php,245,300,sql_data_access,SQL/Data Access Region,2,db;table,,pma_central_columns,,,Light Data-Access Isolation;Extract Method,pending
phpmyadmin-C0069,phpmyadmin,test/classes/CentralColumnsTest.php,425,486,sql_data_access,SQL/Data Access Region,2,,,pma_central_columns,,,Light Data-Access Isolation;Extract Method,pending
phpmyadmin-C0070,phpmyadmin,test/classes/CharsetsTest.php,49,152,long_method_or_region,Long or Complex Region,21,,,,,,Extract Method,pending
phpmyadmin-C0071,phpmyadmin,test/classes/CheckUserPrivilegesTest.php,48,170,long_method_or_region,Long or Complex Region,2,,,,,,Extract Method,pending
phpmyadmin-C0072,phpmyadmin,test/classes/CheckUserPrivilegesTest.php,170,334,long_method_or_region,Long or Complex Region,1,,,,,,Extract Method,pending
phpmyadmin-C0073,phpmyadmin,test/classes/ConfigTest.php,1,1438,form_handling,Request Handling Mixed With Rendering,72,server,git_location;is_git_revision,,#form_fontsize_selection,form_fontsize_selection,Extract Validation Helper;Extract Method;Extract View Helper,pending
phpmyadmin-C0074,phpmyadmin,test/classes/ConfigTest.php,207,315,long_method_or_region,Long or Complex Region,3,,,,,,Extract Method,pending
phpmyadmin-C0075,phpmyadmin,test/classes/ConfigTest.php,941,1001,session_dependent_logic,Session-Dependent Logic,2,,git_location;is_git_revision,,,,Extract Guard;Extract Method,pending
phpmyadmin-C0076,phpmyadmin,test/classes/ConfigTest.php,1001,1062,session_dependent_logic,Session-Dependent Logic,2,,git_location;is_git_revision,,,,Extract Guard;Extract Method,pending
phpmyadmin-C0077,phpmyadmin,test/classes/ConfigTest.php,1062,1126,session_dependent_logic,Session-Dependent Logic,2,,git_location;is_git_revision,,,,Extract Guard;Extract Method,pending
phpmyadmin-C0078,phpmyadmin,test/classes/ConfigTest.php,1126,1182,session_dependent_logic,Session-Dependent Logic,2,,git_location;is_git_revision,,,,Extract Guard;Extract Method,pending
phpmyadmin-C0079,phpmyadmin,test/classes/ConfigTest.php,1182,1255,session_dependent_logic,Session-Dependent Logic,2,,git_location;is_git_revision,,,,Extract Guard;Extract Method,pending
phpmyadmin-C0080,phpmyadmin,test/classes/CoreTest.php,1,1229,mixed_php_html_sql,SQL in Presentation Logic,73,, HMAC_secret ,test;the,,,Light Data-Access Isolation;Extract Method;Extract View Helper,pending
phpmyadmin-C0081,phpmyadmin,test/classes/DatabaseInterfaceTest.php,227,374,long_method_or_region,Long or Complex Region,1,,,,,,Extract Method,pending
phpmyadmin-C0082,phpmyadmin,test/classes/EncodingTest.php,1,211,mixed_php_html,Mixed PHP/HTML,13,,,,#kj-euc;#kj-kana;#kj-sjis,,Separate PHP Logic from Markup;Extract View Helper,pending
phpmyadmin-C0083,phpmyadmin,test/classes/ErrorHandlerTest.php,1,300,session_dependent_logic,Session-Dependent Logic,26,,errors,,,,Extract Guard;Extract Method,pending
phpmyadmin-C0084,phpmyadmin,test/classes/ErrorTest.php,1,182,mixed_php_html,Mixed PHP/HTML,17,,,,.error,,Separate PHP Logic from Markup;Extract View Helper,pending
phpmyadmin-C0085,phpmyadmin,test/classes/FontTest.php,24,146,long_method_or_region,Long or Complex Region,3,,,,,,Extract Method,pending
phpmyadmin-C0086,phpmyadmin,test/classes/FooterTest.php,1,269,mixed_php_html_sql,SQL in Presentation Logic,18,reload_left_frame,debug,db;pma_bookmark;the,#selflink;.ic_window-new;.icon;.print_ignore,,Light Data-Access Isolation;Extract Method;Extract View Helper,pending
phpmyadmin-C0087,phpmyadmin,test/classes/ImportTest.php,1,480,sql_data_access,SQL/Data Access Region,22,,,information_schema;myTable;table_1,,,Light Data-Access Isolation;Extract Method,pending
phpmyadmin-C0088,phpmyadmin,test/classes/ImportTest.php,89,137,sql_data_access,SQL/Data Access Region,2,,,myTable,,,Light Data-Access Isolation;Extract Method,pending
phpmyadmin-C0089,phpmyadmin,test/classes/ImportTest.php,328,379,sql_data_access,SQL/Data Access Region,1,,,table_1,,,Light Data-Access Isolation;Extract Method,pending
phpmyadmin-C0090,phpmyadmin,test/classes/ImportTest.php,414,481,sql_data_access,SQL/Data Access Region,1,,,information_schema;table_1,,,Light Data-Access Isolation;Extract Method,pending
phpmyadmin-C0091,phpmyadmin,test/classes/InsertEditTest.php,1,3199,mixed_php_html_sql,SQL in Presentation Logic,109,ShowFieldTypesInDataEditView;ShowFunctionFields;after_insert;clause_is_unique;default_action;err_url;fields;insert_rows;sql_query;submit_type;where_clause,edit_next;tmpval,db;information_schema;table;the,#buttonYes;#continueForm;#field_0_3;#field_1_2;#field_1_3;#field_1_3_0;#field_1_3_1;#field_3_1;#insert_ignore_1;.ajax;.browse_foreign;.center;.char;.checkbox_null;.column_type;.control_at_footer;.datefield;.datetimefield;.default_value;.hashed_field,continueForm;tbl_replace.php,Light Data-Access Isolation;Extract Method;Extract View Helper,pending
phpmyadmin-C0092,phpmyadmin,test/classes/InsertEditTest.php,1160,1298,long_method_or_region,Long or Complex Region,7,,,,#field_1_3;.char;.text;.textfield,,Extract Method,pending
phpmyadmin-C0093,phpmyadmin,test/classes/InsertEditTest.php,1688,1828,long_method_or_region,Long or Complex Region,2,default_action,,,,,Extract Method,pending
phpmyadmin-C0094,phpmyadmin,test/classes/InsertEditTest.php,1963,2011,session_dependent_logic,Session-Dependent Logic,2,,edit_next,db,,,Extract Guard;Extract Method,pending
phpmyadmin-C0095,phpmyadmin,test/classes/InsertEditTest.php,2302,2346,sql_data_access,SQL/Data Access Region,2,,,information_schema,,,Light Data-Access Isolation;Extract Method,pending
phpmyadmin-C0096,phpmyadmin,test/classes/InsertEditTest.php,2532,2672,sql_data_access,SQL/Data Access Region,11,fields,,table,,,Light Data-Access Isolation;Extract Method,pending
phpmyadmin-C0097,phpmyadmin,test/classes/InsertEditTest.php,2672,2761,sql_data_access,SQL/Data Access Region,2,where_clause,,db,,,Light Data-Access Isolation;Extract Method,pending
phpmyadmin-C0098,phpmyadmin,test/classes/InsertEditTest.php,2792,2865,session_dependent_logic,Session-Dependent Logic,3,ShowFieldTypesInDataEditView;ShowFunctionFields;after_insert;default_action;where_clause,edit_next,,,,Extract Guard;Extract Method,pending
phpmyadmin-C0099,phpmyadmin,test/classes/InsertEditTest.php,2953,3062,long_method_or_region,Long or Complex Region,2,,,,.column_type;.default_value;.hide;.image-upload;.noclick,,Extract Method,pending
phpmyadmin-C0100,phpmyadmin,test/classes/LanguageTest.php,1,244,long_method_or_region,Long or Complex Region,20,lang,,,,,Extract Method,pending
phpmyadmin-C0101,phpmyadmin,test/classes/LinterTest.php,88,139,sql_data_access,SQL/Data Access Region,2,,,tbl,,,Light Data-Access Isolation;Extract Method,pending
phpmyadmin-C0102,phpmyadmin,test/classes/MessageTest.php,1,713,mixed_php_html,Mixed PHP/HTML,16,,,,.ic_s_notice;.icon;.notice,,Separate PHP Logic from Markup;Extract View Helper,pending
phpmyadmin-C0103,phpmyadmin,test/classes/MultSubmitsTest.php,1,383,mixed_php_html_sql,SQL in Presentation Logic,12,pos,relation;tmpval,PMA_table,#ajax_form;#initialPrefix,delete_row,Light Data-Access Isolation;Extract Method;Extract View Helper,pending
phpmyadmin-C0104,phpmyadmin,test/classes/MultSubmitsTest.php,30,80,session_dependent_logic,Session-Dependent Logic,2,,relation,,,,Extract Guard;Extract Method,pending
phpmyadmin-C0105,phpmyadmin,test/classes/MultSubmitsTest.php,140,191,sql_data_access,SQL/Data Access Region,3,,,PMA_table,,,Light Data-Access Isolation;Extract Method,pending
phpmyadmin-C0106,phpmyadmin,test/classes/MultSubmitsTest.php,191,243,sql_data_access,SQL/Data Access Region,2,,,PMA_table,,,Light Data-Access Isolation;Extract Method,pending
phpmyadmin-C0107,phpmyadmin,test/classes/MultSubmitsTest.php,243,324,session_dependent_logic,Session-Dependent Logic,2,pos,tmpval,,,,Extract Guard;Extract Method,pending
phpmyadmin-C0108,phpmyadmin,test/classes/NormalizationTest.php,1,555,form_handling,Request Handling Mixed With Rendering,21,change_column,,,#PMA_table;#addNewPrimary;#createPrimaryKey;#mainContent;#moveRepeatingGroup;#normalizeTable;#removeRedundant;#selectNonAtomicCol;#showPossiblePd;#table_columns;.center;.dependencies_box,normalization.php;normalize,Extract Validation Helper;Extract Method;Extract View Helper,pending
phpmyadmin-C0109,phpmyadmin,test/classes/NormalizationTest.php,33,104,session_dependent_logic,Session-Dependent Logic,2,change_column,,,,,Extract Guard;Extract Method,pending
phpmyadmin-C0110,phpmyadmin,test/classes/OperationsTest.php,1,263,mixed_php_html,Mixed PHP/HTML,17,,,,#name;.vmiddle,,Separate PHP Logic from Markup;Extract View Helper,pending
phpmyadmin-C0111,phpmyadmin,test/classes/RelationCleanupDbiMock.php,1,228,sql_data_access,SQL/Data Access Region,13,,,result;the;user,,,Light Data-Access Isolation;Extract Method,pending
phpmyadmin-C0112,phpmyadmin,test/classes/RelationCleanupTest.php,1,294,session_dependent_logic,Session-Dependent Logic,20,,relation,,,,Extract Guard;Extract Method,pending
phpmyadmin-C0113,phpmyadmin,test/classes/RelationTest.php,1,332,mixed_php_html_sql,SQL in Presentation Logic,11,,relation,PMA_bookmark,,,Light Data-Access Isolation;Extract Method;Extract View Helper,pending
phpmyadmin-C0114,phpmyadmin,test/classes/RelationTest.php,209,257,session_dependent_logic,Session-Dependent Logic,2,,relation,,,,Extract Guard;Extract Method,pending
phpmyadmin-C0115,phpmyadmin,test/classes/ReplicationGuiTest.php,1,298,form_handling,Request Handling Mixed With Rendering,9,mr_adduser,,,#master_addslaveuser_gui;#replication_master_section;#replication_slave_section;#slave_configuration_gui;.value,server_replication.php,Extract Validation Helper;Extract Method;Extract View Helper,pending
phpmyadmin-C0116,phpmyadmin,test/classes/ReplicationGuiTest.php,34,100,session_dependent_logic,Session-Dependent Logic,2,mr_adduser,,,,,Extract Guard;Extract Method,pending
phpmyadmin-C0117,phpmyadmin,test/classes/ReplicationGuiTest.php,100,201,long_method_or_region,Long or Complex Region,2,,,,#master_addslaveuser_gui;#replication_master_section;.value,,Extract Method,pending
phpmyadmin-C0118,phpmyadmin,test/classes/SanitizeTest.php,1,288,form_handling,Request Handling Mixed With Rendering,17,allow;foo;second,,,,,Extract Validation Helper;Extract Method;Extract View Helper,pending
phpmyadmin-C0119,phpmyadmin,test/classes/ScriptsTest.php,1,224,mixed_php_html,Mixed PHP/HTML,16,,,,,,Separate PHP Logic from Markup;Extract View Helper,pending
phpmyadmin-C0120,phpmyadmin,test/classes/SqlQueryFormTest.php,1,216,mixed_php_html_sql,SQL in Presentation Logic,8,,relation,PMA,#delete;#insert;#select;#selectall;#sqlqueryform;#update,,Light Data-Access Isolation;Extract Method;Extract View Helper,pending
phpmyadmin-C0121,phpmyadmin,test/classes/SqlQueryFormTest.php,35,104,session_dependent_logic,Session-Dependent Logic,2,,relation,,,,Extract Guard;Extract Method,pending
phpmyadmin-C0122,phpmyadmin,test/classes/SqlQueryFormTest.php,104,167,sql_data_access,SQL/Data Access Region,2,,,PMA,#delete;#insert;#select;#selectall;#update,,Light Data-Access Isolation;Extract Method,pending
phpmyadmin-C0123,phpmyadmin,test/classes/SqlQueryFormTest.php,167,217,sql_data_access,SQL/Data Access Region,2,,,PMA,#sqlqueryform,,Light Data-Access Isolation;Extract Method,pending
phpmyadmin-C0124,phpmyadmin,test/classes/SqlTest.php,1,348,sql_data_access,SQL/Data Access Region,16,,,db;tbl;tbl1;test;the,,,Light Data-Access Isolation;Extract Method,pending
phpmyadmin-C0125,phpmyadmin,test/classes/SqlTest.php,93,134,sql_data_access,SQL/Data Access Region,2,,,tbl,,,Light Data-Access Isolation;Extract Method,pending
phpmyadmin-C0126,phpmyadmin,test/classes/SystemDatabaseTest.php,1,125,session_dependent_logic,Session-Dependent Logic,7,,relation,information_schema,,,Extract Guard;Extract Method,pending
phpmyadmin-C0127,phpmyadmin,test/classes/SystemDatabaseTest.php,26,80,session_dependent_logic,Session-Dependent Logic,2,,relation,,,,Extract Guard;Extract Method,pending
phpmyadmin-C0128,phpmyadmin,test/classes/TableTest.php,1,1385,sql_data_access,SQL/Data Access Region,37,drop_if_exists;old_index,,PMA;PMA_new;db;information_schema,,,Light Data-Access Isolation;Extract Method,pending
phpmyadmin-C0129,phpmyadmin,test/classes/TableTest.php,30,291,sql_data_access,SQL/Data Access Region,1,,,PMA;information_schema,,,Light Data-Access Isolation;Extract Method,pending
phpmyadmin-C0130,phpmyadmin,test/classes/TableTest.php,446,578,long_method_or_region,Long or Complex Region,2,,,,,,Extract Method,pending
phpmyadmin-C0131,phpmyadmin,test/classes/TableTest.php,1153,1222,sql_data_access,SQL/Data Access Region,2,drop_if_exists,,PMA_new,,,Light Data-Access Isolation;Extract Method,pending
phpmyadmin-C0132,phpmyadmin,test/classes/TrackerTest.php,1,887,session_dependent_logic,Session-Dependent Logic,29,,relation,db1;pma_test;pmadb;t,,,Extract Guard;Extract Method,pending
phpmyadmin-C0133,phpmyadmin,test/classes/TrackerTest.php,77,120,session_dependent_logic,Session-Dependent Logic,2,,relation,,,,Extract Guard;Extract Method,pending
phpmyadmin-C0134,phpmyadmin,test/classes/TrackerTest.php,206,328,long_method_or_region,Long or Complex Region,3,,,,,,Extract Method,pending
phpmyadmin-C0135,phpmyadmin,test/classes/TrackerTest.php,416,467,sql_data_access,SQL/Data Access Region,5,,,pmadb,,,Light Data-Access Isolation;Extract Method,pending
phpmyadmin-C0136,phpmyadmin,test/classes/TrackerTest.php,467,547,sql_data_access,SQL/Data Access Region,2,,,pmadb,,,Light Data-Access Isolation;Extract Method,pending
phpmyadmin-C0137,phpmyadmin,test/classes/TrackerTest.php,748,888,sql_data_access,SQL/Data Access Region,2,,,db1;t,,,Light Data-Access Isolation;Extract Method,pending
phpmyadmin-C0138,phpmyadmin,test/classes/TrackingTest.php,1,954,mixed_php_html_sql,SQL in Presentation Logic,25,alter_table;create_index;create_table;date_from;date_to;delete;drop_index;drop_table;insert;logtype;rename_table;truncate;update;users;version,relation,PMA;nested,#div_create_version,,Light Data-Access Isolation;Extract Method;Extract View Helper,pending
phpmyadmin-C0139,phpmyadmin,test/classes/TrackingTest.php,28,74,session_dependent_logic,Session-Dependent Logic,2,,relation,,,,Extract Guard;Extract Method,pending
phpmyadmin-C0140,phpmyadmin,test/classes/TrackingTest.php,304,403,long_method_or_region,Long or Complex Region,3,,,,,,Extract Method,pending
phpmyadmin-C0141,phpmyadmin,test/classes/TrackingTest.php,419,521,sql_data_access,SQL/Data Access Region,3,,,PMA,,,Light Data-Access Isolation;Extract Method,pending
phpmyadmin-C0142,phpmyadmin,test/classes/TrackingTest.php,521,574,sql_data_access,SQL/Data Access Region,2,,,PMA,,,Light Data-Access Isolation;Extract Method,pending
phpmyadmin-C0143,phpmyadmin,test/classes/TrackingTest.php,574,674,sql_data_access,SQL/Data Access Region,2,date_from;date_to;logtype;users;version,,PMA,,,Light Data-Access Isolation;Extract Method,pending
phpmyadmin-C0144,phpmyadmin,test/classes/TransformationsTest.php,1,340,session_dependent_logic,Session-Dependent Logic,12,,relation,,,,Extract Guard;Extract Method,pending
phpmyadmin-C0145,phpmyadmin,test/classes/TransformationsTest.php,210,257,session_dependent_logic,Session-Dependent Logic,1,,relation,,,,Extract Guard;Extract Method,pending
phpmyadmin-C0146,phpmyadmin,test/classes/TwoFactorTest.php,1,262,session_dependent_logic,Session-Dependent Logic,9,2fa_code;2fa_confirm;u2f_authentication_response;u2f_registration_response,authenticationRequest;registrationRequest,,,,Extract Guard;Extract Method,pending
phpmyadmin-C0147,phpmyadmin,test/classes/TwoFactorTest.php,154,193,session_dependent_logic,Session-Dependent Logic,2,u2f_authentication_response;u2f_registration_response,registrationRequest,,,,Extract Guard;Extract Method,pending
phpmyadmin-C0148,phpmyadmin,test/classes/TypesTest.php,361,515,long_method_or_region,Long or Complex Region,2,,,,,,Extract Method,pending
phpmyadmin-C0149,phpmyadmin,test/classes/TypesTest.php,563,678,long_method_or_region,Long or Complex Region,2,,,,,,Extract Method,pending
phpmyadmin-C0150,phpmyadmin,test/classes/UserPreferencesTest.php,1,427,mixed_php_html_sql,SQL in Presentation Logic,18,prefs_autoload,cache;relation;userconfig;userprefs_autoload,pma;pmadb,.disableAjax,prefs_manage.php,Light Data-Access Isolation;Extract Method;Extract View Helper,pending
phpmyadmin-C0151,phpmyadmin,test/classes/UserPreferencesTest.php,75,153,session_dependent_logic,Session-Dependent Logic,3,,relation;userconfig,,,,Extract Guard;Extract Method,pending
phpmyadmin-C0152,phpmyadmin,test/classes/UserPreferencesTest.php,153,274,session_dependent_logic,Session-Dependent Logic,5,,cache;relation;userconfig,pmadb,,,Extract Guard;Extract Method,pending
phpmyadmin-C0153,phpmyadmin,test/classes/UserPreferencesTest.php,383,428,session_dependent_logic,Session-Dependent Logic,2,prefs_autoload,userprefs_autoload,,.disableAjax,prefs_manage.php,Extract Guard;Extract Method,pending
phpmyadmin-C0154,phpmyadmin,test/classes/UtilTest.php,1,2131,mixed_php_html_sql,SQL in Presentation Logic,117,,cache,tblTable,#input_import_file;#test_&lt;dropdown&gt;_name;#test_id;#upload_form_status;#upload_form_status_info;.ajax;.hide;.ic_b_comment;.ic_b_help;.icon;.nowrap;.pageselector;.sql;.test_class,,Light Data-Access Isolation;Extract Method;Extract View Helper,pending
phpmyadmin-C0155,phpmyadmin,test/classes/UtilTest.php,598,720,long_method_or_region,Long or Complex Region,2,,,,,,Extract Method,pending
phpmyadmin-C0156,phpmyadmin,test/selenium/DbEventsTest.php,99,169,sql_data_access,SQL/Data Access Region,2,,,,.success,,Light Data-Access Isolation;Extract Method,pending
phpmyadmin-C0157,phpmyadmin,test/selenium/DbEventsTest.php,169,209,sql_data_access,SQL/Data Access Region,2,,,,.success,,Light Data-Access Isolation;Extract Method,pending
phpmyadmin-C0158,phpmyadmin,test/selenium/DbProceduresTest.php,76,131,sql_data_access,SQL/Data Access Region,2,,,outp;test_table,.success,,Light Data-Access Isolation;Extract Method,pending
phpmyadmin-C0159,phpmyadmin,test/selenium/DbTriggersTest.php,86,145,sql_data_access,SQL/Data Access Region,2,,,test_table;test_table2,.success,,Light Data-Access Isolation;Extract Method,pending
phpmyadmin-C0160,phpmyadmin,test/selenium/DbTriggersTest.php,145,186,sql_data_access,SQL/Data Access Region,2,,,test_table;test_table2,.success,,Light Data-Access Isolation;Extract Method,pending
phpmyadmin-C0161,phpmyadmin,test/selenium/ExportTest.php,1,205,sql_data_access,SQL/Data Access Region,21,,,test_table,,,Light Data-Access Isolation;Extract Method,pending
phpmyadmin-C0162,phpmyadmin,test/selenium/ExportTest.php,155,206,long_method_or_region,Long or Complex Region,11,,,,,,Extract Method,pending
phpmyadmin-C0163,phpmyadmin,test/selenium/QueryByExampleTest.php,60,198,long_method_or_region,Long or Complex Region,3,,,,,,Extract Method,pending
phpmyadmin-C0164,phpmyadmin,test/selenium/TableOperationsTest.php,1,260,sql_data_access,SQL/Data Access Region,13,,,test_table;test_table2,.success;.tabactive,,Light Data-Access Isolation;Extract Method,pending
phpmyadmin-C0165,phpmyadmin,test/selenium/TestBase.php,1,767,sql_data_access,SQL/Data Access Region,53,,,Y;mysql;the,#serverinfo;.tabactive,,Light Data-Access Isolation;Extract Method,pending
phpmyadmin-C0166,phpmyadmin,test/selenium/TestBase.php,49,172,long_method_or_region,Long or Complex Region,10,,,,,,Extract Method,pending
phpmyadmin-C0167,phpmyadmin,test/selenium/TrackingTest.php,82,162,sql_data_access,SQL/Data Access Region,1,,,test_table,,,Light Data-Access Isolation;Extract Method,pending
phpmyadmin-C0168,phpmyadmin,test/libraries/common/PMA_checkbox_test.php,1,133,mixed_php_html,Mixed PHP/HTML,12,,,,.autosubmit,,Separate PHP Logic from Markup;Extract View Helper,pending
phpmyadmin-C0169,phpmyadmin,test/classes/Config/ConfigFileTest.php,1,596,session_dependent_logic,Session-Dependent Logic,28,,ConfigFile1,,,,Extract Guard;Extract Method,pending
phpmyadmin-C0170,phpmyadmin,test/classes/Config/FormDisplayTemplateTest.php,1,535,mixed_php_html,Mixed PHP/HTML,21,,,,#test/path;.all85;.config-form;.custom;.disableAjax;.disabled-field;.disabled-notice;.errors;.field-comment-mark;.field-comment-warning;.field-error;.group-field;.group-field-1;.group-header;.group-header-1;.group-header-4;.group-header-field;.hide;.ic_b_help;.icon,https://www.phpmyadmin.net,Separate PHP Logic from Markup;Extract View Helper,pending
phpmyadmin-C0171,phpmyadmin,test/classes/Config/FormDisplayTemplateTest.php,148,363,long_method_or_region,Long or Complex Region,6,,,,#test/path;.all85;.custom;.disabled-field;.disabled-notice;.field-comment-mark;.field-comment-warning;.field-error;.group-field;.group-field-1;.group-header-1;.group-header-field;.hide;.ic_b_help;.icon;.inline_errors;.restore-default;.set-value;.userprefs-allow;.userprefs-comment,,Extract Method,pending
phpmyadmin-C0172,phpmyadmin,test/classes/Config/FormDisplayTest.php,1,542,session_dependent_logic,Session-Dependent Logic,29,,ConfigFile0,,,,Extract Guard;Extract Method,pending
phpmyadmin-C0173,phpmyadmin,test/classes/Config/FormDisplayTest.php,200,251,session_dependent_logic,Session-Dependent Logic,2,,ConfigFile0,,,,Extract Guard;Extract Method,pending
phpmyadmin-C0174,phpmyadmin,test/classes/Config/FormDisplayTest.php,397,543,long_method_or_region,Long or Complex Region,13,,,,,,Extract Method,pending
phpmyadmin-C0175,phpmyadmin,test/classes/Config/ServerConfigChecksTest.php,43,102,session_dependent_logic,Session-Dependent Logic,1,,messages,,,,Extract Guard;Extract Method,pending
phpmyadmin-C0176,phpmyadmin,test/classes/Database/DesignerTest.php,1,229,mixed_php_html_sql,SQL in Presentation Logic,10,,,pmadb,#plugins;#save_page_new;#save_page_same;#select_pdf_orientation;#select_pdf_paper;#selected_page;#selected_value,,Light Data-Access Isolation;Extract Method;Extract View Helper,pending
phpmyadmin-C0177,phpmyadmin,test/classes/Database/QbeTest.php,1,571,form_handling,Request Handling Mixed With Rendering,27,criteriaColumn,,,..;.center;.noclick;.nopadding;.nospac;.nospacing;.nowrap;.textfield;.value,,Extract Validation Helper;Extract Method;Extract View Helper,pending
phpmyadmin-C0178,phpmyadmin,test/classes/Database/SearchTest.php,1,217,mixed_php_html_sql,SQL in Presentation Logic,15,criteriaSearchString;criteriaSearchType,,pma;the,#browse-results;#sqlqueryform;#table-info;#table-link;#togglequerybox;#togglesearchformlink,,Light Data-Access Isolation;Extract Method;Extract View Helper,pending
phpmyadmin-C0179,phpmyadmin,test/classes/Dbi/DbiMysqliTest.php,1,237,session_dependent_logic,Session-Dependent Logic,22,,,DBI,,,Extract Guard;Extract Method,pending
phpmyadmin-C0180,phpmyadmin,test/classes/Dbi/DbiMysqliTest.php,59,213,sql_data_access,SQL/Data Access Region,15,,,DBI,,,Light Data-Access Isolation;Extract Method,pending
phpmyadmin-C0181,phpmyadmin,test/classes/Dbi/DbiMysqlTest.php,1,320,sql_data_access,SQL/Data Access Region,29,,,DBI;PMA,,,Light Data-Access Isolation;Extract Method,pending
phpmyadmin-C0182,phpmyadmin,test/classes/Dbi/DbiMysqlTest.php,76,245,sql_data_access,SQL/Data Access Region,17,,,DBI,,,Light Data-Access Isolation;Extract Method,pending
phpmyadmin-C0183,phpmyadmin,test/classes/Display/ExportTest.php,1,302,mixed_php_html,Mixed PHP/HTML,11,,relation,,#alias_modal;#databases_and_tables;#format;#output;#quick_or_custom;.alias_remove;.exportoptions;.hide,,Separate PHP Logic from Markup;Extract View Helper,pending
phpmyadmin-C0184,phpmyadmin,test/classes/Display/ExportTest.php,35,82,session_dependent_logic,Session-Dependent Logic,3,,relation,,,,Extract Guard;Extract Method,pending
phpmyadmin-C0185,phpmyadmin,test/classes/Display/ExportTest.php,121,268,long_method_or_region,Long or Complex Region,4,,,,#alias_modal;#databases_and_tables;#format;#output;#quick_or_custom;.exportoptions;.hide,,Extract Method,pending
phpmyadmin-C0186,phpmyadmin,test/classes/Display/ResultsTest.php,1,1706,mixed_php_html_sql,SQL in Presentation Logic,111,, PMA_token ;relation;tmpval,Data;data;db_name;pma;pma_bookmark;the;user,#id_rows_to_;#id_rows_to_delete0[%_PMA_CHECKBOX_DIR_%];#id_rows_to_delete0_;#id_rows_to_delete0_right;#showAll_0;..;.center;.checkall;.condition_;.condition_array;.delete;.delete_row;.disableAjax;.edit_row_anchor;.grid_edit;.hex;.hide;.ic_b_drop;.ic_b_edit;.ic_b_insrow,sql.php,Light Data-Access Isolation;Extract Method;Extract View Helper,pending
phpmyadmin-C0187,phpmyadmin,test/classes/Display/ResultsTest.php,554,597,sql_data_access,SQL/Data Access Region,6,,,Data,.center;.delete_row;.hide;.ic_b_drop;.icon;.klass;.nowrap;.print_ignore;.requireConfirm,,Light Data-Access Isolation;Extract Method,pending
phpmyadmin-C0188,phpmyadmin,test/classes/Display/ResultsTest.php,619,834,sql_data_access,SQL/Data Access Region,17,,,data,#id_rows_to_;#id_rows_to_delete0_;#id_rows_to_delete0_right;..;.center;.checkall;.condition_array;.delete;.delete_row;.edit_row_anchor;.hide;.ic_b_drop;.ic_b_edit;.ic_b_insrow;.icon;.multi_checkbox;.nowrap;.print_ignore;.requireConfirm;.where_clause,,Light Data-Access Isolation;Extract Method,pending
phpmyadmin-C0189,phpmyadmin,test/classes/Display/ResultsTest.php,858,930,long_method_or_region,Long or Complex Region,14,,,,#id_rows_to_;.center;.condition_array;.ic_b_drop;.ic_b_edit;.ic_b_insrow;.icon;.multi_checkbox;.nowrap;.print_ignore,,Extract Method,pending
phpmyadmin-C0190,phpmyadmin,test/classes/Display/ResultsTest.php,1148,1190,sql_data_access,SQL/Data Access Region,4,,,user,#showAll_0;.showAllRows,sql.php,Light Data-Access Isolation;Extract Method,pending
phpmyadmin-C0191,phpmyadmin,test/classes/Display/ResultsTest.php,1320,1426,long_method_or_region,Long or Complex Region,6,,,,.disableAjax,,Extract Method,pending
phpmyadmin-C0192,phpmyadmin,test/classes/Display/ResultsTest.php,1453,1588,long_method_or_region,Long or Complex Region,4,,,,.disableAjax;.grid_edit;.hex;.left;.null;.transformed,,Extract Method,pending
phpmyadmin-C0193,phpmyadmin,test/classes/Display/ResultsTest.php,1620,1707,session_dependent_logic,Session-Dependent Logic,1,,relation;tmpval,,,,Extract Guard;Extract Method,pending
phpmyadmin-C0194,phpmyadmin,test/classes/Engines/InnodbTest.php,1,362,mixed_php_html,Mixed PHP/HTML,18,,,,#pre_innodb_status;#table_innodb_bufferpool_activity;#table_innodb_bufferpool_usage;.data;.tblHeaders;.value,,Separate PHP Logic from Markup;Extract View Helper,pending
phpmyadmin-C0195,phpmyadmin,test/classes/Engines/InnodbTest.php,54,159,long_method_or_region,Long or Complex Region,4,,,,,,Extract Method,pending
phpmyadmin-C0196,phpmyadmin,test/classes/Engines/PbxtTest.php,1,262,mixed_php_html,Mixed PHP/HTML,14,,,,,,Separate PHP Logic from Markup;Extract View Helper,pending
phpmyadmin-C0197,phpmyadmin,test/classes/Engines/PbxtTest.php,56,180,long_method_or_region,Long or Complex Region,5,,,,,,Extract Method,pending
phpmyadmin-C0198,phpmyadmin,test/classes/Navigation/NavigationTest.php,1,161,mixed_php_html_sql,SQL in Presentation Logic,4,,,pmadb,.ajax;.unhideNavItem,,Light Data-Access Isolation;Extract Method;Extract View Helper,pending
phpmyadmin-C0199,phpmyadmin,test/classes/Navigation/NavigationTest.php,106,162,sql_data_access,SQL/Data Access Region,1,,,pmadb,.ajax;.unhideNavItem,,Light Data-Access Isolation;Extract Method,pending
phpmyadmin-C0200,phpmyadmin,test/classes/Rte/EventsTest.php,1,539,form_handling,Request Handling Mixed With Rendering,20,,,,,,Extract Validation Helper;Extract Method;Extract View Helper,pending
phpmyadmin-C0201,phpmyadmin,test/classes/Rte/EventsTest.php,432,540,long_method_or_region,Long or Complex Region,1,,,,,,Extract Method,pending
phpmyadmin-C0202,phpmyadmin,test/classes/Rte/RoutinesTest.php,1,1351,form_handling,Request Handling Mixed With Rendering,37,,,,.datefield;.datetimefield;.routine_param_remove_anchor,,Extract Validation Helper;Extract Method;Extract View Helper,pending
phpmyadmin-C0203,phpmyadmin,test/classes/Rte/RoutinesTest.php,83,247,long_method_or_region,Long or Complex Region,2,,,,,,Extract Method,pending
phpmyadmin-C0204,phpmyadmin,test/classes/Rte/RoutinesTest.php,440,547,long_method_or_region,Long or Complex Region,3,,,,,,Extract Method,pending
phpmyadmin-C0205,phpmyadmin,test/classes/Rte/RoutinesTest.php,561,668,long_method_or_region,Long or Complex Region,3,,,,,,Extract Method,pending
phpmyadmin-C0206,phpmyadmin,test/classes/Rte/RoutinesTest.php,684,791,long_method_or_region,Long or Complex Region,3,,,,,,Extract Method,pending
phpmyadmin-C0207,phpmyadmin,test/classes/Rte/RoutinesTest.php,867,988,long_method_or_region,Long or Complex Region,3,,,,.datefield;.datetimefield,,Extract Method,pending
phpmyadmin-C0208,phpmyadmin,test/classes/Rte/RoutinesTest.php,1143,1352,long_method_or_region,Long or Complex Region,2,,,,,,Extract Method,pending
phpmyadmin-C0209,phpmyadmin,test/classes/Rte/TriggersTest.php,1,403,long_method_or_region,Long or Complex Region,19,item_definer;item_definition;item_event;item_name;item_table;item_timing,,,,,Extract Method,pending
phpmyadmin-C0210,phpmyadmin,test/classes/Server/PrivilegesTest.php,1,2657,mixed_php_html_sql,SQL in Presentation Logic,68,Grant_priv;adduser_submit;authentication_plugin;change_copy;createdb-3;dbname;edit_user_group_dialog;hostname;initial;log;max_connections;max_questions;max_updates;max_user_connections;mode;old_hostname;old_username;pma_pw;pos;pred_dbname;pred_hostname;pred_password;pred_tablename;pred_username;tablename;update_privs;userGroup;username;validate_username,relation,MySQL;mysql,#changeUserGroupForm;#fieldset_user_global_rights;#fieldset_user_privtable_footer;#select_authentication_plugin;#select_authentication_plugin_cp;.ajax;.checkall;.export,,Light Data-Access Isolation;Extract Method;Extract View Helper,pending
phpmyadmin-C0211,phpmyadmin,test/classes/Server/PrivilegesTest.php,31,141,session_dependent_logic,Session-Dependent Logic,3,initial;log;pos;pred_password,relation,,,,Extract Guard;Extract Method,pending
phpmyadmin-C0212,phpmyadmin,test/classes/Server/PrivilegesTest.php,375,507,long_method_or_region,Long or Complex Region,2,,,,,,Extract Method,pending
phpmyadmin-C0213,phpmyadmin,test/classes/Server/PrivilegesTest.php,676,748,sql_data_access,SQL/Data Access Region,2,,,mysql,,,Light Data-Access Isolation;Extract Method,pending
phpmyadmin-C0214,phpmyadmin,test/classes/Server/PrivilegesTest.php,1008,1145,long_method_or_region,Long or Complex Region,2,,,,#fieldset_user_global_rights;#fieldset_user_privtable_footer;.checkall,,Extract Method,pending
phpmyadmin-C0215,phpmyadmin,test/classes/Server/PrivilegesTest.php,2492,2602,long_method_or_region,Long or Complex Region,2,,,,#select_authentication_plugin;#select_authentication_plugin_cp,,Extract Method,pending
phpmyadmin-C0216,phpmyadmin,test/classes/Server/SelectTest.php,1,146,session_dependent_logic,Session-Dependent Logic,6,log;pos,,,,,Extract Guard;Extract Method,pending
phpmyadmin-C0217,phpmyadmin,test/classes/Server/StatusTest.php,1,262,mixed_php_html,Mixed PHP/HTML,8,,,,#serverstatusconnections;#serverstatustraffic;.data;.name;.noclick;.value;.width100,,Separate PHP Logic from Markup;Extract View Helper,pending
phpmyadmin-C0218,phpmyadmin,test/classes/Server/StatusTest.php,38,144,session_dependent_logic,Session-Dependent Logic,2,,,,,,Extract Guard;Extract Method,pending
phpmyadmin-C0219,phpmyadmin,test/classes/Server/StatusTest.php,144,263,long_method_or_region,Long or Complex Region,2,,,,#serverstatusconnections;#serverstatustraffic;.data;.name;.noclick;.value;.width100,,Extract Method,pending
phpmyadmin-C0220,phpmyadmin,test/classes/Server/UserGroupsTest.php,1,264,mixed_php_html_sql,SQL in Presentation Logic,5,,relation,pmadb,#userGroupsTable;.ajax;.checkall;.deleteUserGroup,,Light Data-Access Isolation;Extract Method;Extract View Helper,pending
phpmyadmin-C0221,phpmyadmin,test/classes/Server/UserGroupsTest.php,86,169,sql_data_access,SQL/Data Access Region,1,,,pmadb,.ajax;.deleteUserGroup,,Light Data-Access Isolation;Extract Method,pending
phpmyadmin-C0222,phpmyadmin,test/classes/Server/UserGroupsTest.php,199,265,sql_data_access,SQL/Data Access Region,1,,,pmadb,.checkall,,Light Data-Access Isolation;Extract Method,pending
phpmyadmin-C0223,phpmyadmin,test/classes/Setup/ConfigGeneratorTest.php,28,77,session_dependent_logic,Session-Dependent Logic,4,,ConfigFile0;eol,,,,Extract Guard;Extract Method,pending
phpmyadmin-C0224,phpmyadmin,test/classes/Setup/IndexTest.php,1,154,mixed_php_html,Mixed PHP/HTML,10,,messages,,#0;#1;.hiddenmessage;.type,,Separate PHP Logic from Markup;Extract View Helper,pending
phpmyadmin-C0225,phpmyadmin,test/classes/Setup/IndexTest.php,35,82,session_dependent_logic,Session-Dependent Logic,3,,messages,,,,Extract Guard;Extract Method,pending
phpmyadmin-C0226,phpmyadmin,test/classes/Server/Status/AdvisorTest.php,1,174,form_handling,Request Handling Mixed With Rendering,7,log;pos,,,#advisorData;#advisorInstructionsDialog;.hide,,Extract Validation Helper;Extract Method;Extract View Helper,pending
phpmyadmin-C0227,phpmyadmin,test/classes/Server/Status/AdvisorTest.php,38,129,session_dependent_logic,Session-Dependent Logic,2,log;pos,,,,,Extract Guard;Extract Method,pending
phpmyadmin-C0228,phpmyadmin,test/classes/Server/Status/MonitorTest.php,1,416,form_handling,Request Handling Mixed With Rendering,12,database;limitTypes;query;varName,cache,,#addChartDialog;#chartVariableSettings;#explain_docu;#js_data;.hide;.popupContent;.popupLink;.settingsPopup;.tabLinks,,Extract Validation Helper;Extract Method;Extract View Helper,pending
phpmyadmin-C0229,phpmyadmin,test/classes/Server/Status/MonitorTest.php,36,120,session_dependent_logic,Session-Dependent Logic,2,,,,,,Extract Guard;Extract Method,pending
phpmyadmin-C0230,phpmyadmin,test/classes/Server/Status/MonitorTest.php,374,417,session_dependent_logic,Session-Dependent Logic,1,database;query,cache,,,,Extract Guard;Extract Method,pending
phpmyadmin-C0231,phpmyadmin,test/classes/Server/Status/ProcessesTest.php,1,263,form_handling,Request Handling Mixed With Rendering,8,column_name;full;order_by_field;sort_order,,,#tableprocesslist;#toggleRefresh;.clearfloat;.data;.noclick;.tabLinks,,Extract Validation Helper;Extract Method;Extract View Helper,pending
phpmyadmin-C0232,phpmyadmin,test/classes/Server/Status/QueriesTest.php,1,224,mixed_php_html,Mixed PHP/HTML,8,,,,#serverstatusqueries;#serverstatusquerieschart;.width100,,Separate PHP Logic from Markup;Extract View Helper,pending
phpmyadmin-C0233,phpmyadmin,test/classes/Server/Status/QueriesTest.php,39,122,session_dependent_logic,Session-Dependent Logic,2,,,,,,Extract Guard;Extract Method,pending
phpmyadmin-C0234,phpmyadmin,test/classes/Server/Status/VariablesTest.php,1,265,mixed_php_html,Mixed PHP/HTML,11,,,,#linkSuggestions;#serverstatusvariables;#tableFilter;.allfine;.data;.defaultLinks;.hide;.name;.noclick;.notice;.status_binlog_cache,,Separate PHP Logic from Markup;Extract View Helper,pending
phpmyadmin-C0235,phpmyadmin,test/classes/Server/Status/VariablesTest.php,36,145,session_dependent_logic,Session-Dependent Logic,2,,,,,,Extract Guard;Extract Method,pending
phpmyadmin-C0236,phpmyadmin,test/classes/Plugins/Auth/AuthenticationCookieTest.php,1,1330,mixed_php_html_sql,SQL in Presentation Logic,51,g-recaptcha-response;old_usr;pma_password;pma_servername;pma_username,browser_access_time;encryption_key;last_access_time,all,#imLogo;#input_go;#input_password;#input_servername;#input_username;#login_form;#sel-lang;#select_server;.autosubmit;.disableAjax;.error;.g-recaptcha;.hide;.login;.textfield,index.php;login_form,Light Data-Access Isolation;Extract Method;Extract View Helper,pending
phpmyadmin-C0237,phpmyadmin,test/classes/Plugins/Auth/AuthenticationCookieTest.php,579,624,session_dependent_logic,Session-Dependent Logic,3,old_usr;pma_username,browser_access_time,,,,Extract Guard;Extract Method,pending
phpmyadmin-C0238,phpmyadmin,test/classes/Plugins/Auth/AuthenticationCookieTest.php,1199,1331,long_method_or_region,Long or Complex Region,1,,,,,,Extract Method,pending
phpmyadmin-C0239,phpmyadmin,test/classes/Plugins/Auth/AuthenticationHttpTest.php,1,432,long_method_or_region,Long or Complex Region,17,old_usr,,,,,Extract Method,pending
phpmyadmin-C0240,phpmyadmin,test/classes/Plugins/Auth/AuthenticationHttpTest.php,278,384,long_method_or_region,Long or Complex Region,5,,,,,,Extract Method,pending
phpmyadmin-C0241,phpmyadmin,test/classes/Plugins/Auth/AuthenticationSignonTest.php,1,456,session_dependent_logic,Session-Dependent Logic,20,old_usr,LAST_SIGNON_URL;PMA_single_signon_cfgupdate;PMA_single_signon_error_message;PMA_single_signon_host;PMA_single_signon_password;PMA_single_signon_port;PMA_single_signon_token;PMA_single_signon_user,,,,Extract Guard;Extract Method,pending
phpmyadmin-C0242,phpmyadmin,test/classes/Plugins/Auth/AuthenticationSignonTest.php,156,213,session_dependent_logic,Session-Dependent Logic,2,,PMA_single_signon_cfgupdate;PMA_single_signon_host;PMA_single_signon_password;PMA_single_signon_port;PMA_single_signon_token;PMA_single_signon_user,,,,Extract Guard;Extract Method,pending
phpmyadmin-C0243,phpmyadmin,test/classes/Plugins/Export/ExportCodegenTest.php,87,192,long_method_or_region,Long or Complex Region,2,,,,,,Extract Method,pending
phpmyadmin-C0244,phpmyadmin,test/classes/Plugins/Export/ExportCsvTest.php,52,252,long_method_or_region,Long or Complex Region,2,,,,,,Extract Method,pending
phpmyadmin-C0245,phpmyadmin,test/classes/Plugins/Export/ExportCsvTest.php,252,429,long_method_or_region,Long or Complex Region,9,,,,,,Extract Method,pending
phpmyadmin-C0246,phpmyadmin,test/classes/Plugins/Export/ExportCsvTest.php,477,752,long_method_or_region,Long or Complex Region,7,,,,,,Extract Method,pending
phpmyadmin-C0247,phpmyadmin,test/classes/Plugins/Export/ExportExcelTest.php,51,204,long_method_or_region,Long or Complex Region,2,,,,,,Extract Method,pending
phpmyadmin-C0248,phpmyadmin,test/classes/Plugins/Export/ExportHtmlwordTest.php,1,910,mixed_php_html,Mixed PHP/HTML,27,,relation,,.print;.print-category;.width100,,Separate PHP Logic from Markup;Extract View Helper,pending
phpmyadmin-C0249,phpmyadmin,test/classes/Plugins/Export/ExportHtmlwordTest.php,57,213,long_method_or_region,Long or Complex Region,2,,,,,,Extract Method,pending
phpmyadmin-C0250,phpmyadmin,test/classes/Plugins/Export/ExportHtmlwordTest.php,458,730,session_dependent_logic,Session-Dependent Logic,5,,relation,,.print;.print-category;.width100,,Extract Guard;Extract Method,pending
phpmyadmin-C0251,phpmyadmin,test/classes/Plugins/Export/ExportLatexTest.php,1,989,session_dependent_logic,Session-Dependent Logic,21,,relation,,,,Extract Guard;Extract Method,pending
phpmyadmin-C0252,phpmyadmin,test/classes/Plugins/Export/ExportLatexTest.php,62,473,long_method_or_region,Long or Complex Region,3,,,,,,Extract Method,pending
phpmyadmin-C0253,phpmyadmin,test/classes/Plugins/Export/ExportLatexTest.php,550,664,long_method_or_region,Long or Complex Region,3,,,,,,Extract Method,pending
phpmyadmin-C0254,phpmyadmin,test/classes/Plugins/Export/ExportLatexTest.php,664,982,session_dependent_logic,Session-Dependent Logic,7,,relation,,,,Extract Guard;Extract Method,pending
phpmyadmin-C0255,phpmyadmin,test/classes/Plugins/Export/ExportMediawikiTest.php,57,202,long_method_or_region,Long or Complex Region,2,,,,,,Extract Method,pending
phpmyadmin-C0256,phpmyadmin,test/classes/Plugins/Export/ExportOdsTest.php,1,524,mixed_php_html,Mixed PHP/HTML,13,,,,,,Separate PHP Logic from Markup;Extract View Helper,pending
phpmyadmin-C0257,phpmyadmin,test/classes/Plugins/Export/ExportOdsTest.php,58,177,long_method_or_region,Long or Complex Region,2,,,,,,Extract Method,pending
phpmyadmin-C0258,phpmyadmin,test/classes/Plugins/Export/ExportOdsTest.php,267,394,long_method_or_region,Long or Complex Region,2,,,,,,Extract Method,pending
phpmyadmin-C0259,phpmyadmin,test/classes/Plugins/Export/ExportOdsTest.php,394,525,long_method_or_region,Long or Complex Region,1,,,,,,Extract Method,pending
phpmyadmin-C0260,phpmyadmin,test/classes/Plugins/Export/ExportOdtTest.php,1,1083,mixed_php_html,Mixed PHP/HTML,31,,relation,,,,Separate PHP Logic from Markup;Extract View Helper,pending
phpmyadmin-C0261,phpmyadmin,test/classes/Plugins/Export/ExportOdtTest.php,62,313,long_method_or_region,Long or Complex Region,3,,,,,,Extract Method,pending
phpmyadmin-C0262,phpmyadmin,test/classes/Plugins/Export/ExportOdtTest.php,507,632,long_method_or_region,Long or Complex Region,4,,,,,,Extract Method,pending
phpmyadmin-C0263,phpmyadmin,test/classes/Plugins/Export/ExportOdtTest.php,681,874,session_dependent_logic,Session-Dependent Logic,4,,relation,,,,Extract Guard;Extract Method,pending
phpmyadmin-C0264,phpmyadmin,test/classes/Plugins/Export/ExportOdtTest.php,935,1039,long_method_or_region,Long or Complex Region,9,,,,,,Extract Method,pending
phpmyadmin-C0265,phpmyadmin,test/classes/Plugins/Export/ExportPdfTest.php,57,183,long_method_or_region,Long or Complex Region,2,,,,,,Extract Method,pending
phpmyadmin-C0266,phpmyadmin,test/classes/Plugins/Export/ExportSqlTest.php,1,2017,session_dependent_logic,Session-Dependent Logic,47,,relation,CASCADE;CURRENT_TIMESTAMP;IGNORE;b;bar;db;f;information_schema,,,Extract Guard;Extract Method,pending
phpmyadmin-C0267,phpmyadmin,test/classes/Plugins/Export/ExportSqlTest.php,64,324,long_method_or_region,Long or Complex Region,2,,,,,,Extract Method,pending
phpmyadmin-C0268,phpmyadmin,test/classes/Plugins/Export/ExportSqlTest.php,690,756,sql_data_access,SQL/Data Access Region,2,,,information_schema,,,Light Data-Access Isolation;Extract Method,pending
phpmyadmin-C0269,phpmyadmin,test/classes/Plugins/Export/ExportSqlTest.php,919,1094,long_method_or_region,Long or Complex Region,6,,,,,,Extract Method,pending
phpmyadmin-C0270,phpmyadmin,test/classes/Plugins/Export/ExportSqlTest.php,1186,1254,session_dependent_logic,Session-Dependent Logic,2,,relation,,,,Extract Guard;Extract Method,pending
phpmyadmin-C0271,phpmyadmin,test/classes/Plugins/Export/ExportSqlTest.php,1254,1427,long_method_or_region,Long or Complex Region,9,,,,,,Extract Method,pending
phpmyadmin-C0272,phpmyadmin,test/classes/Plugins/Export/ExportSqlTest.php,1427,1575,sql_data_access,SQL/Data Access Region,2,,,b,,,Light Data-Access Isolation;Extract Method,pending
phpmyadmin-C0273,phpmyadmin,test/classes/Plugins/Export/ExportSqlTest.php,1575,1683,sql_data_access,SQL/Data Access Region,2,,,IGNORE;b,,,Light Data-Access Isolation;Extract Method,pending
phpmyadmin-C0274,phpmyadmin,test/classes/Plugins/Export/ExportSqlTest.php,1932,2018,sql_data_access,SQL/Data Access Region,1,,,bar;f,,,Light Data-Access Isolation;Extract Method,pending
phpmyadmin-C0275,phpmyadmin,test/classes/Plugins/Export/ExportTexytextTest.php,1,643,session_dependent_logic,Session-Dependent Logic,25,,relation,b,,,Extract Guard;Extract Method,pending
phpmyadmin-C0276,phpmyadmin,test/classes/Plugins/Export/ExportTexytextTest.php,60,174,long_method_or_region,Long or Complex Region,2,,,,,,Extract Method,pending
phpmyadmin-C0277,phpmyadmin,test/classes/Plugins/Export/ExportTexytextTest.php,361,464,session_dependent_logic,Session-Dependent Logic,3,,relation,b,,,Extract Guard;Extract Method,pending
phpmyadmin-C0278,phpmyadmin,test/classes/Plugins/Export/ExportTexytextTest.php,505,608,long_method_or_region,Long or Complex Region,9,,,,,,Extract Method,pending
phpmyadmin-C0279,phpmyadmin,test/classes/Plugins/Export/ExportXmlTest.php,1,559,mixed_php_html,Mixed PHP/HTML,13,,,,,,Separate PHP Logic from Markup;Extract View Helper,pending
phpmyadmin-C0280,phpmyadmin,test/classes/Plugins/Export/ExportXmlTest.php,63,205,long_method_or_region,Long or Complex Region,2,,,,,,Extract Method,pending
phpmyadmin-C0281,phpmyadmin,test/classes/Plugins/Export/ExportXmlTest.php,205,385,long_method_or_region,Long or Complex Region,3,,,,,,Extract Method,pending
phpmyadmin-C0282,phpmyadmin,test/classes/Plugins/Import/ImportCsvTest.php,1,189,session_dependent_logic,Session-Dependent Logic,13,,,,,,Extract Guard;Extract Method,pending
phpmyadmin-C0283,phpmyadmin,test/classes/Plugins/Import/ImportCsvTest.php,34,78,session_dependent_logic,Session-Dependent Logic,3,,,,,,Extract Guard;Extract Method,pending
phpmyadmin-C0284,phpmyadmin,test/classes/Plugins/Import/ImportOdsTest.php,1,170,sql_data_access,SQL/Data Access Region,12,ods_empty_rows;ods_recognize_currency;ods_recognize_percentages,,ODS_DB,,,Light Data-Access Isolation;Extract Method,pending
phpmyadmin-C0285,phpmyadmin,test/classes/Plugins/Import/ImportOdsTest.php,109,171,sql_data_access,SQL/Data Access Region,3,,,ODS_DB,,,Light Data-Access Isolation;Extract Method,pending
phpmyadmin-C0286,phpmyadmin,test/classes/Plugins/Import/ImportShpTest.php,1,234,sql_data_access,SQL/Data Access Region,12,,,SHP_DB,,,Light Data-Access Isolation;Extract Method,pending
phpmyadmin-C0287,phpmyadmin,test/classes/Plugins/Import/ImportShpTest.php,163,205,sql_data_access,SQL/Data Access Region,1,,,SHP_DB,,,Light Data-Access Isolation;Extract Method,pending
phpmyadmin-C0288,phpmyadmin,test/classes/Plugins/Schema/DiaRelationSchemaTest.php,1,171,session_dependent_logic,Session-Dependent Logic,7,dia_orientation;dia_paper;dia_show_color;dia_show_keys;page_number;t_db;t_h;t_tbl;t_x;t_y,relation,,,,Extract Guard;Extract Method,pending
phpmyadmin-C0289,phpmyadmin,test/classes/Plugins/Schema/DiaRelationSchemaTest.php,32,136,session_dependent_logic,Session-Dependent Logic,2,dia_orientation;dia_paper;dia_show_color;dia_show_keys;page_number;t_db;t_h;t_tbl;t_x;t_y,relation,,,,Extract Guard;Extract Method,pending
phpmyadmin-C0290,phpmyadmin,test/classes/Plugins/Schema/EpsRelationSchemaTest.php,1,192,session_dependent_logic,Session-Dependent Logic,8,eps_all_tables_same_width;eps_orientation;eps_show_color;eps_show_keys;eps_show_table_dimension;page_number;t_db;t_h;t_tbl;t_x;t_y,relation,,,,Extract Guard;Extract Method,pending
phpmyadmin-C0291,phpmyadmin,test/classes/Plugins/Schema/EpsRelationSchemaTest.php,32,137,session_dependent_logic,Session-Dependent Logic,2,eps_all_tables_same_width;eps_orientation;eps_show_color;eps_show_keys;eps_show_table_dimension;page_number;t_db;t_h;t_tbl;t_x;t_y,relation,,,,Extract Guard;Extract Method,pending
phpmyadmin-C0292,phpmyadmin,test/classes/Plugins/Schema/ExportRelationSchemaTest.php,1,190,long_method_or_region,Long or Complex Region,13,page_number,,,,,Extract Method,pending
phpmyadmin-C0293,phpmyadmin,test/classes/Plugins/Schema/PdfRelationSchemaTest.php,1,230,session_dependent_logic,Session-Dependent Logic,8,page_number;pdf_all_tables_same_width;pdf_orientation;pdf_paper;pdf_show_color;pdf_show_grid;pdf_show_keys;pdf_show_table_dimension;pdf_table_order;t_db;t_h;t_tbl;t_x;t_y,relation,,,,Extract Guard;Extract Method,pending
phpmyadmin-C0294,phpmyadmin,test/classes/Plugins/Schema/PdfRelationSchemaTest.php,32,183,session_dependent_logic,Session-Dependent Logic,3,page_number;pdf_all_tables_same_width;pdf_orientation;pdf_paper;pdf_show_color;pdf_show_grid;pdf_show_keys;pdf_show_table_dimension;pdf_table_order;t_db;t_h;t_tbl;t_x;t_y,relation,,,,Extract Guard;Extract Method,pending
phpmyadmin-C0295,phpmyadmin,test/classes/Plugins/Schema/SvgRelationSchemaTest.php,1,171,session_dependent_logic,Session-Dependent Logic,7,page_number;svg_all_tables_same_width;svg_show_color;svg_show_keys;svg_show_table_dimension;t_db;t_h;t_tbl;t_x;t_y,relation,,,,Extract Guard;Extract Method,pending
phpmyadmin-C0296,phpmyadmin,test/classes/Plugins/Schema/SvgRelationSchemaTest.php,32,136,session_dependent_logic,Session-Dependent Logic,2,page_number;svg_all_tables_same_width;svg_show_color;svg_show_keys;svg_show_table_dimension;t_db;t_h;t_tbl;t_x;t_y,relation,,,,Extract Guard;Extract Method,pending
phpmyadmin-C0297,phpmyadmin,test/classes/Plugins/Transformations/TransformationPluginsTest.php,1,1016,mixed_php_html,Mixed PHP/HTML,46,,,,.disableAjax;.image-upload;.sql,,Separate PHP Logic from Markup;Extract View Helper,pending
phpmyadmin-C0298,phpmyadmin,test/classes/Plugins/Transformations/TransformationPluginsTest.php,75,673,long_method_or_region,Long or Complex Region,32,,,,.image-upload,,Extract Method,pending
phpmyadmin-C0299,phpmyadmin,test/classes/Plugins/Transformations/TransformationPluginsTest.php,689,991,long_method_or_region,Long or Complex Region,5,,,,.disableAjax;.sql,,Extract Method,pending
phpmyadmin-C0300,phpmyadmin,test/classes/Navigation/Nodes/NodeDatabaseChildTest.php,1,87,mixed_php_html,Mixed PHP/HTML,4,,relation,,.ajax;.hideNavItem;.navItemControls,,Separate PHP Logic from Markup;Extract View Helper,pending
phpmyadmin-C0301,phpmyadmin,test/classes/Database/Designer/CommonTest.php,1,280,session_dependent_logic,Session-Dependent Logic,12,,,pmadb,,,Extract Guard;Extract Method,pending
phpmyadmin-C0302,phpmyadmin,test/classes/Controllers/Database/DatabaseStructureControllerTest.php,1,433,session_dependent_logic,Session-Dependent Logic,13,log;pos;real_row_count_all;table,tmpval,,,,Extract Guard;Extract Method,pending
phpmyadmin-C0303,phpmyadmin,test/classes/Controllers/Database/DatabaseStructureControllerTest.php,38,89,session_dependent_logic,Session-Dependent Logic,3,log;pos,,,,,Extract Guard;Extract Method,pending
phpmyadmin-C0304,phpmyadmin,test/classes/Controllers/Server/ServerBinlogControllerTest.php,1,294,form_handling,Request Handling Mixed With Rendering,7,log;pos,,,#binlogTable,,Extract Validation Helper;Extract Method;Extract View Helper,pending
phpmyadmin-C0305,phpmyadmin,test/classes/Controllers/Server/ServerBinlogControllerTest.php,30,78,session_dependent_logic,Session-Dependent Logic,2,log;pos,,,,,Extract Guard;Extract Method,pending
phpmyadmin-C0306,phpmyadmin,test/classes/Controllers/Server/ServerBinlogControllerTest.php,119,234,long_method_or_region,Long or Complex Region,2,,,,#binlogTable,,Extract Method,pending
phpmyadmin-C0307,phpmyadmin,test/classes/Controllers/Server/ServerCollationsControllerTest.php,1,136,form_handling,Request Handling Mixed With Rendering,5,log;pos,,,#div_mysql_charset_collations,,Extract Validation Helper;Extract Method;Extract View Helper,pending
phpmyadmin-C0308,phpmyadmin,test/classes/Controllers/Server/ServerDatabasesControllerTest.php,1,320,form_handling,Request Handling Mixed With Rendering,7,log;pos;sort_by;sort_order,,,#filter-rows-count;#tabledatabases;#tableslistcontainer;.ajax;.data,server_databases.php,Extract Validation Helper;Extract Method;Extract View Helper,pending
phpmyadmin-C0309,phpmyadmin,test/classes/Controllers/Server/ServerDatabasesControllerTest.php,64,186,long_method_or_region,Long or Complex Region,2,,,,#filter-rows-count;#tabledatabases;#tableslistcontainer;.ajax;.data,server_databases.php,Extract Method,pending
phpmyadmin-C0310,phpmyadmin,test/classes/Controllers/Server/ServerVariablesControllerTest.php,1,327,form_handling,Request Handling Mixed With Rendering,8,filter;log;pos,,,#serverVariables;.data;.filteredData;.width100,,Extract Validation Helper;Extract Method;Extract View Helper,pending
phpmyadmin-C0311,phpmyadmin,test/classes/Controllers/Server/ServerVariablesControllerTest.php,36,105,session_dependent_logic,Session-Dependent Logic,2,log;pos,,,,,Extract Guard;Extract Method,pending
phpmyadmin-C0312,phpmyadmin,test/classes/Controllers/Table/TableIndexesControllerTest.php,1,228,session_dependent_logic,Session-Dependent Logic,7,added_fields;create_index;preview_sql,,,,,Extract Guard;Extract Method,pending
phpmyadmin-C0313,phpmyadmin,test/classes/Controllers/Table/TableIndexesControllerTest.php,33,84,session_dependent_logic,Session-Dependent Logic,2,,,,,,Extract Guard;Extract Method,pending
phpmyadmin-C0314,phpmyadmin,test/classes/Controllers/Table/TableRelationControllerTest.php,1,289,session_dependent_logic,Session-Dependent Logic,16,foreign;foreignDb;foreignTable,,,,,Extract Guard;Extract Method,pending
phpmyadmin-C0315,phpmyadmin,test/classes/Controllers/Table/TableRelationControllerTest.php,31,88,session_dependent_logic,Session-Dependent Logic,4,foreignDb;foreignTable,,,,,Extract Guard;Extract Method,pending
phpmyadmin-C0316,phpmyadmin,test/classes/Controllers/Table/TableSearchControllerTest.php,1,399,sql_data_access,SQL/Data Access Region,12,criteriaColumnCollations;criteriaColumnNames;criteriaColumnOperators;criteriaColumnTypes;criteriaValues;customWhereClause;db;distinct;order;orderByColumn;table;where_clause;zoom_submit,,PMA;PMA_BookMark,,,Light Data-Access Isolation;Extract Method,pending
phpmyadmin-C0317,phpmyadmin,test/classes/Controllers/Table/TableSearchControllerTest.php,154,257,sql_data_access,SQL/Data Access Region,2,criteriaColumnCollations;criteriaColumnNames;criteriaColumnOperators;criteriaColumnTypes;criteriaValues;customWhereClause;distinct;order;orderByColumn;table;zoom_submit,,PMA,,,Light Data-Access Isolation;Extract Method,pending
phpmyadmin-C0318,phpmyadmin,test/classes/Controllers/Table/TableStructureControllerTest.php,231,335,long_method_or_region,Long or Complex Region,1,,,,,,Extract Method,pending
phpmyadmin-C0319,phpmyadmin,setup/frames/config.inc.php,1,39,form_handling,Request Handling Mixed With Rendering,3,eol,,,#textconfig;.green;.lastrow,,Extract Validation Helper;Extract Method;Extract View Helper,pending
phpmyadmin-C0320,phpmyadmin,setup/frames/index.inc.php,1,270,form_handling,Request Handling Mixed With Rendering,23,version_check, PMA_token ;eol,,#footer;#lang;#select_lang;#show_hidden_messages;.autosubmit;.datatable;.delete-server;.form;.hide;.lastrow;.left;.nowrap;.red;.simple,,Extract Validation Helper;Extract Method;Extract View Helper,pending
phpmyadmin-C0321,phpmyadmin,setup/frames/menu.inc.php,1,33,form_handling,Request Handling Mixed With Rendering,8,formset,,,.active,,Extract Validation Helper;Extract Method;Extract View Helper,pending
phpmyadmin-C0322,phpmyadmin,setup/lib/ConfigGenerator.php,1,182,session_dependent_logic,Session-Dependent Logic,23,,eol,,,,Extract Guard;Extract Method,pending
phpmyadmin-C0323,phpmyadmin,setup/lib/ConfigGenerator.php,26,80,session_dependent_logic,Session-Dependent Logic,9,,eol,,,,Extract Guard;Extract Method,pending
phpmyadmin-C0324,phpmyadmin,setup/lib/FormProcessing.php,1,79,form_handling,Request Handling Mixed With Rendering,30,formset;id;mode;page,,,.btn;.error,,Extract Validation Helper;Extract Method;Extract View Helper,pending
phpmyadmin-C0325,phpmyadmin,setup/lib/FormProcessing.php,29,80,form_handling,Request Handling Mixed With Rendering,29,formset;id;mode;page,,,.btn;.error,,Extract Validation Helper;Extract Method;Extract View Helper,pending
phpmyadmin-C0326,phpmyadmin,setup/lib/Index.php,1,191,mixed_php_html,Mixed PHP/HTML,19,,messages,,,,Separate PHP Logic from Markup;Extract View Helper,pending
phpmyadmin-C0327,phpmyadmin,libraries/classes/Advisor.php,1,648,mixed_php_html,Mixed PHP/HTML,49,,,,,,Separate PHP Logic from Markup;Extract View Helper,pending
phpmyadmin-C0328,phpmyadmin,libraries/classes/Advisor.php,259,335,long_method_or_region,Long or Complex Region,11,,,,,,Extract Method,pending
phpmyadmin-C0329,phpmyadmin,libraries/classes/Advisor.php,485,595,long_method_or_region,Long or Complex Region,14,,,,,,Extract Method,pending
phpmyadmin-C0330,phpmyadmin,libraries/classes/Bookmark.php,1,376,sql_data_access,SQL/Data Access Region,25,,,the,"# . $this->_id;
        return $this->dbi->tryQuery($query, DatabaseInterface::CONNECT_CONTROL);
    }

    /**
     * Returns the number of variables in a bookmark
     *
     * @return number number of variables
     */
    public function getVariableCount()
    {
        $matches = array();
        preg_match_all(",,Light Data-Access Isolation;Extract Method,pending
phpmyadmin-C0331,phpmyadmin,libraries/classes/Bookmark.php,278,335,sql_data_access,SQL/Data Access Region,5,,,,,,Light Data-Access Isolation;Extract Method,pending
phpmyadmin-C0332,phpmyadmin,libraries/classes/Bookmark.php,335,377,sql_data_access,SQL/Data Access Region,5,,,,,,Light Data-Access Isolation;Extract Method,pending
phpmyadmin-C0333,phpmyadmin,libraries/classes/BrowseForeigners.php,1,346,form_handling,Request Handling Mixed With Rendering,23,foreign_filter;pos;rownumber,,,#browse_foreign_form;#browse_foreign_table;#input_foreign_filter;.ajax;.formelement;.noclick,browse_foreign_from;browse_foreigners.php,Extract Validation Helper;Extract Method;Extract View Helper,pending
phpmyadmin-C0334,phpmyadmin,libraries/classes/BrowseForeigners.php,160,274,long_method_or_region,Long or Complex Region,9,foreign_filter;rownumber,,,#browse_foreign_form;#browse_foreign_table;#input_foreign_filter;.ajax;.formelement,browse_foreign_from;browse_foreigners.php,Extract Method,pending
phpmyadmin-C0335,phpmyadmin,libraries/classes/CentralColumns.php,1,1453,mixed_php_html_sql,SQL in Presentation Logic,140,col_extra;db;field_attribute;field_collation;field_default_type;field_default_value;field_length;field_name;field_null;field_type;orig_col_name;table,,CURRENT_TIMESTAMP;Multiple;a;above;central;for;given;starting,#add_col_div;#add_column_save;#add_new;#checkbox_row_;#edit_;#f_;#multi_edit_central_columns;#save_;#table-select;.center;.checkall;.column_action;.del_row;.edit;.edit_cancel_form;.edit_save_form;.hide;.new_central_col;.nowrap;.responsivetable,db_central_columns.php,Light Data-Access Isolation;Extract Method;Extract View Helper,pending
phpmyadmin-C0336,phpmyadmin,libraries/classes/CentralColumns.php,245,293,sql_data_access,SQL/Data Access Region,11,,,given,,,Light Data-Access Isolation;Extract Method,pending
phpmyadmin-C0337,phpmyadmin,libraries/classes/CentralColumns.php,293,401,long_method_or_region,Long or Complex Region,21,db;table,,,,,Extract Method,pending
phpmyadmin-C0338,phpmyadmin,libraries/classes/CentralColumns.php,401,486,sql_data_access,SQL/Data Access Region,13,db,,,,,Light Data-Access Isolation;Extract Method,pending
phpmyadmin-C0339,phpmyadmin,libraries/classes/CentralColumns.php,486,559,long_method_or_region,Long or Complex Region,13,,,,,,Extract Method,pending
phpmyadmin-C0340,phpmyadmin,libraries/classes/CentralColumns.php,559,601,sql_data_access,SQL/Data Access Region,6,,,a,,,Light Data-Access Isolation;Extract Method,pending
phpmyadmin-C0341,phpmyadmin,libraries/classes/CentralColumns.php,866,1040,long_method_or_region,Long or Complex Region,9,,,,#checkbox_row_;#edit_;#f_;#save_;.center;.checkall;.del_row;.edit;.edit_cancel_form;.edit_save_form;.hide;.nowrap,,Extract Method,pending
phpmyadmin-C0342,phpmyadmin,libraries/classes/CentralColumns.php,1040,1179,long_method_or_region,Long or Complex Region,5,,,,.nowrap,,Extract Method,pending
phpmyadmin-C0343,phpmyadmin,libraries/classes/CentralColumns.php,1179,1222,sql_data_access,SQL/Data Access Region,7,,,,,,Light Data-Access Isolation;Extract Method,pending
phpmyadmin-C0344,phpmyadmin,libraries/classes/CentralColumns.php,1301,1424,long_method_or_region,Long or Complex Region,5,,,,#add_col_div;#add_column_save;#add_new;.new_central_col;.nowrap;.responsivetable;.topmargin,db_central_columns.php,Extract Method,pending
phpmyadmin-C0345,phpmyadmin,libraries/classes/Charsets.php,1,700,sql_data_access,SQL/Data Access Region,165,,,information_schema;the,.autosubmit,,Light Data-Access Isolation;Extract Method,pending
phpmyadmin-C0346,phpmyadmin,libraries/classes/Charsets.php,277,331,long_method_or_region,Long or Complex Region,10,,,,.autosubmit,,Extract Method,pending
phpmyadmin-C0347,phpmyadmin,libraries/classes/Charsets.php,331,701,long_method_or_region,Long or Complex Region,138,,,,,,Extract Method,pending
phpmyadmin-C0348,phpmyadmin,libraries/classes/CheckUserPrivileges.php,97,172,long_method_or_region,Long or Complex Region,15,,,,,,Extract Method,pending
phpmyadmin-C0349,phpmyadmin,libraries/classes/CheckUserPrivileges.php,172,339,long_method_or_region,Long or Complex Region,23,,,,,,Extract Method,pending
phpmyadmin-C0350,phpmyadmin,libraries/classes/Config.php,1,1844,mixed_php_html_sql,SQL in Presentation Logic,245,lang;server;set_theme,cache;git_location;is_git_revision,CIFS;Github;Moodle;any;config;current;default;javascript;queue;settings,#form_fontsize_selection;#select_fontsize;.autosubmit;.disableAjax,form_fontsize_selection;index.php,Light Data-Access Isolation;Extract Method;Extract View Helper,pending
phpmyadmin-C0351,phpmyadmin,libraries/classes/Config.php,186,290,long_method_or_region,Long or Complex Region,14,,,,,,Extract Method,pending
phpmyadmin-C0352,phpmyadmin,libraries/classes/Config.php,364,427,session_dependent_logic,Session-Dependent Logic,11,,git_location;is_git_revision,,,,Extract Guard;Extract Method,pending
phpmyadmin-C0353,phpmyadmin,libraries/classes/Config.php,427,764,session_dependent_logic,Session-Dependent Logic,64,,,,,,Extract Guard;Extract Method,pending
phpmyadmin-C0354,phpmyadmin,libraries/classes/Config.php,911,1030,session_dependent_logic,Session-Dependent Logic,15,lang;set_theme,cache,,,,Extract Guard;Extract Method,pending
phpmyadmin-C0355,phpmyadmin,libraries/classes/Config.php,1308,1347,long_method_or_region,Long or Complex Region,10,,,,,,Extract Method,pending
phpmyadmin-C0356,phpmyadmin,libraries/classes/Config.php,1429,1489,long_method_or_region,Long or Complex Region,10,,,,,,Extract Method,pending
phpmyadmin-C0357,phpmyadmin,libraries/classes/Config.php,1565,1623,long_method_or_region,Long or Complex Region,11,,,,,,Extract Method,pending
phpmyadmin-C0358,phpmyadmin,libraries/classes/Core.php,1,1320,form_handling,Request Handling Mixed With Rendering,171,GLOBALS;ajax_request;db;doit;sql_query, HMAC_secret ,,.preview_sql,,Extract Validation Helper;Extract Method;Extract View Helper,pending
phpmyadmin-C0359,phpmyadmin,libraries/classes/Core.php,163,251,long_method_or_region,Long or Complex Region,20,,,,,,Extract Method,pending
phpmyadmin-C0360,phpmyadmin,libraries/classes/Core.php,445,493,long_method_or_region,Long or Complex Region,12,,,,,,Extract Method,pending
phpmyadmin-C0361,phpmyadmin,libraries/classes/Core.php,921,967,long_method_or_region,Long or Complex Region,13,,,,,,Extract Method,pending
phpmyadmin-C0362,phpmyadmin,libraries/classes/Core.php,1093,1177,long_method_or_region,Long or Complex Region,17,,,,,,Extract Method,pending
phpmyadmin-C0363,phpmyadmin,libraries/classes/Core.php,1205,1253,long_method_or_region,Long or Complex Region,11,,,,,,Extract Method,pending
phpmyadmin-C0364,phpmyadmin,libraries/classes/CreateAddField.php,1,556,long_method_or_region,Long or Complex Region,78,added_fields;after_field;comment;connection;field_attribute;field_collation;field_comments;field_default_type;field_default_value;field_expression;field_extra;field_length;field_name;field_null;field_type;field_virtuality;field_where;fulltext_indexes;indexes;num_fields;orig_num_fields;partition_by;partition_count;partition_expr;partitions;preview_sql;primary_indexes;spatial_indexes;submit_num_fields;subpartition_by;subpartition_count;subpartition_expr;tbl_collation;tbl_storage_engine;unique_indexes,,,,,Extract Method,pending
phpmyadmin-C0365,phpmyadmin,libraries/classes/CreateAddField.php,73,131,long_method_or_region,Long or Complex Region,14,field_attribute;field_collation;field_comments;field_default_type;field_default_value;field_expression;field_extra;field_length;field_name;field_null;field_type;field_virtuality,,,,,Extract Method,pending
phpmyadmin-C0366,phpmyadmin,libraries/classes/CreateAddField.php,131,175,long_method_or_region,Long or Complex Region,10,after_field;field_name;field_where,,,,,Extract Method,pending
phpmyadmin-C0367,phpmyadmin,libraries/classes/CreateAddField.php,175,243,long_method_or_region,Long or Complex Region,13,field_name,,,,,Extract Method,pending
phpmyadmin-C0368,phpmyadmin,libraries/classes/CreateAddField.php,402,464,long_method_or_region,Long or Complex Region,14,,,,,,Extract Method,pending
phpmyadmin-C0369,phpmyadmin,libraries/classes/DatabaseInterface.php,1,3095,mixed_php_html_sql,SQL in Presentation Logic,358,,debug;mysqlwarning,CHARACTER_MAXIMUM_LENGTH;COLUMN_TYPE;INFORMATION_SCHEMA;ListDatabase;Table;a;another;cache;information_schema;multi;multi_query;mysql;result;session;show;table;the;user,.disableAjax,,Light Data-Access Isolation;Extract Method;Extract View Helper,pending
phpmyadmin-C0370,phpmyadmin,libraries/classes/DatabaseInterface.php,487,548,sql_data_access,SQL/Data Access Region,4,,,Table;information_schema,,,Light Data-Access Isolation;Extract Method,pending
phpmyadmin-C0371,phpmyadmin,libraries/classes/DatabaseInterface.php,548,824,long_method_or_region,Long or Complex Region,46,,,,,,Extract Method,pending
phpmyadmin-C0372,phpmyadmin,libraries/classes/DatabaseInterface.php,860,1040,sql_data_access,SQL/Data Access Region,20,,,information_schema,,,Light Data-Access Isolation;Extract Method,pending
phpmyadmin-C0373,phpmyadmin,libraries/classes/DatabaseInterface.php,1115,1262,sql_data_access,SQL/Data Access Region,16,,,CHARACTER_MAXIMUM_LENGTH;COLUMN_TYPE;information_schema,,,Light Data-Access Isolation;Extract Method,pending
phpmyadmin-C0374,phpmyadmin,libraries/classes/DatabaseInterface.php,1284,1328,long_method_or_region,Long or Complex Region,10,,,,,,Extract Method,pending
phpmyadmin-C0375,phpmyadmin,libraries/classes/DatabaseInterface.php,1448,1534,long_method_or_region,Long or Complex Region,16,,,,,,Extract Method,pending
phpmyadmin-C0376,phpmyadmin,libraries/classes/DatabaseInterface.php,1567,1613,sql_data_access,SQL/Data Access Region,9,,,result;the;user,,,Light Data-Access Isolation;Extract Method,pending
phpmyadmin-C0377,phpmyadmin,libraries/classes/DatabaseInterface.php,1633,1672,sql_data_access,SQL/Data Access Region,5,,,result;the;user,,,Light Data-Access Isolation;Extract Method,pending
phpmyadmin-C0378,phpmyadmin,libraries/classes/DatabaseInterface.php,1715,1777,sql_data_access,SQL/Data Access Region,4,,,user,,,Light Data-Access Isolation;Extract Method,pending
phpmyadmin-C0379,phpmyadmin,libraries/classes/DatabaseInterface.php,1797,1839,long_method_or_region,Long or Complex Region,10,,,,,,Extract Method,pending
phpmyadmin-C0380,phpmyadmin,libraries/classes/DatabaseInterface.php,1926,2014,long_method_or_region,Long or Complex Region,15,,,,,,Extract Method,pending
phpmyadmin-C0381,phpmyadmin,libraries/classes/DatabaseInterface.php,2078,2157,sql_data_access,SQL/Data Access Region,8,,,another;information_schema,,,Light Data-Access Isolation;Extract Method,pending
phpmyadmin-C0382,phpmyadmin,libraries/classes/DatabaseInterface.php,2241,2329,sql_data_access,SQL/Data Access Region,17,,,INFORMATION_SCHEMA;mysql,,,Light Data-Access Isolation;Extract Method,pending
phpmyadmin-C0383,phpmyadmin,libraries/classes/DatabaseInterface.php,2399,2488,long_method_or_region,Long or Complex Region,19,,,,,,Extract Method,pending
phpmyadmin-C0384,phpmyadmin,libraries/classes/DatabaseInterface.php,2488,2548,long_method_or_region,Long or Complex Region,12,,,,,,Extract Method,pending
phpmyadmin-C0385,phpmyadmin,libraries/classes/DatabaseInterface.php,3022,3096,session_dependent_logic,Session-Dependent Logic,12,,mysqlwarning,,,,Extract Guard;Extract Method,pending
phpmyadmin-C0386,phpmyadmin,libraries/classes/Error.php,1,513,mixed_php_html,Mixed PHP/HTML,35,,,,,,Separate PHP Logic from Markup;Extract View Helper,pending
phpmyadmin-C0387,phpmyadmin,libraries/classes/ErrorHandler.php,1,585,mixed_php_html,Mixed PHP/HTML,62,,errors;prev_errors,,#always_send_checkbox;#pma_ignore_all_errors_bottom;#pma_ignore_errors_bottom;#pma_report_errors;#pma_report_errors_form;.floatright;.hide,error_report.php,Separate PHP Logic from Markup;Extract View Helper,pending
phpmyadmin-C0388,phpmyadmin,libraries/classes/ErrorHandler.php,192,245,long_method_or_region,Long or Complex Region,16,,,,,,Extract Method,pending
phpmyadmin-C0389,phpmyadmin,libraries/classes/ErrorHandler.php,329,388,long_method_or_region,Long or Complex Region,11,,,,#always_send_checkbox;#pma_ignore_all_errors_bottom;#pma_ignore_errors_bottom;#pma_report_errors;#pma_report_errors_form;.floatright;.hide,error_report.php,Extract Method,pending
phpmyadmin-C0390,phpmyadmin,libraries/classes/ErrorReport.php,1,271,session_dependent_logic,Session-Dependent Logic,25,description;exception;microhistory;url,prev_errors,,,,Extract Guard;Extract Method,pending
phpmyadmin-C0391,phpmyadmin,libraries/classes/ErrorReport.php,73,171,session_dependent_logic,Session-Dependent Logic,15,description;exception;microhistory;url,prev_errors,,,,Extract Guard;Extract Method,pending
phpmyadmin-C0392,phpmyadmin,libraries/classes/Export.php,1,1101,mixed_php_html_sql,SQL in Presentation Logic,173,db;onserver_overwrite;quick_export_onserver_overwrite;structure_or_data_forced;table_data;table_structure,pma_export_error,an;either;information_schema;that,#export_back_button;#export_refresh_form;#textSQLDUMP;.disableAjax,export.php;nofunction,Light Data-Access Isolation;Extract Method;Extract View Helper,pending
phpmyadmin-C0393,phpmyadmin,libraries/classes/Export.php,90,197,long_method_or_region,Long or Complex Region,21,,,,,,Extract Method,pending
phpmyadmin-C0394,phpmyadmin,libraries/classes/Export.php,266,335,long_method_or_region,Long or Complex Region,11,,,,,,Extract Method,pending
phpmyadmin-C0395,phpmyadmin,libraries/classes/Export.php,472,552,sql_data_access,SQL/Data Access Region,13,structure_or_data_forced;table_data;table_structure,,an,#export_back_button;#export_refresh_form;#textSQLDUMP;.disableAjax,export.php;nofunction,Light Data-Access Isolation;Extract Method,pending
phpmyadmin-C0396,phpmyadmin,libraries/classes/Export.php,552,601,long_method_or_region,Long or Complex Region,11,,,,,,Extract Method,pending
phpmyadmin-C0397,phpmyadmin,libraries/classes/Export.php,601,810,sql_data_access,SQL/Data Access Region,43,,,information_schema,,,Light Data-Access Isolation;Extract Method,pending
phpmyadmin-C0398,phpmyadmin,libraries/classes/Export.php,810,926,sql_data_access,SQL/Data Access Region,23,,,,,,Light Data-Access Isolation;Extract Method,pending
phpmyadmin-C0399,phpmyadmin,libraries/classes/Export.php,952,1005,long_method_or_region,Long or Complex Region,16,,,,,,Extract Method,pending
phpmyadmin-C0400,phpmyadmin,libraries/classes/File.php,1,816,long_method_or_region,Long or Complex Region,67,fields_uploadlocal,,,,,Extract Method,pending
phpmyadmin-C0401,phpmyadmin,libraries/classes/File.php,272,354,long_method_or_region,Long or Complex Region,11,,,,,,Extract Method,pending
phpmyadmin-C0402,phpmyadmin,libraries/classes/File.php,622,672,long_method_or_region,Long or Complex Region,10,,,,,,Extract Method,pending
phpmyadmin-C0403,phpmyadmin,libraries/classes/Font.php,89,143,long_method_or_region,Long or Complex Region,13,,,,,,Extract Method,pending
phpmyadmin-C0404,phpmyadmin,libraries/classes/Footer.php,1,371,form_handling,Request Handling Mixed With Rendering,30,checkprivsdb;checkprivstable;no_debug;no_history;single_table;target;viewing_mode,debug,,#pma_demo;#pma_errors;#selflink;.clearfloat;.print_ignore,,Extract Validation Helper;Extract Method;Extract View Helper,pending
phpmyadmin-C0405,phpmyadmin,libraries/classes/Header.php,1,819,form_handling,Request Handling Mixed With Rendering,70,message;recent_table, PMA_token ;tmpval;userprefs_autoload,,#cfs-style;#goto_pagetop;#lock_page_icon;#no_hint;#page_content;#page_nav_icons;#page_settings_icon;#printcss;.hide,,Extract Validation Helper;Extract Method;Extract View Helper,pending
phpmyadmin-C0406,phpmyadmin,libraries/classes/Header.php,223,280,session_dependent_logic,Session-Dependent Logic,7,, PMA_token ;tmpval,,,,Extract Guard;Extract Method,pending
phpmyadmin-C0407,phpmyadmin,libraries/classes/Header.php,399,493,long_method_or_region,Long or Complex Region,14,recent_table,,,#goto_pagetop;#lock_page_icon;#no_hint;#page_content;#page_nav_icons;#page_settings_icon;.hide,,Extract Method,pending
phpmyadmin-C0408,phpmyadmin,libraries/classes/Header.php,520,631,long_method_or_region,Long or Complex Region,5,,,,,,Extract Method,pending
phpmyadmin-C0409,phpmyadmin,libraries/classes/Header.php,666,711,long_method_or_region,Long or Complex Region,11,,,,#printcss,,Extract Method,pending
phpmyadmin-C0410,phpmyadmin,libraries/classes/Import.php,1,1700,mixed_php_html_sql,SQL in Presentation Logic,217,rollback_query;sql_delimiter,Import_message,SELECT;a;and;back;buffer;existing;go_sql;information_schema;int;parser;query;the;varchar,,,Light Data-Access Isolation;Extract Method;Extract View Helper,pending
phpmyadmin-C0411,phpmyadmin,libraries/classes/Import.php,89,177,sql_data_access,SQL/Data Access Region,13,,,,,,Light Data-Access Isolation;Extract Method,pending
phpmyadmin-C0412,phpmyadmin,libraries/classes/Import.php,177,303,sql_data_access,SQL/Data Access Region,26,rollback_query,,buffer;go_sql,,,Light Data-Access Isolation;Extract Method,pending
phpmyadmin-C0413,phpmyadmin,libraries/classes/Import.php,350,443,long_method_or_region,Long or Complex Region,15,,,,,,Extract Method,pending
phpmyadmin-C0414,phpmyadmin,libraries/classes/Import.php,588,787,long_method_or_region,Long or Complex Region,33,,,,,,Extract Method,pending
phpmyadmin-C0415,phpmyadmin,libraries/classes/Import.php,787,836,long_method_or_region,Long or Complex Region,11,,,,,,Extract Method,pending
phpmyadmin-C0416,phpmyadmin,libraries/classes/Import.php,836,938,long_method_or_region,Long or Complex Region,20,,,,,,Extract Method,pending
phpmyadmin-C0417,phpmyadmin,libraries/classes/Import.php,938,1317,sql_data_access,SQL/Data Access Region,44,,,existing,,,Light Data-Access Isolation;Extract Method,pending
phpmyadmin-C0418,phpmyadmin,libraries/classes/Import.php,1345,1412,long_method_or_region,Long or Complex Region,10,sql_delimiter,,,,,Extract Method,pending
phpmyadmin-C0419,phpmyadmin,libraries/classes/Import.php,1447,1507,sql_data_access,SQL/Data Access Region,7,,,SELECT;parser,,,Light Data-Access Isolation;Extract Method,pending
phpmyadmin-C0420,phpmyadmin,libraries/classes/Import.php,1507,1552,sql_data_access,SQL/Data Access Region,4,,,,,,Light Data-Access Isolation;Extract Method,pending
phpmyadmin-C0421,phpmyadmin,libraries/classes/Import.php,1654,1701,sql_data_access,SQL/Data Access Region,5,,,information_schema,,,Light Data-Access Isolation;Extract Method,pending
phpmyadmin-C0422,phpmyadmin,libraries/classes/Index.php,1,905,mixed_php_html_sql,SQL in Presentation Logic,97,,,SHOW;form;stack;the,#index_div;#index_header;#select_index_choice;#table_index;.add_index;.ajax;.drop_primary_key_index_msg;.edit_index;.index_info;.jsresponsive;.no_indexes_defined$no_indexes_class;.noclick;.print_ignore;.responsivetable;.row_span;.tblFooters;.width100,tbl_indexes.php,Light Data-Access Isolation;Extract Method;Extract View Helper,pending
phpmyadmin-C0423,phpmyadmin,libraries/classes/Index.php,330,389,long_method_or_region,Long or Complex Region,17,,,,,,Extract Method,pending
phpmyadmin-C0424,phpmyadmin,libraries/classes/Index.php,684,840,long_method_or_region,Long or Complex Region,19,,,,#index_header;#table_index;.drop_primary_key_index_msg;.edit_index;.index_info;.jsresponsive;.no_indexes_defined$no_indexes_class;.noclick;.print_ignore;.responsivetable;.row_span,,Extract Method,pending
phpmyadmin-C0425,phpmyadmin,libraries/classes/InsertEdit.php,1,3480,mixed_php_html_sql,SQL in Presentation Logic,358,ShowFieldTypesInDataEditView;ShowFunctionFields;after_insert;clause_is_unique;default_action;err_url;fields;insert_rows;sql_query;submit_type;where_clause,edit_next;tmpval,PHP;a;buildSqlQuery;foreign;in;it;mode;privileges;text;the;using;value;where,#actions_panel;#buttonYes;#field_;#gis_editor;#insertForm;#insert_ignore_;#popup_background;.ajax;.browse_foreign;.center;.checkbox_null;.clearfloat;.column_type;.control_at_footer;.default_value;.hashed_field;.hide;.insertRowTable;.lock-page;.multi_edit,insertForm;tbl_replace.php,Light Data-Access Isolation;Extract Method;Extract View Helper,pending
phpmyadmin-C0426,phpmyadmin,libraries/classes/InsertEdit.php,117,164,sql_data_access,SQL/Data Access Region,4,,,,,,Light Data-Access Isolation;Extract Method,pending
phpmyadmin-C0427,phpmyadmin,libraries/classes/InsertEdit.php,571,640,long_method_or_region,Long or Complex Region,11,,,,,,Extract Method,pending
phpmyadmin-C0428,phpmyadmin,libraries/classes/InsertEdit.php,640,823,long_method_or_region,Long or Complex Region,15,,,,,,Extract Method,pending
phpmyadmin-C0429,phpmyadmin,libraries/classes/InsertEdit.php,1311,1424,long_method_or_region,Long or Complex Region,8,,,,#field_;.noDragDrop;.textfield,,Extract Method,pending
phpmyadmin-C0430,phpmyadmin,libraries/classes/InsertEdit.php,1424,1490,long_method_or_region,Long or Complex Region,11,,,,#field_,,Extract Method,pending
phpmyadmin-C0431,phpmyadmin,libraries/classes/InsertEdit.php,1672,1702,long_method_or_region,Long or Complex Region,10,,,,,,Extract Method,pending
phpmyadmin-C0432,phpmyadmin,libraries/classes/InsertEdit.php,1830,1881,long_method_or_region,Long or Complex Region,16,,,,.control_at_footer,,Extract Method,pending
phpmyadmin-C0433,phpmyadmin,libraries/classes/InsertEdit.php,1953,2055,long_method_or_region,Long or Complex Region,14,default_action,,,,,Extract Method,pending
phpmyadmin-C0434,phpmyadmin,libraries/classes/InsertEdit.php,2278,2345,long_method_or_region,Long or Complex Region,11,submit_type,,,,,Extract Method,pending
phpmyadmin-C0435,phpmyadmin,libraries/classes/InsertEdit.php,2366,2413,sql_data_access,SQL/Data Access Region,6,,,the,,,Light Data-Access Isolation;Extract Method,pending
phpmyadmin-C0436,phpmyadmin,libraries/classes/InsertEdit.php,2413,2470,session_dependent_logic,Session-Dependent Logic,6,,tmpval,,,,Extract Guard;Extract Method,pending
phpmyadmin-C0437,phpmyadmin,libraries/classes/InsertEdit.php,2596,2673,long_method_or_region,Long or Complex Region,10,,,,,,Extract Method,pending
phpmyadmin-C0438,phpmyadmin,libraries/classes/InsertEdit.php,2673,2796,sql_data_access,SQL/Data Access Region,26,fields,,mode,,,Light Data-Access Isolation;Extract Method,pending
phpmyadmin-C0439,phpmyadmin,libraries/classes/InsertEdit.php,2796,2837,sql_data_access,SQL/Data Access Region,4,where_clause,,,,,Light Data-Access Isolation;Extract Method,pending
phpmyadmin-C0440,phpmyadmin,libraries/classes/InsertEdit.php,2852,2916,session_dependent_logic,Session-Dependent Logic,11,ShowFieldTypesInDataEditView;ShowFunctionFields;after_insert;default_action;where_clause,edit_next,,,,Extract Guard;Extract Method,pending
phpmyadmin-C0441,phpmyadmin,libraries/classes/InsertEdit.php,3074,3374,long_method_or_region,Long or Complex Region,26,,,,.default_value;.hide,,Extract Method,pending
phpmyadmin-C0442,phpmyadmin,libraries/classes/InsertEdit.php,3374,3474,long_method_or_region,Long or Complex Region,8,,,,.clearfloat,,Extract Method,pending
phpmyadmin-C0443,phpmyadmin,libraries/classes/IpAllowDeny.php,67,137,long_method_or_region,Long or Complex Region,15,,,,,,Extract Method,pending
phpmyadmin-C0444,phpmyadmin,libraries/classes/IpAllowDeny.php,137,232,long_method_or_region,Long or Complex Region,11,,,,,,Extract Method,pending
phpmyadmin-C0445,phpmyadmin,libraries/classes/IpAllowDeny.php,232,307,long_method_or_region,Long or Complex Region,21,,,,,,Extract Method,pending
phpmyadmin-C0446,phpmyadmin,libraries/classes/LanguageManager.php,1,966,long_method_or_region,Long or Complex Region,42,lang,,,,,Extract Method,pending
phpmyadmin-C0447,phpmyadmin,libraries/classes/LanguageManager.php,836,914,long_method_or_region,Long or Complex Region,18,lang,,,,,Extract Method,pending
phpmyadmin-C0448,phpmyadmin,libraries/classes/Linter.php,29,72,long_method_or_region,Long or Complex Region,13,,,,,,Extract Method,pending
phpmyadmin-C0449,phpmyadmin,libraries/classes/ListDatabase.php,1,171,sql_data_access,SQL/Data Access Region,21,,,INFORMATION_SCHEMA;server,,,Light Data-Access Isolation;Extract Method,pending
phpmyadmin-C0450,phpmyadmin,libraries/classes/ListDatabase.php,63,109,sql_data_access,SQL/Data Access Region,8,,,INFORMATION_SCHEMA,,,Light Data-Access Isolation;Extract Method,pending
phpmyadmin-C0451,phpmyadmin,libraries/classes/Menu.php,1,674,mixed_php_html_sql,SQL in Presentation Logic,63,purge,,,#floating_menubar;#serverinfo;#span_table_comment;.clearfloat;.item;.separator;.table_comment,,Light Data-Access Isolation;Extract Method;Extract View Helper,pending
phpmyadmin-C0452,phpmyadmin,libraries/classes/Menu.php,140,182,sql_data_access,SQL/Data Access Region,5,,,,,,Light Data-Access Isolation;Extract Method,pending
phpmyadmin-C0453,phpmyadmin,libraries/classes/Menu.php,182,333,long_method_or_region,Long or Complex Region,24,purge,,,#floating_menubar;#serverinfo;#span_table_comment;.clearfloat;.item;.separator;.table_comment,,Extract Method,pending
phpmyadmin-C0454,phpmyadmin,libraries/classes/Menu.php,333,447,long_method_or_region,Long or Complex Region,12,,,,,,Extract Method,pending
phpmyadmin-C0455,phpmyadmin,libraries/classes/Menu.php,447,561,long_method_or_region,Long or Complex Region,12,,,,,,Extract Method,pending
phpmyadmin-C0456,phpmyadmin,libraries/classes/Menu.php,561,669,long_method_or_region,Long or Complex Region,5,,,,,,Extract Method,pending
phpmyadmin-C0457,phpmyadmin,libraries/classes/Message.php,1,817,mixed_php_html,Mixed PHP/HTML,51,,,,,,Separate PHP Logic from Markup;Extract View Helper,pending
phpmyadmin-C0458,phpmyadmin,libraries/classes/MultSubmits.php,1,628,mixed_php_html_sql,SQL in Presentation Logic,103,add_prefix;adjust_privileges;pos;target_db;what,,Selected;prefix,#ajax_form;#buttonNo;#buttonYes;#checkbox_adjust_privileges;#checkbox_auto_increment_cp;#checkbox_constraints;#checkbox_drop;#db_name_dropdown;#foreignkeychk;#initialPrefix;#newPrefix;#txtPrefix;#what_data;#what_dataonly;#what_structure;.confirmation;.halfWidth;.ic_b_help;.icon;.input,,Light Data-Access Isolation;Extract Method;Extract View Helper,pending
phpmyadmin-C0459,phpmyadmin,libraries/classes/MultSubmits.php,42,103,sql_data_access,SQL/Data Access Region,11,,,prefix,,,Light Data-Access Isolation;Extract Method,pending
phpmyadmin-C0460,phpmyadmin,libraries/classes/MultSubmits.php,103,380,long_method_or_region,Long or Complex Region,55,add_prefix;adjust_privileges;pos;target_db;what,,,,,Extract Method,pending
phpmyadmin-C0461,phpmyadmin,libraries/classes/MultSubmits.php,380,426,long_method_or_region,Long or Complex Region,12,,,,#ajax_form;#checkbox_adjust_privileges;#checkbox_auto_increment_cp;#checkbox_constraints;#checkbox_drop;#db_name_dropdown;#what_data;#what_dataonly;#what_structure;.halfWidth;.ic_b_help;.icon;.input,,Extract Method,pending
phpmyadmin-C0462,phpmyadmin,libraries/classes/MultSubmits.php,531,629,sql_data_access,SQL/Data Access Region,20,,,,,,Light Data-Access Isolation;Extract Method,pending
phpmyadmin-C0463,phpmyadmin,libraries/classes/Normalization.php,1,1071,mixed_php_html_sql,SQL in Presentation Logic,98,change_column,,Second;Third;more;street,#addNewPrimary;#createPrimaryKey;#extra;#mainContent;#moveRepeatingGroup;#newCols;#normalizeTable;#numField;#pk_;#removeRedundant;#selectNonAtomicCol;#showPossiblePd;#splitGo;#td_;.center;.central_columns_dialog;.cm-em;.dependencies_box;.dependents;.desc,normalization.php;normalize,Light Data-Access Isolation;Extract Method;Extract View Helper,pending
phpmyadmin-C0464,phpmyadmin,libraries/classes/Normalization.php,498,574,sql_data_access,SQL/Data Access Region,11,,,,,,Light Data-Access Isolation;Extract Method,pending
phpmyadmin-C0465,phpmyadmin,libraries/classes/Normalization.php,633,727,sql_data_access,SQL/Data Access Region,10,,,,,,Light Data-Access Isolation;Extract Method,pending
phpmyadmin-C0466,phpmyadmin,libraries/classes/Normalization.php,727,791,sql_data_access,SQL/Data Access Region,7,,,,,,Light Data-Access Isolation;Extract Method,pending
phpmyadmin-C0467,phpmyadmin,libraries/classes/Normalization.php,791,869,long_method_or_region,Long or Complex Region,11,,,,#td_;.smallIndent,,Extract Method,pending
phpmyadmin-C0468,phpmyadmin,libraries/classes/Normalization.php,914,996,sql_data_access,SQL/Data Access Region,11,,,,.dependencies_box;.dependents;.desc;.determinants;.displayblock;.pickPd,,Light Data-Access Isolation;Extract Method,pending
phpmyadmin-C0469,phpmyadmin,libraries/classes/OpenDocument.php,39,178,long_method_or_region,Long or Complex Region,7,,,,.text,,Extract Method,pending
phpmyadmin-C0470,phpmyadmin,libraries/classes/Operations.php,1,2158,mixed_php_html_sql,SQL in Presentation Logic,204,add_constraints;adjust_privileges;comment;db_collation;drop_if_exists;new_auto_increment;new_checksum;new_delay_key_write;new_name;new_pack_keys;new_page_checksum;new_row_format;new_tbl_storage_engine;new_transactional;newname;order_field;order_order;partition_name;partition_operation;prev_comment;submit_move;switch_to_new;target_db;tbl_collation;what,pma_switch_to_new,Maria;a;an;creating;information_schema;the,#alterTableOrderby;#auto_increment_opt;#change_db_charset_form;#checkbox_adjust_privileges;#checkbox_auto_increment;#checkbox_auto_increment_cp;#checkbox_auto_increment_mv;#checkbox_change_all_collations;#checkbox_change_all_tables_collations;#checkbox_change_all_tables_columns_collations;#checkbox_constraints;#checkbox_create_database_before_copying;#checkbox_drop;#checkbox_privileges;#checkbox_privileges_table_options;#checkbox_privileges_tables_move;#checkbox_switch;#copyTable;#copy_db_form;#fieldset_table_order,copyTable;db_operations.php;tbl_operations.php,Light Data-Access Isolation;Extract Method;Extract View Helper,pending
phpmyadmin-C0471,phpmyadmin,libraries/classes/Operations.php,193,291,session_dependent_logic,Session-Dependent Logic,13,,pma_switch_to_new,,#checkbox_auto_increment;#checkbox_constraints;#checkbox_create_database_before_copying;#checkbox_drop;#checkbox_privileges;#checkbox_switch;#copy_db_form;.ajax;.tblFooters;.textfield,db_operations.php,Extract Guard;Extract Method,pending
phpmyadmin-C0472,phpmyadmin,libraries/classes/Operations.php,471,540,long_method_or_region,Long or Complex Region,15,add_constraints;newname;what,,,,,Extract Method,pending
phpmyadmin-C0473,phpmyadmin,libraries/classes/Operations.php,650,756,sql_data_access,SQL/Data Access Region,7,,,,,,Light Data-Access Isolation;Extract Method,pending
phpmyadmin-C0474,phpmyadmin,libraries/classes/Operations.php,1055,1180,long_method_or_region,Long or Complex Region,17,,,,#auto_increment_opt;#checkbox_change_all_collations;.vmiddle,,Extract Method,pending
phpmyadmin-C0475,phpmyadmin,libraries/classes/Operations.php,1260,1363,session_dependent_logic,Session-Dependent Logic,13,,pma_switch_to_new,,#checkbox_adjust_privileges;#checkbox_auto_increment_cp;#checkbox_constraints;#checkbox_drop;#checkbox_switch;#copyTable;.ajax;.halfWidth;.tblFooters,copyTable;tbl_operations.php,Extract Guard;Extract Method,pending
phpmyadmin-C0476,phpmyadmin,libraries/classes/Operations.php,1388,1510,long_method_or_region,Long or Complex Region,6,,,,,,Extract Method,pending
phpmyadmin-C0477,phpmyadmin,libraries/classes/Operations.php,1678,1740,sql_data_access,SQL/Data Access Region,4,,,,,,Light Data-Access Isolation;Extract Method,pending
phpmyadmin-C0478,phpmyadmin,libraries/classes/Operations.php,1774,1868,long_method_or_region,Long or Complex Region,16,comment;new_auto_increment;new_checksum;new_delay_key_write;new_pack_keys;new_page_checksum;new_row_format;new_transactional;prev_comment;tbl_collation,,,,,Extract Method,pending
phpmyadmin-C0479,phpmyadmin,libraries/classes/Operations.php,1961,2023,sql_data_access,SQL/Data Access Region,4,,,,,,Light Data-Access Isolation;Extract Method,pending
phpmyadmin-C0480,phpmyadmin,libraries/classes/Operations.php,2047,2159,long_method_or_region,Long or Complex Region,16,adjust_privileges;new_name;submit_move;switch_to_new;target_db;what,,,,,Extract Method,pending
phpmyadmin-C0481,phpmyadmin,libraries/classes/ParseAnalyze.php,30,79,long_method_or_region,Long or Complex Region,11,,,,,,Extract Method,pending
phpmyadmin-C0482,phpmyadmin,libraries/classes/Partition.php,1,268,sql_data_access,SQL/Data Access Region,27,,,information_schema;the,,,Light Data-Access Isolation;Extract Method,pending
phpmyadmin-C0483,phpmyadmin,libraries/classes/Partition.php,153,194,sql_data_access,SQL/Data Access Region,7,,,information_schema,,,Light Data-Access Isolation;Extract Method,pending
phpmyadmin-C0484,phpmyadmin,libraries/classes/Plugins.php,1,584,form_handling,Request Handling Mixed With Rendering,97,repopulate,,,#checkbox_;#force_file_;#plugins;#radio_;#select_;#text_;#ul_;.desc;.export_sub_options;.format_specific_options;.subgroup,,Extract Validation Helper;Extract Method;Extract View Helper,pending
phpmyadmin-C0485,phpmyadmin,libraries/classes/Plugins.php,68,123,long_method_or_region,Long or Complex Region,13,,,,,,Extract Method,pending
phpmyadmin-C0486,phpmyadmin,libraries/classes/Plugins.php,160,209,long_method_or_region,Long or Complex Region,10,,,,,,Extract Method,pending
phpmyadmin-C0487,phpmyadmin,libraries/classes/Plugins.php,276,405,long_method_or_region,Long or Complex Region,26,,,,#ul_;.export_sub_options;.subgroup,,Extract Method,pending
phpmyadmin-C0488,phpmyadmin,libraries/classes/Plugins.php,405,530,long_method_or_region,Long or Complex Region,23,,,,#checkbox_;#radio_;#select_;#text_;.desc,,Extract Method,pending
phpmyadmin-C0489,phpmyadmin,libraries/classes/Plugins.php,530,585,long_method_or_region,Long or Complex Region,10,,,,.format_specific_options,,Extract Method,pending
phpmyadmin-C0490,phpmyadmin,libraries/classes/RecentFavoriteTable.php,1,401,mixed_php_html_sql,SQL in Presentation Logic,41,,tmpval,Favorites;localStorage;phpMyAdmin;recent,#pma_favorite_list;#pma_recent_list;#sync_favorite_tables;#update_recent_tables;.ajax;.drop_button;.drop_list;.favorite_table_anchor;.hide;.warp_link,,Light Data-Access Isolation;Extract Method;Extract View Helper,pending
phpmyadmin-C0491,phpmyadmin,libraries/classes/Relation.php,1,2117,mixed_php_html_sql,SQL in Presentation Logic,265,,relation;sql_history;tmpval,DB;PMA;data;hidden;information_schema;not;query;the;your,.error;.left;.right,,Light Data-Access Isolation;Extract Method;Extract View Helper,pending
phpmyadmin-C0492,phpmyadmin,libraries/classes/Relation.php,99,411,long_method_or_region,Long or Complex Region,10,,,,.error;.left,,Extract Method,pending
phpmyadmin-C0493,phpmyadmin,libraries/classes/Relation.php,465,687,long_method_or_region,Long or Complex Region,56,,,,,,Extract Method,pending
phpmyadmin-C0494,phpmyadmin,libraries/classes/Relation.php,687,759,long_method_or_region,Long or Complex Region,10,,,,,,Extract Method,pending
phpmyadmin-C0495,phpmyadmin,libraries/classes/Relation.php,759,839,sql_data_access,SQL/Data Access Region,13,,,,,,Light Data-Access Isolation;Extract Method,pending
phpmyadmin-C0496,phpmyadmin,libraries/classes/Relation.php,839,899,sql_data_access,SQL/Data Access Region,13,,,DB,,,Light Data-Access Isolation;Extract Method,pending
phpmyadmin-C0497,phpmyadmin,libraries/classes/Relation.php,1003,1052,sql_data_access,SQL/Data Access Region,4,,,,,,Light Data-Access Isolation;Extract Method,pending
phpmyadmin-C0498,phpmyadmin,libraries/classes/Relation.php,1052,1112,session_dependent_logic,Session-Dependent Logic,5,,sql_history,,,,Extract Guard;Extract Method,pending
phpmyadmin-C0499,phpmyadmin,libraries/classes/Relation.php,1112,1158,session_dependent_logic,Session-Dependent Logic,6,,sql_history,,,,Extract Guard;Extract Method,pending
phpmyadmin-C0500,phpmyadmin,libraries/classes/Relation.php,1158,1202,sql_data_access,SQL/Data Access Region,6,,,,,,Light Data-Access Isolation;Extract Method,pending
phpmyadmin-C0501,phpmyadmin,libraries/classes/Relation.php,1202,1275,long_method_or_region,Long or Complex Region,15,,,,,,Extract Method,pending
phpmyadmin-C0502,phpmyadmin,libraries/classes/Relation.php,1275,1359,long_method_or_region,Long or Complex Region,16,,,,,,Extract Method,pending
phpmyadmin-C0503,phpmyadmin,libraries/classes/Relation.php,1359,1487,sql_data_access,SQL/Data Access Region,25,,,not,,,Light Data-Access Isolation;Extract Method,pending
phpmyadmin-C0504,phpmyadmin,libraries/classes/Relation.php,1586,1694,sql_data_access,SQL/Data Access Region,11,,,PMA;data;hidden,,,Light Data-Access Isolation;Extract Method,pending
phpmyadmin-C0505,phpmyadmin,libraries/classes/Relation.php,1755,1818,long_method_or_region,Long or Complex Region,10,,,,,,Extract Method,pending
phpmyadmin-C0506,phpmyadmin,libraries/classes/Relation.php,1908,1993,session_dependent_logic,Session-Dependent Logic,11,,relation;tmpval,,,,Extract Guard;Extract Method,pending
phpmyadmin-C0507,phpmyadmin,libraries/classes/RelationCleanup.php,1,371,sql_data_access,SQL/Data Access Region,31,,,,,,Light Data-Access Isolation;Extract Method,pending
phpmyadmin-C0508,phpmyadmin,libraries/classes/RelationCleanup.php,29,91,sql_data_access,SQL/Data Access Region,4,,,,,,Light Data-Access Isolation;Extract Method,pending
phpmyadmin-C0509,phpmyadmin,libraries/classes/RelationCleanup.php,91,177,sql_data_access,SQL/Data Access Region,7,,,,,,Light Data-Access Isolation;Extract Method,pending
phpmyadmin-C0510,phpmyadmin,libraries/classes/RelationCleanup.php,177,276,sql_data_access,SQL/Data Access Region,10,,,,,,Light Data-Access Isolation;Extract Method,pending
phpmyadmin-C0511,phpmyadmin,libraries/classes/RelationCleanup.php,276,372,sql_data_access,SQL/Data Access Region,11,,,,,,Light Data-Access Isolation;Extract Method,pending
phpmyadmin-C0512,phpmyadmin,libraries/classes/ReplicationGui.php,1,1089,mixed_php_html_sql,SQL in Presentation Logic,116,hostname;master_connection;mr_adduser;pma_pw;repl_clear_scr;sl_configure;slave_changemaster;sr_skip_errors_count;sr_slave_action;sr_slave_control_parm;sr_slave_server_control;sr_slave_skip_error;sr_take_action;text_port;username,replication,binary;either;master;multiple;server;unsynchronized,# . time() . ;#adduser_submit;#button_generate_password;#checkbox_Repl_client_priv;#checkbox_Repl_slave_priv;#confslave_submit;#createdb_0;#db_reset_href;#db_select;#db_select_href;#db_type;#fieldset_add_user_login;#fieldset_user_privtable_footer;#generated_pw;#goButton;#master_addslaveuser_gui;#master_addslaveuser_href;#master_slaves_href;#master_status_href;#pma_hostname,server_privileges.php;server_replication.php,Light Data-Access Isolation;Extract Method;Extract View Helper,pending
phpmyadmin-C0513,phpmyadmin,libraries/classes/ReplicationGui.php,149,312,long_method_or_region,Long or Complex Region,17,master_connection;sl_configure,,,#goButton;#reset_slave;#slave_configuration_gui;#slave_control_gui;#slave_control_href;#slave_status_href;.ajax;.hide,server_replication.php,Extract Method,pending
phpmyadmin-C0514,phpmyadmin,libraries/classes/ReplicationGui.php,511,613,long_method_or_region,Long or Complex Region,12,,,,#replication_;#server;.allfine;.attention;.data;.name;.value,,Extract Method,pending
phpmyadmin-C0515,phpmyadmin,libraries/classes/ReplicationGui.php,686,778,long_method_or_region,Long or Complex Region,13,hostname;username,,,#fieldset_add_user_login;#master_addslaveuser_gui;#select_pred_hostname;.item;.options,server_privileges.php,Extract Method,pending
phpmyadmin-C0516,phpmyadmin,libraries/classes/ReplicationGui.php,904,969,session_dependent_logic,Session-Dependent Logic,13,slave_changemaster;sr_slave_action;sr_slave_server_control;sr_slave_skip_error;sr_take_action,replication,,,,Extract Guard;Extract Method,pending
phpmyadmin-C0517,phpmyadmin,libraries/classes/ReplicationGui.php,969,1040,session_dependent_logic,Session-Dependent Logic,5,hostname;pma_pw;text_port;username,replication,,,,Extract Guard;Extract Method,pending
phpmyadmin-C0518,phpmyadmin,libraries/classes/Response.php,1,572,long_method_or_region,Long or Complex Region,86,ajax_request;menuHashes;no_debug,,,,,Extract Method,pending
phpmyadmin-C0519,phpmyadmin,libraries/classes/Response.php,287,428,long_method_or_region,Long or Complex Region,27,menuHashes;no_debug,,,,,Extract Method,pending
phpmyadmin-C0520,phpmyadmin,libraries/classes/Response.php,485,540,long_method_or_region,Long or Complex Region,40,,,,,,Extract Method,pending
phpmyadmin-C0521,phpmyadmin,libraries/classes/Sanitize.php,1,466,form_handling,Request Handling Mixed With Rendering,86,,,,,,Extract Validation Helper;Extract Method;Extract View Helper,pending
phpmyadmin-C0522,phpmyadmin,libraries/classes/Sanitize.php,29,92,long_method_or_region,Long or Complex Region,31,,,,,,Extract Method,pending
phpmyadmin-C0523,phpmyadmin,libraries/classes/Sanitize.php,129,167,mixed_php_html,Mixed PHP/HTML,9,,,,,,Separate PHP Logic from Markup;Extract View Helper,pending
phpmyadmin-C0524,phpmyadmin,libraries/classes/Sanitize.php,423,467,long_method_or_region,Long or Complex Region,11,,,,,,Extract Method,pending
phpmyadmin-C0525,phpmyadmin,libraries/classes/SavedSearches.php,1,468,sql_data_access,SQL/Data Access Region,28,,,an,"# . $this->getId();
        return (bool) $this->relation->queryAsControlUser($sqlQuery);
    }

    /**
     * Delete the search
     *
     * @return boolean
     */
    public function delete()
    {
        if (null == $this->getId()) {
            $message = Message::error(
                __(",,Light Data-Access Isolation;Extract Method,pending
phpmyadmin-C0526,phpmyadmin,libraries/classes/SavedSearches.php,263,364,sql_data_access,SQL/Data Access Region,8,,,,,,Light Data-Access Isolation;Extract Method,pending
phpmyadmin-C0527,phpmyadmin,libraries/classes/Scripts.php,1,214,mixed_php_html,Mixed PHP/HTML,20,,,,,,Separate PHP Logic from Markup;Extract View Helper,pending
phpmyadmin-C0528,phpmyadmin,libraries/classes/Session.php,1,236,session_dependent_logic,Session-Dependent Logic,29,, HMAC_secret ; PMA_token ,,,,Extract Guard;Extract Method,pending
phpmyadmin-C0529,phpmyadmin,libraries/classes/Session.php,114,237,session_dependent_logic,Session-Dependent Logic,20,, PMA_token ,,,,Extract Guard;Extract Method,pending
phpmyadmin-C0530,phpmyadmin,libraries/classes/Sql.php,1,2326,mixed_php_html_sql,SQL in Presentation Logic,267,ajax_page_request;bkm_all_users;bkm_fields;bkm_label;bkm_replace;col_order;col_visib;column;curr_value;dropped_column;get_full_values;grid_edit;id_bookmark;is_browse_distinct;label;printview;purge;relation_key_or_display_column;rollback_query;sort_by_key;table_create_time;table_maintenance;where_clause,is_multi_query;profiling;sql_from_query_box;tmpval,BROWSE;just;or;query;session;tbl_replace;the,#profilesummarytable;#profiletable;#profilingChartData;#profilingchart;.ajax;.bookmarkQueryForm;.browse_foreign;.clearfloat;.curr_value;.floatleft;.formelement;.hide;.print_ignore;.rawvalue;.right;.sorticon;.sqlqueryresults;.tblFooters,sql.php,Light Data-Access Isolation;Extract Method;Extract View Helper,pending
phpmyadmin-C0531,phpmyadmin,libraries/classes/Sql.php,171,211,long_method_or_region,Long or Complex Region,13,,,,,,Extract Method,pending
phpmyadmin-C0532,phpmyadmin,libraries/classes/Sql.php,927,996,sql_data_access,SQL/Data Access Region,6,,,,,,Light Data-Access Isolation;Extract Method,pending
phpmyadmin-C0533,phpmyadmin,libraries/classes/Sql.php,1155,1255,session_dependent_logic,Session-Dependent Logic,18,,tmpval,,,,Extract Guard;Extract Method,pending
phpmyadmin-C0534,phpmyadmin,libraries/classes/Sql.php,1255,1351,session_dependent_logic,Session-Dependent Logic,17,bkm_label;bkm_replace;dropped_column;purge,profiling,,,,Extract Guard;Extract Method,pending
phpmyadmin-C0535,phpmyadmin,libraries/classes/Sql.php,1383,1474,long_method_or_region,Long or Complex Region,16,rollback_query,,,,,Extract Method,pending
phpmyadmin-C0536,phpmyadmin,libraries/classes/Sql.php,1474,1562,long_method_or_region,Long or Complex Region,14,ajax_page_request,,,,,Extract Method,pending
phpmyadmin-C0537,phpmyadmin,libraries/classes/Sql.php,1562,1588,long_method_or_region,Long or Complex Region,11,,,,,,Extract Method,pending
phpmyadmin-C0538,phpmyadmin,libraries/classes/Sql.php,1647,1770,session_dependent_logic,Session-Dependent Logic,11,is_browse_distinct;printview,is_multi_query,,,,Extract Guard;Extract Method,pending
phpmyadmin-C0539,phpmyadmin,libraries/classes/Sql.php,1896,2103,session_dependent_logic,Session-Dependent Logic,29,grid_edit;printview;table_maintenance,tmpval,or;the,,,Extract Guard;Extract Method,pending
phpmyadmin-C0540,phpmyadmin,libraries/classes/Sql.php,2176,2292,session_dependent_logic,Session-Dependent Logic,24,sort_by_key,sql_from_query_box,,,,Extract Guard;Extract Method,pending
phpmyadmin-C0541,phpmyadmin,libraries/classes/SqlQueryForm.php,1,446,mixed_php_html,Mixed PHP/HTML,57,,,,#bkm_label;#bookmark_variables;#bookmarkoptions;#button_submit_bookmark;#button_submit_query;#checkbox_show_query;#clear;#delete;#fieldsetBookmarkOptions;#fieldsetBookmarkOptionsFooter;#format;#id_bkm_all_users;#id_bkm_replace;#id_bookmark;#id_sql_delimiter;#insert;#parameterized;#parametersDiv;#querybox;#queryboxcontainer,import.php;sqlform,Separate PHP Logic from Markup;Extract View Helper,pending
phpmyadmin-C0542,phpmyadmin,libraries/classes/SqlQueryForm.php,45,134,long_method_or_region,Long or Complex Region,17,,,,#sqlqueryform;#sqlqueryresultsouter;.ajax;.lock-page,import.php;sqlform,Extract Method,pending
phpmyadmin-C0543,phpmyadmin,libraries/classes/SqlQueryForm.php,134,200,long_method_or_region,Long or Complex Region,10,,,,,,Extract Method,pending
phpmyadmin-C0544,phpmyadmin,libraries/classes/SqlQueryForm.php,200,388,long_method_or_region,Long or Complex Region,21,,,,#bkm_label;#bookmarkoptions;#button_submit_query;#checkbox_show_query;#clear;#delete;#format;#id_bkm_all_users;#id_bkm_replace;#id_sql_delimiter;#insert;#parameterized;#parametersDiv;#querybox;#queryboxcontainer;#queryboxf;#queryboxfooter;#queryfieldscontainer;#querymessage;#retain_query_box,,Extract Method,pending
phpmyadmin-C0545,phpmyadmin,libraries/classes/StorageEngine.php,1,461,mixed_php_html,Mixed PHP/HTML,59,,,,#getPage;.data;.value,,Separate PHP Logic from Markup;Extract View Helper,pending
phpmyadmin-C0546,phpmyadmin,libraries/classes/StorageEngine.php,189,229,long_method_or_region,Long or Complex Region,14,,,,,,Extract Method,pending
phpmyadmin-C0547,phpmyadmin,libraries/classes/SystemDatabase.php,1,133,sql_data_access,SQL/Data Access Region,15,,,pma__column_info,,,Light Data-Access Isolation;Extract Method,pending
phpmyadmin-C0548,phpmyadmin,libraries/classes/SystemDatabase.php,77,134,sql_data_access,SQL/Data Access Region,9,,,,,,Light Data-Access Isolation;Extract Method,pending
phpmyadmin-C0549,phpmyadmin,libraries/classes/Table.php,1,2648,session_dependent_logic,Session-Dependent Logic,343,constraint_name;discard_remembered_sort;drop_if_exists;old_index;on_delete;on_update;preview_sql;sql_auto_increment,is_multi_query;tmpval,UI;action;an;cache;class;colname;for;global;information_schema;old;phpMyAdmin;pmadb;query;replicated;succeed;table;the;this,,,Extract Guard;Extract Method,pending
phpmyadmin-C0550,phpmyadmin,libraries/classes/Table.php,299,354,session_dependent_logic,Session-Dependent Logic,12,,is_multi_query,,,,Extract Guard;Extract Method,pending
phpmyadmin-C0551,phpmyadmin,libraries/classes/Table.php,429,475,long_method_or_region,Long or Complex Region,10,,,,,,Extract Method,pending
phpmyadmin-C0552,phpmyadmin,libraries/classes/Table.php,475,628,long_method_or_region,Long or Complex Region,40,,,,,,Extract Method,pending
phpmyadmin-C0553,phpmyadmin,libraries/classes/Table.php,628,671,sql_data_access,SQL/Data Access Region,6,,,,,,Light Data-Access Isolation;Extract Method,pending
phpmyadmin-C0554,phpmyadmin,libraries/classes/Table.php,671,774,sql_data_access,SQL/Data Access Region,17,,,,,,Light Data-Access Isolation;Extract Method,pending
phpmyadmin-C0555,phpmyadmin,libraries/classes/Table.php,806,886,sql_data_access,SQL/Data Access Region,10,,,,,,Light Data-Access Isolation;Extract Method,pending
phpmyadmin-C0556,phpmyadmin,libraries/classes/Table.php,886,1415,sql_data_access,SQL/Data Access Region,49,drop_if_exists;sql_auto_increment,,old;replicated,,,Light Data-Access Isolation;Extract Method,pending
phpmyadmin-C0557,phpmyadmin,libraries/classes/Table.php,1453,1557,long_method_or_region,Long or Complex Region,13,,,,,,Extract Method,pending
phpmyadmin-C0558,phpmyadmin,libraries/classes/Table.php,1748,1823,sql_data_access,SQL/Data Access Region,6,,,,,,Light Data-Access Isolation;Extract Method,pending
phpmyadmin-C0559,phpmyadmin,libraries/classes/Table.php,1852,1928,long_method_or_region,Long or Complex Region,17,discard_remembered_sort,,,,,Extract Method,pending
phpmyadmin-C0560,phpmyadmin,libraries/classes/Table.php,2058,2170,long_method_or_region,Long or Complex Region,23,old_index,,,,,Extract Method,pending
phpmyadmin-C0561,phpmyadmin,libraries/classes/Table.php,2170,2215,sql_data_access,SQL/Data Access Region,4,,,query,,,Light Data-Access Isolation;Extract Method,pending
phpmyadmin-C0562,phpmyadmin,libraries/classes/Table.php,2215,2302,sql_data_access,SQL/Data Access Region,9,,,,,,Light Data-Access Isolation;Extract Method,pending
phpmyadmin-C0563,phpmyadmin,libraries/classes/Table.php,2302,2494,long_method_or_region,Long or Complex Region,29,constraint_name;on_delete;on_update;preview_sql,,,,,Extract Method,pending
phpmyadmin-C0564,phpmyadmin,libraries/classes/Table.php,2541,2596,sql_data_access,SQL/Data Access Region,9,,,information_schema,,,Light Data-Access Isolation;Extract Method,pending
phpmyadmin-C0565,phpmyadmin,libraries/classes/Theme.php,92,147,long_method_or_region,Long or Complex Region,11,,,,,,Extract Method,pending
phpmyadmin-C0566,phpmyadmin,libraries/classes/ThemeManager.php,1,453,mixed_php_html,Mixed PHP/HTML,40,,,,.autosubmit;.disableAjax;.themeselect,index.php;setTheme,Separate PHP Logic from Markup;Extract View Helper,pending
phpmyadmin-C0567,phpmyadmin,libraries/classes/Tracker.php,1,924,sql_data_access,SQL/Data Access Region,86,,,Relation;Synchronize;a;body;query;statement,,,Light Data-Access Isolation;Extract Method,pending
phpmyadmin-C0568,phpmyadmin,libraries/classes/Tracker.php,185,299,sql_data_access,SQL/Data Access Region,7,,,,,,Light Data-Access Isolation;Extract Method,pending
phpmyadmin-C0569,phpmyadmin,libraries/classes/Tracker.php,331,396,sql_data_access,SQL/Data Access Region,3,,,,,,Light Data-Access Isolation;Extract Method,pending
phpmyadmin-C0570,phpmyadmin,libraries/classes/Tracker.php,537,657,sql_data_access,SQL/Data Access Region,14,,,,,,Light Data-Access Isolation;Extract Method,pending
phpmyadmin-C0571,phpmyadmin,libraries/classes/Tracker.php,657,804,sql_data_access,SQL/Data Access Region,28,,,body;statement,,,Light Data-Access Isolation;Extract Method,pending
phpmyadmin-C0572,phpmyadmin,libraries/classes/Tracker.php,804,917,long_method_or_region,Long or Complex Region,19,,,,,,Extract Method,pending
phpmyadmin-C0573,phpmyadmin,libraries/classes/Tracking.php,1,1274,mixed_php_html_sql,SQL in Presentation Logic,104,alter_table;alter_view;create_index;create_table;create_view;date_from;date_to;db;delete;delete_ddlog;delete_dmlog;drop_index;drop_table;drop_view;insert;logtype;rename_table;table;truncate;update;users;version,,a;date;report;the,#versions;#versionsForm;.ajax;.center;.checkall;.data;.delete_version_anchor;.disableAjax;.floatright,tbl_tracking.php;versionsForm,Light Data-Access Isolation;Extract Method;Extract View Helper,pending
phpmyadmin-C0574,phpmyadmin,libraries/classes/Tracking.php,146,259,long_method_or_region,Long or Complex Region,6,,,,#versions;#versionsForm;.ajax;.center;.checkall;.data;.delete_version_anchor;.floatright,tbl_tracking.php;versionsForm,Extract Method,pending
phpmyadmin-C0575,phpmyadmin,libraries/classes/Tracking.php,389,434,sql_data_access,SQL/Data Access Region,12,date_from;date_to;users,,date,,,Light Data-Access Isolation;Extract Method,pending
phpmyadmin-C0576,phpmyadmin,libraries/classes/Tracking.php,434,486,long_method_or_region,Long or Complex Region,10,version,,,,tbl_tracking.php,Extract Method,pending
phpmyadmin-C0577,phpmyadmin,libraries/classes/Tracking.php,486,543,sql_data_access,SQL/Data Access Region,2,date_from;date_to;logtype;users;version,,,.disableAjax,tbl_tracking.php,Light Data-Access Isolation;Extract Method,pending
phpmyadmin-C0578,phpmyadmin,libraries/classes/Tracking.php,918,975,long_method_or_region,Long or Complex Region,15,alter_table;alter_view;create_index;create_table;create_view;delete;drop_index;drop_table;drop_view;insert;rename_table;truncate;update,,,,,Extract Method,pending
phpmyadmin-C0579,phpmyadmin,libraries/classes/Tracking.php,1203,1248,sql_data_access,SQL/Data Access Region,2,,,,,,Light Data-Access Isolation;Extract Method,pending
phpmyadmin-C0580,phpmyadmin,libraries/classes/Transformations.php,1,469,sql_data_access,SQL/Data Access Region,41,,,string,,,Light Data-Access Isolation;Extract Method,pending
phpmyadmin-C0581,phpmyadmin,libraries/classes/Transformations.php,94,170,long_method_or_region,Long or Complex Region,12,,,,,,Extract Method,pending
phpmyadmin-C0582,phpmyadmin,libraries/classes/Transformations.php,253,330,sql_data_access,SQL/Data Access Region,8,,,,,,Light Data-Access Isolation;Extract Method,pending
phpmyadmin-C0583,phpmyadmin,libraries/classes/Transformations.php,330,437,sql_data_access,SQL/Data Access Region,7,,,,,,Light Data-Access Isolation;Extract Method,pending
phpmyadmin-C0584,phpmyadmin,libraries/classes/TwoFactor.php,1,288,session_dependent_logic,Session-Dependent Logic,28,,two_factor_check,,,,Extract Guard;Extract Method,pending
phpmyadmin-C0585,phpmyadmin,libraries/classes/Types.php,197,400,long_method_or_region,Long or Complex Region,47,,,,,,Extract Method,pending
phpmyadmin-C0586,phpmyadmin,libraries/classes/Types.php,400,466,long_method_or_region,Long or Complex Region,42,,,,,,Extract Method,pending
phpmyadmin-C0587,phpmyadmin,libraries/classes/Types.php,466,655,long_method_or_region,Long or Complex Region,9,,,,,,Extract Method,pending
phpmyadmin-C0588,phpmyadmin,libraries/classes/Url.php,1,267,mixed_php_html,Mixed PHP/HTML,45,, PMA_token ,,,,Separate PHP Logic from Markup;Extract View Helper,pending
phpmyadmin-C0589,phpmyadmin,libraries/classes/Url.php,33,106,long_method_or_region,Long or Complex Region,12,,,,,,Extract Method,pending
phpmyadmin-C0590,phpmyadmin,libraries/classes/Url.php,106,163,session_dependent_logic,Session-Dependent Logic,11,, PMA_token ,,,,Extract Guard;Extract Method,pending
phpmyadmin-C0591,phpmyadmin,libraries/classes/UserPassword.php,1,251,mixed_php_html_sql,SQL in Presentation Logic,25,authentication_plugin;nopass;pma_pw;pma_pw2,,mysql,,,Light Data-Access Isolation;Extract Method;Extract View Helper,pending
phpmyadmin-C0592,phpmyadmin,libraries/classes/UserPassword.php,176,240,sql_data_access,SQL/Data Access Region,8,pma_pw,,mysql,,,Light Data-Access Isolation;Extract Method,pending
phpmyadmin-C0593,phpmyadmin,libraries/classes/UserPreferences.php,1,274,session_dependent_logic,Session-Dependent Logic,22,prefs_autoload,cache;userconfig;userprefs_autoload,pmadb;user,,,Extract Guard;Extract Method,pending
phpmyadmin-C0594,phpmyadmin,libraries/classes/UserPreferences.php,108,177,session_dependent_logic,Session-Dependent Logic,7,,cache;userconfig,user,,,Extract Guard;Extract Method,pending
phpmyadmin-C0595,phpmyadmin,libraries/classes/Util.php,1,4744,mixed_php_html_sql,SQL in Presentation Logic,633,db;fk_checks;pos;session_max_rows;sort;sort_order;tbl_group;tbl_type;unlim_num_rows,Import_message;cache;profiling;tmpval,CURRENT_TIMESTAMP;DEFAULT;GLOBALS;INFORMATION_SCHEMA;PMA_Sql;a;account;forced;galerie;higher;the,#input_import_file;#print;#select_local_import_file;#upload_form_status;#upload_form_status_info;.ajax;.button;.caution;.class=;.clearfloat;.error;.hide;.menucontainer;.navigationbar;.nowrap;.pageselector;.php;.pma_hint;.print_ignore;.result_query,sql.php,Light Data-Access Isolation;Extract Method;Extract View Helper,pending
phpmyadmin-C0596,phpmyadmin,libraries/classes/Util.php,70,115,long_method_or_region,Long or Complex Region,10,,,,.nowrap,,Extract Method,pending
phpmyadmin-C0597,phpmyadmin,libraries/classes/Util.php,490,681,session_dependent_logic,Session-Dependent Logic,24,,Import_message,,.error;.tblFooters,,Extract Guard;Extract Method,pending
phpmyadmin-C0598,phpmyadmin,libraries/classes/Util.php,716,830,long_method_or_region,Long or Complex Region,10,,,,,,Extract Method,pending
phpmyadmin-C0599,phpmyadmin,libraries/classes/Util.php,923,1191,session_dependent_logic,Session-Dependent Logic,32,,profiling,,.php;.print_ignore;.result_query;.sql;.sqlOuter;.tools,sql.php,Extract Guard;Extract Method,pending
phpmyadmin-C0600,phpmyadmin,libraries/classes/Util.php,1256,1333,long_method_or_region,Long or Complex Region,16,,,,,,Extract Method,pending
phpmyadmin-C0601,phpmyadmin,libraries/classes/Util.php,1333,1450,long_method_or_region,Long or Complex Region,14,,,,,,Extract Method,pending
phpmyadmin-C0602,phpmyadmin,libraries/classes/Util.php,1570,1671,long_method_or_region,Long or Complex Region,21,,,,.tab,,Extract Method,pending
phpmyadmin-C0603,phpmyadmin,libraries/classes/Util.php,1718,1799,long_method_or_region,Long or Complex Region,18,,,,,,Extract Method,pending
phpmyadmin-C0604,phpmyadmin,libraries/classes/Util.php,1912,2082,sql_data_access,SQL/Data Access Region,37,,,galerie;the,,,Light Data-Access Isolation;Extract Method,pending
phpmyadmin-C0605,phpmyadmin,libraries/classes/Util.php,2147,2269,long_method_or_region,Long or Complex Region,15,,,,.ajax;.pageselector,,Extract Method,pending
phpmyadmin-C0606,phpmyadmin,libraries/classes/Util.php,2294,2405,long_method_or_region,Long or Complex Region,14,,,,.ajax,,Extract Method,pending
phpmyadmin-C0607,phpmyadmin,libraries/classes/Util.php,2789,2903,long_method_or_region,Long or Complex Region,13,,,,,,Extract Method,pending
phpmyadmin-C0608,phpmyadmin,libraries/classes/Util.php,3087,3151,long_method_or_region,Long or Complex Region,24,,,,,,Extract Method,pending
phpmyadmin-C0609,phpmyadmin,libraries/classes/Util.php,3151,3249,long_method_or_region,Long or Complex Region,16,,,,,,Extract Method,pending
phpmyadmin-C0610,phpmyadmin,libraries/classes/Util.php,3279,3336,long_method_or_region,Long or Complex Region,11,,,,#select_local_import_file,,Extract Method,pending
phpmyadmin-C0611,phpmyadmin,libraries/classes/Util.php,3376,3448,long_method_or_region,Long or Complex Region,13,,,,,,Extract Method,pending
phpmyadmin-C0612,phpmyadmin,libraries/classes/Util.php,3519,3631,long_method_or_region,Long or Complex Region,18,,,,,,Extract Method,pending
phpmyadmin-C0613,phpmyadmin,libraries/classes/Util.php,3631,3690,long_method_or_region,Long or Complex Region,15,,,,,,Extract Method,pending
phpmyadmin-C0614,phpmyadmin,libraries/classes/Util.php,3690,3753,long_method_or_region,Long or Complex Region,18,,,,,,Extract Method,pending
phpmyadmin-C0615,phpmyadmin,libraries/classes/Util.php,3753,3838,sql_data_access,SQL/Data Access Region,9,,,INFORMATION_SCHEMA,,,Light Data-Access Isolation;Extract Method,pending
phpmyadmin-C0616,phpmyadmin,libraries/classes/Util.php,3899,3960,long_method_or_region,Long or Complex Region,12,,,,,,Extract Method,pending
phpmyadmin-C0617,phpmyadmin,libraries/classes/Util.php,4079,4112,long_method_or_region,Long or Complex Region,12,,,,,,Extract Method,pending
phpmyadmin-C0618,phpmyadmin,libraries/classes/Util.php,4112,4159,long_method_or_region,Long or Complex Region,12,,,,,,Extract Method,pending
phpmyadmin-C0619,phpmyadmin,libraries/classes/Util.php,4295,4468,session_dependent_logic,Session-Dependent Logic,28,pos;sort;sort_order;tbl_group;tbl_type,tmpval,,,,Extract Guard;Extract Method,pending
phpmyadmin-C0620,phpmyadmin,libraries/classes/Util.php,4468,4548,long_method_or_region,Long or Complex Region,15,tbl_group;tbl_type,,,,,Extract Method,pending
phpmyadmin-C0621,phpmyadmin,libraries/classes/VersionInformation.php,1,228,session_dependent_logic,Session-Dependent Logic,36,,cache,,,,Extract Guard;Extract Method,pending
phpmyadmin-C0622,phpmyadmin,libraries/classes/VersionInformation.php,26,74,session_dependent_logic,Session-Dependent Logic,6,,cache,,,,Extract Guard;Extract Method,pending
phpmyadmin-C0623,phpmyadmin,libraries/classes/VersionInformation.php,74,140,long_method_or_region,Long or Complex Region,14,,,,,,Extract Method,pending
phpmyadmin-C0624,phpmyadmin,libraries/classes/ZipExtension.php,41,105,long_method_or_region,Long or Complex Region,10,,,,,,Extract Method,pending
phpmyadmin-C0625,phpmyadmin,libraries/classes/ZipExtension.php,170,286,long_method_or_region,Long or Complex Region,7,,,,,,Extract Method,pending
phpmyadmin-C0626,phpmyadmin,libraries/rte/rte_main.inc.php,1,89,long_method_or_region,Long or Complex Region,15,type,,,,,Extract Method,pending
phpmyadmin-C0627,phpmyadmin,libraries/classes/Config/ConfigFile.php,1,531,session_dependent_logic,Session-Dependent Logic,51,,,,,,Extract Guard;Extract Method,pending
phpmyadmin-C0628,phpmyadmin,libraries/classes/Config/ConfigFile.php,200,255,session_dependent_logic,Session-Dependent Logic,10,,,,,,Extract Guard;Extract Method,pending
phpmyadmin-C0629,phpmyadmin,libraries/classes/Config/Descriptions.php,1,1493,sql_data_access,SQL/Data Access Region,727,,,data;different;editing;other;phpMyAdmin;start;the;timestamp;your,,,Light Data-Access Isolation;Extract Method,pending
phpmyadmin-C0630,phpmyadmin,libraries/classes/Config/Descriptions.php,58,1494,sql_data_access,SQL/Data Access Region,717,,,data;different;editing;other;phpMyAdmin;start;the;timestamp;your,,,Light Data-Access Isolation;Extract Method,pending
phpmyadmin-C0631,phpmyadmin,libraries/classes/Config/Form.php,1,233,sql_data_access,SQL/Data Access Region,22,,,,,,Light Data-Access Isolation;Extract Method,pending
phpmyadmin-C0632,phpmyadmin,libraries/classes/Config/Form.php,100,147,sql_data_access,SQL/Data Access Region,9,,,,,,Light Data-Access Isolation;Extract Method,pending
phpmyadmin-C0633,phpmyadmin,libraries/classes/Config/FormDisplay.php,1,880,long_method_or_region,Long or Complex Region,135,submit_save,,,,,Extract Method,pending
phpmyadmin-C0634,phpmyadmin,libraries/classes/Config/FormDisplay.php,222,281,long_method_or_region,Long or Complex Region,12,,,,,,Extract Method,pending
phpmyadmin-C0635,phpmyadmin,libraries/classes/Config/FormDisplay.php,281,368,long_method_or_region,Long or Complex Region,14,,,,,,Extract Method,pending
phpmyadmin-C0636,phpmyadmin,libraries/classes/Config/FormDisplay.php,368,492,long_method_or_region,Long or Complex Region,28,,,,,,Extract Method,pending
phpmyadmin-C0637,phpmyadmin,libraries/classes/Config/FormDisplay.php,574,737,long_method_or_region,Long or Complex Region,37,,,,,,Extract Method,pending
phpmyadmin-C0638,phpmyadmin,libraries/classes/Config/FormDisplay.php,801,871,long_method_or_region,Long or Complex Region,11,,,,,,Extract Method,pending
phpmyadmin-C0639,phpmyadmin,libraries/classes/Config/FormDisplayTemplate.php,1,493,mixed_php_html,Mixed PHP/HTML,68,,,,#check_page_refresh;.all85;.config-form;.disableAjax;.disabled-notice;.doc;.field-comment-mark;.hide;.restore-default;.set-value;.tabs_contents;.userprefs-allow;.userprefs-comment,,Separate PHP Logic from Markup;Extract View Helper,pending
phpmyadmin-C0640,phpmyadmin,libraries/classes/Config/FormDisplayTemplate.php,149,372,long_method_or_region,Long or Complex Region,53,,,,.all85;.disabled-notice;.doc;.field-comment-mark;.hide;.restore-default;.set-value;.userprefs-allow;.userprefs-comment,,Extract Method,pending
phpmyadmin-C0641,phpmyadmin,libraries/classes/Config/PageSettings.php,1,231,form_handling,Request Handling Mixed With Rendering,12,printview;submit_save,,,.config-form;.error;.page_settings,,Extract Validation Helper;Extract Method;Extract View Helper,pending
phpmyadmin-C0642,phpmyadmin,libraries/classes/Config/ServerConfigChecks.php,139,247,long_method_or_region,Long or Complex Region,12,,,,,,Extract Method,pending
phpmyadmin-C0643,phpmyadmin,libraries/classes/Config/Validator.php,38,95,long_method_or_region,Long or Complex Region,11,,,,,,Extract Method,pending
phpmyadmin-C0644,phpmyadmin,libraries/classes/Config/Validator.php,95,180,long_method_or_region,Long or Complex Region,18,,,,,,Extract Method,pending
phpmyadmin-C0645,phpmyadmin,libraries/classes/Config/Validator.php,180,242,long_method_or_region,Long or Complex Region,14,,,,,,Extract Method,pending
phpmyadmin-C0646,phpmyadmin,libraries/classes/Config/Validator.php,242,314,long_method_or_region,Long or Complex Region,15,,,,,,Extract Method,pending
phpmyadmin-C0647,phpmyadmin,libraries/classes/Config/Validator.php,314,367,long_method_or_region,Long or Complex Region,13,,,,,,Extract Method,pending
phpmyadmin-C0648,phpmyadmin,libraries/classes/Config/Validator.php,409,464,long_method_or_region,Long or Complex Region,12,,,,,,Extract Method,pending
phpmyadmin-C0649,phpmyadmin,libraries/classes/Database/Designer.php,1,422,sql_data_access,SQL/Data Access Region,31,db;query,,the,,,Light Data-Access Isolation;Extract Method,pending
phpmyadmin-C0650,phpmyadmin,libraries/classes/Database/Qbe.php,1,1961,mixed_php_html_sql,SQL in Presentation Logic,235,TableList;criteria;criteriaAlias;criteriaAndOrColumn;criteriaAndOrRow;criteriaColumn;criteriaColumnAdd;criteriaColumnCount;criteriaColumnDelete;criteriaColumnInsert;criteriaRowAdd;criteriaRowDelete;criteriaRowInsert;criteriaShow;criteriaSort;criteriaSortOrder;prev_criteria;rows,,MySQL;Query;bookmark;clause;clauses;if;the;this;unfinalized,#action;#deleteSearch;#formQBE;#listTable;#saveSearch;#searchId;#searchName;#textSqlquery;#updateSearch;.center;.data;.desktop50;.floatleft;.jsresponsive;.lock-page;.noclick;.nopadding;.nospacing;.nowrap;.responsivetable,db_qbe.php,Light Data-Access Isolation;Extract Method;Extract View Helper,pending
phpmyadmin-C0651,phpmyadmin,libraries/classes/Database/Qbe.php,326,385,long_method_or_region,Long or Complex Region,15,TableList,,,,,Extract Method,pending
phpmyadmin-C0652,phpmyadmin,libraries/classes/Database/Qbe.php,551,613,long_method_or_region,Long or Complex Region,13,criteriaColumn;criteriaSort,,,.noclick,,Extract Method,pending
phpmyadmin-C0653,phpmyadmin,libraries/classes/Database/Qbe.php,711,778,long_method_or_region,Long or Complex Region,10,,,,.center;.noclick;.textfield,,Extract Method,pending
phpmyadmin-C0654,phpmyadmin,libraries/classes/Database/Qbe.php,1131,1225,long_method_or_region,Long or Complex Region,20,,,,,,Extract Method,pending
phpmyadmin-C0655,phpmyadmin,libraries/classes/Database/Qbe.php,1225,1281,long_method_or_region,Long or Complex Region,10,,,,,,Extract Method,pending
phpmyadmin-C0656,phpmyadmin,libraries/classes/Database/Qbe.php,1384,1463,long_method_or_region,Long or Complex Region,15,,,,,,Extract Method,pending
phpmyadmin-C0657,phpmyadmin,libraries/classes/Database/Qbe.php,1552,1675,long_method_or_region,Long or Complex Region,19,,,,,,Extract Method,pending
phpmyadmin-C0658,phpmyadmin,libraries/classes/Database/Qbe.php,1716,1757,long_method_or_region,Long or Complex Region,10,,,,,,Extract Method,pending
phpmyadmin-C0659,phpmyadmin,libraries/classes/Database/Search.php,1,339,long_method_or_region,Long or Complex Region,33,criteriaColumnName;criteriaSearchString;criteriaSearchType;criteriaTables;submit_search,,,,,Extract Method,pending
phpmyadmin-C0660,phpmyadmin,libraries/classes/Database/Search.php,205,267,long_method_or_region,Long or Complex Region,17,,,,,,Extract Method,pending
phpmyadmin-C0661,phpmyadmin,libraries/classes/Dbi/DbiDummy.php,1,454,sql_data_access,SQL/Data Access Region,28,,,a;cache;multi;multi_query,,,Light Data-Access Isolation;Extract Method,pending
phpmyadmin-C0662,phpmyadmin,libraries/classes/Dbi/DbiMysql.php,1,461,sql_data_access,SQL/Data Access Region,37,,,a;multi;multi_query,,,Light Data-Access Isolation;Extract Method,pending
phpmyadmin-C0663,phpmyadmin,libraries/classes/Dbi/DbiMysqli.php,1,596,sql_data_access,SQL/Data Access Region,45,,,a;multi;multi_query,,,Light Data-Access Isolation;Extract Method,pending
phpmyadmin-C0664,phpmyadmin,libraries/classes/Dbi/DbiMysqli.php,78,189,long_method_or_region,Long or Complex Region,14,,,,,,Extract Method,pending
phpmyadmin-C0665,phpmyadmin,libraries/classes/Display/ChangePassword.php,1,165,mixed_php_html,Mixed PHP/HTML,18,,,,#change_password_form;#change_password_strength;#change_password_strength_meter;#fieldset_change_password;#fieldset_change_password_footer;#nopass_0;#nopass_1;#ssl_reqd_warning_cp;#text_pma_change_pw;#text_pma_change_pw2;#tr_element_before_generate_password;.data;.hide;.noclick;.tblFooters;.textfield;.vmiddle,chgPassword,Separate PHP Logic from Markup;Extract View Helper,pending
phpmyadmin-C0666,phpmyadmin,libraries/classes/Display/ChangePassword.php,32,166,long_method_or_region,Long or Complex Region,13,,,,#change_password_form;#change_password_strength;#change_password_strength_meter;#fieldset_change_password;#fieldset_change_password_footer;#nopass_0;#nopass_1;#ssl_reqd_warning_cp;#text_pma_change_pw;#text_pma_change_pw2;#tr_element_before_generate_password;.data;.hide;.noclick;.tblFooters;.textfield;.vmiddle,chgPassword,Extract Method,pending
phpmyadmin-C0667,phpmyadmin,libraries/classes/Display/Export.php,1,806,mixed_php_html_sql,SQL in Presentation Logic,65,allrows;compression;db_select;exportType;export_method;filename_template;limit_from;limit_to;lock_tables;quick_or_custom;repopulate;single_table;sql_query;templateAction;templateData;templateId;templateName;template_id,tmpval,clicking,#alias_data;#alias_modal;.disableAjax;.hide,dump;export.php,Light Data-Access Isolation;Extract Method;Extract View Helper,pending
phpmyadmin-C0668,phpmyadmin,libraries/classes/Display/Export.php,474,534,session_dependent_logic,Session-Dependent Logic,5,lock_tables;repopulate,tmpval,,,,Extract Guard;Extract Method,pending
phpmyadmin-C0669,phpmyadmin,libraries/classes/Display/Export.php,568,625,session_dependent_logic,Session-Dependent Logic,10,,tmpval,,#alias_data;.hide,,Extract Guard;Extract Method,pending
phpmyadmin-C0670,phpmyadmin,libraries/classes/Display/Export.php,737,807,sql_data_access,SQL/Data Access Region,10,exportType;templateAction;templateData;templateId;templateName,,,,,Light Data-Access Isolation;Extract Method,pending
phpmyadmin-C0671,phpmyadmin,libraries/classes/Display/Import.php,1,111,session_dependent_logic,Session-Dependent Logic,18,local_import_file;offset;timeout_passed,,,,,Extract Guard;Extract Method,pending
phpmyadmin-C0672,phpmyadmin,libraries/classes/Display/Import.php,34,112,session_dependent_logic,Session-Dependent Logic,15,local_import_file;offset;timeout_passed,,,,,Extract Guard;Extract Method,pending
phpmyadmin-C0673,phpmyadmin,libraries/classes/Display/ImportAjax.php,1,134,session_dependent_logic,Session-Dependent Logic,20,,,,,,Extract Guard;Extract Method,pending
phpmyadmin-C0674,phpmyadmin,libraries/classes/Display/ImportAjax.php,24,73,session_dependent_logic,Session-Dependent Logic,10,,,,,,Extract Guard;Extract Method,pending
phpmyadmin-C0675,phpmyadmin,libraries/classes/Display/Results.php,1,5675,mixed_php_html_sql,SQL in Presentation Logic,606,display_binary;display_blob;display_options_form;full_text_button;geoOption;hide_transformation;pftext;pos;relational_display;session_max_rows,tmpval,Browse;Database;OUTFILE;PMA_relation;SQL;a;account;as;bikes;more;mytable;row;that;the;value,#id_rows_to_delete;#real_end_input;#resultsForm_;.autosubmit;.center;.checkall;.checkall_box;.col_order;.col_visib;.column_action;.common_hidden_inputs;.condition_array;.data;.disableAjax;.draggable;.filter_rows;.fulltext;.hide;.largescreenonly;.multi_checkbox,sql.php,Light Data-Access Isolation;Extract Method;Extract View Helper,pending
phpmyadmin-C0676,phpmyadmin,libraries/classes/Display/Results.php,250,404,long_method_or_region,Long or Complex Region,14,,,,,,Extract Method,pending
phpmyadmin-C0677,phpmyadmin,libraries/classes/Display/Results.php,547,618,long_method_or_region,Long or Complex Region,14,,,,,,Extract Method,pending
phpmyadmin-C0678,phpmyadmin,libraries/classes/Display/Results.php,618,697,sql_data_access,SQL/Data Access Region,19,,,,,,Light Data-Access Isolation;Extract Method,pending
phpmyadmin-C0679,phpmyadmin,libraries/classes/Display/Results.php,781,834,session_dependent_logic,Session-Dependent Logic,4,,tmpval,,,sql.php,Extract Guard;Extract Method,pending
phpmyadmin-C0680,phpmyadmin,libraries/classes/Display/Results.php,834,994,session_dependent_logic,Session-Dependent Logic,15,,tmpval,,.filter_rows;.hide;.largescreenonly;.navigation;.navigation_goto;.navigation_separator;.nopadding;.nospacing;.restore_column;.save_edited,sql.php,Extract Guard;Extract Method,pending
phpmyadmin-C0681,phpmyadmin,libraries/classes/Display/Results.php,1048,1110,session_dependent_logic,Session-Dependent Logic,5,,tmpval,,#real_end_input,,Extract Guard;Extract Method,pending
phpmyadmin-C0682,phpmyadmin,libraries/classes/Display/Results.php,1110,1155,session_dependent_logic,Session-Dependent Logic,3,,tmpval,,,,Extract Guard;Extract Method,pending
phpmyadmin-C0683,phpmyadmin,libraries/classes/Display/Results.php,1155,1264,session_dependent_logic,Session-Dependent Logic,17,,tmpval,,.draggable,,Extract Guard;Extract Method,pending
phpmyadmin-C0684,phpmyadmin,libraries/classes/Display/Results.php,1264,1358,long_method_or_region,Long or Complex Region,12,,,,.common_hidden_inputs;.save_cells_at_once,,Extract Method,pending
phpmyadmin-C0685,phpmyadmin,libraries/classes/Display/Results.php,1495,1571,long_method_or_region,Long or Complex Region,14,,,,.column_action;.print_ignore,,Extract Method,pending
phpmyadmin-C0686,phpmyadmin,libraries/classes/Display/Results.php,1715,1757,session_dependent_logic,Session-Dependent Logic,3,,tmpval,,.fulltext,,Extract Guard;Extract Method,pending
phpmyadmin-C0687,phpmyadmin,libraries/classes/Display/Results.php,1811,1907,sql_data_access,SQL/Data Access Region,9,,,PMA_relation,,,Light Data-Access Isolation;Extract Method,pending
phpmyadmin-C0688,phpmyadmin,libraries/classes/Display/Results.php,1907,2037,long_method_or_region,Long or Complex Region,20,,,,,,Extract Method,pending
phpmyadmin-C0689,phpmyadmin,libraries/classes/Display/Results.php,2037,2114,sql_data_access,SQL/Data Access Region,8,,,mytable;value,,,Light Data-Access Isolation;Extract Method,pending
phpmyadmin-C0690,phpmyadmin,libraries/classes/Display/Results.php,2516,2733,session_dependent_logic,Session-Dependent Logic,34,,tmpval,,,,Extract Guard;Extract Method,pending
phpmyadmin-C0691,phpmyadmin,libraries/classes/Display/Results.php,2733,2824,session_dependent_logic,Session-Dependent Logic,11,,tmpval,,,,Extract Guard;Extract Method,pending
phpmyadmin-C0692,phpmyadmin,libraries/classes/Display/Results.php,2824,3106,session_dependent_logic,Session-Dependent Logic,36,,tmpval,,,,Extract Guard;Extract Method,pending
phpmyadmin-C0693,phpmyadmin,libraries/classes/Display/Results.php,3106,3165,sql_data_access,SQL/Data Access Region,13,,,that,,,Light Data-Access Isolation;Extract Method,pending
phpmyadmin-C0694,phpmyadmin,libraries/classes/Display/Results.php,3192,3232,sql_data_access,SQL/Data Access Region,3,,,,,,Light Data-Access Isolation;Extract Method,pending
phpmyadmin-C0695,phpmyadmin,libraries/classes/Display/Results.php,3371,3454,sql_data_access,SQL/Data Access Region,8,,,,,,Light Data-Access Isolation;Extract Method,pending
phpmyadmin-C0696,phpmyadmin,libraries/classes/Display/Results.php,3454,3512,long_method_or_region,Long or Complex Region,12,,,,.nowrap,,Extract Method,pending
phpmyadmin-C0697,phpmyadmin,libraries/classes/Display/Results.php,3673,3791,session_dependent_logic,Session-Dependent Logic,9,,tmpval,,,,Extract Guard;Extract Method,pending
phpmyadmin-C0698,phpmyadmin,libraries/classes/Display/Results.php,3791,3931,long_method_or_region,Long or Complex Region,18,,,,,,Extract Method,pending
phpmyadmin-C0699,phpmyadmin,libraries/classes/Display/Results.php,3931,4090,session_dependent_logic,Session-Dependent Logic,24,display_binary;display_blob;display_options_form;full_text_button;geoOption;hide_transformation;pftext;pos;relational_display;session_max_rows,tmpval,,,,Extract Guard;Extract Method,pending
phpmyadmin-C0700,phpmyadmin,libraries/classes/Display/Results.php,4090,4343,long_method_or_region,Long or Complex Region,37,,,,,,Extract Method,pending
phpmyadmin-C0701,phpmyadmin,libraries/classes/Display/Results.php,4343,4382,session_dependent_logic,Session-Dependent Logic,4,,tmpval,,,,Extract Guard;Extract Method,pending
phpmyadmin-C0702,phpmyadmin,libraries/classes/Display/Results.php,4382,4503,long_method_or_region,Long or Complex Region,13,,,,,,Extract Method,pending
phpmyadmin-C0703,phpmyadmin,libraries/classes/Display/Results.php,4503,4609,session_dependent_logic,Session-Dependent Logic,11,,tmpval,,,,Extract Guard;Extract Method,pending
phpmyadmin-C0704,phpmyadmin,libraries/classes/Display/Results.php,4609,4675,long_method_or_region,Long or Complex Region,11,,,,,,Extract Method,pending
phpmyadmin-C0705,phpmyadmin,libraries/classes/Display/Results.php,4675,4779,long_method_or_region,Long or Complex Region,9,,,,#resultsForm_;.checkall_box;.print_ignore;.selectallarrow,,Extract Method,pending
phpmyadmin-C0706,phpmyadmin,libraries/classes/Display/Results.php,4910,5083,sql_data_access,SQL/Data Access Region,20,,,bikes,.print_ignore,,Light Data-Access Isolation;Extract Method,pending
phpmyadmin-C0707,phpmyadmin,libraries/classes/Display/Results.php,5083,5187,session_dependent_logic,Session-Dependent Logic,14,,tmpval,,.disableAjax,,Extract Guard;Extract Method,pending
phpmyadmin-C0708,phpmyadmin,libraries/classes/Display/Results.php,5187,5248,sql_data_access,SQL/Data Access Region,6,,,account,,,Light Data-Access Isolation;Extract Method,pending
phpmyadmin-C0709,phpmyadmin,libraries/classes/Display/Results.php,5248,5406,session_dependent_logic,Session-Dependent Logic,23,,tmpval,the,,,Extract Guard;Extract Method,pending
phpmyadmin-C0710,phpmyadmin,libraries/classes/Display/Results.php,5538,5591,long_method_or_region,Long or Complex Region,11,,,,.hide,,Extract Method,pending
phpmyadmin-C0711,phpmyadmin,libraries/classes/Engines/Innodb.php,1,395,mixed_php_html,Mixed PHP/HTML,13,,,,#pre_innodb_status;#table_innodb_bufferpool_activity;#table_innodb_bufferpool_usage;.data;.tblHeaders;.value,,Separate PHP Logic from Markup;Extract View Helper,pending
phpmyadmin-C0712,phpmyadmin,libraries/classes/Engines/Innodb.php,150,331,long_method_or_region,Long or Complex Region,5,,,,#table_innodb_bufferpool_activity;#table_innodb_bufferpool_usage;.data;.tblHeaders;.value,,Extract Method,pending
phpmyadmin-C0713,phpmyadmin,libraries/classes/Engines/Pbxt.php,26,145,long_method_or_region,Long or Complex Region,5,,,,,,Extract Method,pending
phpmyadmin-C0714,phpmyadmin,libraries/classes/Gis/GisGeometryCollection.php,56,121,long_method_or_region,Long or Complex Region,11,,,,,,Extract Method,pending
phpmyadmin-C0715,phpmyadmin,libraries/classes/Gis/GisMultiLineString.php,315,367,long_method_or_region,Long or Complex Region,11,,,,,,Extract Method,pending
phpmyadmin-C0716,phpmyadmin,libraries/classes/Gis/GisMultiPolygon.php,97,176,long_method_or_region,Long or Complex Region,10,,,,,,Extract Method,pending
phpmyadmin-C0717,phpmyadmin,libraries/classes/Gis/GisMultiPolygon.php,176,244,long_method_or_region,Long or Complex Region,10,,,,,,Extract Method,pending
phpmyadmin-C0718,phpmyadmin,libraries/classes/Gis/GisMultiPolygon.php,376,444,long_method_or_region,Long or Complex Region,14,,,,,,Extract Method,pending
phpmyadmin-C0719,phpmyadmin,libraries/classes/Gis/GisMultiPolygon.php,444,547,long_method_or_region,Long or Complex Region,21,,,,,,Extract Method,pending
phpmyadmin-C0720,phpmyadmin,libraries/classes/Gis/GisPolygon.php,509,572,long_method_or_region,Long or Complex Region,11,,,,,,Extract Method,pending
phpmyadmin-C0721,phpmyadmin,libraries/classes/Gis/GisVisualization.php,1,723,sql_data_access,SQL/Data Access Region,58,,,minimum;the,#groupPanel,,Light Data-Access Isolation;Extract Method,pending
phpmyadmin-C0722,phpmyadmin,libraries/classes/Gis/GisVisualization.php,551,647,long_method_or_region,Long or Complex Region,14,,,,,,Extract Method,pending
phpmyadmin-C0723,phpmyadmin,libraries/classes/Navigation/Navigation.php,1,249,mixed_php_html_sql,SQL in Presentation Logic,26,full;reload,,the,#pma_navi_settings_container;.ajax;.close;.minimize;.pma_drop_handler;.pma_import_count;.pma_sql_import_status;.unhideNavItem,navigation.php,Light Data-Access Isolation;Extract Method;Extract View Helper,pending
phpmyadmin-C0724,phpmyadmin,libraries/classes/Navigation/Navigation.php,178,250,sql_data_access,SQL/Data Access Region,10,,,,.ajax;.unhideNavItem,navigation.php,Light Data-Access Isolation;Extract Method,pending
phpmyadmin-C0725,phpmyadmin,libraries/classes/Navigation/NavigationHeader.php,1,259,mixed_php_html,Mixed PHP/HTML,31,,,,#imgpmalogo;#navipanellinks;#pma_navigation;#pma_navigation_collapser;#pma_navigation_content;#pma_navigation_header;#pma_navigation_resizer;#pma_navigation_tree;#serverChoice;.class=;.hide;.navigation_url,,Separate PHP Logic from Markup;Extract View Helper,pending
phpmyadmin-C0726,phpmyadmin,libraries/classes/Navigation/NavigationHeader.php,79,158,long_method_or_region,Long or Complex Region,17,,,,#imgpmalogo,,Extract Method,pending
phpmyadmin-C0727,phpmyadmin,libraries/classes/Navigation/NavigationTree.php,1,1560,mixed_php_html_sql,SQL in Presentation Logic,225,aPath;n0_aPath;n0_vPath;pos;pos2_name;pos2_value;pos3_name;pos3_value;searchClause;searchClause2;vPath,,INFORMATION_SCHEMA;main,#navi_db_select;#navigation_controls;#navigation_controls_outer;#pma_navigation_db_select;#pma_navigation_select_database;#pma_navigation_tree_content;.$linkClass;.aPath;.ajax;.block;.clearfloat;.db_fast_filter;.fast_filter;.first;.hide;.hover_show_full;.hover_show_full$linkClass;.list_container;.loaded_db;.pma_quick_warp,index.php,Light Data-Access Isolation;Extract Method;Extract View Helper,pending
phpmyadmin-C0728,phpmyadmin,libraries/classes/Navigation/NavigationTree.php,93,167,long_method_or_region,Long or Complex Region,16,aPath;n0_aPath;n0_vPath;pos;pos2_name;pos2_value;pos3_name;pos3_value;searchClause;searchClause2;vPath,,,,,Extract Method,pending
phpmyadmin-C0729,phpmyadmin,libraries/classes/Navigation/NavigationTree.php,167,267,sql_data_access,SQL/Data Access Region,14,,,INFORMATION_SCHEMA,,,Light Data-Access Isolation;Extract Method,pending
phpmyadmin-C0730,phpmyadmin,libraries/classes/Navigation/NavigationTree.php,332,524,long_method_or_region,Long or Complex Region,32,,,,,,Extract Method,pending
phpmyadmin-C0731,phpmyadmin,libraries/classes/Navigation/NavigationTree.php,524,578,long_method_or_region,Long or Complex Region,11,,,,,,Extract Method,pending
phpmyadmin-C0732,phpmyadmin,libraries/classes/Navigation/NavigationTree.php,578,664,long_method_or_region,Long or Complex Region,16,,,,,,Extract Method,pending
phpmyadmin-C0733,phpmyadmin,libraries/classes/Navigation/NavigationTree.php,682,847,long_method_or_region,Long or Complex Region,33,,,,,,Extract Method,pending
phpmyadmin-C0734,phpmyadmin,libraries/classes/Navigation/NavigationTree.php,890,975,long_method_or_region,Long or Complex Region,11,,,,.hide;.list_container;.loaded_db;.search_results,,Extract Method,pending
phpmyadmin-C0735,phpmyadmin,libraries/classes/Navigation/NavigationTree.php,1035,1250,long_method_or_region,Long or Complex Region,32,,,,.$linkClass;.aPath;.block;.clearfloat;.first;.hide;.hover_show_full;.hover_show_full$linkClass;.list_container;.pos;.vPath,,Extract Method,pending
phpmyadmin-C0736,phpmyadmin,libraries/classes/Navigation/NavigationTree.php,1250,1328,long_method_or_region,Long or Complex Region,10,,,,#navi_db_select;#pma_navigation_db_select;#pma_navigation_select_database;#pma_navigation_tree_content;.hide,index.php,Extract Method,pending
phpmyadmin-C0737,phpmyadmin,libraries/classes/Plugins/AuthenticationPlugin.php,1,347,session_dependent_logic,Session-Dependent Logic,48,access_time;guid,browser_access_time;partial_logout,,,,Extract Guard;Extract Method,pending
phpmyadmin-C0738,phpmyadmin,libraries/classes/Plugins/AuthenticationPlugin.php,101,151,session_dependent_logic,Session-Dependent Logic,9,,partial_logout,,,,Extract Guard;Extract Method,pending
phpmyadmin-C0739,phpmyadmin,libraries/classes/Plugins/AuthenticationPlugin.php,258,316,long_method_or_region,Long or Complex Region,21,,,,,,Extract Method,pending
phpmyadmin-C0740,phpmyadmin,libraries/classes/Plugins/ExportPlugin.php,291,356,long_method_or_region,Long or Complex Region,16,,,,,,Extract Method,pending
phpmyadmin-C0741,phpmyadmin,libraries/classes/Rte/Events.php,1,629,mixed_php_html_sql,SQL in Presentation Logic,69,add_item;edit_item;editor_process_add;editor_process_edit;item_changetype;item_comment;item_definer;item_definition;item_ends;item_execute_at;item_interval_field;item_interval_value;item_name;item_original_name;item_preserve;item_starts;item_status;item_type,,INFORMATION_SCHEMA;an,.$isonetime_class;.$isrecurring_class;.datetimefield;.floatleft;.nowrap;.onetime_event_row;.recurring_event_row;.recurring_event_row$isrecurring_class;.rte_form;.rte_table;.tblFooters,db_events.php,Light Data-Access Isolation;Extract Method;Extract View Helper,pending
phpmyadmin-C0742,phpmyadmin,libraries/classes/Rte/Events.php,96,261,long_method_or_region,Long or Complex Region,24,add_item;edit_item;editor_process_add;editor_process_edit;item_changetype;item_name;item_original_name,,,,,Extract Method,pending
phpmyadmin-C0743,phpmyadmin,libraries/classes/Rte/Events.php,296,350,sql_data_access,SQL/Data Access Region,6,,,INFORMATION_SCHEMA,,,Light Data-Access Isolation;Extract Method,pending
phpmyadmin-C0744,phpmyadmin,libraries/classes/Rte/Events.php,350,543,sql_data_access,SQL/Data Access Region,14,,,an,.$isonetime_class;.$isrecurring_class;.datetimefield;.floatleft;.nowrap;.onetime_event_row;.recurring_event_row;.recurring_event_row$isrecurring_class;.rte_form;.rte_table;.tblFooters,db_events.php,Light Data-Access Isolation;Extract Method,pending
phpmyadmin-C0745,phpmyadmin,libraries/classes/Rte/Events.php,543,630,long_method_or_region,Long or Complex Region,19,item_comment;item_definer;item_definition;item_ends;item_execute_at;item_interval_field;item_interval_value;item_name;item_preserve;item_starts;item_status;item_type,,,,,Extract Method,pending
phpmyadmin-C0746,phpmyadmin,libraries/classes/Rte/Export.php,1,145,long_method_or_region,Long or Complex Region,18,export_item;item_name;item_type,,,,,Extract Method,pending
phpmyadmin-C0747,phpmyadmin,libraries/classes/Rte/Footer.php,1,137,mixed_php_html,Mixed PHP/HTML,17,,,,.add_anchor;.ajax;.clearfloat;.doubleFieldset;.left;.right;.wrap,,Separate PHP Logic from Markup;Extract View Helper,pending
phpmyadmin-C0748,phpmyadmin,libraries/classes/Rte/Routines.php,1,1721,mixed_php_html_sql,SQL in Presentation Logic,199,add_item;edit_item;editor_process_add;editor_process_edit;execute_dialog;execute_routine;funcs;item_adjust_privileges;item_comment;item_definer;item_definition;item_isdeterministic;item_name;item_original_name;item_original_type;item_param_dir;item_param_length;item_param_name;item_param_opts_num;item_param_opts_text;item_param_type;item_returnlength;item_returnopts_num;item_returnopts_text;item_returntype;item_securitytype;item_sqldataaccess;item_type;params;routine_addparameter;routine_changetype;routine_removeparameter,,INFORMATION_SCHEMA;an;the,#item_param_length_$index;.$class;.ajax;.center;.datefield;.datetimefield;.dragHandle;.enum_hint;.floatleft;.hide;.no_len;.no_opts;.nowrap;.open_enum_editor;.routine_direction_cell$class;.routine_direction_cell$isprocedure_class;.routine_param_opts_num;.routine_param_opts_text;.routine_param_remove;.routine_param_remove$drop_class,db_routines.php,Light Data-Access Isolation;Extract Method;Extract View Helper,pending
phpmyadmin-C0749,phpmyadmin,libraries/classes/Rte/Routines.php,108,201,long_method_or_region,Long or Complex Region,15,add_item;edit_item;editor_process_add;editor_process_edit;item_name;item_type;routine_addparameter;routine_changetype;routine_removeparameter,,,,,Extract Method,pending
phpmyadmin-C0750,phpmyadmin,libraries/classes/Rte/Routines.php,201,333,long_method_or_region,Long or Complex Region,15,editor_process_add;editor_process_edit;item_name;item_original_name;item_original_type;item_type,,,,,Extract Method,pending
phpmyadmin-C0751,phpmyadmin,libraries/classes/Rte/Routines.php,333,372,sql_data_access,SQL/Data Access Region,4,item_adjust_privileges;item_original_name;item_original_type,,,,,Light Data-Access Isolation;Extract Method,pending
phpmyadmin-C0752,phpmyadmin,libraries/classes/Rte/Routines.php,372,440,sql_data_access,SQL/Data Access Region,4,item_name;item_type,,,,,Light Data-Access Isolation;Extract Method,pending
phpmyadmin-C0753,phpmyadmin,libraries/classes/Rte/Routines.php,472,587,long_method_or_region,Long or Complex Region,17,item_isdeterministic;item_original_type;item_param_dir;item_param_length;item_param_name;item_param_opts_num;item_param_opts_text;item_param_type;item_returntype;item_securitytype;item_sqldataaccess;item_type,,,,,Extract Method,pending
phpmyadmin-C0754,phpmyadmin,libraries/classes/Rte/Routines.php,587,700,sql_data_access,SQL/Data Access Region,17,,,INFORMATION_SCHEMA,,,Light Data-Access Isolation;Extract Method,pending
phpmyadmin-C0755,phpmyadmin,libraries/classes/Rte/Routines.php,700,814,long_method_or_region,Long or Complex Region,11,,,,#item_param_length_$index;.dragHandle;.enum_hint;.hide;.no_len;.no_opts;.open_enum_editor;.routine_direction_cell$class;.routine_param_opts_num;.routine_param_opts_text;.routine_param_remove$drop_class;.routine_param_remove_anchor;.ui-icon;.ui-icon-arrowthick-2-n-s,,Extract Method,pending
phpmyadmin-C0756,phpmyadmin,libraries/classes/Rte/Routines.php,814,1098,sql_data_access,SQL/Data Access Region,20,edit_item,,an,.center;.floatleft;.hide;.no_len;.no_opts;.routine_direction_cell$isprocedure_class;.routine_param_remove;.routine_params_table;.routine_return_row;.rte_form;.rte_table;.tblFooters,db_routines.php,Light Data-Access Isolation;Extract Method,pending
phpmyadmin-C0757,phpmyadmin,libraries/classes/Rte/Routines.php,1098,1316,long_method_or_region,Long or Complex Region,45,item_comment;item_definer;item_definition;item_isdeterministic;item_name;item_param_dir;item_param_length;item_param_name;item_param_opts_num;item_param_opts_text;item_param_type;item_returnlength;item_returnopts_num;item_returnopts_text;item_returntype;item_securitytype;item_sqldataaccess;item_type,,,,,Extract Method,pending
phpmyadmin-C0758,phpmyadmin,libraries/classes/Rte/Routines.php,1316,1563,sql_data_access,SQL/Data Access Region,29,execute_dialog;execute_routine;funcs;item_name;item_type;params,,the,,,Light Data-Access Isolation;Extract Method,pending
phpmyadmin-C0759,phpmyadmin,libraries/classes/Rte/Routines.php,1585,1722,long_method_or_region,Long or Complex Region,15,,,,.$class;.ajax;.datefield;.datetimefield;.nowrap;.rte_form;.rte_table;.tblFooters;.tblHeaders,db_routines.php,Extract Method,pending
phpmyadmin-C0760,phpmyadmin,libraries/classes/Rte/RteList.php,1,486,mixed_php_html_sql,SQL in Presentation Logic,49,ajax_page_request,,INFORMATION_SCHEMA;the,#nothing2display;#rteListForm;.$class1;.$rowclass;.ajax;.checkall;.data$class2;.drop_sql;.edit_anchor;.exec_anchor;.export_anchor;.hide;.withSelected,,Light Data-Access Isolation;Extract Method;Extract View Helper,pending
phpmyadmin-C0761,phpmyadmin,libraries/classes/Rte/RteList.php,35,138,long_method_or_region,Long or Complex Region,16,ajax_page_request,,,#nothing2display;#rteListForm;.$class1;.ajax;.data$class2;.hide,,Extract Method,pending
phpmyadmin-C0762,phpmyadmin,libraries/classes/Rte/RteList.php,192,344,sql_data_access,SQL/Data Access Region,17,,,INFORMATION_SCHEMA,.$rowclass;.ajax;.checkall;.drop_sql;.edit_anchor;.exec_anchor;.export_anchor;.hide,,Light Data-Access Isolation;Extract Method,pending
phpmyadmin-C0763,phpmyadmin,libraries/classes/Rte/Triggers.php,1,478,mixed_php_html_sql,SQL in Presentation Logic,58,add_item;edit_item;editor_process_add;editor_process_edit;item_definer;item_definition;item_event;item_name;item_original_name;item_table;item_timing,,INFORMATION_SCHEMA;an,.rte_form;.rte_table;.tblFooters,db_triggers.php,Light Data-Access Isolation;Extract Method;Extract View Helper,pending
phpmyadmin-C0764,phpmyadmin,libraries/classes/Rte/Triggers.php,76,243,long_method_or_region,Long or Complex Region,25,add_item;edit_item;editor_process_add;editor_process_edit;item_name;item_original_name,,,,,Extract Method,pending
phpmyadmin-C0765,phpmyadmin,libraries/classes/Rte/Triggers.php,304,426,sql_data_access,SQL/Data Access Region,11,,,INFORMATION_SCHEMA;an,.rte_form;.rte_table;.tblFooters,db_triggers.php,Light Data-Access Isolation;Extract Method,pending
phpmyadmin-C0766,phpmyadmin,libraries/classes/Rte/Triggers.php,426,479,long_method_or_region,Long or Complex Region,10,item_definer;item_definition;item_event;item_name;item_table;item_timing,,,,,Extract Method,pending
phpmyadmin-C0767,phpmyadmin,libraries/classes/Server/Privileges.php,1,5438,mixed_php_html_sql,SQL in Presentation Logic,620,Grant_priv;adduser;adduser_submit;ajax_page_request;authentication_plugin;change_copy;column_count;createdb-1;createdb-2;createdb-3;dbname;drop_users_db;edit_user_group_dialog;flush_privileges;grant_count;hostname;initial;max_connections;max_questions;max_updates;max_user_connections;mode;nopass;old_hostname;old_usergroup;old_username;pma_pw;pma_pw2;pred_dbname;pred_hostname;pred_password;pred_routinename;pred_tablename;pred_username;routinename;selected_usr;showall;ssl_type;tablename;update_privs;userGroup;username;validate_username,,DB;Data;Message;MySQL;an;and;any;connecting;files;information_schema;libraries;localhost;mysql;other;password;privileges;queries_for_display;request;result;resultset;the;user,#addUsersForm;#addUsersForm_checkall;#adduser_submit;#authentication_plugin_div;#checkbox_;#checkbox_sel_users_;#dbspecificuserrights;#div_element_before_generate_password;#edit_user_dialog;#fieldset_add_user_database;#fieldset_add_user_footer;#fieldset_add_user_login;#fieldset_change_copy_user;#fieldset_change_copy_user_footer;#fieldset_mode;#fieldset_user_global_rights;#fieldset_user_priv;#fieldset_user_privtable_footer;#password_strength;#password_strength_meter,server_privileges.php;usersForm,Light Data-Access Isolation;Extract Method;Extract View Helper,pending
phpmyadmin-C0768,phpmyadmin,libraries/classes/Server/Privileges.php,175,246,long_method_or_region,Long or Complex Region,12,column_count;grant_count,,,,,Extract Method,pending
phpmyadmin-C0769,phpmyadmin,libraries/classes/Server/Privileges.php,298,479,long_method_or_region,Long or Complex Region,11,,,,,,Extract Method,pending
phpmyadmin-C0770,phpmyadmin,libraries/classes/Server/Privileges.php,537,585,sql_data_access,SQL/Data Access Region,4,,,request,,,Light Data-Access Isolation;Extract Method,pending
phpmyadmin-C0771,phpmyadmin,libraries/classes/Server/Privileges.php,585,633,sql_data_access,SQL/Data Access Region,6,,,,,,Light Data-Access Isolation;Extract Method,pending
phpmyadmin-C0772,phpmyadmin,libraries/classes/Server/Privileges.php,633,730,long_method_or_region,Long or Complex Region,17,,,,#fieldset_user_privtable_footer;.tblFooters,,Extract Method,pending
phpmyadmin-C0773,phpmyadmin,libraries/classes/Server/Privileges.php,730,841,long_method_or_region,Long or Complex Region,10,,,,,,Extract Method,pending
phpmyadmin-C0774,phpmyadmin,libraries/classes/Server/Privileges.php,896,941,sql_data_access,SQL/Data Access Region,1,,,mysql,,,Light Data-Access Isolation;Extract Method,pending
phpmyadmin-C0775,phpmyadmin,libraries/classes/Server/Privileges.php,978,1040,sql_data_access,SQL/Data Access Region,5,,,mysql;result,#fieldset_user_priv;.clearfloat;.item,,Light Data-Access Isolation;Extract Method,pending
phpmyadmin-C0776,phpmyadmin,libraries/classes/Server/Privileges.php,1071,1152,long_method_or_region,Long or Complex Region,12,,,,#checkbox_;.item,,Extract Method,pending
phpmyadmin-C0777,phpmyadmin,libraries/classes/Server/Privileges.php,1496,1769,long_method_or_region,Long or Complex Region,34,,,,#authentication_plugin_div;#div_element_before_generate_password;#fieldset_add_user_login;#password_strength;#password_strength_meter;#pma_hostname;#pma_username;#select_pred_hostname;#select_pred_password;#select_pred_username;#ssl_reqd_warning;#text_pma_pw;#text_pma_pw2;#user_exists_warning;.autofocus;.hide;.item;.options,,Extract Method,pending
phpmyadmin-C0778,phpmyadmin,libraries/classes/Server/Privileges.php,1802,1852,sql_data_access,SQL/Data Access Region,11,,,mysql,,,Light Data-Access Isolation;Extract Method,pending
phpmyadmin-C0779,phpmyadmin,libraries/classes/Server/Privileges.php,1875,2048,sql_data_access,SQL/Data Access Region,26,authentication_plugin;nopass;pma_pw;pma_pw2,,mysql;the,,,Light Data-Access Isolation;Extract Method,pending
phpmyadmin-C0780,phpmyadmin,libraries/classes/Server/Privileges.php,2081,2119,long_method_or_region,Long or Complex Region,10,ssl_type,,,,,Extract Method,pending
phpmyadmin-C0781,phpmyadmin,libraries/classes/Server/Privileges.php,2119,2166,long_method_or_region,Long or Complex Region,14,Grant_priv;adduser;max_connections;max_questions;max_updates;max_user_connections,,,,,Extract Method,pending
phpmyadmin-C0782,phpmyadmin,libraries/classes/Server/Privileges.php,2297,2368,sql_data_access,SQL/Data Access Region,7,,,mysql,#checkbox_sel_users_;.checkall,,Light Data-Access Isolation;Extract Method,pending
phpmyadmin-C0783,phpmyadmin,libraries/classes/Server/Privileges.php,2445,2518,sql_data_access,SQL/Data Access Region,4,,,mysql,#tablespecificuserrights;#usersForm;.data;.floatleft;.jsresponsive;.responsivetable,server_privileges.php,Light Data-Access Isolation;Extract Method,pending
phpmyadmin-C0784,phpmyadmin,libraries/classes/Server/Privileges.php,2683,2804,long_method_or_region,Long or Complex Region,19,,,,.center;.noclick,,Extract Method,pending
phpmyadmin-C0785,phpmyadmin,libraries/classes/Server/Privileges.php,2804,2870,long_method_or_region,Long or Complex Region,10,,,,.ajax;.edit_user_anchor;.export_user_anchor,,Extract Method,pending
phpmyadmin-C0786,phpmyadmin,libraries/classes/Server/Privileges.php,2944,3091,sql_data_access,SQL/Data Access Region,26,Grant_priv;change_copy;initial;pma_pw;update_privs;username;validate_username,,mysql;the,#checkbox_sel_users_;.usrGroup,,Light Data-Access Isolation;Extract Method,pending
phpmyadmin-C0787,phpmyadmin,libraries/classes/Server/Privileges.php,3208,3320,sql_data_access,SQL/Data Access Region,15,,,mysql;other,,,Light Data-Access Isolation;Extract Method,pending
phpmyadmin-C0788,phpmyadmin,libraries/classes/Server/Privileges.php,3347,3533,long_method_or_region,Long or Complex Region,21,,,,,,Extract Method,pending
phpmyadmin-C0789,phpmyadmin,libraries/classes/Server/Privileges.php,3607,3746,sql_data_access,SQL/Data Access Region,21,initial,,mysql,#checkbox_sel_users_;.center;.checkall;.usrGroup,,Light Data-Access Isolation;Extract Method,pending
phpmyadmin-C0790,phpmyadmin,libraries/classes/Server/Privileges.php,3763,3806,sql_data_access,SQL/Data Access Region,7,initial,,user,,,Light Data-Access Isolation;Extract Method,pending
phpmyadmin-C0791,phpmyadmin,libraries/classes/Server/Privileges.php,3806,3859,sql_data_access,SQL/Data Access Region,8,initial,,mysql,,,Light Data-Access Isolation;Extract Method,pending
phpmyadmin-C0792,phpmyadmin,libraries/classes/Server/Privileges.php,3903,3971,long_method_or_region,Long or Complex Region,10,Grant_priv;max_connections;max_questions;max_updates;max_user_connections,,,,,Extract Method,pending
phpmyadmin-C0793,phpmyadmin,libraries/classes/Server/Privileges.php,3971,4045,sql_data_access,SQL/Data Access Region,10,change_copy;old_hostname;old_username,,Data;mysql,,,Light Data-Access Isolation;Extract Method,pending
phpmyadmin-C0794,phpmyadmin,libraries/classes/Server/Privileges.php,4143,4299,sql_data_access,SQL/Data Access Region,22,adduser;adduser_submit;authentication_plugin;change_copy;old_usergroup;pred_hostname;pred_username;userGroup;username,,mysql,,,Light Data-Access Isolation;Extract Method,pending
phpmyadmin-C0795,phpmyadmin,libraries/classes/Server/Privileges.php,4317,4443,long_method_or_region,Long or Complex Region,37,dbname;hostname;pred_dbname;pred_routinename;pred_tablename;routinename;tablename;username,,,,,Extract Method,pending
phpmyadmin-C0796,phpmyadmin,libraries/classes/Server/Privileges.php,4631,4803,sql_data_access,SQL/Data Access Region,24,ajax_page_request;initial;showall,,MySQL;any;connecting;localhost;mysql;the,#reload_privileges_anchor,,Light Data-Access Isolation;Extract Method,pending
phpmyadmin-C0797,phpmyadmin,libraries/classes/Server/Privileges.php,4803,4902,sql_data_access,SQL/Data Access Region,11,,,mysql,#addUsersForm;#edit_user_dialog;.submenu-item,server_privileges.php;usersForm,Light Data-Access Isolation;Extract Method,pending
phpmyadmin-C0798,phpmyadmin,libraries/classes/Server/Privileges.php,4902,4989,sql_data_access,SQL/Data Access Region,14,old_username,,mysql,,,Light Data-Access Isolation;Extract Method,pending
phpmyadmin-C0799,phpmyadmin,libraries/classes/Server/Privileges.php,4989,5032,sql_data_access,SQL/Data Access Region,7,old_hostname;old_username,,mysql,,,Light Data-Access Isolation;Extract Method,pending
phpmyadmin-C0800,phpmyadmin,libraries/classes/Server/Privileges.php,5032,5127,long_method_or_region,Long or Complex Region,11,createdb-1;createdb-2;createdb-3,,,,,Extract Method,pending
phpmyadmin-C0801,phpmyadmin,libraries/classes/Server/Privileges.php,5181,5427,long_method_or_region,Long or Complex Region,28,Grant_priv;authentication_plugin;pma_pw;pred_password,,,,,Extract Method,pending
phpmyadmin-C0802,phpmyadmin,libraries/classes/Server/Select.php,1,125,mixed_php_html,Mixed PHP/HTML,25,,,,#list_server;#select_server;.autosubmit;.disableAjax;.item,,Separate PHP Logic from Markup;Extract View Helper,pending
phpmyadmin-C0803,phpmyadmin,libraries/classes/Server/Select.php,28,126,long_method_or_region,Long or Complex Region,23,,,,#list_server;#select_server;.autosubmit;.disableAjax;.item,,Extract Method,pending
phpmyadmin-C0804,phpmyadmin,libraries/classes/Server/Status.php,1,335,mixed_php_html,Mixed PHP/HTML,13,,,,#serverstatusconnections;#serverstatustraffic;.clearfloat;.data;.name;.noclick;.notice;.value;.width100,,Separate PHP Logic from Markup;Extract View Helper,pending
phpmyadmin-C0805,phpmyadmin,libraries/classes/Server/Status.php,237,336,long_method_or_region,Long or Complex Region,3,,,,#serverstatusconnections;.data;.name;.noclick;.value;.width100,,Extract Method,pending
phpmyadmin-C0806,phpmyadmin,libraries/classes/Server/UserGroups.php,1,379,mixed_php_html_sql,SQL in Presentation Logic,38,,,a;usergroup,#addUsersForm_checkall;#fieldset_add_user_group;#fieldset_user_group_rights;#fieldset_user_group_rights_footer;#userGroupForm;#userGroupsForm;#userGroupsTable;.ajax;.checkall;.checkall_box;.clearfloat;.deleteUserGroup;.item;.tblFooters,server_privileges.php;server_user_groups.php;userGroupForm;userGroupsForm,Light Data-Access Isolation;Extract Method;Extract View Helper,pending
phpmyadmin-C0807,phpmyadmin,libraries/classes/Server/UserGroups.php,28,72,sql_data_access,SQL/Data Access Region,6,,,,,,Light Data-Access Isolation;Extract Method,pending
phpmyadmin-C0808,phpmyadmin,libraries/classes/Server/UserGroups.php,72,174,sql_data_access,SQL/Data Access Region,5,,,usergroup,#fieldset_add_user_group;#userGroupsForm;#userGroupsTable;.ajax;.deleteUserGroup,server_privileges.php;userGroupsForm,Light Data-Access Isolation;Extract Method,pending
phpmyadmin-C0809,phpmyadmin,libraries/classes/Server/UserGroups.php,220,318,sql_data_access,SQL/Data Access Region,14,,,,#addUsersForm_checkall;#fieldset_user_group_rights;#fieldset_user_group_rights_footer;#userGroupForm;.checkall_box;.clearfloat;.tblFooters,server_user_groups.php;userGroupForm,Light Data-Access Isolation;Extract Method,pending
phpmyadmin-C0810,phpmyadmin,libraries/classes/Twig/UtilExtension.php,25,190,long_method_or_region,Long or Complex Region,1,,,,,,Extract Method,pending
phpmyadmin-C0811,phpmyadmin,libraries/classes/Utils/HttpRequest.php,97,197,long_method_or_region,Long or Complex Region,17,,,,,,Extract Method,pending
phpmyadmin-C0812,phpmyadmin,libraries/classes/Twig/I18n/NodeTrans.php,69,161,long_method_or_region,Long or Complex Region,13,,,,,,Extract Method,pending
phpmyadmin-C0813,phpmyadmin,libraries/classes/Server/Status/Data.php,1,504,mixed_php_html,Mixed PHP/HTML,34,,,,#id_;#topmenu2;.class=;.clearfloat;.refreshRate,,Separate PHP Logic from Markup;Extract View Helper,pending
phpmyadmin-C0814,phpmyadmin,libraries/classes/Server/Status/Monitor.php,1,829,mixed_php_html_sql,SQL in Presentation Logic,84,database;limitTypes;query;removeVariables;requiredData;varName;varValue,,INFORMATION_SCHEMA;and;mysql;the;which,#addChartDialog;#chartGrid;#chartPreset;#chartSeries;#chartStatusVar;#chartVariableSettings;#clearSeriesLink;#differentialValue;#explain_docu;#js_data;#limitTypes;#logAnalyseDialog;#logTable;#monitorInstructionsDialog;#profiling_docu;#queryAnalyzerDialog;#removeVariables;#seriesPreview;#sqlquery;#tabGridVariables,,Light Data-Access Isolation;Extract Method;Extract View Helper,pending
phpmyadmin-C0815,phpmyadmin,libraries/classes/Server/Status/Monitor.php,114,175,sql_data_access,SQL/Data Access Region,2,,,the,#monitorInstructionsDialog;.ajaxContent;.ajaxIcon;.hide;.monitorUse,,Light Data-Access Isolation;Extract Method,pending
phpmyadmin-C0816,phpmyadmin,libraries/classes/Server/Status/Monitor.php,500,567,long_method_or_region,Long or Complex Region,17,,,,,,Extract Method,pending
phpmyadmin-C0817,phpmyadmin,libraries/classes/Server/Status/Monitor.php,633,740,sql_data_access,SQL/Data Access Region,12,limitTypes;removeVariables,,mysql,,,Light Data-Access Isolation;Extract Method,pending
phpmyadmin-C0818,phpmyadmin,libraries/classes/Server/Status/Monitor.php,784,830,sql_data_access,SQL/Data Access Region,7,database;query,,INFORMATION_SCHEMA,,,Light Data-Access Isolation;Extract Method,pending
phpmyadmin-C0819,phpmyadmin,libraries/classes/Server/Status/Processes.php,1,305,mixed_php_html_sql,SQL in Presentation Logic,34,column_name;full;order_by_field;showExecuting;sort_order,,INFORMATION_SCHEMA,#showExecuting;#tableFilter;#tableprocesslist;#toggleRefresh;.ajax;.autosubmit;.clearfloat;.data;.formelement;.ic_s_asc;.ic_s_desc;.icon;.kill_process;.noclick;.responsivetable;.soimg;.sortlink;.tabLinks;.value,server_status_processes.php,Light Data-Access Isolation;Extract Method;Extract View Helper,pending
phpmyadmin-C0820,phpmyadmin,libraries/classes/Server/Status/Processes.php,57,217,sql_data_access,SQL/Data Access Region,18,full;order_by_field;showExecuting;sort_order,,INFORMATION_SCHEMA,#tableprocesslist;.clearfloat;.data;.ic_s_asc;.ic_s_desc;.icon;.noclick;.responsivetable;.soimg;.sortlink,,Light Data-Access Isolation;Extract Method,pending
phpmyadmin-C0821,phpmyadmin,libraries/classes/Server/Status/Variables.php,1,776,mixed_php_html_sql,SQL in Presentation Logic,66,dontFormat;filterAlert;filterCategory;filterText,,InnoDB;a;an;buffer;disk;foo;the,#dontFormat;#filterAlert;#filterCategory;#filterText;#linkSuggestions;#serverstatusvariables;#tableFilter;.allfine;.attention;.data;.defaultLinks;.descr;.descrcol;.formatted;.formelement;.hide;.name;.namecol;.noclick;.notice,server_status_variables.php,Light Data-Access Isolation;Extract Method;Extract View Helper,pending
phpmyadmin-C0822,phpmyadmin,libraries/classes/Server/Status/Variables.php,30,102,long_method_or_region,Long or Complex Region,10,dontFormat;filterAlert;filterCategory;filterText,,,#dontFormat;#filterAlert;#filterCategory;#filterText;#tableFilter;.formelement,server_status_variables.php,Extract Method,pending
phpmyadmin-C0823,phpmyadmin,libraries/classes/Server/Status/Variables.php,219,334,long_method_or_region,Long or Complex Region,18,,,,#serverstatusvariables;.allfine;.attention;.data;.descr;.descrcol;.formatted;.hide;.name;.namecol;.noclick;.original;.responsivetable;.value;.valuecol,,Extract Method,pending
phpmyadmin-C0824,phpmyadmin,libraries/classes/Server/Status/Variables.php,334,777,sql_data_access,SQL/Data Access Region,27,,,InnoDB;a;an;buffer;disk;foo;the,,,Light Data-Access Isolation;Extract Method,pending
phpmyadmin-C0825,phpmyadmin,libraries/classes/Plugins/Auth/AuthenticationConfig.php,1,170,mixed_php_html,Mixed PHP/HTML,14,,,,.auth_config_tbl;.button;.disableAjax,,Separate PHP Logic from Markup;Extract View Helper,pending
phpmyadmin-C0826,phpmyadmin,libraries/classes/Plugins/Auth/AuthenticationConfig.php,70,171,long_method_or_region,Long or Complex Region,9,,,,.auth_config_tbl;.button;.disableAjax,,Extract Method,pending
phpmyadmin-C0827,phpmyadmin,libraries/classes/Plugins/Auth/AuthenticationCookie.php,1,889,mixed_php_html_sql,SQL in Presentation Logic,113,change_pw;g-recaptcha-response;pma_password;pma_servername;pma_username;session_expired;target,browser_access_time;encryption_key,cookies;corrupted;encryption,#input_go;#input_password;#input_servername;#input_username;#login_form;#pma_errors;#select_server;.disableAjax;.g-recaptcha;.hide;.item;.js-show;.login;.tblFooters;.textfield,index.php;login_form,Light Data-Access Isolation;Extract Method;Extract View Helper,pending
phpmyadmin-C0828,phpmyadmin,libraries/classes/Plugins/Auth/AuthenticationCookie.php,83,264,long_method_or_region,Long or Complex Region,29,session_expired,,,#input_go;#input_password;#input_servername;#input_username;#login_form;#pma_errors;#select_server;.disableAjax;.g-recaptcha;.hide;.item;.js-show;.login;.tblFooters;.textfield,index.php;login_form,Extract Method,pending
phpmyadmin-C0829,phpmyadmin,libraries/classes/Plugins/Auth/AuthenticationCookie.php,264,438,session_dependent_logic,Session-Dependent Logic,29,g-recaptcha-response;pma_password;pma_servername;pma_username,browser_access_time,,,,Extract Guard;Extract Method,pending
phpmyadmin-C0830,phpmyadmin,libraries/classes/Plugins/Auth/AuthenticationCookie.php,471,534,long_method_or_region,Long or Complex Region,13,change_pw,,,,,Extract Method,pending
phpmyadmin-C0831,phpmyadmin,libraries/classes/Plugins/Auth/AuthenticationHttp.php,1,214,long_method_or_region,Long or Complex Region,30,old_usr,,,,,Extract Method,pending
phpmyadmin-C0832,phpmyadmin,libraries/classes/Plugins/Auth/AuthenticationHttp.php,107,194,long_method_or_region,Long or Complex Region,20,old_usr,,,,,Extract Method,pending
phpmyadmin-C0833,phpmyadmin,libraries/classes/Plugins/Auth/AuthenticationSignon.php,1,280,session_dependent_logic,Session-Dependent Logic,40,, HMAC_secret ; PMA_token ;LAST_SIGNON_URL;PMA_single_signon_cfgupdate;PMA_single_signon_error_message;PMA_single_signon_host;PMA_single_signon_password;PMA_single_signon_port;PMA_single_signon_token;PMA_single_signon_user,,,,Extract Guard;Extract Method,pending
phpmyadmin-C0834,phpmyadmin,libraries/classes/Plugins/Auth/AuthenticationSignon.php,49,103,long_method_or_region,Long or Complex Region,12,,,,,,Extract Method,pending
phpmyadmin-C0835,phpmyadmin,libraries/classes/Plugins/Auth/AuthenticationSignon.php,103,245,session_dependent_logic,Session-Dependent Logic,21,, HMAC_secret ; PMA_token ;LAST_SIGNON_URL;PMA_single_signon_cfgupdate;PMA_single_signon_error_message;PMA_single_signon_host;PMA_single_signon_password;PMA_single_signon_port;PMA_single_signon_token;PMA_single_signon_user,,,,Extract Guard;Extract Method,pending
phpmyadmin-C0836,phpmyadmin,libraries/classes/Plugins/Export/ExportCodegen.php,240,339,long_method_or_region,Long or Complex Region,10,,,,,,Extract Method,pending
phpmyadmin-C0837,phpmyadmin,libraries/classes/Plugins/Export/ExportCsv.php,214,333,long_method_or_region,Long or Complex Region,22,,,,,,Extract Method,pending
phpmyadmin-C0838,phpmyadmin,libraries/classes/Plugins/Export/ExportHtmlword.php,1,666,mixed_php_html,Mixed PHP/HTML,64,,,,.print;.print-category;.width100,,Separate PHP Logic from Markup;Extract View Helper,pending
phpmyadmin-C0839,phpmyadmin,libraries/classes/Plugins/Export/ExportHtmlword.php,195,286,long_method_or_region,Long or Complex Region,17,,,,.print;.print-category;.width100,,Extract Method,pending
phpmyadmin-C0840,phpmyadmin,libraries/classes/Plugins/Export/ExportHtmlword.php,353,482,long_method_or_region,Long or Complex Region,15,,,,.print;.print-category;.width100,,Extract Method,pending
phpmyadmin-C0841,phpmyadmin,libraries/classes/Plugins/Export/ExportHtmlword.php,539,619,long_method_or_region,Long or Complex Region,10,,,,,,Extract Method,pending
phpmyadmin-C0842,phpmyadmin,libraries/classes/Plugins/Export/ExportJson.php,203,294,long_method_or_region,Long or Complex Region,15,,,,,,Extract Method,pending
phpmyadmin-C0843,phpmyadmin,libraries/classes/Plugins/Export/ExportLatex.php,61,207,long_method_or_region,Long or Complex Region,7,,,,,,Extract Method,pending
phpmyadmin-C0844,phpmyadmin,libraries/classes/Plugins/Export/ExportLatex.php,298,458,long_method_or_region,Long or Complex Region,22,,,,,,Extract Method,pending
phpmyadmin-C0845,phpmyadmin,libraries/classes/Plugins/Export/ExportLatex.php,458,668,long_method_or_region,Long or Complex Region,33,,,,,,Extract Method,pending
phpmyadmin-C0846,phpmyadmin,libraries/classes/Plugins/Export/ExportMediawiki.php,181,280,long_method_or_region,Long or Complex Region,13,,,,,,Extract Method,pending
phpmyadmin-C0847,phpmyadmin,libraries/classes/Plugins/Export/ExportMediawiki.php,280,360,long_method_or_region,Long or Complex Region,14,,,,,,Extract Method,pending
phpmyadmin-C0848,phpmyadmin,libraries/classes/Plugins/Export/ExportOds.php,1,342,mixed_php_html,Mixed PHP/HTML,26,,,,,,Separate PHP Logic from Markup;Extract View Helper,pending
phpmyadmin-C0849,phpmyadmin,libraries/classes/Plugins/Export/ExportOds.php,211,343,long_method_or_region,Long or Complex Region,18,,,,,,Extract Method,pending
phpmyadmin-C0850,phpmyadmin,libraries/classes/Plugins/Export/ExportOdt.php,1,809,mixed_php_html,Mixed PHP/HTML,70,,,,,,Separate PHP Logic from Markup;Extract View Helper,pending
phpmyadmin-C0851,phpmyadmin,libraries/classes/Plugins/Export/ExportOdt.php,48,150,long_method_or_region,Long or Complex Region,7,,,,,,Extract Method,pending
phpmyadmin-C0852,phpmyadmin,libraries/classes/Plugins/Export/ExportOdt.php,244,362,long_method_or_region,Long or Complex Region,16,,,,,,Extract Method,pending
phpmyadmin-C0853,phpmyadmin,libraries/classes/Plugins/Export/ExportOdt.php,438,598,long_method_or_region,Long or Complex Region,19,,,,,,Extract Method,pending
phpmyadmin-C0854,phpmyadmin,libraries/classes/Plugins/Export/ExportOdt.php,676,769,long_method_or_region,Long or Complex Region,10,,,,,,Extract Method,pending
phpmyadmin-C0855,phpmyadmin,libraries/classes/Plugins/Export/ExportPdf.php,1,385,long_method_or_region,Long or Complex Region,22,pdf_report_title,,,,,Extract Method,pending
phpmyadmin-C0856,phpmyadmin,libraries/classes/Plugins/Export/ExportPhparray.php,171,258,long_method_or_region,Long or Complex Region,10,,,,,,Extract Method,pending
phpmyadmin-C0857,phpmyadmin,libraries/classes/Plugins/Export/ExportSql.php,1,2878,sql_data_access,SQL/Data Access Region,304,,,CREATE;Configuration;VIEW;information_schema;situation;tbl_name;the,,,Light Data-Access Isolation;Extract Method,pending
phpmyadmin-C0858,phpmyadmin,libraries/classes/Plugins/Export/ExportSql.php,68,487,sql_data_access,SQL/Data Access Region,16,,,tbl_name,,,Light Data-Access Isolation;Extract Method,pending
phpmyadmin-C0859,phpmyadmin,libraries/classes/Plugins/Export/ExportSql.php,679,789,sql_data_access,SQL/Data Access Region,15,,,the,,,Light Data-Access Isolation;Extract Method,pending
phpmyadmin-C0860,phpmyadmin,libraries/classes/Plugins/Export/ExportSql.php,947,997,sql_data_access,SQL/Data Access Region,5,,,Configuration;information_schema,,,Light Data-Access Isolation;Extract Method,pending
phpmyadmin-C0861,phpmyadmin,libraries/classes/Plugins/Export/ExportSql.php,1049,1226,sql_data_access,SQL/Data Access Region,21,,,,,,Light Data-Access Isolation;Extract Method,pending
phpmyadmin-C0862,phpmyadmin,libraries/classes/Plugins/Export/ExportSql.php,1273,1363,long_method_or_region,Long or Complex Region,14,,,,,,Extract Method,pending
phpmyadmin-C0863,phpmyadmin,libraries/classes/Plugins/Export/ExportSql.php,1363,1832,long_method_or_region,Long or Complex Region,55,,,,,,Extract Method,pending
phpmyadmin-C0864,phpmyadmin,libraries/classes/Plugins/Export/ExportSql.php,1832,1977,long_method_or_region,Long or Complex Region,15,,,,,,Extract Method,pending
phpmyadmin-C0865,phpmyadmin,libraries/classes/Plugins/Export/ExportSql.php,1977,2156,long_method_or_region,Long or Complex Region,24,,,,,,Extract Method,pending
phpmyadmin-C0866,phpmyadmin,libraries/classes/Plugins/Export/ExportSql.php,2156,2543,long_method_or_region,Long or Complex Region,61,,,,,,Extract Method,pending
phpmyadmin-C0867,phpmyadmin,libraries/classes/Plugins/Export/ExportSql.php,2543,2653,long_method_or_region,Long or Complex Region,13,,,,,,Extract Method,pending
phpmyadmin-C0868,phpmyadmin,libraries/classes/Plugins/Export/ExportSql.php,2653,2843,long_method_or_region,Long or Complex Region,27,,,,,,Extract Method,pending
phpmyadmin-C0869,phpmyadmin,libraries/classes/Plugins/Export/ExportTexytext.php,179,263,long_method_or_region,Long or Complex Region,16,,,,,,Extract Method,pending
phpmyadmin-C0870,phpmyadmin,libraries/classes/Plugins/Export/ExportTexytext.php,334,447,long_method_or_region,Long or Complex Region,15,,,,,,Extract Method,pending
phpmyadmin-C0871,phpmyadmin,libraries/classes/Plugins/Export/ExportTexytext.php,497,576,long_method_or_region,Long or Complex Region,11,,,,,,Extract Method,pending
phpmyadmin-C0872,phpmyadmin,libraries/classes/Plugins/Export/ExportXml.php,1,584,mixed_php_html_sql,SQL in Presentation Logic,47,,,information_schema,,,Light Data-Access Isolation;Extract Method;Extract View Helper,pending
phpmyadmin-C0873,phpmyadmin,libraries/classes/Plugins/Export/ExportXml.php,212,385,sql_data_access,SQL/Data Access Region,21,,,information_schema,,,Light Data-Access Isolation;Extract Method,pending
phpmyadmin-C0874,phpmyadmin,libraries/classes/Plugins/Export/ExportXml.php,468,546,long_method_or_region,Long or Complex Region,11,,,,,,Extract Method,pending
phpmyadmin-C0875,phpmyadmin,libraries/classes/Plugins/Export/ExportYaml.php,147,219,long_method_or_region,Long or Complex Region,11,,,,,,Extract Method,pending
phpmyadmin-C0876,phpmyadmin,libraries/classes/Plugins/Import/ImportCsv.php,1,718,long_method_or_region,Long or Complex Region,101,csv_col_names;csv_ignore;csv_replace,,,,,Extract Method,pending
phpmyadmin-C0877,phpmyadmin,libraries/classes/Plugins/Import/ImportCsv.php,99,686,long_method_or_region,Long or Complex Region,91,csv_col_names;csv_ignore;csv_replace,,,,,Extract Method,pending
phpmyadmin-C0878,phpmyadmin,libraries/classes/Plugins/Import/ImportLdi.php,99,178,long_method_or_region,Long or Complex Region,18,,,,,,Extract Method,pending
phpmyadmin-C0879,phpmyadmin,libraries/classes/Plugins/Import/ImportMediawiki.php,69,301,long_method_or_region,Long or Complex Region,35,,,,,,Extract Method,pending
phpmyadmin-C0880,phpmyadmin,libraries/classes/Plugins/Import/ImportMediawiki.php,411,496,long_method_or_region,Long or Complex Region,15,,,,,,Extract Method,pending
phpmyadmin-C0881,phpmyadmin,libraries/classes/Plugins/Import/ImportOds.php,1,422,long_method_or_region,Long or Complex Region,45,ods_col_names;ods_empty_rows;ods_recognize_currency;ods_recognize_percentages,,,,,Extract Method,pending
phpmyadmin-C0882,phpmyadmin,libraries/classes/Plugins/Import/ImportOds.php,103,394,long_method_or_region,Long or Complex Region,36,ods_col_names;ods_empty_rows,,,,,Extract Method,pending
phpmyadmin-C0883,phpmyadmin,libraries/classes/Plugins/Import/ImportShp.php,71,302,long_method_or_region,Long or Complex Region,34,,,,,,Extract Method,pending
phpmyadmin-C0884,phpmyadmin,libraries/classes/Plugins/Import/ImportSql.php,1,198,long_method_or_region,Long or Complex Region,21,sql_delimiter,,,,,Extract Method,pending
phpmyadmin-C0885,phpmyadmin,libraries/classes/Plugins/Import/ImportSql.php,107,181,long_method_or_region,Long or Complex Region,10,sql_delimiter,,,,,Extract Method,pending
phpmyadmin-C0886,phpmyadmin,libraries/classes/Plugins/Import/ImportXml.php,1,371,sql_data_access,SQL/Data Access Region,40,,,another;data;the,,,Light Data-Access Isolation;Extract Method,pending
phpmyadmin-C0887,phpmyadmin,libraries/classes/Plugins/Import/ImportXml.php,61,372,sql_data_access,SQL/Data Access Region,37,,,another;data;the,,,Light Data-Access Isolation;Extract Method,pending
phpmyadmin-C0888,phpmyadmin,libraries/classes/Plugins/Schema/ExportRelationSchema.php,1,307,mixed_php_html_sql,SQL in Presentation Logic,9,offline_export;page_number;t_tbl,,client;the,,,Light Data-Access Isolation;Extract Method;Extract View Helper,pending
phpmyadmin-C0889,phpmyadmin,libraries/classes/Plugins/Schema/TableStats.php,1,191,long_method_or_region,Long or Complex Region,13,t_db;t_h;t_tbl;t_x;t_y,,,,,Extract Method,pending
phpmyadmin-C0890,phpmyadmin,libraries/classes/Plugins/TwoFactor/Application.php,1,158,session_dependent_logic,Session-Dependent Logic,9,2fa_code,2fa_application_key,,#application,,Extract Guard;Extract Method,pending
phpmyadmin-C0891,phpmyadmin,libraries/classes/Plugins/TwoFactor/Key.php,1,198,session_dependent_logic,Session-Dependent Logic,10,u2f_authentication_response;u2f_registration_response,authenticationRequest;registrationRequest,,#key,,Extract Guard;Extract Method,pending
phpmyadmin-C0892,phpmyadmin,libraries/classes/Plugins/Transformations/Abs/DateFormatTransformationsPlugin.php,51,157,long_method_or_region,Long or Complex Region,15,,,,,,Extract Method,pending
phpmyadmin-C0893,phpmyadmin,libraries/classes/Plugins/Transformations/Abs/ImageUploadTransformationsPlugin.php,1,118,mixed_php_html,Mixed PHP/HTML,12,,,,.image-upload,,Separate PHP Logic from Markup;Extract View Helper,pending
phpmyadmin-C0894,phpmyadmin,libraries/classes/Plugins/Transformations/Input/Text_Plain_Iptobinary.php,1,138,mixed_php_html,Mixed PHP/HTML,12,,,,#field_;.transform_IPToBin,,Separate PHP Logic from Markup;Extract View Helper,pending
phpmyadmin-C0895,phpmyadmin,libraries/classes/Plugins/Schema/Dia/DiaRelationSchema.php,1,228,long_method_or_region,Long or Complex Region,20,dia_orientation;dia_paper;dia_show_color;dia_show_keys,,,,,Extract Method,pending
phpmyadmin-C0896,phpmyadmin,libraries/classes/Plugins/Schema/Dia/DiaRelationSchema.php,56,143,long_method_or_region,Long or Complex Region,14,dia_orientation;dia_paper;dia_show_color;dia_show_keys,,,,,Extract Method,pending
phpmyadmin-C0897,phpmyadmin,libraries/classes/Plugins/Schema/Dia/RelationStatsDia.php,110,215,long_method_or_region,Long or Complex Region,5,,,,,,Extract Method,pending
phpmyadmin-C0898,phpmyadmin,libraries/classes/Plugins/Schema/Dia/TableStatsDia.php,97,230,long_method_or_region,Long or Complex Region,5,,,,,,Extract Method,pending
phpmyadmin-C0899,phpmyadmin,libraries/classes/Plugins/Schema/Eps/EpsRelationSchema.php,1,224,long_method_or_region,Long or Complex Region,22,eps_all_tables_same_width;eps_orientation;eps_show_color;eps_show_keys;eps_show_table_dimension,,,,,Extract Method,pending
phpmyadmin-C0900,phpmyadmin,libraries/classes/Plugins/Schema/Eps/EpsRelationSchema.php,53,150,long_method_or_region,Long or Complex Region,15,eps_all_tables_same_width;eps_orientation;eps_show_color;eps_show_keys;eps_show_table_dimension,,,,,Extract Method,pending
phpmyadmin-C0901,phpmyadmin,libraries/classes/Plugins/Schema/Pdf/Pdf.php,1,403,sql_data_access,SQL/Data Access Region,29,,,client,,,Light Data-Access Isolation;Extract Method,pending
phpmyadmin-C0902,phpmyadmin,libraries/classes/Plugins/Schema/Pdf/Pdf.php,340,399,long_method_or_region,Long or Complex Region,10,,,,,,Extract Method,pending
phpmyadmin-C0903,phpmyadmin,libraries/classes/Plugins/Schema/Pdf/PdfRelationSchema.php,1,732,long_method_or_region,Long or Complex Region,69,pdf_all_tables_same_width;pdf_orientation;pdf_paper;pdf_show_color;pdf_show_grid;pdf_show_keys;pdf_show_table_dimension;pdf_table_order;pdf_with_doc,,,,,Extract Method,pending
phpmyadmin-C0904,phpmyadmin,libraries/classes/Plugins/Schema/Pdf/PdfRelationSchema.php,80,244,long_method_or_region,Long or Complex Region,21,pdf_all_tables_same_width;pdf_orientation;pdf_paper;pdf_show_color;pdf_show_grid;pdf_show_keys;pdf_show_table_dimension;pdf_table_order;pdf_with_doc,,,,,Extract Method,pending
phpmyadmin-C0905,phpmyadmin,libraries/classes/Plugins/Schema/Pdf/PdfRelationSchema.php,482,733,long_method_or_region,Long or Complex Region,32,,,,,,Extract Method,pending
phpmyadmin-C0906,phpmyadmin,libraries/classes/Plugins/Schema/Svg/SvgRelationSchema.php,1,268,long_method_or_region,Long or Complex Region,23,svg_all_tables_same_width;svg_show_color;svg_show_keys;svg_show_table_dimension,,,,,Extract Method,pending
phpmyadmin-C0907,phpmyadmin,libraries/classes/Plugins/Schema/Svg/SvgRelationSchema.php,58,169,long_method_or_region,Long or Complex Region,15,svg_all_tables_same_width;svg_show_color;svg_show_keys;svg_show_table_dimension,,,,,Extract Method,pending
phpmyadmin-C0908,phpmyadmin,libraries/classes/Plugins/Import/Upload/UploadApc.php,39,82,session_dependent_logic,Session-Dependent Logic,7,,,,,,Extract Guard;Extract Method,pending
phpmyadmin-C0909,phpmyadmin,libraries/classes/Plugins/Import/Upload/UploadProgress.php,39,93,session_dependent_logic,Session-Dependent Logic,7,,,,,,Extract Guard;Extract Method,pending
phpmyadmin-C0910,phpmyadmin,libraries/classes/Plugins/Import/Upload/UploadSession.php,39,94,session_dependent_logic,Session-Dependent Logic,7,,,,,,Extract Guard;Extract Method,pending
phpmyadmin-C0911,phpmyadmin,libraries/classes/Plugins/Export/Helpers/Pdf.php,129,216,long_method_or_region,Long or Complex Region,10,,,,,,Extract Method,pending
phpmyadmin-C0912,phpmyadmin,libraries/classes/Plugins/Export/Helpers/Pdf.php,216,301,long_method_or_region,Long or Complex Region,13,,,,,,Extract Method,pending
phpmyadmin-C0913,phpmyadmin,libraries/classes/Plugins/Export/Helpers/Pdf.php,329,469,long_method_or_region,Long or Complex Region,18,,,,,,Extract Method,pending
phpmyadmin-C0914,phpmyadmin,libraries/classes/Plugins/Export/Helpers/Pdf.php,469,699,long_method_or_region,Long or Complex Region,35,,,,,,Extract Method,pending
phpmyadmin-C0915,phpmyadmin,libraries/classes/Plugins/Export/Helpers/Pdf.php,699,852,long_method_or_region,Long or Complex Region,27,,,,,,Extract Method,pending
phpmyadmin-C0916,phpmyadmin,libraries/classes/Navigation/Nodes/Node.php,1,836,sql_data_access,SQL/Data Access Region,121,,,INFORMATION_SCHEMA;this,,,Light Data-Access Isolation;Extract Method,pending
phpmyadmin-C0917,phpmyadmin,libraries/classes/Navigation/Nodes/Node.php,361,569,long_method_or_region,Long or Complex Region,35,,,,,,Extract Method,pending
phpmyadmin-C0918,phpmyadmin,libraries/classes/Navigation/Nodes/Node.php,569,671,long_method_or_region,Long or Complex Region,15,,,,,,Extract Method,pending
phpmyadmin-C0919,phpmyadmin,libraries/classes/Navigation/Nodes/NodeDatabase.php,1,715,mixed_php_html_sql,SQL in Presentation Logic,68,,,INFORMATION_SCHEMA,.ajax;.dbItemControls;.showUnhide,,Light Data-Access Isolation;Extract Method;Extract View Helper,pending
phpmyadmin-C0920,phpmyadmin,libraries/classes/Navigation/Nodes/NodeDatabase.php,110,162,sql_data_access,SQL/Data Access Region,5,,,INFORMATION_SCHEMA,,,Light Data-Access Isolation;Extract Method,pending
phpmyadmin-C0921,phpmyadmin,libraries/classes/Navigation/Nodes/NodeDatabase.php,292,336,sql_data_access,SQL/Data Access Region,6,,,INFORMATION_SCHEMA,,,Light Data-Access Isolation;Extract Method,pending
phpmyadmin-C0922,phpmyadmin,libraries/classes/Navigation/Nodes/NodeDatabase.php,366,411,long_method_or_region,Long or Complex Region,10,,,,,,Extract Method,pending
phpmyadmin-C0923,phpmyadmin,libraries/classes/Navigation/Nodes/NodeDatabase.php,446,510,sql_data_access,SQL/Data Access Region,9,,,INFORMATION_SCHEMA,,,Light Data-Access Isolation;Extract Method,pending
phpmyadmin-C0924,phpmyadmin,libraries/classes/Navigation/Nodes/NodeDatabase.php,618,669,sql_data_access,SQL/Data Access Region,10,,,INFORMATION_SCHEMA,,,Light Data-Access Isolation;Extract Method,pending
phpmyadmin-C0925,phpmyadmin,libraries/classes/Navigation/Nodes/NodeTable.php,1,305,sql_data_access,SQL/Data Access Region,38,,,INFORMATION_SCHEMA,,,Light Data-Access Isolation;Extract Method,pending
phpmyadmin-C0926,phpmyadmin,libraries/classes/Navigation/Nodes/NodeTable.php,87,158,sql_data_access,SQL/Data Access Region,7,,,INFORMATION_SCHEMA,,,Light Data-Access Isolation;Extract Method,pending
phpmyadmin-C0927,phpmyadmin,libraries/classes/Navigation/Nodes/NodeTable.php,158,268,sql_data_access,SQL/Data Access Region,18,,,INFORMATION_SCHEMA,,,Light Data-Access Isolation;Extract Method,pending
phpmyadmin-C0928,phpmyadmin,libraries/classes/Database/Designer/Common.php,1,784,sql_data_access,SQL/Data Access Region,69,db;t_db;t_h;t_tbl;t_x;t_y,,account;action,,,Light Data-Access Isolation;Extract Method,pending
phpmyadmin-C0929,phpmyadmin,libraries/classes/Database/Designer/Common.php,116,193,long_method_or_region,Long or Complex Region,12,,,,,,Extract Method,pending
phpmyadmin-C0930,phpmyadmin,libraries/classes/Database/Designer/Common.php,387,427,sql_data_access,SQL/Data Access Region,4,,,,,,Light Data-Access Isolation;Extract Method,pending
phpmyadmin-C0931,phpmyadmin,libraries/classes/Database/Designer/Common.php,448,511,sql_data_access,SQL/Data Access Region,6,db;t_db;t_h;t_tbl;t_x;t_y,,,,,Light Data-Access Isolation;Extract Method,pending
phpmyadmin-C0932,phpmyadmin,libraries/classes/Database/Designer/Common.php,539,662,sql_data_access,SQL/Data Access Region,14,,,,,,Light Data-Access Isolation;Extract Method,pending
phpmyadmin-C0933,phpmyadmin,libraries/classes/Database/Designer/Common.php,662,733,sql_data_access,SQL/Data Access Region,6,,,,,,Light Data-Access Isolation;Extract Method,pending
phpmyadmin-C0934,phpmyadmin,libraries/classes/Database/Designer/Common.php,733,785,sql_data_access,SQL/Data Access Region,3,,,,,,Light Data-Access Isolation;Extract Method,pending
phpmyadmin-C0935,phpmyadmin,libraries/classes/Controllers/Database/DatabaseStructureController.php,1,1115,form_handling,Request Handling Mixed With Rendering,126,add_favorite;error;favorite_table;favorite_tables;message;mult_btn;real_row_count;real_row_count_all;remove_favorite;selected_tbl;sort;sort_order;submit_mult;sync_favorite_tables;table,tmpval,,#tableslistcontainer;.unit,,Extract Validation Helper;Extract Method;Extract View Helper,pending
phpmyadmin-C0936,phpmyadmin,libraries/classes/Controllers/Database/DatabaseStructureController.php,106,233,long_method_or_region,Long or Complex Region,14,favorite_table;mult_btn;real_row_count;selected_tbl;sort;sort_order;submit_mult,,,#tableslistcontainer,,Extract Method,pending
phpmyadmin-C0937,phpmyadmin,libraries/classes/Controllers/Database/DatabaseStructureController.php,233,320,long_method_or_region,Long or Complex Region,16,add_favorite;favorite_table;favorite_tables;remove_favorite;sync_favorite_tables,,,,,Extract Method,pending
phpmyadmin-C0938,phpmyadmin,libraries/classes/Controllers/Database/DatabaseStructureController.php,383,740,long_method_or_region,Long or Complex Region,42,,,,.unit,,Extract Method,pending
phpmyadmin-C0939,phpmyadmin,libraries/classes/Controllers/Database/DatabaseStructureController.php,954,1046,long_method_or_region,Long or Complex Region,24,,,,,,Extract Method,pending
phpmyadmin-C0940,phpmyadmin,libraries/classes/Controllers/Server/ServerBinlogController.php,1,263,form_handling,Request Handling Mixed With Rendering,24,dontlimitchars;log;pos,,,#binlogTable;.center,,Extract Validation Helper;Extract Method;Extract View Helper,pending
phpmyadmin-C0941,phpmyadmin,libraries/classes/Controllers/Server/ServerBinlogController.php,184,250,long_method_or_region,Long or Complex Region,11,,,,,,Extract Method,pending
phpmyadmin-C0942,phpmyadmin,libraries/classes/Controllers/Server/ServerDatabasesController.php,1,470,long_method_or_region,Long or Complex Region,36,db_collation;dbstats;drop_selected_dbs;new_db;pos;selected_dbs;sort_by;sort_order,,,,,Extract Method,pending
phpmyadmin-C0943,phpmyadmin,libraries/classes/Controllers/Server/ServerPluginsController.php,1,111,mixed_php_html_sql,SQL in Presentation Logic,5,,,information_schema,#plugins_plugins,,Light Data-Access Isolation;Extract Method;Extract View Helper,pending
phpmyadmin-C0944,phpmyadmin,libraries/classes/Controllers/Server/ServerVariablesController.php,1,2837,form_handling,Request Handling Mixed With Rendering,27,filter;type;varName;varValue,,,#serverVariables;.data;.filteredData;.responsivetable;.width100,,Extract Validation Helper;Extract Method;Extract View Helper,pending
phpmyadmin-C0945,phpmyadmin,libraries/classes/Controllers/Server/ServerVariablesController.php,392,2596,long_method_or_region,Long or Complex Region,1,,,,,,Extract Method,pending
phpmyadmin-C0946,phpmyadmin,libraries/classes/Controllers/Server/ServerVariablesController.php,2596,2838,long_method_or_region,Long or Complex Region,1,,,,,,Extract Method,pending
phpmyadmin-C0947,phpmyadmin,libraries/classes/Controllers/Table/TableChartController.php,1,246,long_method_or_region,Long or Complex Region,19,pos;session_max_rows,,,,,Extract Method,pending
phpmyadmin-C0948,phpmyadmin,libraries/classes/Controllers/Table/TableChartController.php,69,191,long_method_or_region,Long or Complex Region,11,pos;session_max_rows,,,,,Extract Method,pending
phpmyadmin-C0949,phpmyadmin,libraries/classes/Controllers/Table/TableGisVisualizationController.php,1,222,session_dependent_logic,Session-Dependent Logic,21,displayVisualization;fileFormat;pos;saveToFile;session_max_rows;visualizationSettings,tmpval,,,,Extract Guard;Extract Method,pending
phpmyadmin-C0950,phpmyadmin,libraries/classes/Controllers/Table/TableGisVisualizationController.php,95,223,session_dependent_logic,Session-Dependent Logic,19,displayVisualization;pos;saveToFile;session_max_rows;visualizationSettings,tmpval,,,,Extract Guard;Extract Method,pending
phpmyadmin-C0951,phpmyadmin,libraries/classes/Controllers/Table/TableIndexesController.php,1,177,long_method_or_region,Long or Complex Region,16,add_fields;added_fields;columns;create_edit_table;create_index;do_save_data;index;old_index;preview_sql,,,,,Extract Method,pending
phpmyadmin-C0952,phpmyadmin,libraries/classes/Controllers/Table/TableIndexesController.php,66,132,long_method_or_region,Long or Complex Region,10,add_fields;added_fields;columns;create_edit_table;create_index;index;old_index,,,,,Extract Method,pending
phpmyadmin-C0953,phpmyadmin,libraries/classes/Controllers/Table/TableRelationController.php,1,390,form_handling,Request Handling Mixed With Rendering,46,destination_column;destination_db;destination_foreign_column;destination_foreign_db;destination_foreign_table;destination_table;display_field;fields_name;foreign;foreignDb;foreignTable;foreign_key_fields_name;getDropdownValues;preview_sql,,,#structure_content,,Extract Validation Helper;Extract Method;Extract View Helper,pending
phpmyadmin-C0954,phpmyadmin,libraries/classes/Controllers/Table/TableRelationController.php,99,220,long_method_or_region,Long or Complex Region,20,destination_db;destination_foreign_db;display_field;foreignTable;getDropdownValues,,,#structure_content,,Extract Method,pending
phpmyadmin-C0955,phpmyadmin,libraries/classes/Controllers/Table/TableRelationController.php,240,287,long_method_or_region,Long or Complex Region,10,destination_foreign_column;destination_foreign_db;destination_foreign_table;foreign_key_fields_name;preview_sql,,,,,Extract Method,pending
phpmyadmin-C0956,phpmyadmin,libraries/classes/Controllers/Table/TableSearchController.php,1,1166,sql_data_access,SQL/Data Access Region,118,change_tbl_info;column;columnIndex;columnsToDisplay;criteriaColumnNames;criteriaColumnOperators;criteriaColumnTypes;criteriaValues;customWhereClause;dataLabel;db;displayAllColumns;distinct;field;find;findString;geom_func;get_data_row;it;maxPlotLimit;order;orderByColumn;range_search;replace;replaceWith;table;useRegex;where_clause;zoom_submit,,column;the,,,Light Data-Access Isolation;Extract Method,pending
phpmyadmin-C0957,phpmyadmin,libraries/classes/Controllers/Table/TableSearchController.php,179,315,long_method_or_region,Long or Complex Region,19,change_tbl_info;columnsToDisplay;criteriaColumnNames;dataLabel;displayAllColumns;find;get_data_row;range_search;replace;zoom_submit,,,,,Extract Method,pending
phpmyadmin-C0958,phpmyadmin,libraries/classes/Controllers/Table/TableSearchController.php,602,654,sql_data_access,SQL/Data Access Region,4,,,,,,Light Data-Access Isolation;Extract Method,pending
phpmyadmin-C0959,phpmyadmin,libraries/classes/Controllers/Table/TableSearchController.php,654,710,sql_data_access,SQL/Data Access Region,8,,,,,,Light Data-Access Isolation;Extract Method,pending
phpmyadmin-C0960,phpmyadmin,libraries/classes/Controllers/Table/TableSearchController.php,808,853,sql_data_access,SQL/Data Access Region,10,columnsToDisplay;displayAllColumns;distinct;order;orderByColumn;table;zoom_submit,,,,,Light Data-Access Isolation;Extract Method,pending
phpmyadmin-C0961,phpmyadmin,libraries/classes/Controllers/Table/TableSearchController.php,1071,1167,long_method_or_region,Long or Complex Region,24,,,,,,Extract Method,pending
phpmyadmin-C0962,phpmyadmin,libraries/classes/Controllers/Table/TableStructureController.php,1,1505,mixed_php_html_sql,SQL in Presentation Logic,161,add_key;change_column;do_save_data;edit_partitioning;field;field_adjust_privileges;field_attribute;field_attribute_orig;field_collation;field_collation_orig;field_default_type;field_default_type_orig;field_default_value;field_default_value_orig;field_expression;field_extra;field_input_transformation;field_input_transformation_options;field_length;field_length_orig;field_mimetype;field_move_to;field_name;field_null;field_orig;field_transformation;field_transformation_options;field_type;field_type_orig;field_virtuality;move_columns;mult_btn;partition_by;partition_maintenance;preview_sql;reserved_word_check;save_partitioning;selected;selected_fld;submit_mult,,CREATE;CURRENT_TIMESTAMP;IE;a;current;field;first;mime;mult_submits;the,#structure_content,,Light Data-Access Isolation;Extract Method;Extract View Helper,pending
phpmyadmin-C0963,phpmyadmin,libraries/classes/Controllers/Table/TableStructureController.php,137,396,long_method_or_region,Long or Complex Region,32,add_key;change_column;do_save_data;edit_partitioning;field_name;move_columns;partition_maintenance;reserved_word_check;save_partitioning;selected;selected_fld,,,#structure_content,,Extract Method,pending
phpmyadmin-C0964,phpmyadmin,libraries/classes/Controllers/Table/TableStructureController.php,396,511,long_method_or_region,Long or Complex Region,22,move_columns,,,,,Extract Method,pending
phpmyadmin-C0965,phpmyadmin,libraries/classes/Controllers/Table/TableStructureController.php,585,746,long_method_or_region,Long or Complex Region,13,,,,,,Extract Method,pending
phpmyadmin-C0966,phpmyadmin,libraries/classes/Controllers/Table/TableStructureController.php,814,868,sql_data_access,SQL/Data Access Region,4,selected_fld,,the,,,Light Data-Access Isolation;Extract Method,pending
phpmyadmin-C0967,phpmyadmin,libraries/classes/Controllers/Table/TableStructureController.php,868,1115,long_method_or_region,Long or Complex Region,30,field_adjust_privileges;field_attribute;field_attribute_orig;field_collation;field_collation_orig;field_default_type;field_default_type_orig;field_default_value;field_default_value_orig;field_expression;field_input_transformation;field_input_transformation_options;field_length;field_length_orig;field_mimetype;field_name;field_orig;field_transformation;field_transformation_options;field_type;field_type_orig;field_virtuality;preview_sql,,,,,Extract Method,pending
phpmyadmin-C0968,phpmyadmin,libraries/classes/Controllers/Table/TableStructureController.php,1202,1307,long_method_or_region,Long or Complex Region,8,,,,,,Extract Method,pending
phpmyadmin-C0969,phpmyadmin,libraries/classes/Controllers/Table/TableStructureController.php,1307,1407,long_method_or_region,Long or Complex Region,14,,,,,,Extract Method,pending
phpmyadmin-C0970,phpmyadmin,libraries/classes/Controllers/Table/TableStructureController.php,1434,1506,long_method_or_region,Long or Complex Region,12,,,,,,Extract Method,pending
phpmyadmin-C0971,phpmyadmin,libraries/classes/Config/Forms/BaseFormList.php,1,127,long_method_or_region,Long or Complex Region,12,submit_save,,,,,Extract Method,pending
phpmyadmin-C0972,phpmyadmin,libraries/classes/Config/Forms/User/ExportForm.php,14,138,long_method_or_region,Long or Complex Region,2,,,,,,Extract Method,pending
