candidate_id,project,file,candidate_type,syntax_status,oracle_status,screening_status,screening_reason
opencart-C0001,opencart,upload/install/cli_install.php,sql_data_access,PASS,pending,NEEDS_MANUAL_ORACLE_REVIEW,No obvious web contract was extracted; existing tests or manual characterization must be mapped.
opencart-C0002,opencart,upload/install/cli_install.php,long_method_or_region,PASS,pending,NEEDS_MANUAL_ORACLE_REVIEW,No obvious web contract was extracted; existing tests or manual characterization must be mapped.
opencart-C0003,opencart,upload/install/cli_install.php,sql_data_access,PASS,pending,NEEDS_MANUAL_ORACLE_REVIEW,No obvious web contract was extracted; existing tests or manual characterization must be mapped.
opencart-C0004,opencart,upload/system/helper/bbcode.php,mixed_php_html,PASS,pending,NEEDS_CHARACTERIZATION,Candidate has observable request/output contract but no stable oracle yet.
opencart-C0005,opencart,upload/system/helper/bbcode.php,long_method_or_region,PASS,pending,NEEDS_CHARACTERIZATION,Candidate has observable request/output contract but no stable oracle yet.
opencart-C0006,opencart,upload/system/helper/utf8.php,long_method_or_region,PASS,pending,NEEDS_MANUAL_ORACLE_REVIEW,No obvious web contract was extracted; existing tests or manual characterization must be mapped.
opencart-C0007,opencart,upload/system/helper/utf8.php,long_method_or_region,PASS,pending,NEEDS_MANUAL_ORACLE_REVIEW,No obvious web contract was extracted; existing tests or manual characterization must be mapped.
opencart-C0008,opencart,upload/system/library/image.php,long_method_or_region,PASS,pending,NEEDS_MANUAL_ORACLE_REVIEW,No obvious web contract was extracted; existing tests or manual characterization must be mapped.
opencart-C0009,opencart,upload/system/library/openbay.php,sql_data_access,PASS,pending,NEEDS_CHARACTERIZATION,Candidate has observable request/output contract but no stable oracle yet.
opencart-C0010,opencart,upload/system/library/openbay.php,sql_data_access,PASS,pending,NEEDS_MANUAL_ORACLE_REVIEW,No obvious web contract was extracted; existing tests or manual characterization must be mapped.
opencart-C0011,opencart,upload/system/library/openbay.php,sql_data_access,PASS,pending,NEEDS_MANUAL_ORACLE_REVIEW,No obvious web contract was extracted; existing tests or manual characterization must be mapped.
opencart-C0012,opencart,upload/system/library/pagination.php,mixed_php_html,PASS,pending,NEEDS_CHARACTERIZATION,Candidate has observable request/output contract but no stable oracle yet.
opencart-C0013,opencart,upload/system/library/pagination.php,long_method_or_region,PASS,pending,NEEDS_CHARACTERIZATION,Candidate has observable request/output contract but no stable oracle yet.
opencart-C0014,opencart,upload/system/library/squareup.php,long_method_or_region,PASS,pending,NEEDS_MANUAL_ORACLE_REVIEW,No obvious web contract was extracted; existing tests or manual characterization must be mapped.
opencart-C0015,opencart,upload/system/library/cart/cart.php,sql_data_access,PASS,pending,NEEDS_MANUAL_ORACLE_REVIEW,No obvious web contract was extracted; existing tests or manual characterization must be mapped.
opencart-C0016,opencart,upload/system/library/cart/cart.php,sql_data_access,PASS,pending,NEEDS_MANUAL_ORACLE_REVIEW,No obvious web contract was extracted; existing tests or manual characterization must be mapped.
opencart-C0017,opencart,upload/system/library/cart/currency.php,sql_data_access,PASS,pending,NEEDS_MANUAL_ORACLE_REVIEW,No obvious web contract was extracted; existing tests or manual characterization must be mapped.
opencart-C0018,opencart,upload/system/library/cart/tax.php,sql_data_access,PASS,pending,NEEDS_MANUAL_ORACLE_REVIEW,No obvious web contract was extracted; existing tests or manual characterization must be mapped.
opencart-C0019,opencart,upload/system/library/db/mpdo.php,sql_data_access,PASS,pending,NEEDS_MANUAL_ORACLE_REVIEW,No obvious web contract was extracted; existing tests or manual characterization must be mapped.
opencart-C0020,opencart,upload/system/library/googleshopping/googleshopping.php,sql_data_access,PASS,pending,NEEDS_MANUAL_ORACLE_REVIEW,No obvious web contract was extracted; existing tests or manual characterization must be mapped.
opencart-C0021,opencart,upload/system/library/googleshopping/googleshopping.php,sql_data_access,PASS,pending,NEEDS_MANUAL_ORACLE_REVIEW,No obvious web contract was extracted; existing tests or manual characterization must be mapped.
opencart-C0022,opencart,upload/system/library/googleshopping/googleshopping.php,long_method_or_region,PASS,pending,NEEDS_MANUAL_ORACLE_REVIEW,No obvious web contract was extracted; existing tests or manual characterization must be mapped.
opencart-C0023,opencart,upload/system/library/googleshopping/googleshopping.php,sql_data_access,PASS,pending,NEEDS_MANUAL_ORACLE_REVIEW,No obvious web contract was extracted; existing tests or manual characterization must be mapped.
opencart-C0024,opencart,upload/system/library/googleshopping/googleshopping.php,long_method_or_region,PASS,pending,NEEDS_MANUAL_ORACLE_REVIEW,No obvious web contract was extracted; existing tests or manual characterization must be mapped.
opencart-C0025,opencart,upload/system/library/googleshopping/googleshopping.php,sql_data_access,PASS,pending,NEEDS_MANUAL_ORACLE_REVIEW,No obvious web contract was extracted; existing tests or manual characterization must be mapped.
opencart-C0026,opencart,upload/system/library/googleshopping/googleshopping.php,long_method_or_region,PASS,pending,NEEDS_MANUAL_ORACLE_REVIEW,No obvious web contract was extracted; existing tests or manual characterization must be mapped.
opencart-C0027,opencart,upload/system/library/googleshopping/googleshopping.php,long_method_or_region,PASS,pending,NEEDS_MANUAL_ORACLE_REVIEW,No obvious web contract was extracted; existing tests or manual characterization must be mapped.
opencart-C0028,opencart,upload/system/library/mail/mail.php,long_method_or_region,PASS,pending,NEEDS_MANUAL_ORACLE_REVIEW,No obvious web contract was extracted; existing tests or manual characterization must be mapped.
opencart-C0029,opencart,upload/system/library/mail/smtp.php,long_method_or_region,PASS,pending,NEEDS_MANUAL_ORACLE_REVIEW,No obvious web contract was extracted; existing tests or manual characterization must be mapped.
opencart-C0030,opencart,upload/system/library/openbay/amazon.php,sql_data_access,PASS,pending,NEEDS_MANUAL_ORACLE_REVIEW,No obvious web contract was extracted; existing tests or manual characterization must be mapped.
opencart-C0031,opencart,upload/system/library/openbay/amazon.php,sql_data_access,PASS,pending,NEEDS_MANUAL_ORACLE_REVIEW,No obvious web contract was extracted; existing tests or manual characterization must be mapped.
opencart-C0032,opencart,upload/system/library/openbay/amazon.php,long_method_or_region,PASS,pending,NEEDS_MANUAL_ORACLE_REVIEW,No obvious web contract was extracted; existing tests or manual characterization must be mapped.
opencart-C0033,opencart,upload/system/library/openbay/amazonus.php,sql_data_access,PASS,pending,NEEDS_MANUAL_ORACLE_REVIEW,No obvious web contract was extracted; existing tests or manual characterization must be mapped.
opencart-C0034,opencart,upload/system/library/openbay/amazonus.php,sql_data_access,PASS,pending,NEEDS_MANUAL_ORACLE_REVIEW,No obvious web contract was extracted; existing tests or manual characterization must be mapped.
opencart-C0035,opencart,upload/system/library/openbay/amazonus.php,long_method_or_region,PASS,pending,NEEDS_MANUAL_ORACLE_REVIEW,No obvious web contract was extracted; existing tests or manual characterization must be mapped.
opencart-C0036,opencart,upload/system/library/openbay/ebay.php,sql_data_access,PASS,pending,NEEDS_MANUAL_ORACLE_REVIEW,No obvious web contract was extracted; existing tests or manual characterization must be mapped.
opencart-C0037,opencart,upload/system/library/openbay/ebay.php,long_method_or_region,PASS,pending,NEEDS_MANUAL_ORACLE_REVIEW,No obvious web contract was extracted; existing tests or manual characterization must be mapped.
opencart-C0038,opencart,upload/system/library/openbay/ebay.php,long_method_or_region,PASS,pending,NEEDS_MANUAL_ORACLE_REVIEW,No obvious web contract was extracted; existing tests or manual characterization must be mapped.
opencart-C0039,opencart,upload/system/library/openbay/ebay.php,long_method_or_region,PASS,pending,NEEDS_MANUAL_ORACLE_REVIEW,No obvious web contract was extracted; existing tests or manual characterization must be mapped.
opencart-C0040,opencart,upload/system/library/openbay/ebay.php,sql_data_access,PASS,pending,NEEDS_MANUAL_ORACLE_REVIEW,No obvious web contract was extracted; existing tests or manual characterization must be mapped.
opencart-C0041,opencart,upload/system/library/openbay/ebay.php,long_method_or_region,PASS,pending,NEEDS_MANUAL_ORACLE_REVIEW,No obvious web contract was extracted; existing tests or manual characterization must be mapped.
opencart-C0042,opencart,upload/system/library/openbay/ebay.php,sql_data_access,PASS,pending,NEEDS_MANUAL_ORACLE_REVIEW,No obvious web contract was extracted; existing tests or manual characterization must be mapped.
opencart-C0043,opencart,upload/system/library/openbay/ebay.php,sql_data_access,PASS,pending,NEEDS_MANUAL_ORACLE_REVIEW,No obvious web contract was extracted; existing tests or manual characterization must be mapped.
opencart-C0044,opencart,upload/system/library/openbay/ebay.php,sql_data_access,PASS,pending,NEEDS_MANUAL_ORACLE_REVIEW,No obvious web contract was extracted; existing tests or manual characterization must be mapped.
opencart-C0045,opencart,upload/system/library/openbay/etsy.php,sql_data_access,PASS,pending,NEEDS_MANUAL_ORACLE_REVIEW,No obvious web contract was extracted; existing tests or manual characterization must be mapped.
opencart-C0046,opencart,upload/system/library/openbay/fba.php,sql_data_access,PASS,pending,NEEDS_MANUAL_ORACLE_REVIEW,No obvious web contract was extracted; existing tests or manual characterization must be mapped.
opencart-C0047,opencart,upload/system/library/template/Twig/Compiler.php,long_method_or_region,PASS,pending,NEEDS_MANUAL_ORACLE_REVIEW,No obvious web contract was extracted; existing tests or manual characterization must be mapped.
opencart-C0048,opencart,upload/system/library/template/Twig/Environment.php,long_method_or_region,PASS,pending,NEEDS_MANUAL_ORACLE_REVIEW,No obvious web contract was extracted; existing tests or manual characterization must be mapped.
opencart-C0049,opencart,upload/system/library/template/Twig/Error.php,long_method_or_region,PASS,pending,NEEDS_MANUAL_ORACLE_REVIEW,No obvious web contract was extracted; existing tests or manual characterization must be mapped.
opencart-C0050,opencart,upload/system/library/template/Twig/Error.php,long_method_or_region,PASS,pending,NEEDS_MANUAL_ORACLE_REVIEW,No obvious web contract was extracted; existing tests or manual characterization must be mapped.
opencart-C0051,opencart,upload/system/library/template/Twig/ExpressionParser.php,long_method_or_region,PASS,pending,NEEDS_MANUAL_ORACLE_REVIEW,No obvious web contract was extracted; existing tests or manual characterization must be mapped.
opencart-C0052,opencart,upload/system/library/template/Twig/ExpressionParser.php,long_method_or_region,PASS,pending,NEEDS_MANUAL_ORACLE_REVIEW,No obvious web contract was extracted; existing tests or manual characterization must be mapped.
opencart-C0053,opencart,upload/system/library/template/Twig/ExpressionParser.php,long_method_or_region,PASS,pending,NEEDS_MANUAL_ORACLE_REVIEW,No obvious web contract was extracted; existing tests or manual characterization must be mapped.
opencart-C0054,opencart,upload/system/library/template/Twig/ExpressionParser.php,long_method_or_region,PASS,pending,NEEDS_MANUAL_ORACLE_REVIEW,No obvious web contract was extracted; existing tests or manual characterization must be mapped.
opencart-C0055,opencart,upload/system/library/template/Twig/Lexer.php,long_method_or_region,PASS,pending,NEEDS_MANUAL_ORACLE_REVIEW,No obvious web contract was extracted; existing tests or manual characterization must be mapped.
opencart-C0056,opencart,upload/system/library/template/Twig/Lexer.php,long_method_or_region,PASS,pending,NEEDS_MANUAL_ORACLE_REVIEW,No obvious web contract was extracted; existing tests or manual characterization must be mapped.
opencart-C0057,opencart,upload/system/library/template/Twig/Lexer.php,long_method_or_region,PASS,pending,NEEDS_MANUAL_ORACLE_REVIEW,No obvious web contract was extracted; existing tests or manual characterization must be mapped.
opencart-C0058,opencart,upload/system/library/template/Twig/Parser.php,long_method_or_region,PASS,pending,NEEDS_MANUAL_ORACLE_REVIEW,No obvious web contract was extracted; existing tests or manual characterization must be mapped.
opencart-C0059,opencart,upload/system/library/template/Twig/Parser.php,long_method_or_region,PASS,pending,NEEDS_MANUAL_ORACLE_REVIEW,No obvious web contract was extracted; existing tests or manual characterization must be mapped.
opencart-C0060,opencart,upload/system/library/template/Twig/Template.php,long_method_or_region,PASS,pending,NEEDS_MANUAL_ORACLE_REVIEW,No obvious web contract was extracted; existing tests or manual characterization must be mapped.
opencart-C0061,opencart,upload/system/library/template/Twig/Template.php,long_method_or_region,PASS,pending,NEEDS_MANUAL_ORACLE_REVIEW,No obvious web contract was extracted; existing tests or manual characterization must be mapped.
opencart-C0062,opencart,upload/system/library/template/Twig/Token.php,long_method_or_region,PASS,pending,NEEDS_MANUAL_ORACLE_REVIEW,No obvious web contract was extracted; existing tests or manual characterization must be mapped.
opencart-C0063,opencart,upload/system/library/template/Twig/Token.php,long_method_or_region,PASS,pending,NEEDS_MANUAL_ORACLE_REVIEW,No obvious web contract was extracted; existing tests or manual characterization must be mapped.
opencart-C0064,opencart,upload/system/library/template/Twig/Extension/Core.php,long_method_or_region,PASS,pending,NEEDS_MANUAL_ORACLE_REVIEW,No obvious web contract was extracted; existing tests or manual characterization must be mapped.
opencart-C0065,opencart,upload/system/library/template/Twig/Extension/Core.php,long_method_or_region,PASS,pending,NEEDS_MANUAL_ORACLE_REVIEW,No obvious web contract was extracted; existing tests or manual characterization must be mapped.
opencart-C0066,opencart,upload/system/library/template/Twig/Extension/Core.php,long_method_or_region,PASS,pending,NEEDS_MANUAL_ORACLE_REVIEW,No obvious web contract was extracted; existing tests or manual characterization must be mapped.
opencart-C0067,opencart,upload/system/library/template/Twig/Extension/Core.php,long_method_or_region,PASS,pending,NEEDS_MANUAL_ORACLE_REVIEW,No obvious web contract was extracted; existing tests or manual characterization must be mapped.
opencart-C0068,opencart,upload/system/library/template/Twig/Extension/Core.php,long_method_or_region,PASS,pending,NEEDS_MANUAL_ORACLE_REVIEW,No obvious web contract was extracted; existing tests or manual characterization must be mapped.
opencart-C0069,opencart,upload/system/library/template/Twig/Extension/Core.php,long_method_or_region,PASS,pending,NEEDS_MANUAL_ORACLE_REVIEW,No obvious web contract was extracted; existing tests or manual characterization must be mapped.
opencart-C0070,opencart,upload/system/library/template/Twig/Loader/Filesystem.php,long_method_or_region,PASS,pending,NEEDS_MANUAL_ORACLE_REVIEW,No obvious web contract was extracted; existing tests or manual characterization must be mapped.
opencart-C0071,opencart,upload/system/library/template/Twig/Node/CheckSecurity.php,long_method_or_region,PASS,pending,NEEDS_MANUAL_ORACLE_REVIEW,No obvious web contract was extracted; existing tests or manual characterization must be mapped.
opencart-C0072,opencart,upload/system/library/template/Twig/Node/For.php,long_method_or_region,PASS,pending,NEEDS_MANUAL_ORACLE_REVIEW,No obvious web contract was extracted; existing tests or manual characterization must be mapped.
opencart-C0073,opencart,upload/system/library/template/Twig/Node/Macro.php,long_method_or_region,PASS,pending,NEEDS_MANUAL_ORACLE_REVIEW,No obvious web contract was extracted; existing tests or manual characterization must be mapped.
opencart-C0074,opencart,upload/system/library/template/Twig/Node/Module.php,long_method_or_region,PASS,pending,NEEDS_MANUAL_ORACLE_REVIEW,No obvious web contract was extracted; existing tests or manual characterization must be mapped.
opencart-C0075,opencart,upload/system/library/template/Twig/Node/Module.php,long_method_or_region,PASS,pending,NEEDS_MANUAL_ORACLE_REVIEW,No obvious web contract was extracted; existing tests or manual characterization must be mapped.
opencart-C0076,opencart,upload/system/library/template/Twig/Node/Set.php,long_method_or_region,PASS,pending,NEEDS_MANUAL_ORACLE_REVIEW,No obvious web contract was extracted; existing tests or manual characterization must be mapped.
opencart-C0077,opencart,upload/system/library/template/Twig/NodeVisitor/Optimizer.php,long_method_or_region,PASS,pending,NEEDS_MANUAL_ORACLE_REVIEW,No obvious web contract was extracted; existing tests or manual characterization must be mapped.
opencart-C0078,opencart,upload/system/library/template/Twig/NodeVisitor/SafeAnalysis.php,long_method_or_region,PASS,pending,NEEDS_MANUAL_ORACLE_REVIEW,No obvious web contract was extracted; existing tests or manual characterization must be mapped.
opencart-C0079,opencart,upload/system/library/template/Twig/NodeVisitor/Sandbox.php,long_method_or_region,PASS,pending,NEEDS_MANUAL_ORACLE_REVIEW,No obvious web contract was extracted; existing tests or manual characterization must be mapped.
opencart-C0080,opencart,upload/system/library/template/Twig/Test/IntegrationTestCase.php,long_method_or_region,PASS,pending,NEEDS_MANUAL_ORACLE_REVIEW,No obvious web contract was extracted; existing tests or manual characterization must be mapped.
opencart-C0081,opencart,upload/system/library/template/Twig/Test/IntegrationTestCase.php,long_method_or_region,PASS,pending,NEEDS_MANUAL_ORACLE_REVIEW,No obvious web contract was extracted; existing tests or manual characterization must be mapped.
opencart-C0082,opencart,upload/system/library/template/Twig/Node/Expression/Call.php,long_method_or_region,PASS,pending,NEEDS_MANUAL_ORACLE_REVIEW,No obvious web contract was extracted; existing tests or manual characterization must be mapped.
opencart-C0083,opencart,upload/system/library/template/Twig/Node/Expression/Call.php,long_method_or_region,PASS,pending,NEEDS_MANUAL_ORACLE_REVIEW,No obvious web contract was extracted; existing tests or manual characterization must be mapped.
opencart-C0084,opencart,upload/system/library/template/Twig/Node/Expression/Call.php,long_method_or_region,PASS,pending,NEEDS_MANUAL_ORACLE_REVIEW,No obvious web contract was extracted; existing tests or manual characterization must be mapped.
opencart-C0085,opencart,upload/system/library/template/Twig/Node/Expression/Name.php,long_method_or_region,PASS,pending,NEEDS_MANUAL_ORACLE_REVIEW,No obvious web contract was extracted; existing tests or manual characterization must be mapped.
opencart-C0086,opencart,upload/install/model/install/install.php,sql_data_access,PASS,pending,NEEDS_MANUAL_ORACLE_REVIEW,No obvious web contract was extracted; existing tests or manual characterization must be mapped.
opencart-C0087,opencart,upload/install/model/upgrade/1000.php,long_method_or_region,PASS,pending,NEEDS_MANUAL_ORACLE_REVIEW,No obvious web contract was extracted; existing tests or manual characterization must be mapped.
opencart-C0088,opencart,upload/install/model/upgrade/1001.php,sql_data_access,PASS,pending,NEEDS_MANUAL_ORACLE_REVIEW,No obvious web contract was extracted; existing tests or manual characterization must be mapped.
opencart-C0089,opencart,upload/install/model/upgrade/1001.php,sql_data_access,PASS,pending,NEEDS_MANUAL_ORACLE_REVIEW,No obvious web contract was extracted; existing tests or manual characterization must be mapped.
opencart-C0090,opencart,upload/install/model/upgrade/1002.php,sql_data_access,PASS,pending,NEEDS_MANUAL_ORACLE_REVIEW,No obvious web contract was extracted; existing tests or manual characterization must be mapped.
opencart-C0091,opencart,upload/install/model/upgrade/1002.php,sql_data_access,PASS,pending,NEEDS_MANUAL_ORACLE_REVIEW,No obvious web contract was extracted; existing tests or manual characterization must be mapped.
opencart-C0092,opencart,upload/install/model/upgrade/1003.php,sql_data_access,PASS,pending,NEEDS_MANUAL_ORACLE_REVIEW,No obvious web contract was extracted; existing tests or manual characterization must be mapped.
opencart-C0093,opencart,upload/install/model/upgrade/1003.php,sql_data_access,PASS,pending,NEEDS_MANUAL_ORACLE_REVIEW,No obvious web contract was extracted; existing tests or manual characterization must be mapped.
opencart-C0094,opencart,upload/install/model/upgrade/1004.php,sql_data_access,PASS,pending,NEEDS_MANUAL_ORACLE_REVIEW,No obvious web contract was extracted; existing tests or manual characterization must be mapped.
opencart-C0095,opencart,upload/install/model/upgrade/1004.php,sql_data_access,PASS,pending,NEEDS_MANUAL_ORACLE_REVIEW,No obvious web contract was extracted; existing tests or manual characterization must be mapped.
opencart-C0096,opencart,upload/install/model/upgrade/1005.php,sql_data_access,PASS,pending,NEEDS_MANUAL_ORACLE_REVIEW,No obvious web contract was extracted; existing tests or manual characterization must be mapped.
opencart-C0097,opencart,upload/install/model/upgrade/1005.php,sql_data_access,PASS,pending,NEEDS_MANUAL_ORACLE_REVIEW,No obvious web contract was extracted; existing tests or manual characterization must be mapped.
opencart-C0098,opencart,upload/install/model/upgrade/1006.php,long_method_or_region,PASS,pending,NEEDS_MANUAL_ORACLE_REVIEW,No obvious web contract was extracted; existing tests or manual characterization must be mapped.
opencart-C0099,opencart,upload/install/model/upgrade/1007.php,sql_data_access,PASS,pending,NEEDS_MANUAL_ORACLE_REVIEW,No obvious web contract was extracted; existing tests or manual characterization must be mapped.
opencart-C0100,opencart,upload/install/model/upgrade/1007.php,sql_data_access,PASS,pending,NEEDS_MANUAL_ORACLE_REVIEW,No obvious web contract was extracted; existing tests or manual characterization must be mapped.
opencart-C0101,opencart,upload/install/model/upgrade/1008.php,sql_data_access,PASS,pending,NEEDS_MANUAL_ORACLE_REVIEW,No obvious web contract was extracted; existing tests or manual characterization must be mapped.
opencart-C0102,opencart,upload/install/model/upgrade/1009.php,sql_data_access,PASS,pending,NEEDS_MANUAL_ORACLE_REVIEW,No obvious web contract was extracted; existing tests or manual characterization must be mapped.
opencart-C0103,opencart,upload/install/model/upgrade/1009.php,sql_data_access,PASS,pending,NEEDS_MANUAL_ORACLE_REVIEW,No obvious web contract was extracted; existing tests or manual characterization must be mapped.
opencart-C0104,opencart,upload/install/language/en-gb/install/step_1.php,mixed_php_html,PASS,pending,NEEDS_CHARACTERIZATION,Candidate has observable request/output contract but no stable oracle yet.
opencart-C0105,opencart,upload/install/controller/install/step_2.php,long_method_or_region,PASS,pending,NEEDS_MANUAL_ORACLE_REVIEW,No obvious web contract was extracted; existing tests or manual characterization must be mapped.
opencart-C0106,opencart,upload/install/controller/install/step_2.php,long_method_or_region,PASS,pending,NEEDS_MANUAL_ORACLE_REVIEW,No obvious web contract was extracted; existing tests or manual characterization must be mapped.
opencart-C0107,opencart,upload/install/controller/install/step_3.php,long_method_or_region,PASS,pending,NEEDS_MANUAL_ORACLE_REVIEW,No obvious web contract was extracted; existing tests or manual characterization must be mapped.
opencart-C0108,opencart,upload/install/controller/install/step_3.php,long_method_or_region,PASS,pending,NEEDS_MANUAL_ORACLE_REVIEW,No obvious web contract was extracted; existing tests or manual characterization must be mapped.
opencart-C0109,opencart,upload/catalog/model/account/address.php,sql_data_access,PASS,pending,NEEDS_MANUAL_ORACLE_REVIEW,No obvious web contract was extracted; existing tests or manual characterization must be mapped.
opencart-C0110,opencart,upload/catalog/model/account/address.php,sql_data_access,PASS,pending,NEEDS_MANUAL_ORACLE_REVIEW,No obvious web contract was extracted; existing tests or manual characterization must be mapped.
opencart-C0111,opencart,upload/catalog/model/account/address.php,sql_data_access,PASS,pending,NEEDS_MANUAL_ORACLE_REVIEW,No obvious web contract was extracted; existing tests or manual characterization must be mapped.
opencart-C0112,opencart,upload/catalog/model/account/order.php,sql_data_access,PASS,pending,NEEDS_MANUAL_ORACLE_REVIEW,No obvious web contract was extracted; existing tests or manual characterization must be mapped.
opencart-C0113,opencart,upload/catalog/model/catalog/category.php,sql_data_access,PASS,pending,NEEDS_MANUAL_ORACLE_REVIEW,No obvious web contract was extracted; existing tests or manual characterization must be mapped.
opencart-C0114,opencart,upload/catalog/model/catalog/manufacturer.php,sql_data_access,PASS,pending,NEEDS_MANUAL_ORACLE_REVIEW,No obvious web contract was extracted; existing tests or manual characterization must be mapped.
opencart-C0115,opencart,upload/catalog/model/catalog/product.php,sql_data_access,PASS,pending,NEEDS_MANUAL_ORACLE_REVIEW,No obvious web contract was extracted; existing tests or manual characterization must be mapped.
opencart-C0116,opencart,upload/catalog/model/catalog/product.php,sql_data_access,PASS,pending,NEEDS_MANUAL_ORACLE_REVIEW,No obvious web contract was extracted; existing tests or manual characterization must be mapped.
opencart-C0117,opencart,upload/catalog/model/catalog/product.php,sql_data_access,PASS,pending,NEEDS_MANUAL_ORACLE_REVIEW,No obvious web contract was extracted; existing tests or manual characterization must be mapped.
opencart-C0118,opencart,upload/catalog/model/catalog/product.php,sql_data_access,PASS,pending,NEEDS_MANUAL_ORACLE_REVIEW,No obvious web contract was extracted; existing tests or manual characterization must be mapped.
opencart-C0119,opencart,upload/catalog/model/catalog/product.php,sql_data_access,PASS,pending,NEEDS_MANUAL_ORACLE_REVIEW,No obvious web contract was extracted; existing tests or manual characterization must be mapped.
opencart-C0120,opencart,upload/catalog/model/catalog/product.php,sql_data_access,PASS,pending,NEEDS_MANUAL_ORACLE_REVIEW,No obvious web contract was extracted; existing tests or manual characterization must be mapped.
opencart-C0121,opencart,upload/catalog/model/catalog/review.php,sql_data_access,PASS,pending,NEEDS_MANUAL_ORACLE_REVIEW,No obvious web contract was extracted; existing tests or manual characterization must be mapped.
opencart-C0122,opencart,upload/catalog/model/checkout/order.php,sql_data_access,PASS,pending,NEEDS_MANUAL_ORACLE_REVIEW,No obvious web contract was extracted; existing tests or manual characterization must be mapped.
opencart-C0123,opencart,upload/catalog/model/checkout/order.php,sql_data_access,PASS,pending,NEEDS_MANUAL_ORACLE_REVIEW,No obvious web contract was extracted; existing tests or manual characterization must be mapped.
opencart-C0124,opencart,upload/catalog/model/checkout/order.php,sql_data_access,PASS,pending,NEEDS_MANUAL_ORACLE_REVIEW,No obvious web contract was extracted; existing tests or manual characterization must be mapped.
opencart-C0125,opencart,upload/catalog/model/checkout/order.php,sql_data_access,PASS,pending,NEEDS_MANUAL_ORACLE_REVIEW,No obvious web contract was extracted; existing tests or manual characterization must be mapped.
opencart-C0126,opencart,upload/catalog/model/checkout/order.php,sql_data_access,PASS,pending,NEEDS_MANUAL_ORACLE_REVIEW,No obvious web contract was extracted; existing tests or manual characterization must be mapped.
opencart-C0127,opencart,upload/catalog/model/localisation/return_reason.php,sql_data_access,PASS,pending,NEEDS_MANUAL_ORACLE_REVIEW,No obvious web contract was extracted; existing tests or manual characterization must be mapped.
opencart-C0128,opencart,upload/catalog/model/extension/advertise/google.php,sql_data_access,PASS,pending,NEEDS_MANUAL_ORACLE_REVIEW,No obvious web contract was extracted; existing tests or manual characterization must be mapped.
opencart-C0129,opencart,upload/catalog/model/extension/advertise/google.php,long_method_or_region,PASS,pending,NEEDS_MANUAL_ORACLE_REVIEW,No obvious web contract was extracted; existing tests or manual characterization must be mapped.
opencart-C0130,opencart,upload/catalog/model/extension/fraud/fraudlabspro.php,sql_data_access,PASS,pending,NEEDS_MANUAL_ORACLE_REVIEW,No obvious web contract was extracted; existing tests or manual characterization must be mapped.
opencart-C0131,opencart,upload/catalog/model/extension/fraud/fraudlabspro.php,sql_data_access,PASS,pending,NEEDS_MANUAL_ORACLE_REVIEW,No obvious web contract was extracted; existing tests or manual characterization must be mapped.
opencart-C0132,opencart,upload/catalog/model/extension/fraud/maxmind.php,sql_data_access,PASS,pending,NEEDS_MANUAL_ORACLE_REVIEW,No obvious web contract was extracted; existing tests or manual characterization must be mapped.
opencart-C0133,opencart,upload/catalog/model/extension/fraud/maxmind.php,sql_data_access,PASS,pending,NEEDS_MANUAL_ORACLE_REVIEW,No obvious web contract was extracted; existing tests or manual characterization must be mapped.
opencart-C0134,opencart,upload/catalog/model/extension/openbay/amazonus_order.php,sql_data_access,PASS,pending,NEEDS_MANUAL_ORACLE_REVIEW,No obvious web contract was extracted; existing tests or manual characterization must be mapped.
opencart-C0135,opencart,upload/catalog/model/extension/openbay/amazonus_product.php,sql_data_access,PASS,pending,NEEDS_MANUAL_ORACLE_REVIEW,No obvious web contract was extracted; existing tests or manual characterization must be mapped.
opencart-C0136,opencart,upload/catalog/model/extension/openbay/amazon_order.php,sql_data_access,PASS,pending,NEEDS_MANUAL_ORACLE_REVIEW,No obvious web contract was extracted; existing tests or manual characterization must be mapped.
opencart-C0137,opencart,upload/catalog/model/extension/openbay/amazon_product.php,sql_data_access,PASS,pending,NEEDS_MANUAL_ORACLE_REVIEW,No obvious web contract was extracted; existing tests or manual characterization must be mapped.
opencart-C0138,opencart,upload/catalog/model/extension/openbay/ebay_order.php,sql_data_access,PASS,pending,NEEDS_MANUAL_ORACLE_REVIEW,No obvious web contract was extracted; existing tests or manual characterization must be mapped.
opencart-C0139,opencart,upload/catalog/model/extension/openbay/ebay_order.php,long_method_or_region,PASS,pending,NEEDS_MANUAL_ORACLE_REVIEW,No obvious web contract was extracted; existing tests or manual characterization must be mapped.
opencart-C0140,opencart,upload/catalog/model/extension/openbay/ebay_order.php,sql_data_access,PASS,pending,NEEDS_MANUAL_ORACLE_REVIEW,No obvious web contract was extracted; existing tests or manual characterization must be mapped.
opencart-C0141,opencart,upload/catalog/model/extension/openbay/ebay_order.php,sql_data_access,PASS,pending,NEEDS_MANUAL_ORACLE_REVIEW,No obvious web contract was extracted; existing tests or manual characterization must be mapped.
opencart-C0142,opencart,upload/catalog/model/extension/openbay/ebay_order.php,sql_data_access,PASS,pending,NEEDS_MANUAL_ORACLE_REVIEW,No obvious web contract was extracted; existing tests or manual characterization must be mapped.
opencart-C0143,opencart,upload/catalog/model/extension/openbay/ebay_product.php,sql_data_access,PASS,pending,NEEDS_MANUAL_ORACLE_REVIEW,No obvious web contract was extracted; existing tests or manual characterization must be mapped.
opencart-C0144,opencart,upload/catalog/model/extension/openbay/ebay_product.php,sql_data_access,PASS,pending,NEEDS_MANUAL_ORACLE_REVIEW,No obvious web contract was extracted; existing tests or manual characterization must be mapped.
opencart-C0145,opencart,upload/catalog/model/extension/openbay/etsy_order.php,sql_data_access,PASS,pending,NEEDS_MANUAL_ORACLE_REVIEW,No obvious web contract was extracted; existing tests or manual characterization must be mapped.
opencart-C0146,opencart,upload/catalog/model/extension/openbay/etsy_order.php,long_method_or_region,PASS,pending,NEEDS_MANUAL_ORACLE_REVIEW,No obvious web contract was extracted; existing tests or manual characterization must be mapped.
opencart-C0147,opencart,upload/catalog/model/extension/openbay/etsy_order.php,sql_data_access,PASS,pending,NEEDS_MANUAL_ORACLE_REVIEW,No obvious web contract was extracted; existing tests or manual characterization must be mapped.
opencart-C0148,opencart,upload/catalog/model/extension/payment/alipay.php,sql_data_access,PASS,pending,NEEDS_MANUAL_ORACLE_REVIEW,No obvious web contract was extracted; existing tests or manual characterization must be mapped.
opencart-C0149,opencart,upload/catalog/model/extension/payment/alipay_cross.php,sql_data_access,PASS,pending,NEEDS_CHARACTERIZATION,Candidate has observable request/output contract but no stable oracle yet.
opencart-C0150,opencart,upload/catalog/model/extension/payment/amazon_login_pay.php,sql_data_access,PASS,pending,NEEDS_MANUAL_ORACLE_REVIEW,No obvious web contract was extracted; existing tests or manual characterization must be mapped.
opencart-C0151,opencart,upload/catalog/model/extension/payment/amazon_login_pay.php,long_method_or_region,PASS,pending,NEEDS_MANUAL_ORACLE_REVIEW,No obvious web contract was extracted; existing tests or manual characterization must be mapped.
opencart-C0152,opencart,upload/catalog/model/extension/payment/cardconnect.php,sql_data_access,PASS,pending,NEEDS_MANUAL_ORACLE_REVIEW,No obvious web contract was extracted; existing tests or manual characterization must be mapped.
opencart-C0153,opencart,upload/catalog/model/extension/payment/cardinity.php,sql_data_access,PASS,pending,NEEDS_MANUAL_ORACLE_REVIEW,No obvious web contract was extracted; existing tests or manual characterization must be mapped.
opencart-C0154,opencart,upload/catalog/model/extension/payment/divido.php,sql_data_access,PASS,pending,NEEDS_MANUAL_ORACLE_REVIEW,No obvious web contract was extracted; existing tests or manual characterization must be mapped.
opencart-C0155,opencart,upload/catalog/model/extension/payment/divido.php,sql_data_access,PASS,pending,NEEDS_MANUAL_ORACLE_REVIEW,No obvious web contract was extracted; existing tests or manual characterization must be mapped.
opencart-C0156,opencart,upload/catalog/model/extension/payment/divido.php,long_method_or_region,PASS,pending,NEEDS_MANUAL_ORACLE_REVIEW,No obvious web contract was extracted; existing tests or manual characterization must be mapped.
opencart-C0157,opencart,upload/catalog/model/extension/payment/eway.php,sql_data_access,PASS,pending,NEEDS_MANUAL_ORACLE_REVIEW,No obvious web contract was extracted; existing tests or manual characterization must be mapped.
opencart-C0158,opencart,upload/catalog/model/extension/payment/firstdata_remote.php,sql_data_access,PASS,pending,NEEDS_MANUAL_ORACLE_REVIEW,No obvious web contract was extracted; existing tests or manual characterization must be mapped.
opencart-C0159,opencart,upload/catalog/model/extension/payment/firstdata_remote.php,long_method_or_region,PASS,pending,NEEDS_MANUAL_ORACLE_REVIEW,No obvious web contract was extracted; existing tests or manual characterization must be mapped.
opencart-C0160,opencart,upload/catalog/model/extension/payment/globalpay_remote.php,sql_data_access,PASS,pending,NEEDS_CHARACTERIZATION,Candidate has observable request/output contract but no stable oracle yet.
opencart-C0161,opencart,upload/catalog/model/extension/payment/globalpay_remote.php,long_method_or_region,PASS,pending,NEEDS_CHARACTERIZATION,Candidate has observable request/output contract but no stable oracle yet.
opencart-C0162,opencart,upload/catalog/model/extension/payment/klarna_account.php,sql_data_access,PASS,pending,NEEDS_MANUAL_ORACLE_REVIEW,No obvious web contract was extracted; existing tests or manual characterization must be mapped.
opencart-C0163,opencart,upload/catalog/model/extension/payment/klarna_account.php,sql_data_access,PASS,pending,NEEDS_MANUAL_ORACLE_REVIEW,No obvious web contract was extracted; existing tests or manual characterization must be mapped.
opencart-C0164,opencart,upload/catalog/model/extension/payment/klarna_checkout.php,sql_data_access,PASS,pending,NEEDS_MANUAL_ORACLE_REVIEW,No obvious web contract was extracted; existing tests or manual characterization must be mapped.
opencart-C0165,opencart,upload/catalog/model/extension/payment/klarna_checkout.php,long_method_or_region,PASS,pending,NEEDS_MANUAL_ORACLE_REVIEW,No obvious web contract was extracted; existing tests or manual characterization must be mapped.
opencart-C0166,opencart,upload/catalog/model/extension/payment/klarna_invoice.php,sql_data_access,PASS,pending,NEEDS_MANUAL_ORACLE_REVIEW,No obvious web contract was extracted; existing tests or manual characterization must be mapped.
opencart-C0167,opencart,upload/catalog/model/extension/payment/laybuy.php,sql_data_access,PASS,pending,NEEDS_MANUAL_ORACLE_REVIEW,No obvious web contract was extracted; existing tests or manual characterization must be mapped.
opencart-C0168,opencart,upload/catalog/model/extension/payment/laybuy.php,sql_data_access,PASS,pending,NEEDS_MANUAL_ORACLE_REVIEW,No obvious web contract was extracted; existing tests or manual characterization must be mapped.
opencart-C0169,opencart,upload/catalog/model/extension/payment/paymate.php,sql_data_access,PASS,pending,NEEDS_MANUAL_ORACLE_REVIEW,No obvious web contract was extracted; existing tests or manual characterization must be mapped.
opencart-C0170,opencart,upload/catalog/model/extension/payment/pp_braintree.php,sql_data_access,PASS,pending,NEEDS_MANUAL_ORACLE_REVIEW,No obvious web contract was extracted; existing tests or manual characterization must be mapped.
opencart-C0171,opencart,upload/catalog/model/extension/payment/pp_express.php,sql_data_access,PASS,pending,NEEDS_MANUAL_ORACLE_REVIEW,No obvious web contract was extracted; existing tests or manual characterization must be mapped.
opencart-C0172,opencart,upload/catalog/model/extension/payment/pp_express.php,long_method_or_region,PASS,pending,NEEDS_MANUAL_ORACLE_REVIEW,No obvious web contract was extracted; existing tests or manual characterization must be mapped.
opencart-C0173,opencart,upload/catalog/model/extension/payment/pp_standard.php,sql_data_access,PASS,pending,NEEDS_MANUAL_ORACLE_REVIEW,No obvious web contract was extracted; existing tests or manual characterization must be mapped.
opencart-C0174,opencart,upload/catalog/model/extension/payment/realex_remote.php,sql_data_access,PASS,pending,NEEDS_CHARACTERIZATION,Candidate has observable request/output contract but no stable oracle yet.
opencart-C0175,opencart,upload/catalog/model/extension/payment/realex_remote.php,long_method_or_region,PASS,pending,NEEDS_CHARACTERIZATION,Candidate has observable request/output contract but no stable oracle yet.
opencart-C0176,opencart,upload/catalog/model/extension/payment/sagepay_direct.php,sql_data_access,PASS,pending,NEEDS_MANUAL_ORACLE_REVIEW,No obvious web contract was extracted; existing tests or manual characterization must be mapped.
opencart-C0177,opencart,upload/catalog/model/extension/payment/sagepay_direct.php,long_method_or_region,PASS,pending,NEEDS_MANUAL_ORACLE_REVIEW,No obvious web contract was extracted; existing tests or manual characterization must be mapped.
opencart-C0178,opencart,upload/catalog/model/extension/payment/sagepay_direct.php,long_method_or_region,PASS,pending,NEEDS_MANUAL_ORACLE_REVIEW,No obvious web contract was extracted; existing tests or manual characterization must be mapped.
opencart-C0179,opencart,upload/catalog/model/extension/payment/sagepay_server.php,sql_data_access,PASS,pending,NEEDS_MANUAL_ORACLE_REVIEW,No obvious web contract was extracted; existing tests or manual characterization must be mapped.
opencart-C0180,opencart,upload/catalog/model/extension/payment/sagepay_server.php,long_method_or_region,PASS,pending,NEEDS_MANUAL_ORACLE_REVIEW,No obvious web contract was extracted; existing tests or manual characterization must be mapped.
opencart-C0181,opencart,upload/catalog/model/extension/payment/securetrading_pp.php,sql_data_access,PASS,pending,NEEDS_MANUAL_ORACLE_REVIEW,No obvious web contract was extracted; existing tests or manual characterization must be mapped.
opencart-C0182,opencart,upload/catalog/model/extension/payment/securetrading_ws.php,sql_data_access,PASS,pending,NEEDS_MANUAL_ORACLE_REVIEW,No obvious web contract was extracted; existing tests or manual characterization must be mapped.
opencart-C0183,opencart,upload/catalog/model/extension/payment/squareup.php,sql_data_access,PASS,pending,NEEDS_MANUAL_ORACLE_REVIEW,No obvious web contract was extracted; existing tests or manual characterization must be mapped.
opencart-C0184,opencart,upload/catalog/model/extension/payment/squareup.php,sql_data_access,PASS,pending,NEEDS_MANUAL_ORACLE_REVIEW,No obvious web contract was extracted; existing tests or manual characterization must be mapped.
opencart-C0185,opencart,upload/catalog/model/extension/payment/squareup.php,sql_data_access,PASS,pending,NEEDS_MANUAL_ORACLE_REVIEW,No obvious web contract was extracted; existing tests or manual characterization must be mapped.
opencart-C0186,opencart,upload/catalog/model/extension/payment/worldpay.php,sql_data_access,PASS,pending,NEEDS_MANUAL_ORACLE_REVIEW,No obvious web contract was extracted; existing tests or manual characterization must be mapped.
opencart-C0187,opencart,upload/catalog/model/extension/payment/worldpay.php,long_method_or_region,PASS,pending,NEEDS_MANUAL_ORACLE_REVIEW,No obvious web contract was extracted; existing tests or manual characterization must be mapped.
opencart-C0188,opencart,upload/catalog/model/extension/shipping/auspost.php,sql_data_access,PASS,pending,NEEDS_MANUAL_ORACLE_REVIEW,No obvious web contract was extracted; existing tests or manual characterization must be mapped.
opencart-C0189,opencart,upload/catalog/model/extension/shipping/auspost.php,sql_data_access,PASS,pending,NEEDS_MANUAL_ORACLE_REVIEW,No obvious web contract was extracted; existing tests or manual characterization must be mapped.
opencart-C0190,opencart,upload/catalog/model/extension/shipping/ec_ship.php,sql_data_access,PASS,pending,NEEDS_MANUAL_ORACLE_REVIEW,No obvious web contract was extracted; existing tests or manual characterization must be mapped.
opencart-C0191,opencart,upload/catalog/model/extension/shipping/ec_ship.php,sql_data_access,PASS,pending,NEEDS_MANUAL_ORACLE_REVIEW,No obvious web contract was extracted; existing tests or manual characterization must be mapped.
opencart-C0192,opencart,upload/catalog/model/extension/shipping/fedex.php,sql_data_access,PASS,pending,NEEDS_MANUAL_ORACLE_REVIEW,No obvious web contract was extracted; existing tests or manual characterization must be mapped.
opencart-C0193,opencart,upload/catalog/model/extension/shipping/fedex.php,sql_data_access,PASS,pending,NEEDS_MANUAL_ORACLE_REVIEW,No obvious web contract was extracted; existing tests or manual characterization must be mapped.
opencart-C0194,opencart,upload/catalog/model/extension/shipping/free.php,sql_data_access,PASS,pending,NEEDS_MANUAL_ORACLE_REVIEW,No obvious web contract was extracted; existing tests or manual characterization must be mapped.
opencart-C0195,opencart,upload/catalog/model/extension/shipping/item.php,sql_data_access,PASS,pending,NEEDS_MANUAL_ORACLE_REVIEW,No obvious web contract was extracted; existing tests or manual characterization must be mapped.
opencart-C0196,opencart,upload/catalog/model/extension/shipping/parcelforce_48.php,sql_data_access,PASS,pending,NEEDS_MANUAL_ORACLE_REVIEW,No obvious web contract was extracted; existing tests or manual characterization must be mapped.
opencart-C0197,opencart,upload/catalog/model/extension/shipping/parcelforce_48.php,sql_data_access,PASS,pending,NEEDS_MANUAL_ORACLE_REVIEW,No obvious web contract was extracted; existing tests or manual characterization must be mapped.
opencart-C0198,opencart,upload/catalog/model/extension/shipping/royal_mail.php,sql_data_access,PASS,pending,NEEDS_MANUAL_ORACLE_REVIEW,No obvious web contract was extracted; existing tests or manual characterization must be mapped.
opencart-C0199,opencart,upload/catalog/model/extension/shipping/royal_mail.php,sql_data_access,PASS,pending,NEEDS_MANUAL_ORACLE_REVIEW,No obvious web contract was extracted; existing tests or manual characterization must be mapped.
opencart-C0200,opencart,upload/catalog/model/extension/shipping/ups.php,sql_data_access,PASS,pending,NEEDS_MANUAL_ORACLE_REVIEW,No obvious web contract was extracted; existing tests or manual characterization must be mapped.
opencart-C0201,opencart,upload/catalog/model/extension/shipping/ups.php,sql_data_access,PASS,pending,NEEDS_MANUAL_ORACLE_REVIEW,No obvious web contract was extracted; existing tests or manual characterization must be mapped.
opencart-C0202,opencart,upload/catalog/model/extension/shipping/usps.php,sql_data_access,PASS,pending,NEEDS_CHARACTERIZATION,Candidate has observable request/output contract but no stable oracle yet.
opencart-C0203,opencart,upload/catalog/model/extension/shipping/usps.php,sql_data_access,PASS,pending,NEEDS_CHARACTERIZATION,Candidate has observable request/output contract but no stable oracle yet.
opencart-C0204,opencart,upload/catalog/model/extension/shipping/weight.php,sql_data_access,PASS,pending,NEEDS_MANUAL_ORACLE_REVIEW,No obvious web contract was extracted; existing tests or manual characterization must be mapped.
opencart-C0205,opencart,upload/catalog/model/extension/total/coupon.php,sql_data_access,PASS,pending,NEEDS_MANUAL_ORACLE_REVIEW,No obvious web contract was extracted; existing tests or manual characterization must be mapped.
opencart-C0206,opencart,upload/catalog/model/extension/total/coupon.php,sql_data_access,PASS,pending,NEEDS_MANUAL_ORACLE_REVIEW,No obvious web contract was extracted; existing tests or manual characterization must be mapped.
opencart-C0207,opencart,upload/catalog/model/extension/total/coupon.php,long_method_or_region,PASS,pending,NEEDS_MANUAL_ORACLE_REVIEW,No obvious web contract was extracted; existing tests or manual characterization must be mapped.
opencart-C0208,opencart,upload/catalog/model/extension/total/coupon.php,sql_data_access,PASS,pending,NEEDS_MANUAL_ORACLE_REVIEW,No obvious web contract was extracted; existing tests or manual characterization must be mapped.
opencart-C0209,opencart,upload/catalog/model/extension/total/klarna_fee.php,long_method_or_region,PASS,pending,NEEDS_MANUAL_ORACLE_REVIEW,No obvious web contract was extracted; existing tests or manual characterization must be mapped.
opencart-C0210,opencart,upload/catalog/model/extension/total/reward.php,sql_data_access,PASS,pending,NEEDS_MANUAL_ORACLE_REVIEW,No obvious web contract was extracted; existing tests or manual characterization must be mapped.
opencart-C0211,opencart,upload/catalog/model/extension/total/reward.php,long_method_or_region,PASS,pending,NEEDS_MANUAL_ORACLE_REVIEW,No obvious web contract was extracted; existing tests or manual characterization must be mapped.
opencart-C0212,opencart,upload/catalog/model/extension/total/voucher.php,sql_data_access,PASS,pending,NEEDS_MANUAL_ORACLE_REVIEW,No obvious web contract was extracted; existing tests or manual characterization must be mapped.
opencart-C0213,opencart,upload/catalog/model/extension/total/voucher.php,sql_data_access,PASS,pending,NEEDS_MANUAL_ORACLE_REVIEW,No obvious web contract was extracted; existing tests or manual characterization must be mapped.
opencart-C0214,opencart,upload/catalog/model/extension/total/voucher_theme.php,sql_data_access,PASS,pending,NEEDS_MANUAL_ORACLE_REVIEW,No obvious web contract was extracted; existing tests or manual characterization must be mapped.
opencart-C0215,opencart,upload/catalog/language/en-gb/extension/payment/globalpay.php,mixed_php_html_sql,PASS,pending,NEEDS_MANUAL_ORACLE_REVIEW,No obvious web contract was extracted; existing tests or manual characterization must be mapped.
opencart-C0216,opencart,upload/catalog/language/en-gb/extension/payment/realex.php,mixed_php_html_sql,PASS,pending,NEEDS_MANUAL_ORACLE_REVIEW,No obvious web contract was extracted; existing tests or manual characterization must be mapped.
opencart-C0217,opencart,upload/catalog/controller/account/address.php,long_method_or_region,PASS,pending,NEEDS_MANUAL_ORACLE_REVIEW,No obvious web contract was extracted; existing tests or manual characterization must be mapped.
opencart-C0218,opencart,upload/catalog/controller/account/address.php,long_method_or_region,PASS,pending,NEEDS_MANUAL_ORACLE_REVIEW,No obvious web contract was extracted; existing tests or manual characterization must be mapped.
opencart-C0219,opencart,upload/catalog/controller/account/affiliate.php,long_method_or_region,PASS,pending,NEEDS_MANUAL_ORACLE_REVIEW,No obvious web contract was extracted; existing tests or manual characterization must be mapped.
opencart-C0220,opencart,upload/catalog/controller/account/affiliate.php,long_method_or_region,PASS,pending,NEEDS_MANUAL_ORACLE_REVIEW,No obvious web contract was extracted; existing tests or manual characterization must be mapped.
opencart-C0221,opencart,upload/catalog/controller/account/edit.php,long_method_or_region,PASS,pending,NEEDS_MANUAL_ORACLE_REVIEW,No obvious web contract was extracted; existing tests or manual characterization must be mapped.
opencart-C0222,opencart,upload/catalog/controller/account/edit.php,long_method_or_region,PASS,pending,NEEDS_MANUAL_ORACLE_REVIEW,No obvious web contract was extracted; existing tests or manual characterization must be mapped.
opencart-C0223,opencart,upload/catalog/controller/account/login.php,long_method_or_region,PASS,pending,NEEDS_MANUAL_ORACLE_REVIEW,No obvious web contract was extracted; existing tests or manual characterization must be mapped.
opencart-C0224,opencart,upload/catalog/controller/account/order.php,long_method_or_region,PASS,pending,NEEDS_MANUAL_ORACLE_REVIEW,No obvious web contract was extracted; existing tests or manual characterization must be mapped.
opencart-C0225,opencart,upload/catalog/controller/account/order.php,long_method_or_region,PASS,pending,NEEDS_MANUAL_ORACLE_REVIEW,No obvious web contract was extracted; existing tests or manual characterization must be mapped.
opencart-C0226,opencart,upload/catalog/controller/account/recurring.php,long_method_or_region,PASS,pending,NEEDS_MANUAL_ORACLE_REVIEW,No obvious web contract was extracted; existing tests or manual characterization must be mapped.
opencart-C0227,opencart,upload/catalog/controller/account/register.php,long_method_or_region,PASS,pending,NEEDS_MANUAL_ORACLE_REVIEW,No obvious web contract was extracted; existing tests or manual characterization must be mapped.
opencart-C0228,opencart,upload/catalog/controller/account/register.php,long_method_or_region,PASS,pending,NEEDS_MANUAL_ORACLE_REVIEW,No obvious web contract was extracted; existing tests or manual characterization must be mapped.
opencart-C0229,opencart,upload/catalog/controller/account/return.php,long_method_or_region,PASS,pending,NEEDS_MANUAL_ORACLE_REVIEW,No obvious web contract was extracted; existing tests or manual characterization must be mapped.
opencart-C0230,opencart,upload/catalog/controller/account/return.php,long_method_or_region,PASS,pending,NEEDS_MANUAL_ORACLE_REVIEW,No obvious web contract was extracted; existing tests or manual characterization must be mapped.
opencart-C0231,opencart,upload/catalog/controller/account/return.php,long_method_or_region,PASS,pending,NEEDS_MANUAL_ORACLE_REVIEW,No obvious web contract was extracted; existing tests or manual characterization must be mapped.
opencart-C0232,opencart,upload/catalog/controller/account/voucher.php,long_method_or_region,PASS,pending,NEEDS_MANUAL_ORACLE_REVIEW,No obvious web contract was extracted; existing tests or manual characterization must be mapped.
opencart-C0233,opencart,upload/catalog/controller/account/wishlist.php,long_method_or_region,PASS,pending,NEEDS_MANUAL_ORACLE_REVIEW,No obvious web contract was extracted; existing tests or manual characterization must be mapped.
opencart-C0234,opencart,upload/catalog/controller/affiliate/login.php,long_method_or_region,PASS,pending,NEEDS_MANUAL_ORACLE_REVIEW,No obvious web contract was extracted; existing tests or manual characterization must be mapped.
opencart-C0235,opencart,upload/catalog/controller/affiliate/register.php,long_method_or_region,PASS,pending,NEEDS_MANUAL_ORACLE_REVIEW,No obvious web contract was extracted; existing tests or manual characterization must be mapped.
opencart-C0236,opencart,upload/catalog/controller/affiliate/register.php,long_method_or_region,PASS,pending,NEEDS_MANUAL_ORACLE_REVIEW,No obvious web contract was extracted; existing tests or manual characterization must be mapped.
opencart-C0237,opencart,upload/catalog/controller/api/cart.php,long_method_or_region,PASS,pending,NEEDS_MANUAL_ORACLE_REVIEW,No obvious web contract was extracted; existing tests or manual characterization must be mapped.
opencart-C0238,opencart,upload/catalog/controller/api/cart.php,long_method_or_region,PASS,pending,NEEDS_MANUAL_ORACLE_REVIEW,No obvious web contract was extracted; existing tests or manual characterization must be mapped.
opencart-C0239,opencart,upload/catalog/controller/api/customer.php,long_method_or_region,PASS,pending,NEEDS_MANUAL_ORACLE_REVIEW,No obvious web contract was extracted; existing tests or manual characterization must be mapped.
opencart-C0240,opencart,upload/catalog/controller/api/order.php,long_method_or_region,PASS,pending,NEEDS_MANUAL_ORACLE_REVIEW,No obvious web contract was extracted; existing tests or manual characterization must be mapped.
opencart-C0241,opencart,upload/catalog/controller/api/order.php,long_method_or_region,PASS,pending,NEEDS_MANUAL_ORACLE_REVIEW,No obvious web contract was extracted; existing tests or manual characterization must be mapped.
opencart-C0242,opencart,upload/catalog/controller/api/payment.php,long_method_or_region,PASS,pending,NEEDS_MANUAL_ORACLE_REVIEW,No obvious web contract was extracted; existing tests or manual characterization must be mapped.
opencart-C0243,opencart,upload/catalog/controller/api/payment.php,long_method_or_region,PASS,pending,NEEDS_MANUAL_ORACLE_REVIEW,No obvious web contract was extracted; existing tests or manual characterization must be mapped.
opencart-C0244,opencart,upload/catalog/controller/api/shipping.php,long_method_or_region,PASS,pending,NEEDS_MANUAL_ORACLE_REVIEW,No obvious web contract was extracted; existing tests or manual characterization must be mapped.
opencart-C0245,opencart,upload/catalog/controller/api/shipping.php,long_method_or_region,PASS,pending,NEEDS_MANUAL_ORACLE_REVIEW,No obvious web contract was extracted; existing tests or manual characterization must be mapped.
opencart-C0246,opencart,upload/catalog/controller/api/voucher.php,long_method_or_region,PASS,pending,NEEDS_MANUAL_ORACLE_REVIEW,No obvious web contract was extracted; existing tests or manual characterization must be mapped.
opencart-C0247,opencart,upload/catalog/controller/checkout/cart.php,long_method_or_region,PASS,pending,NEEDS_MANUAL_ORACLE_REVIEW,No obvious web contract was extracted; existing tests or manual characterization must be mapped.
opencart-C0248,opencart,upload/catalog/controller/checkout/cart.php,long_method_or_region,PASS,pending,NEEDS_MANUAL_ORACLE_REVIEW,No obvious web contract was extracted; existing tests or manual characterization must be mapped.
opencart-C0249,opencart,upload/catalog/controller/checkout/checkout.php,long_method_or_region,PASS,pending,NEEDS_MANUAL_ORACLE_REVIEW,No obvious web contract was extracted; existing tests or manual characterization must be mapped.
opencart-C0250,opencart,upload/catalog/controller/checkout/confirm.php,long_method_or_region,PASS,pending,NEEDS_MANUAL_ORACLE_REVIEW,No obvious web contract was extracted; existing tests or manual characterization must be mapped.
opencart-C0251,opencart,upload/catalog/controller/checkout/guest.php,long_method_or_region,PASS,pending,NEEDS_MANUAL_ORACLE_REVIEW,No obvious web contract was extracted; existing tests or manual characterization must be mapped.
opencart-C0252,opencart,upload/catalog/controller/checkout/guest.php,long_method_or_region,PASS,pending,NEEDS_MANUAL_ORACLE_REVIEW,No obvious web contract was extracted; existing tests or manual characterization must be mapped.
opencart-C0253,opencart,upload/catalog/controller/checkout/guest_shipping.php,long_method_or_region,PASS,pending,NEEDS_MANUAL_ORACLE_REVIEW,No obvious web contract was extracted; existing tests or manual characterization must be mapped.
opencart-C0254,opencart,upload/catalog/controller/checkout/guest_shipping.php,long_method_or_region,PASS,pending,NEEDS_MANUAL_ORACLE_REVIEW,No obvious web contract was extracted; existing tests or manual characterization must be mapped.
opencart-C0255,opencart,upload/catalog/controller/checkout/login.php,long_method_or_region,PASS,pending,NEEDS_MANUAL_ORACLE_REVIEW,No obvious web contract was extracted; existing tests or manual characterization must be mapped.
opencart-C0256,opencart,upload/catalog/controller/checkout/payment_address.php,long_method_or_region,PASS,pending,NEEDS_MANUAL_ORACLE_REVIEW,No obvious web contract was extracted; existing tests or manual characterization must be mapped.
opencart-C0257,opencart,upload/catalog/controller/checkout/payment_method.php,long_method_or_region,PASS,pending,NEEDS_MANUAL_ORACLE_REVIEW,No obvious web contract was extracted; existing tests or manual characterization must be mapped.
opencart-C0258,opencart,upload/catalog/controller/checkout/payment_method.php,long_method_or_region,PASS,pending,NEEDS_MANUAL_ORACLE_REVIEW,No obvious web contract was extracted; existing tests or manual characterization must be mapped.
opencart-C0259,opencart,upload/catalog/controller/checkout/register.php,long_method_or_region,PASS,pending,NEEDS_MANUAL_ORACLE_REVIEW,No obvious web contract was extracted; existing tests or manual characterization must be mapped.
opencart-C0260,opencart,upload/catalog/controller/checkout/register.php,long_method_or_region,PASS,pending,NEEDS_MANUAL_ORACLE_REVIEW,No obvious web contract was extracted; existing tests or manual characterization must be mapped.
opencart-C0261,opencart,upload/catalog/controller/checkout/shipping_address.php,long_method_or_region,PASS,pending,NEEDS_MANUAL_ORACLE_REVIEW,No obvious web contract was extracted; existing tests or manual characterization must be mapped.
opencart-C0262,opencart,upload/catalog/controller/checkout/shipping_method.php,long_method_or_region,PASS,pending,NEEDS_MANUAL_ORACLE_REVIEW,No obvious web contract was extracted; existing tests or manual characterization must be mapped.
opencart-C0263,opencart,upload/catalog/controller/checkout/shipping_method.php,long_method_or_region,PASS,pending,NEEDS_MANUAL_ORACLE_REVIEW,No obvious web contract was extracted; existing tests or manual characterization must be mapped.
opencart-C0264,opencart,upload/catalog/controller/common/cart.php,long_method_or_region,PASS,pending,NEEDS_MANUAL_ORACLE_REVIEW,No obvious web contract was extracted; existing tests or manual characterization must be mapped.
opencart-C0265,opencart,upload/catalog/controller/common/column_left.php,long_method_or_region,PASS,pending,NEEDS_MANUAL_ORACLE_REVIEW,No obvious web contract was extracted; existing tests or manual characterization must be mapped.
opencart-C0266,opencart,upload/catalog/controller/common/column_right.php,long_method_or_region,PASS,pending,NEEDS_MANUAL_ORACLE_REVIEW,No obvious web contract was extracted; existing tests or manual characterization must be mapped.
opencart-C0267,opencart,upload/catalog/controller/common/content_bottom.php,long_method_or_region,PASS,pending,NEEDS_MANUAL_ORACLE_REVIEW,No obvious web contract was extracted; existing tests or manual characterization must be mapped.
opencart-C0268,opencart,upload/catalog/controller/common/content_top.php,long_method_or_region,PASS,pending,NEEDS_MANUAL_ORACLE_REVIEW,No obvious web contract was extracted; existing tests or manual characterization must be mapped.
opencart-C0269,opencart,upload/catalog/controller/event/statistics.php,long_method_or_region,PASS,pending,NEEDS_MANUAL_ORACLE_REVIEW,No obvious web contract was extracted; existing tests or manual characterization must be mapped.
opencart-C0270,opencart,upload/catalog/controller/information/contact.php,long_method_or_region,PASS,pending,NEEDS_MANUAL_ORACLE_REVIEW,No obvious web contract was extracted; existing tests or manual characterization must be mapped.
opencart-C0271,opencart,upload/catalog/controller/mail/order.php,sql_data_access,PASS,pending,NEEDS_MANUAL_ORACLE_REVIEW,No obvious web contract was extracted; existing tests or manual characterization must be mapped.
opencart-C0272,opencart,upload/catalog/controller/mail/order.php,sql_data_access,PASS,pending,NEEDS_MANUAL_ORACLE_REVIEW,No obvious web contract was extracted; existing tests or manual characterization must be mapped.
opencart-C0273,opencart,upload/catalog/controller/mail/order.php,sql_data_access,PASS,pending,NEEDS_MANUAL_ORACLE_REVIEW,No obvious web contract was extracted; existing tests or manual characterization must be mapped.
opencart-C0274,opencart,upload/catalog/controller/mail/order.php,sql_data_access,PASS,pending,NEEDS_MANUAL_ORACLE_REVIEW,No obvious web contract was extracted; existing tests or manual characterization must be mapped.
opencart-C0275,opencart,upload/catalog/controller/product/category.php,long_method_or_region,PASS,pending,NEEDS_MANUAL_ORACLE_REVIEW,No obvious web contract was extracted; existing tests or manual characterization must be mapped.
opencart-C0276,opencart,upload/catalog/controller/product/compare.php,long_method_or_region,PASS,pending,NEEDS_MANUAL_ORACLE_REVIEW,No obvious web contract was extracted; existing tests or manual characterization must be mapped.
opencart-C0277,opencart,upload/catalog/controller/product/manufacturer.php,long_method_or_region,PASS,pending,NEEDS_MANUAL_ORACLE_REVIEW,No obvious web contract was extracted; existing tests or manual characterization must be mapped.
opencart-C0278,opencart,upload/catalog/controller/product/product.php,long_method_or_region,PASS,pending,NEEDS_MANUAL_ORACLE_REVIEW,No obvious web contract was extracted; existing tests or manual characterization must be mapped.
opencart-C0279,opencart,upload/catalog/controller/product/search.php,long_method_or_region,PASS,pending,NEEDS_MANUAL_ORACLE_REVIEW,No obvious web contract was extracted; existing tests or manual characterization must be mapped.
opencart-C0280,opencart,upload/catalog/controller/product/special.php,long_method_or_region,PASS,pending,NEEDS_MANUAL_ORACLE_REVIEW,No obvious web contract was extracted; existing tests or manual characterization must be mapped.
opencart-C0281,opencart,upload/catalog/controller/startup/error.php,long_method_or_region,PASS,pending,NEEDS_MANUAL_ORACLE_REVIEW,No obvious web contract was extracted; existing tests or manual characterization must be mapped.
opencart-C0282,opencart,upload/catalog/controller/startup/seo_url.php,sql_data_access,PASS,pending,NEEDS_MANUAL_ORACLE_REVIEW,No obvious web contract was extracted; existing tests or manual characterization must be mapped.
opencart-C0283,opencart,upload/catalog/controller/startup/seo_url.php,sql_data_access,PASS,pending,NEEDS_MANUAL_ORACLE_REVIEW,No obvious web contract was extracted; existing tests or manual characterization must be mapped.
opencart-C0284,opencart,upload/catalog/controller/startup/seo_url.php,sql_data_access,PASS,pending,NEEDS_MANUAL_ORACLE_REVIEW,No obvious web contract was extracted; existing tests or manual characterization must be mapped.
opencart-C0285,opencart,upload/catalog/controller/startup/startup.php,sql_data_access,PASS,pending,NEEDS_MANUAL_ORACLE_REVIEW,No obvious web contract was extracted; existing tests or manual characterization must be mapped.
opencart-C0286,opencart,upload/catalog/controller/startup/startup.php,sql_data_access,PASS,pending,NEEDS_MANUAL_ORACLE_REVIEW,No obvious web contract was extracted; existing tests or manual characterization must be mapped.
opencart-C0287,opencart,upload/catalog/controller/tool/upload.php,long_method_or_region,PASS,pending,NEEDS_MANUAL_ORACLE_REVIEW,No obvious web contract was extracted; existing tests or manual characterization must be mapped.
opencart-C0288,opencart,upload/catalog/controller/extension/advertise/google.php,mixed_php_html,PASS,pending,NEEDS_MANUAL_ORACLE_REVIEW,No obvious web contract was extracted; existing tests or manual characterization must be mapped.
opencart-C0289,opencart,upload/catalog/controller/extension/advertise/google.php,long_method_or_region,PASS,pending,NEEDS_MANUAL_ORACLE_REVIEW,No obvious web contract was extracted; existing tests or manual characterization must be mapped.
opencart-C0290,opencart,upload/catalog/controller/extension/credit_card/sagepay_direct.php,long_method_or_region,PASS,pending,NEEDS_MANUAL_ORACLE_REVIEW,No obvious web contract was extracted; existing tests or manual characterization must be mapped.
opencart-C0291,opencart,upload/catalog/controller/extension/credit_card/sagepay_server.php,long_method_or_region,PASS,pending,NEEDS_MANUAL_ORACLE_REVIEW,No obvious web contract was extracted; existing tests or manual characterization must be mapped.
opencart-C0292,opencart,upload/catalog/controller/extension/feed/google_base.php,long_method_or_region,PASS,pending,NEEDS_MANUAL_ORACLE_REVIEW,No obvious web contract was extracted; existing tests or manual characterization must be mapped.
opencart-C0293,opencart,upload/catalog/controller/extension/module/featured.php,long_method_or_region,PASS,pending,NEEDS_MANUAL_ORACLE_REVIEW,No obvious web contract was extracted; existing tests or manual characterization must be mapped.
opencart-C0294,opencart,upload/catalog/controller/extension/module/filter.php,long_method_or_region,PASS,pending,NEEDS_MANUAL_ORACLE_REVIEW,No obvious web contract was extracted; existing tests or manual characterization must be mapped.
opencart-C0295,opencart,upload/catalog/controller/extension/module/klarna_checkout_module.php,long_method_or_region,PASS,pending,NEEDS_MANUAL_ORACLE_REVIEW,No obvious web contract was extracted; existing tests or manual characterization must be mapped.
opencart-C0296,opencart,upload/catalog/controller/extension/module/pp_login.php,mixed_php_html_sql,PASS,pending,NEEDS_MANUAL_ORACLE_REVIEW,No obvious web contract was extracted; existing tests or manual characterization must be mapped.
opencart-C0297,opencart,upload/catalog/controller/extension/module/pp_login.php,sql_data_access,PASS,pending,NEEDS_MANUAL_ORACLE_REVIEW,No obvious web contract was extracted; existing tests or manual characterization must be mapped.
opencart-C0298,opencart,upload/catalog/controller/extension/openbay/amazon.php,sql_data_access,PASS,pending,NEEDS_MANUAL_ORACLE_REVIEW,No obvious web contract was extracted; existing tests or manual characterization must be mapped.
opencart-C0299,opencart,upload/catalog/controller/extension/openbay/amazon.php,sql_data_access,PASS,pending,NEEDS_MANUAL_ORACLE_REVIEW,No obvious web contract was extracted; existing tests or manual characterization must be mapped.
opencart-C0300,opencart,upload/catalog/controller/extension/openbay/amazon.php,sql_data_access,PASS,pending,NEEDS_MANUAL_ORACLE_REVIEW,No obvious web contract was extracted; existing tests or manual characterization must be mapped.
opencart-C0301,opencart,upload/catalog/controller/extension/openbay/amazonus.php,sql_data_access,PASS,pending,NEEDS_MANUAL_ORACLE_REVIEW,No obvious web contract was extracted; existing tests or manual characterization must be mapped.
opencart-C0302,opencart,upload/catalog/controller/extension/openbay/amazonus.php,sql_data_access,PASS,pending,NEEDS_MANUAL_ORACLE_REVIEW,No obvious web contract was extracted; existing tests or manual characterization must be mapped.
opencart-C0303,opencart,upload/catalog/controller/extension/openbay/amazonus.php,sql_data_access,PASS,pending,NEEDS_MANUAL_ORACLE_REVIEW,No obvious web contract was extracted; existing tests or manual characterization must be mapped.
opencart-C0304,opencart,upload/catalog/controller/extension/openbay/ebay.php,sql_data_access,PASS,pending,NEEDS_MANUAL_ORACLE_REVIEW,No obvious web contract was extracted; existing tests or manual characterization must be mapped.
opencart-C0305,opencart,upload/catalog/controller/extension/openbay/ebay.php,sql_data_access,PASS,pending,NEEDS_MANUAL_ORACLE_REVIEW,No obvious web contract was extracted; existing tests or manual characterization must be mapped.
opencart-C0306,opencart,upload/catalog/controller/extension/openbay/fba.php,long_method_or_region,PASS,pending,NEEDS_MANUAL_ORACLE_REVIEW,No obvious web contract was extracted; existing tests or manual characterization must be mapped.
opencart-C0307,opencart,upload/catalog/controller/extension/payment/amazon_login_pay.php,long_method_or_region,PASS,pending,NEEDS_MANUAL_ORACLE_REVIEW,No obvious web contract was extracted; existing tests or manual characterization must be mapped.
opencart-C0308,opencart,upload/catalog/controller/extension/payment/amazon_login_pay.php,long_method_or_region,PASS,pending,NEEDS_MANUAL_ORACLE_REVIEW,No obvious web contract was extracted; existing tests or manual characterization must be mapped.
opencart-C0309,opencart,upload/catalog/controller/extension/payment/amazon_login_pay.php,long_method_or_region,PASS,pending,NEEDS_MANUAL_ORACLE_REVIEW,No obvious web contract was extracted; existing tests or manual characterization must be mapped.
opencart-C0310,opencart,upload/catalog/controller/extension/payment/amazon_login_pay.php,long_method_or_region,PASS,pending,NEEDS_MANUAL_ORACLE_REVIEW,No obvious web contract was extracted; existing tests or manual characterization must be mapped.
opencart-C0311,opencart,upload/catalog/controller/extension/payment/authorizenet_aim.php,long_method_or_region,PASS,pending,NEEDS_MANUAL_ORACLE_REVIEW,No obvious web contract was extracted; existing tests or manual characterization must be mapped.
opencart-C0312,opencart,upload/catalog/controller/extension/payment/cardconnect.php,long_method_or_region,PASS,pending,NEEDS_MANUAL_ORACLE_REVIEW,No obvious web contract was extracted; existing tests or manual characterization must be mapped.
opencart-C0313,opencart,upload/catalog/controller/extension/payment/cardconnect.php,long_method_or_region,PASS,pending,NEEDS_MANUAL_ORACLE_REVIEW,No obvious web contract was extracted; existing tests or manual characterization must be mapped.
opencart-C0314,opencart,upload/catalog/controller/extension/payment/cardconnect.php,long_method_or_region,PASS,pending,NEEDS_MANUAL_ORACLE_REVIEW,No obvious web contract was extracted; existing tests or manual characterization must be mapped.
opencart-C0315,opencart,upload/catalog/controller/extension/payment/cardinity.php,long_method_or_region,PASS,pending,NEEDS_MANUAL_ORACLE_REVIEW,No obvious web contract was extracted; existing tests or manual characterization must be mapped.
opencart-C0316,opencart,upload/catalog/controller/extension/payment/cardinity.php,long_method_or_region,PASS,pending,NEEDS_MANUAL_ORACLE_REVIEW,No obvious web contract was extracted; existing tests or manual characterization must be mapped.
opencart-C0317,opencart,upload/catalog/controller/extension/payment/divido.php,long_method_or_region,PASS,pending,NEEDS_MANUAL_ORACLE_REVIEW,No obvious web contract was extracted; existing tests or manual characterization must be mapped.
opencart-C0318,opencart,upload/catalog/controller/extension/payment/eway.php,long_method_or_region,PASS,pending,NEEDS_MANUAL_ORACLE_REVIEW,No obvious web contract was extracted; existing tests or manual characterization must be mapped.
opencart-C0319,opencart,upload/catalog/controller/extension/payment/eway.php,long_method_or_region,PASS,pending,NEEDS_MANUAL_ORACLE_REVIEW,No obvious web contract was extracted; existing tests or manual characterization must be mapped.
opencart-C0320,opencart,upload/catalog/controller/extension/payment/firstdata.php,long_method_or_region,PASS,pending,NEEDS_MANUAL_ORACLE_REVIEW,No obvious web contract was extracted; existing tests or manual characterization must be mapped.
opencart-C0321,opencart,upload/catalog/controller/extension/payment/firstdata_remote.php,long_method_or_region,PASS,pending,NEEDS_MANUAL_ORACLE_REVIEW,No obvious web contract was extracted; existing tests or manual characterization must be mapped.
opencart-C0322,opencart,upload/catalog/controller/extension/payment/g2apay.php,long_method_or_region,PASS,pending,NEEDS_MANUAL_ORACLE_REVIEW,No obvious web contract was extracted; existing tests or manual characterization must be mapped.
opencart-C0323,opencart,upload/catalog/controller/extension/payment/globalpay.php,long_method_or_region,PASS,pending,NEEDS_MANUAL_ORACLE_REVIEW,No obvious web contract was extracted; existing tests or manual characterization must be mapped.
opencart-C0324,opencart,upload/catalog/controller/extension/payment/globalpay.php,long_method_or_region,PASS,pending,NEEDS_MANUAL_ORACLE_REVIEW,No obvious web contract was extracted; existing tests or manual characterization must be mapped.
opencart-C0325,opencart,upload/catalog/controller/extension/payment/globalpay_remote.php,long_method_or_region,PASS,pending,NEEDS_MANUAL_ORACLE_REVIEW,No obvious web contract was extracted; existing tests or manual characterization must be mapped.
opencart-C0326,opencart,upload/catalog/controller/extension/payment/globalpay_remote.php,long_method_or_region,PASS,pending,NEEDS_MANUAL_ORACLE_REVIEW,No obvious web contract was extracted; existing tests or manual characterization must be mapped.
opencart-C0327,opencart,upload/catalog/controller/extension/payment/klarna_account.php,sql_data_access,PASS,pending,NEEDS_MANUAL_ORACLE_REVIEW,No obvious web contract was extracted; existing tests or manual characterization must be mapped.
opencart-C0328,opencart,upload/catalog/controller/extension/payment/klarna_account.php,long_method_or_region,PASS,pending,NEEDS_MANUAL_ORACLE_REVIEW,No obvious web contract was extracted; existing tests or manual characterization must be mapped.
opencart-C0329,opencart,upload/catalog/controller/extension/payment/klarna_account.php,sql_data_access,PASS,pending,NEEDS_MANUAL_ORACLE_REVIEW,No obvious web contract was extracted; existing tests or manual characterization must be mapped.
opencart-C0330,opencart,upload/catalog/controller/extension/payment/klarna_account.php,long_method_or_region,PASS,pending,NEEDS_MANUAL_ORACLE_REVIEW,No obvious web contract was extracted; existing tests or manual characterization must be mapped.
opencart-C0331,opencart,upload/catalog/controller/extension/payment/klarna_checkout.php,long_method_or_region,PASS,pending,NEEDS_MANUAL_ORACLE_REVIEW,No obvious web contract was extracted; existing tests or manual characterization must be mapped.
opencart-C0332,opencart,upload/catalog/controller/extension/payment/klarna_checkout.php,long_method_or_region,PASS,pending,NEEDS_MANUAL_ORACLE_REVIEW,No obvious web contract was extracted; existing tests or manual characterization must be mapped.
opencart-C0333,opencart,upload/catalog/controller/extension/payment/klarna_checkout.php,long_method_or_region,PASS,pending,NEEDS_MANUAL_ORACLE_REVIEW,No obvious web contract was extracted; existing tests or manual characterization must be mapped.
opencart-C0334,opencart,upload/catalog/controller/extension/payment/klarna_checkout.php,session_dependent_logic,PASS,pending,NEEDS_MANUAL_ORACLE_REVIEW,No obvious web contract was extracted; existing tests or manual characterization must be mapped.
opencart-C0335,opencart,upload/catalog/controller/extension/payment/klarna_checkout.php,long_method_or_region,PASS,pending,NEEDS_MANUAL_ORACLE_REVIEW,No obvious web contract was extracted; existing tests or manual characterization must be mapped.
opencart-C0336,opencart,upload/catalog/controller/extension/payment/klarna_checkout.php,session_dependent_logic,PASS,pending,NEEDS_MANUAL_ORACLE_REVIEW,No obvious web contract was extracted; existing tests or manual characterization must be mapped.
opencart-C0337,opencart,upload/catalog/controller/extension/payment/klarna_checkout.php,long_method_or_region,PASS,pending,NEEDS_MANUAL_ORACLE_REVIEW,No obvious web contract was extracted; existing tests or manual characterization must be mapped.
opencart-C0338,opencart,upload/catalog/controller/extension/payment/klarna_checkout.php,long_method_or_region,PASS,pending,NEEDS_MANUAL_ORACLE_REVIEW,No obvious web contract was extracted; existing tests or manual characterization must be mapped.
opencart-C0339,opencart,upload/catalog/controller/extension/payment/klarna_checkout.php,long_method_or_region,PASS,pending,NEEDS_MANUAL_ORACLE_REVIEW,No obvious web contract was extracted; existing tests or manual characterization must be mapped.
opencart-C0340,opencart,upload/catalog/controller/extension/payment/klarna_checkout.php,long_method_or_region,PASS,pending,NEEDS_MANUAL_ORACLE_REVIEW,No obvious web contract was extracted; existing tests or manual characterization must be mapped.
opencart-C0341,opencart,upload/catalog/controller/extension/payment/klarna_invoice.php,sql_data_access,PASS,pending,NEEDS_MANUAL_ORACLE_REVIEW,No obvious web contract was extracted; existing tests or manual characterization must be mapped.
opencart-C0342,opencart,upload/catalog/controller/extension/payment/klarna_invoice.php,sql_data_access,PASS,pending,NEEDS_MANUAL_ORACLE_REVIEW,No obvious web contract was extracted; existing tests or manual characterization must be mapped.
opencart-C0343,opencart,upload/catalog/controller/extension/payment/klarna_invoice.php,sql_data_access,PASS,pending,NEEDS_MANUAL_ORACLE_REVIEW,No obvious web contract was extracted; existing tests or manual characterization must be mapped.
opencart-C0344,opencart,upload/catalog/controller/extension/payment/klarna_invoice.php,long_method_or_region,PASS,pending,NEEDS_MANUAL_ORACLE_REVIEW,No obvious web contract was extracted; existing tests or manual characterization must be mapped.
opencart-C0345,opencart,upload/catalog/controller/extension/payment/laybuy.php,long_method_or_region,PASS,pending,NEEDS_MANUAL_ORACLE_REVIEW,No obvious web contract was extracted; existing tests or manual characterization must be mapped.
opencart-C0346,opencart,upload/catalog/controller/extension/payment/laybuy.php,long_method_or_region,PASS,pending,NEEDS_MANUAL_ORACLE_REVIEW,No obvious web contract was extracted; existing tests or manual characterization must be mapped.
opencart-C0347,opencart,upload/catalog/controller/extension/payment/laybuy.php,long_method_or_region,PASS,pending,NEEDS_MANUAL_ORACLE_REVIEW,No obvious web contract was extracted; existing tests or manual characterization must be mapped.
opencart-C0348,opencart,upload/catalog/controller/extension/payment/paypoint.php,long_method_or_region,PASS,pending,NEEDS_MANUAL_ORACLE_REVIEW,No obvious web contract was extracted; existing tests or manual characterization must be mapped.
opencart-C0349,opencart,upload/catalog/controller/extension/payment/pilibaba.php,long_method_or_region,PASS,pending,NEEDS_MANUAL_ORACLE_REVIEW,No obvious web contract was extracted; existing tests or manual characterization must be mapped.
opencart-C0350,opencart,upload/catalog/controller/extension/payment/pp_braintree.php,sql_data_access,PASS,pending,NEEDS_MANUAL_ORACLE_REVIEW,No obvious web contract was extracted; existing tests or manual characterization must be mapped.
opencart-C0351,opencart,upload/catalog/controller/extension/payment/pp_braintree.php,long_method_or_region,PASS,pending,NEEDS_MANUAL_ORACLE_REVIEW,No obvious web contract was extracted; existing tests or manual characterization must be mapped.
opencart-C0352,opencart,upload/catalog/controller/extension/payment/pp_braintree.php,long_method_or_region,PASS,pending,NEEDS_MANUAL_ORACLE_REVIEW,No obvious web contract was extracted; existing tests or manual characterization must be mapped.
opencart-C0353,opencart,upload/catalog/controller/extension/payment/pp_braintree.php,sql_data_access,PASS,pending,NEEDS_MANUAL_ORACLE_REVIEW,No obvious web contract was extracted; existing tests or manual characterization must be mapped.
opencart-C0354,opencart,upload/catalog/controller/extension/payment/pp_braintree.php,long_method_or_region,PASS,pending,NEEDS_MANUAL_ORACLE_REVIEW,No obvious web contract was extracted; existing tests or manual characterization must be mapped.
opencart-C0355,opencart,upload/catalog/controller/extension/payment/pp_braintree.php,long_method_or_region,PASS,pending,NEEDS_MANUAL_ORACLE_REVIEW,No obvious web contract was extracted; existing tests or manual characterization must be mapped.
opencart-C0356,opencart,upload/catalog/controller/extension/payment/pp_express.php,mixed_php_html_sql,PASS,pending,NEEDS_CHARACTERIZATION,Candidate has observable request/output contract but no stable oracle yet.
opencart-C0357,opencart,upload/catalog/controller/extension/payment/pp_express.php,long_method_or_region,PASS,pending,NEEDS_MANUAL_ORACLE_REVIEW,No obvious web contract was extracted; existing tests or manual characterization must be mapped.
opencart-C0358,opencart,upload/catalog/controller/extension/payment/pp_express.php,sql_data_access,PASS,pending,NEEDS_MANUAL_ORACLE_REVIEW,No obvious web contract was extracted; existing tests or manual characterization must be mapped.
opencart-C0359,opencart,upload/catalog/controller/extension/payment/pp_express.php,long_method_or_region,PASS,pending,NEEDS_MANUAL_ORACLE_REVIEW,No obvious web contract was extracted; existing tests or manual characterization must be mapped.
opencart-C0360,opencart,upload/catalog/controller/extension/payment/pp_express.php,long_method_or_region,PASS,pending,NEEDS_MANUAL_ORACLE_REVIEW,No obvious web contract was extracted; existing tests or manual characterization must be mapped.
opencart-C0361,opencart,upload/catalog/controller/extension/payment/pp_express.php,long_method_or_region,PASS,pending,NEEDS_CHARACTERIZATION,Candidate has observable request/output contract but no stable oracle yet.
opencart-C0362,opencart,upload/catalog/controller/extension/payment/pp_express.php,sql_data_access,PASS,pending,NEEDS_MANUAL_ORACLE_REVIEW,No obvious web contract was extracted; existing tests or manual characterization must be mapped.
opencart-C0363,opencart,upload/catalog/controller/extension/payment/pp_payflow.php,long_method_or_region,PASS,pending,NEEDS_MANUAL_ORACLE_REVIEW,No obvious web contract was extracted; existing tests or manual characterization must be mapped.
opencart-C0364,opencart,upload/catalog/controller/extension/payment/pp_pro.php,long_method_or_region,PASS,pending,NEEDS_MANUAL_ORACLE_REVIEW,No obvious web contract was extracted; existing tests or manual characterization must be mapped.
opencart-C0365,opencart,upload/catalog/controller/extension/payment/pp_pro_iframe.php,long_method_or_region,PASS,pending,NEEDS_MANUAL_ORACLE_REVIEW,No obvious web contract was extracted; existing tests or manual characterization must be mapped.
opencart-C0366,opencart,upload/catalog/controller/extension/payment/pp_pro_iframe.php,long_method_or_region,PASS,pending,NEEDS_MANUAL_ORACLE_REVIEW,No obvious web contract was extracted; existing tests or manual characterization must be mapped.
opencart-C0367,opencart,upload/catalog/controller/extension/payment/pp_standard.php,long_method_or_region,PASS,pending,NEEDS_MANUAL_ORACLE_REVIEW,No obvious web contract was extracted; existing tests or manual characterization must be mapped.
opencart-C0368,opencart,upload/catalog/controller/extension/payment/pp_standard.php,long_method_or_region,PASS,pending,NEEDS_MANUAL_ORACLE_REVIEW,No obvious web contract was extracted; existing tests or manual characterization must be mapped.
opencart-C0369,opencart,upload/catalog/controller/extension/payment/realex.php,long_method_or_region,PASS,pending,NEEDS_MANUAL_ORACLE_REVIEW,No obvious web contract was extracted; existing tests or manual characterization must be mapped.
opencart-C0370,opencart,upload/catalog/controller/extension/payment/realex.php,long_method_or_region,PASS,pending,NEEDS_MANUAL_ORACLE_REVIEW,No obvious web contract was extracted; existing tests or manual characterization must be mapped.
opencart-C0371,opencart,upload/catalog/controller/extension/payment/realex_remote.php,long_method_or_region,PASS,pending,NEEDS_MANUAL_ORACLE_REVIEW,No obvious web contract was extracted; existing tests or manual characterization must be mapped.
opencart-C0372,opencart,upload/catalog/controller/extension/payment/realex_remote.php,long_method_or_region,PASS,pending,NEEDS_MANUAL_ORACLE_REVIEW,No obvious web contract was extracted; existing tests or manual characterization must be mapped.
opencart-C0373,opencart,upload/catalog/controller/extension/payment/sagepay_direct.php,long_method_or_region,PASS,pending,NEEDS_MANUAL_ORACLE_REVIEW,No obvious web contract was extracted; existing tests or manual characterization must be mapped.
opencart-C0374,opencart,upload/catalog/controller/extension/payment/sagepay_direct.php,long_method_or_region,PASS,pending,NEEDS_MANUAL_ORACLE_REVIEW,No obvious web contract was extracted; existing tests or manual characterization must be mapped.
opencart-C0375,opencart,upload/catalog/controller/extension/payment/sagepay_direct.php,long_method_or_region,PASS,pending,NEEDS_MANUAL_ORACLE_REVIEW,No obvious web contract was extracted; existing tests or manual characterization must be mapped.
opencart-C0376,opencart,upload/catalog/controller/extension/payment/sagepay_server.php,long_method_or_region,PASS,pending,NEEDS_MANUAL_ORACLE_REVIEW,No obvious web contract was extracted; existing tests or manual characterization must be mapped.
opencart-C0377,opencart,upload/catalog/controller/extension/payment/sagepay_server.php,long_method_or_region,PASS,pending,NEEDS_MANUAL_ORACLE_REVIEW,No obvious web contract was extracted; existing tests or manual characterization must be mapped.
opencart-C0378,opencart,upload/catalog/controller/extension/payment/securetrading_ws.php,long_method_or_region,PASS,pending,NEEDS_CHARACTERIZATION,Candidate has observable request/output contract but no stable oracle yet.
opencart-C0379,opencart,upload/catalog/controller/extension/payment/securetrading_ws.php,long_method_or_region,PASS,pending,NEEDS_MANUAL_ORACLE_REVIEW,No obvious web contract was extracted; existing tests or manual characterization must be mapped.
opencart-C0380,opencart,upload/catalog/controller/extension/payment/skrill.php,long_method_or_region,PASS,pending,NEEDS_MANUAL_ORACLE_REVIEW,No obvious web contract was extracted; existing tests or manual characterization must be mapped.
opencart-C0381,opencart,upload/catalog/controller/extension/payment/squareup.php,long_method_or_region,PASS,pending,NEEDS_MANUAL_ORACLE_REVIEW,No obvious web contract was extracted; existing tests or manual characterization must be mapped.
opencart-C0382,opencart,upload/catalog/controller/extension/payment/twocheckout.php,mixed_php_html,PASS,pending,NEEDS_MANUAL_ORACLE_REVIEW,No obvious web contract was extracted; existing tests or manual characterization must be mapped.
opencart-C0383,opencart,upload/catalog/controller/extension/payment/web_payment_software.php,long_method_or_region,PASS,pending,NEEDS_MANUAL_ORACLE_REVIEW,No obvious web contract was extracted; existing tests or manual characterization must be mapped.
opencart-C0384,opencart,upload/catalog/controller/extension/payment/worldpay.php,long_method_or_region,PASS,pending,NEEDS_MANUAL_ORACLE_REVIEW,No obvious web contract was extracted; existing tests or manual characterization must be mapped.
opencart-C0385,opencart,upload/catalog/controller/extension/recurring/squareup.php,long_method_or_region,PASS,pending,NEEDS_MANUAL_ORACLE_REVIEW,No obvious web contract was extracted; existing tests or manual characterization must be mapped.
opencart-C0386,opencart,upload/catalog/controller/extension/total/shipping.php,long_method_or_region,PASS,pending,NEEDS_MANUAL_ORACLE_REVIEW,No obvious web contract was extracted; existing tests or manual characterization must be mapped.
opencart-C0387,opencart,upload/catalog/controller/extension/total/voucher.php,sql_data_access,PASS,pending,NEEDS_MANUAL_ORACLE_REVIEW,No obvious web contract was extracted; existing tests or manual characterization must be mapped.
opencart-C0388,opencart,upload/admin/model/catalog/attribute.php,sql_data_access,PASS,pending,NEEDS_MANUAL_ORACLE_REVIEW,No obvious web contract was extracted; existing tests or manual characterization must be mapped.
opencart-C0389,opencart,upload/admin/model/catalog/attribute.php,sql_data_access,PASS,pending,NEEDS_MANUAL_ORACLE_REVIEW,No obvious web contract was extracted; existing tests or manual characterization must be mapped.
opencart-C0390,opencart,upload/admin/model/catalog/category.php,sql_data_access,PASS,pending,NEEDS_MANUAL_ORACLE_REVIEW,No obvious web contract was extracted; existing tests or manual characterization must be mapped.
opencart-C0391,opencart,upload/admin/model/catalog/category.php,sql_data_access,PASS,pending,NEEDS_MANUAL_ORACLE_REVIEW,No obvious web contract was extracted; existing tests or manual characterization must be mapped.
opencart-C0392,opencart,upload/admin/model/catalog/category.php,sql_data_access,PASS,pending,NEEDS_MANUAL_ORACLE_REVIEW,No obvious web contract was extracted; existing tests or manual characterization must be mapped.
opencart-C0393,opencart,upload/admin/model/catalog/category.php,sql_data_access,PASS,pending,NEEDS_MANUAL_ORACLE_REVIEW,No obvious web contract was extracted; existing tests or manual characterization must be mapped.
opencart-C0394,opencart,upload/admin/model/catalog/download.php,sql_data_access,PASS,pending,NEEDS_MANUAL_ORACLE_REVIEW,No obvious web contract was extracted; existing tests or manual characterization must be mapped.
opencart-C0395,opencart,upload/admin/model/catalog/filter.php,sql_data_access,PASS,pending,NEEDS_MANUAL_ORACLE_REVIEW,No obvious web contract was extracted; existing tests or manual characterization must be mapped.
opencart-C0396,opencart,upload/admin/model/catalog/information.php,sql_data_access,PASS,pending,NEEDS_MANUAL_ORACLE_REVIEW,No obvious web contract was extracted; existing tests or manual characterization must be mapped.
opencart-C0397,opencart,upload/admin/model/catalog/information.php,sql_data_access,PASS,pending,NEEDS_MANUAL_ORACLE_REVIEW,No obvious web contract was extracted; existing tests or manual characterization must be mapped.
opencart-C0398,opencart,upload/admin/model/catalog/information.php,sql_data_access,PASS,pending,NEEDS_MANUAL_ORACLE_REVIEW,No obvious web contract was extracted; existing tests or manual characterization must be mapped.
opencart-C0399,opencart,upload/admin/model/catalog/information.php,sql_data_access,PASS,pending,NEEDS_MANUAL_ORACLE_REVIEW,No obvious web contract was extracted; existing tests or manual characterization must be mapped.
opencart-C0400,opencart,upload/admin/model/catalog/manufacturer.php,sql_data_access,PASS,pending,NEEDS_MANUAL_ORACLE_REVIEW,No obvious web contract was extracted; existing tests or manual characterization must be mapped.
opencart-C0401,opencart,upload/admin/model/catalog/manufacturer.php,sql_data_access,PASS,pending,NEEDS_MANUAL_ORACLE_REVIEW,No obvious web contract was extracted; existing tests or manual characterization must be mapped.
opencart-C0402,opencart,upload/admin/model/catalog/manufacturer.php,sql_data_access,PASS,pending,NEEDS_MANUAL_ORACLE_REVIEW,No obvious web contract was extracted; existing tests or manual characterization must be mapped.
opencart-C0403,opencart,upload/admin/model/catalog/manufacturer.php,sql_data_access,PASS,pending,NEEDS_MANUAL_ORACLE_REVIEW,No obvious web contract was extracted; existing tests or manual characterization must be mapped.
opencart-C0404,opencart,upload/admin/model/catalog/option.php,sql_data_access,PASS,pending,NEEDS_MANUAL_ORACLE_REVIEW,No obvious web contract was extracted; existing tests or manual characterization must be mapped.
opencart-C0405,opencart,upload/admin/model/catalog/option.php,sql_data_access,PASS,pending,NEEDS_MANUAL_ORACLE_REVIEW,No obvious web contract was extracted; existing tests or manual characterization must be mapped.
opencart-C0406,opencart,upload/admin/model/catalog/product.php,sql_data_access,PASS,pending,NEEDS_MANUAL_ORACLE_REVIEW,No obvious web contract was extracted; existing tests or manual characterization must be mapped.
opencart-C0407,opencart,upload/admin/model/catalog/product.php,sql_data_access,PASS,pending,NEEDS_MANUAL_ORACLE_REVIEW,No obvious web contract was extracted; existing tests or manual characterization must be mapped.
opencart-C0408,opencart,upload/admin/model/catalog/product.php,sql_data_access,PASS,pending,NEEDS_MANUAL_ORACLE_REVIEW,No obvious web contract was extracted; existing tests or manual characterization must be mapped.
opencart-C0409,opencart,upload/admin/model/catalog/product.php,sql_data_access,PASS,pending,NEEDS_MANUAL_ORACLE_REVIEW,No obvious web contract was extracted; existing tests or manual characterization must be mapped.
opencart-C0410,opencart,upload/admin/model/catalog/product.php,sql_data_access,PASS,pending,NEEDS_MANUAL_ORACLE_REVIEW,No obvious web contract was extracted; existing tests or manual characterization must be mapped.
opencart-C0411,opencart,upload/admin/model/catalog/recurring.php,sql_data_access,PASS,pending,NEEDS_MANUAL_ORACLE_REVIEW,No obvious web contract was extracted; existing tests or manual characterization must be mapped.
opencart-C0412,opencart,upload/admin/model/catalog/recurring.php,sql_data_access,PASS,pending,NEEDS_MANUAL_ORACLE_REVIEW,No obvious web contract was extracted; existing tests or manual characterization must be mapped.
opencart-C0413,opencart,upload/admin/model/catalog/review.php,sql_data_access,PASS,pending,NEEDS_MANUAL_ORACLE_REVIEW,No obvious web contract was extracted; existing tests or manual characterization must be mapped.
opencart-C0414,opencart,upload/admin/model/catalog/review.php,sql_data_access,PASS,pending,NEEDS_MANUAL_ORACLE_REVIEW,No obvious web contract was extracted; existing tests or manual characterization must be mapped.
opencart-C0415,opencart,upload/admin/model/customer/customer.php,sql_data_access,PASS,pending,NEEDS_MANUAL_ORACLE_REVIEW,No obvious web contract was extracted; existing tests or manual characterization must be mapped.
opencart-C0416,opencart,upload/admin/model/customer/customer.php,sql_data_access,PASS,pending,NEEDS_MANUAL_ORACLE_REVIEW,No obvious web contract was extracted; existing tests or manual characterization must be mapped.
opencart-C0417,opencart,upload/admin/model/customer/customer.php,sql_data_access,PASS,pending,NEEDS_MANUAL_ORACLE_REVIEW,No obvious web contract was extracted; existing tests or manual characterization must be mapped.
opencart-C0418,opencart,upload/admin/model/customer/customer.php,sql_data_access,PASS,pending,NEEDS_MANUAL_ORACLE_REVIEW,No obvious web contract was extracted; existing tests or manual characterization must be mapped.
opencart-C0419,opencart,upload/admin/model/customer/customer.php,sql_data_access,PASS,pending,NEEDS_MANUAL_ORACLE_REVIEW,No obvious web contract was extracted; existing tests or manual characterization must be mapped.
opencart-C0420,opencart,upload/admin/model/customer/customer.php,sql_data_access,PASS,pending,NEEDS_MANUAL_ORACLE_REVIEW,No obvious web contract was extracted; existing tests or manual characterization must be mapped.
opencart-C0421,opencart,upload/admin/model/customer/customer_approval.php,sql_data_access,PASS,pending,NEEDS_MANUAL_ORACLE_REVIEW,No obvious web contract was extracted; existing tests or manual characterization must be mapped.
opencart-C0422,opencart,upload/admin/model/customer/customer_approval.php,sql_data_access,PASS,pending,NEEDS_MANUAL_ORACLE_REVIEW,No obvious web contract was extracted; existing tests or manual characterization must be mapped.
opencart-C0423,opencart,upload/admin/model/customer/custom_field.php,sql_data_access,PASS,pending,NEEDS_MANUAL_ORACLE_REVIEW,No obvious web contract was extracted; existing tests or manual characterization must be mapped.
opencart-C0424,opencart,upload/admin/model/customer/custom_field.php,sql_data_access,PASS,pending,NEEDS_MANUAL_ORACLE_REVIEW,No obvious web contract was extracted; existing tests or manual characterization must be mapped.
opencart-C0425,opencart,upload/admin/model/customer/custom_field.php,sql_data_access,PASS,pending,NEEDS_MANUAL_ORACLE_REVIEW,No obvious web contract was extracted; existing tests or manual characterization must be mapped.
opencart-C0426,opencart,upload/admin/model/customer/custom_field.php,sql_data_access,PASS,pending,NEEDS_MANUAL_ORACLE_REVIEW,No obvious web contract was extracted; existing tests or manual characterization must be mapped.
opencart-C0427,opencart,upload/admin/model/design/banner.php,sql_data_access,PASS,pending,NEEDS_MANUAL_ORACLE_REVIEW,No obvious web contract was extracted; existing tests or manual characterization must be mapped.
opencart-C0428,opencart,upload/admin/model/design/layout.php,sql_data_access,PASS,pending,NEEDS_MANUAL_ORACLE_REVIEW,No obvious web contract was extracted; existing tests or manual characterization must be mapped.
opencart-C0429,opencart,upload/admin/model/design/seo_url.php,sql_data_access,PASS,pending,NEEDS_MANUAL_ORACLE_REVIEW,No obvious web contract was extracted; existing tests or manual characterization must be mapped.
opencart-C0430,opencart,upload/admin/model/design/seo_url.php,sql_data_access,PASS,pending,NEEDS_MANUAL_ORACLE_REVIEW,No obvious web contract was extracted; existing tests or manual characterization must be mapped.
opencart-C0431,opencart,upload/admin/model/design/translation.php,sql_data_access,PASS,pending,NEEDS_MANUAL_ORACLE_REVIEW,No obvious web contract was extracted; existing tests or manual characterization must be mapped.
opencart-C0432,opencart,upload/admin/model/localisation/country.php,sql_data_access,PASS,pending,NEEDS_MANUAL_ORACLE_REVIEW,No obvious web contract was extracted; existing tests or manual characterization must be mapped.
opencart-C0433,opencart,upload/admin/model/localisation/currency.php,sql_data_access,PASS,pending,NEEDS_MANUAL_ORACLE_REVIEW,No obvious web contract was extracted; existing tests or manual characterization must be mapped.
opencart-C0434,opencart,upload/admin/model/localisation/currency.php,sql_data_access,PASS,pending,NEEDS_MANUAL_ORACLE_REVIEW,No obvious web contract was extracted; existing tests or manual characterization must be mapped.
opencart-C0435,opencart,upload/admin/model/localisation/currency.php,sql_data_access,PASS,pending,NEEDS_MANUAL_ORACLE_REVIEW,No obvious web contract was extracted; existing tests or manual characterization must be mapped.
opencart-C0436,opencart,upload/admin/model/localisation/geo_zone.php,sql_data_access,PASS,pending,NEEDS_MANUAL_ORACLE_REVIEW,No obvious web contract was extracted; existing tests or manual characterization must be mapped.
opencart-C0437,opencart,upload/admin/model/localisation/geo_zone.php,sql_data_access,PASS,pending,NEEDS_MANUAL_ORACLE_REVIEW,No obvious web contract was extracted; existing tests or manual characterization must be mapped.
opencart-C0438,opencart,upload/admin/model/localisation/language.php,sql_data_access,PASS,pending,NEEDS_MANUAL_ORACLE_REVIEW,No obvious web contract was extracted; existing tests or manual characterization must be mapped.
opencart-C0439,opencart,upload/admin/model/localisation/language.php,sql_data_access,PASS,pending,NEEDS_MANUAL_ORACLE_REVIEW,No obvious web contract was extracted; existing tests or manual characterization must be mapped.
opencart-C0440,opencart,upload/admin/model/localisation/language.php,sql_data_access,PASS,pending,NEEDS_MANUAL_ORACLE_REVIEW,No obvious web contract was extracted; existing tests or manual characterization must be mapped.
opencart-C0441,opencart,upload/admin/model/localisation/length_class.php,sql_data_access,PASS,pending,NEEDS_MANUAL_ORACLE_REVIEW,No obvious web contract was extracted; existing tests or manual characterization must be mapped.
opencart-C0442,opencart,upload/admin/model/localisation/length_class.php,sql_data_access,PASS,pending,NEEDS_MANUAL_ORACLE_REVIEW,No obvious web contract was extracted; existing tests or manual characterization must be mapped.
opencart-C0443,opencart,upload/admin/model/localisation/order_status.php,sql_data_access,PASS,pending,NEEDS_MANUAL_ORACLE_REVIEW,No obvious web contract was extracted; existing tests or manual characterization must be mapped.
opencart-C0444,opencart,upload/admin/model/localisation/order_status.php,sql_data_access,PASS,pending,NEEDS_MANUAL_ORACLE_REVIEW,No obvious web contract was extracted; existing tests or manual characterization must be mapped.
opencart-C0445,opencart,upload/admin/model/localisation/return_action.php,sql_data_access,PASS,pending,NEEDS_MANUAL_ORACLE_REVIEW,No obvious web contract was extracted; existing tests or manual characterization must be mapped.
opencart-C0446,opencart,upload/admin/model/localisation/return_action.php,sql_data_access,PASS,pending,NEEDS_MANUAL_ORACLE_REVIEW,No obvious web contract was extracted; existing tests or manual characterization must be mapped.
opencart-C0447,opencart,upload/admin/model/localisation/return_reason.php,sql_data_access,PASS,pending,NEEDS_MANUAL_ORACLE_REVIEW,No obvious web contract was extracted; existing tests or manual characterization must be mapped.
opencart-C0448,opencart,upload/admin/model/localisation/return_reason.php,sql_data_access,PASS,pending,NEEDS_MANUAL_ORACLE_REVIEW,No obvious web contract was extracted; existing tests or manual characterization must be mapped.
opencart-C0449,opencart,upload/admin/model/localisation/return_status.php,sql_data_access,PASS,pending,NEEDS_MANUAL_ORACLE_REVIEW,No obvious web contract was extracted; existing tests or manual characterization must be mapped.
opencart-C0450,opencart,upload/admin/model/localisation/return_status.php,sql_data_access,PASS,pending,NEEDS_MANUAL_ORACLE_REVIEW,No obvious web contract was extracted; existing tests or manual characterization must be mapped.
opencart-C0451,opencart,upload/admin/model/localisation/stock_status.php,sql_data_access,PASS,pending,NEEDS_MANUAL_ORACLE_REVIEW,No obvious web contract was extracted; existing tests or manual characterization must be mapped.
opencart-C0452,opencart,upload/admin/model/localisation/stock_status.php,sql_data_access,PASS,pending,NEEDS_MANUAL_ORACLE_REVIEW,No obvious web contract was extracted; existing tests or manual characterization must be mapped.
opencart-C0453,opencart,upload/admin/model/localisation/tax_class.php,sql_data_access,PASS,pending,NEEDS_MANUAL_ORACLE_REVIEW,No obvious web contract was extracted; existing tests or manual characterization must be mapped.
opencart-C0454,opencart,upload/admin/model/localisation/tax_class.php,sql_data_access,PASS,pending,NEEDS_MANUAL_ORACLE_REVIEW,No obvious web contract was extracted; existing tests or manual characterization must be mapped.
opencart-C0455,opencart,upload/admin/model/localisation/tax_rate.php,sql_data_access,PASS,pending,NEEDS_MANUAL_ORACLE_REVIEW,No obvious web contract was extracted; existing tests or manual characterization must be mapped.
opencart-C0456,opencart,upload/admin/model/localisation/tax_rate.php,sql_data_access,PASS,pending,NEEDS_MANUAL_ORACLE_REVIEW,No obvious web contract was extracted; existing tests or manual characterization must be mapped.
opencart-C0457,opencart,upload/admin/model/localisation/weight_class.php,sql_data_access,PASS,pending,NEEDS_MANUAL_ORACLE_REVIEW,No obvious web contract was extracted; existing tests or manual characterization must be mapped.
opencart-C0458,opencart,upload/admin/model/localisation/weight_class.php,sql_data_access,PASS,pending,NEEDS_MANUAL_ORACLE_REVIEW,No obvious web contract was extracted; existing tests or manual characterization must be mapped.
opencart-C0459,opencart,upload/admin/model/marketing/coupon.php,sql_data_access,PASS,pending,NEEDS_MANUAL_ORACLE_REVIEW,No obvious web contract was extracted; existing tests or manual characterization must be mapped.
opencart-C0460,opencart,upload/admin/model/marketing/coupon.php,sql_data_access,PASS,pending,NEEDS_MANUAL_ORACLE_REVIEW,No obvious web contract was extracted; existing tests or manual characterization must be mapped.
opencart-C0461,opencart,upload/admin/model/marketing/marketing.php,sql_data_access,PASS,pending,NEEDS_MANUAL_ORACLE_REVIEW,No obvious web contract was extracted; existing tests or manual characterization must be mapped.
opencart-C0462,opencart,upload/admin/model/marketing/marketing.php,sql_data_access,PASS,pending,NEEDS_MANUAL_ORACLE_REVIEW,No obvious web contract was extracted; existing tests or manual characterization must be mapped.
opencart-C0463,opencart,upload/admin/model/sale/order.php,sql_data_access,PASS,pending,NEEDS_MANUAL_ORACLE_REVIEW,No obvious web contract was extracted; existing tests or manual characterization must be mapped.
opencart-C0464,opencart,upload/admin/model/sale/order.php,sql_data_access,PASS,pending,NEEDS_MANUAL_ORACLE_REVIEW,No obvious web contract was extracted; existing tests or manual characterization must be mapped.
opencart-C0465,opencart,upload/admin/model/sale/order.php,sql_data_access,PASS,pending,NEEDS_MANUAL_ORACLE_REVIEW,No obvious web contract was extracted; existing tests or manual characterization must be mapped.
opencart-C0466,opencart,upload/admin/model/sale/order.php,sql_data_access,PASS,pending,NEEDS_MANUAL_ORACLE_REVIEW,No obvious web contract was extracted; existing tests or manual characterization must be mapped.
opencart-C0467,opencart,upload/admin/model/sale/order.php,sql_data_access,PASS,pending,NEEDS_MANUAL_ORACLE_REVIEW,No obvious web contract was extracted; existing tests or manual characterization must be mapped.
opencart-C0468,opencart,upload/admin/model/sale/recurring.php,sql_data_access,PASS,pending,NEEDS_MANUAL_ORACLE_REVIEW,No obvious web contract was extracted; existing tests or manual characterization must be mapped.
opencart-C0469,opencart,upload/admin/model/sale/recurring.php,sql_data_access,PASS,pending,NEEDS_MANUAL_ORACLE_REVIEW,No obvious web contract was extracted; existing tests or manual characterization must be mapped.
opencart-C0470,opencart,upload/admin/model/sale/recurring.php,sql_data_access,PASS,pending,NEEDS_MANUAL_ORACLE_REVIEW,No obvious web contract was extracted; existing tests or manual characterization must be mapped.
opencart-C0471,opencart,upload/admin/model/sale/recurring.php,sql_data_access,PASS,pending,NEEDS_MANUAL_ORACLE_REVIEW,No obvious web contract was extracted; existing tests or manual characterization must be mapped.
opencart-C0472,opencart,upload/admin/model/sale/return.php,sql_data_access,PASS,pending,NEEDS_MANUAL_ORACLE_REVIEW,No obvious web contract was extracted; existing tests or manual characterization must be mapped.
opencart-C0473,opencart,upload/admin/model/sale/return.php,sql_data_access,PASS,pending,NEEDS_MANUAL_ORACLE_REVIEW,No obvious web contract was extracted; existing tests or manual characterization must be mapped.
opencart-C0474,opencart,upload/admin/model/sale/return.php,sql_data_access,PASS,pending,NEEDS_MANUAL_ORACLE_REVIEW,No obvious web contract was extracted; existing tests or manual characterization must be mapped.
opencart-C0475,opencart,upload/admin/model/sale/voucher.php,sql_data_access,PASS,pending,NEEDS_MANUAL_ORACLE_REVIEW,No obvious web contract was extracted; existing tests or manual characterization must be mapped.
opencart-C0476,opencart,upload/admin/model/sale/voucher_theme.php,sql_data_access,PASS,pending,NEEDS_MANUAL_ORACLE_REVIEW,No obvious web contract was extracted; existing tests or manual characterization must be mapped.
opencart-C0477,opencart,upload/admin/model/setting/event.php,sql_data_access,PASS,pending,NEEDS_MANUAL_ORACLE_REVIEW,No obvious web contract was extracted; existing tests or manual characterization must be mapped.
opencart-C0478,opencart,upload/admin/model/setting/modification.php,sql_data_access,PASS,pending,NEEDS_MANUAL_ORACLE_REVIEW,No obvious web contract was extracted; existing tests or manual characterization must be mapped.
opencart-C0479,opencart,upload/admin/model/tool/backup.php,sql_data_access,PASS,pending,NEEDS_MANUAL_ORACLE_REVIEW,No obvious web contract was extracted; existing tests or manual characterization must be mapped.
opencart-C0480,opencart,upload/admin/model/tool/backup.php,sql_data_access,PASS,pending,NEEDS_MANUAL_ORACLE_REVIEW,No obvious web contract was extracted; existing tests or manual characterization must be mapped.
opencart-C0481,opencart,upload/admin/model/tool/upload.php,sql_data_access,PASS,pending,NEEDS_MANUAL_ORACLE_REVIEW,No obvious web contract was extracted; existing tests or manual characterization must be mapped.
opencart-C0482,opencart,upload/admin/model/tool/upload.php,sql_data_access,PASS,pending,NEEDS_MANUAL_ORACLE_REVIEW,No obvious web contract was extracted; existing tests or manual characterization must be mapped.
opencart-C0483,opencart,upload/admin/model/user/api.php,sql_data_access,PASS,pending,NEEDS_MANUAL_ORACLE_REVIEW,No obvious web contract was extracted; existing tests or manual characterization must be mapped.
opencart-C0484,opencart,upload/admin/model/user/api.php,sql_data_access,PASS,pending,NEEDS_MANUAL_ORACLE_REVIEW,No obvious web contract was extracted; existing tests or manual characterization must be mapped.
opencart-C0485,opencart,upload/admin/model/extension/advertise/google.php,sql_data_access,PASS,pending,NEEDS_MANUAL_ORACLE_REVIEW,No obvious web contract was extracted; existing tests or manual characterization must be mapped.
opencart-C0486,opencart,upload/admin/model/extension/advertise/google.php,sql_data_access,PASS,pending,NEEDS_MANUAL_ORACLE_REVIEW,No obvious web contract was extracted; existing tests or manual characterization must be mapped.
opencart-C0487,opencart,upload/admin/model/extension/advertise/google.php,sql_data_access,PASS,pending,NEEDS_MANUAL_ORACLE_REVIEW,No obvious web contract was extracted; existing tests or manual characterization must be mapped.
opencart-C0488,opencart,upload/admin/model/extension/dashboard/chart.php,sql_data_access,PASS,pending,NEEDS_MANUAL_ORACLE_REVIEW,No obvious web contract was extracted; existing tests or manual characterization must be mapped.
opencart-C0489,opencart,upload/admin/model/extension/dashboard/sale.php,sql_data_access,PASS,pending,NEEDS_MANUAL_ORACLE_REVIEW,No obvious web contract was extracted; existing tests or manual characterization must be mapped.
opencart-C0490,opencart,upload/admin/model/extension/dashboard/sale.php,sql_data_access,PASS,pending,NEEDS_MANUAL_ORACLE_REVIEW,No obvious web contract was extracted; existing tests or manual characterization must be mapped.
opencart-C0491,opencart,upload/admin/model/extension/dashboard/sale.php,sql_data_access,PASS,pending,NEEDS_MANUAL_ORACLE_REVIEW,No obvious web contract was extracted; existing tests or manual characterization must be mapped.
opencart-C0492,opencart,upload/admin/model/extension/dashboard/sale.php,sql_data_access,PASS,pending,NEEDS_MANUAL_ORACLE_REVIEW,No obvious web contract was extracted; existing tests or manual characterization must be mapped.
opencart-C0493,opencart,upload/admin/model/extension/dashboard/sale.php,sql_data_access,PASS,pending,NEEDS_MANUAL_ORACLE_REVIEW,No obvious web contract was extracted; existing tests or manual characterization must be mapped.
opencart-C0494,opencart,upload/admin/model/extension/dashboard/sale.php,sql_data_access,PASS,pending,NEEDS_MANUAL_ORACLE_REVIEW,No obvious web contract was extracted; existing tests or manual characterization must be mapped.
opencart-C0495,opencart,upload/admin/model/extension/dashboard/sale.php,sql_data_access,PASS,pending,NEEDS_MANUAL_ORACLE_REVIEW,No obvious web contract was extracted; existing tests or manual characterization must be mapped.
opencart-C0496,opencart,upload/admin/model/extension/fraud/fraudlabspro.php,sql_data_access,PASS,pending,NEEDS_MANUAL_ORACLE_REVIEW,No obvious web contract was extracted; existing tests or manual characterization must be mapped.
opencart-C0497,opencart,upload/admin/model/extension/openbay/amazon.php,sql_data_access,PASS,pending,NEEDS_MANUAL_ORACLE_REVIEW,No obvious web contract was extracted; existing tests or manual characterization must be mapped.
opencart-C0498,opencart,upload/admin/model/extension/openbay/amazon.php,long_method_or_region,PASS,pending,NEEDS_MANUAL_ORACLE_REVIEW,No obvious web contract was extracted; existing tests or manual characterization must be mapped.
opencart-C0499,opencart,upload/admin/model/extension/openbay/amazon.php,sql_data_access,PASS,pending,NEEDS_MANUAL_ORACLE_REVIEW,No obvious web contract was extracted; existing tests or manual characterization must be mapped.
opencart-C0500,opencart,upload/admin/model/extension/openbay/amazon.php,sql_data_access,PASS,pending,NEEDS_MANUAL_ORACLE_REVIEW,No obvious web contract was extracted; existing tests or manual characterization must be mapped.
opencart-C0501,opencart,upload/admin/model/extension/openbay/amazon.php,sql_data_access,PASS,pending,NEEDS_MANUAL_ORACLE_REVIEW,No obvious web contract was extracted; existing tests or manual characterization must be mapped.
opencart-C0502,opencart,upload/admin/model/extension/openbay/amazon.php,sql_data_access,PASS,pending,NEEDS_MANUAL_ORACLE_REVIEW,No obvious web contract was extracted; existing tests or manual characterization must be mapped.
opencart-C0503,opencart,upload/admin/model/extension/openbay/amazonus.php,sql_data_access,PASS,pending,NEEDS_MANUAL_ORACLE_REVIEW,No obvious web contract was extracted; existing tests or manual characterization must be mapped.
opencart-C0504,opencart,upload/admin/model/extension/openbay/amazonus.php,long_method_or_region,PASS,pending,NEEDS_MANUAL_ORACLE_REVIEW,No obvious web contract was extracted; existing tests or manual characterization must be mapped.
opencart-C0505,opencart,upload/admin/model/extension/openbay/amazonus.php,sql_data_access,PASS,pending,NEEDS_MANUAL_ORACLE_REVIEW,No obvious web contract was extracted; existing tests or manual characterization must be mapped.
opencart-C0506,opencart,upload/admin/model/extension/openbay/amazonus.php,sql_data_access,PASS,pending,NEEDS_MANUAL_ORACLE_REVIEW,No obvious web contract was extracted; existing tests or manual characterization must be mapped.
opencart-C0507,opencart,upload/admin/model/extension/openbay/amazonus.php,sql_data_access,PASS,pending,NEEDS_MANUAL_ORACLE_REVIEW,No obvious web contract was extracted; existing tests or manual characterization must be mapped.
opencart-C0508,opencart,upload/admin/model/extension/openbay/amazonus_listing.php,sql_data_access,PASS,pending,NEEDS_MANUAL_ORACLE_REVIEW,No obvious web contract was extracted; existing tests or manual characterization must be mapped.
opencart-C0509,opencart,upload/admin/model/extension/openbay/amazonus_listing.php,long_method_or_region,PASS,pending,NEEDS_MANUAL_ORACLE_REVIEW,No obvious web contract was extracted; existing tests or manual characterization must be mapped.
opencart-C0510,opencart,upload/admin/model/extension/openbay/amazon_listing.php,sql_data_access,PASS,pending,NEEDS_MANUAL_ORACLE_REVIEW,No obvious web contract was extracted; existing tests or manual characterization must be mapped.
opencart-C0511,opencart,upload/admin/model/extension/openbay/amazon_listing.php,long_method_or_region,PASS,pending,NEEDS_MANUAL_ORACLE_REVIEW,No obvious web contract was extracted; existing tests or manual characterization must be mapped.
opencart-C0512,opencart,upload/admin/model/extension/openbay/ebay.php,sql_data_access,PASS,pending,NEEDS_MANUAL_ORACLE_REVIEW,No obvious web contract was extracted; existing tests or manual characterization must be mapped.
opencart-C0513,opencart,upload/admin/model/extension/openbay/ebay.php,long_method_or_region,PASS,pending,NEEDS_MANUAL_ORACLE_REVIEW,No obvious web contract was extracted; existing tests or manual characterization must be mapped.
opencart-C0514,opencart,upload/admin/model/extension/openbay/ebay.php,sql_data_access,PASS,pending,NEEDS_MANUAL_ORACLE_REVIEW,No obvious web contract was extracted; existing tests or manual characterization must be mapped.
opencart-C0515,opencart,upload/admin/model/extension/openbay/ebay.php,sql_data_access,PASS,pending,NEEDS_MANUAL_ORACLE_REVIEW,No obvious web contract was extracted; existing tests or manual characterization must be mapped.
opencart-C0516,opencart,upload/admin/model/extension/openbay/ebay.php,long_method_or_region,PASS,pending,NEEDS_MANUAL_ORACLE_REVIEW,No obvious web contract was extracted; existing tests or manual characterization must be mapped.
opencart-C0517,opencart,upload/admin/model/extension/openbay/ebay_product.php,sql_data_access,PASS,pending,NEEDS_MANUAL_ORACLE_REVIEW,No obvious web contract was extracted; existing tests or manual characterization must be mapped.
opencart-C0518,opencart,upload/admin/model/extension/openbay/etsy_product.php,sql_data_access,PASS,pending,NEEDS_MANUAL_ORACLE_REVIEW,No obvious web contract was extracted; existing tests or manual characterization must be mapped.
opencart-C0519,opencart,upload/admin/model/extension/openbay/openbay.php,sql_data_access,PASS,pending,NEEDS_MANUAL_ORACLE_REVIEW,No obvious web contract was extracted; existing tests or manual characterization must be mapped.
opencart-C0520,opencart,upload/admin/model/extension/openbay/openbay.php,long_method_or_region,PASS,pending,NEEDS_MANUAL_ORACLE_REVIEW,No obvious web contract was extracted; existing tests or manual characterization must be mapped.
opencart-C0521,opencart,upload/admin/model/extension/openbay/openbay.php,sql_data_access,PASS,pending,NEEDS_MANUAL_ORACLE_REVIEW,No obvious web contract was extracted; existing tests or manual characterization must be mapped.
opencart-C0522,opencart,upload/admin/model/extension/openbay/openbay.php,sql_data_access,PASS,pending,NEEDS_MANUAL_ORACLE_REVIEW,No obvious web contract was extracted; existing tests or manual characterization must be mapped.
opencart-C0523,opencart,upload/admin/model/extension/openbay/openbay.php,long_method_or_region,PASS,pending,NEEDS_MANUAL_ORACLE_REVIEW,No obvious web contract was extracted; existing tests or manual characterization must be mapped.
opencart-C0524,opencart,upload/admin/model/extension/openbay/order.php,sql_data_access,PASS,pending,NEEDS_MANUAL_ORACLE_REVIEW,No obvious web contract was extracted; existing tests or manual characterization must be mapped.
opencart-C0525,opencart,upload/admin/model/extension/openbay/order.php,sql_data_access,PASS,pending,NEEDS_MANUAL_ORACLE_REVIEW,No obvious web contract was extracted; existing tests or manual characterization must be mapped.
opencart-C0526,opencart,upload/admin/model/extension/openbay/order.php,sql_data_access,PASS,pending,NEEDS_MANUAL_ORACLE_REVIEW,No obvious web contract was extracted; existing tests or manual characterization must be mapped.
opencart-C0527,opencart,upload/admin/model/extension/openbay/order.php,sql_data_access,PASS,pending,NEEDS_MANUAL_ORACLE_REVIEW,No obvious web contract was extracted; existing tests or manual characterization must be mapped.
opencart-C0528,opencart,upload/admin/model/extension/payment/amazon_login_pay.php,sql_data_access,PASS,pending,NEEDS_MANUAL_ORACLE_REVIEW,No obvious web contract was extracted; existing tests or manual characterization must be mapped.
opencart-C0529,opencart,upload/admin/model/extension/payment/bluepay_hosted.php,sql_data_access,PASS,pending,NEEDS_MANUAL_ORACLE_REVIEW,No obvious web contract was extracted; existing tests or manual characterization must be mapped.
opencart-C0530,opencart,upload/admin/model/extension/payment/bluepay_redirect.php,sql_data_access,PASS,pending,NEEDS_MANUAL_ORACLE_REVIEW,No obvious web contract was extracted; existing tests or manual characterization must be mapped.
opencart-C0531,opencart,upload/admin/model/extension/payment/cardconnect.php,sql_data_access,PASS,pending,NEEDS_MANUAL_ORACLE_REVIEW,No obvious web contract was extracted; existing tests or manual characterization must be mapped.
opencart-C0532,opencart,upload/admin/model/extension/payment/eway.php,sql_data_access,PASS,pending,NEEDS_MANUAL_ORACLE_REVIEW,No obvious web contract was extracted; existing tests or manual characterization must be mapped.
opencart-C0533,opencart,upload/admin/model/extension/payment/firstdata_remote.php,sql_data_access,PASS,pending,NEEDS_MANUAL_ORACLE_REVIEW,No obvious web contract was extracted; existing tests or manual characterization must be mapped.
opencart-C0534,opencart,upload/admin/model/extension/payment/klarna_checkout.php,sql_data_access,PASS,pending,NEEDS_MANUAL_ORACLE_REVIEW,No obvious web contract was extracted; existing tests or manual characterization must be mapped.
opencart-C0535,opencart,upload/admin/model/extension/payment/klarna_checkout.php,long_method_or_region,PASS,pending,NEEDS_MANUAL_ORACLE_REVIEW,No obvious web contract was extracted; existing tests or manual characterization must be mapped.
opencart-C0536,opencart,upload/admin/model/extension/payment/laybuy.php,sql_data_access,PASS,pending,NEEDS_MANUAL_ORACLE_REVIEW,No obvious web contract was extracted; existing tests or manual characterization must be mapped.
opencart-C0537,opencart,upload/admin/model/extension/payment/laybuy.php,sql_data_access,PASS,pending,NEEDS_MANUAL_ORACLE_REVIEW,No obvious web contract was extracted; existing tests or manual characterization must be mapped.
opencart-C0538,opencart,upload/admin/model/extension/payment/laybuy.php,sql_data_access,PASS,pending,NEEDS_MANUAL_ORACLE_REVIEW,No obvious web contract was extracted; existing tests or manual characterization must be mapped.
opencart-C0539,opencart,upload/admin/model/extension/payment/pilibaba.php,sql_data_access,PASS,pending,NEEDS_MANUAL_ORACLE_REVIEW,No obvious web contract was extracted; existing tests or manual characterization must be mapped.
opencart-C0540,opencart,upload/admin/model/extension/payment/pp_express.php,sql_data_access,PASS,pending,NEEDS_MANUAL_ORACLE_REVIEW,No obvious web contract was extracted; existing tests or manual characterization must be mapped.
opencart-C0541,opencart,upload/admin/model/extension/payment/pp_pro_iframe.php,sql_data_access,PASS,pending,NEEDS_MANUAL_ORACLE_REVIEW,No obvious web contract was extracted; existing tests or manual characterization must be mapped.
opencart-C0542,opencart,upload/admin/model/extension/payment/sagepay_direct.php,sql_data_access,PASS,pending,NEEDS_MANUAL_ORACLE_REVIEW,No obvious web contract was extracted; existing tests or manual characterization must be mapped.
opencart-C0543,opencart,upload/admin/model/extension/payment/sagepay_server.php,sql_data_access,PASS,pending,NEEDS_MANUAL_ORACLE_REVIEW,No obvious web contract was extracted; existing tests or manual characterization must be mapped.
opencart-C0544,opencart,upload/admin/model/extension/payment/securetrading_ws.php,sql_data_access,PASS,pending,NEEDS_MANUAL_ORACLE_REVIEW,No obvious web contract was extracted; existing tests or manual characterization must be mapped.
opencart-C0545,opencart,upload/admin/model/extension/payment/securetrading_ws.php,long_method_or_region,PASS,pending,NEEDS_MANUAL_ORACLE_REVIEW,No obvious web contract was extracted; existing tests or manual characterization must be mapped.
opencart-C0546,opencart,upload/admin/model/extension/report/customer.php,sql_data_access,PASS,pending,NEEDS_MANUAL_ORACLE_REVIEW,No obvious web contract was extracted; existing tests or manual characterization must be mapped.
opencart-C0547,opencart,upload/admin/model/extension/report/customer.php,sql_data_access,PASS,pending,NEEDS_MANUAL_ORACLE_REVIEW,No obvious web contract was extracted; existing tests or manual characterization must be mapped.
opencart-C0548,opencart,upload/admin/model/extension/report/customer.php,sql_data_access,PASS,pending,NEEDS_MANUAL_ORACLE_REVIEW,No obvious web contract was extracted; existing tests or manual characterization must be mapped.
opencart-C0549,opencart,upload/admin/model/extension/report/customer.php,sql_data_access,PASS,pending,NEEDS_MANUAL_ORACLE_REVIEW,No obvious web contract was extracted; existing tests or manual characterization must be mapped.
opencart-C0550,opencart,upload/admin/model/extension/report/customer_transaction.php,sql_data_access,PASS,pending,NEEDS_MANUAL_ORACLE_REVIEW,No obvious web contract was extracted; existing tests or manual characterization must be mapped.
opencart-C0551,opencart,upload/admin/model/extension/report/marketing.php,sql_data_access,PASS,pending,NEEDS_MANUAL_ORACLE_REVIEW,No obvious web contract was extracted; existing tests or manual characterization must be mapped.
opencart-C0552,opencart,upload/admin/model/extension/report/product.php,sql_data_access,PASS,pending,NEEDS_MANUAL_ORACLE_REVIEW,No obvious web contract was extracted; existing tests or manual characterization must be mapped.
opencart-C0553,opencart,upload/admin/model/extension/report/return.php,sql_data_access,PASS,pending,NEEDS_MANUAL_ORACLE_REVIEW,No obvious web contract was extracted; existing tests or manual characterization must be mapped.
opencart-C0554,opencart,upload/admin/model/extension/report/return.php,sql_data_access,PASS,pending,NEEDS_MANUAL_ORACLE_REVIEW,No obvious web contract was extracted; existing tests or manual characterization must be mapped.
opencart-C0555,opencart,upload/admin/model/extension/report/return.php,sql_data_access,PASS,pending,NEEDS_MANUAL_ORACLE_REVIEW,No obvious web contract was extracted; existing tests or manual characterization must be mapped.
opencart-C0556,opencart,upload/admin/model/extension/report/sale.php,sql_data_access,PASS,pending,NEEDS_MANUAL_ORACLE_REVIEW,No obvious web contract was extracted; existing tests or manual characterization must be mapped.
opencart-C0557,opencart,upload/admin/model/extension/report/sale.php,sql_data_access,PASS,pending,NEEDS_MANUAL_ORACLE_REVIEW,No obvious web contract was extracted; existing tests or manual characterization must be mapped.
opencart-C0558,opencart,upload/admin/model/extension/report/sale.php,sql_data_access,PASS,pending,NEEDS_MANUAL_ORACLE_REVIEW,No obvious web contract was extracted; existing tests or manual characterization must be mapped.
opencart-C0559,opencart,upload/admin/model/extension/report/sale.php,sql_data_access,PASS,pending,NEEDS_MANUAL_ORACLE_REVIEW,No obvious web contract was extracted; existing tests or manual characterization must be mapped.
opencart-C0560,opencart,upload/admin/model/extension/report/sale.php,sql_data_access,PASS,pending,NEEDS_MANUAL_ORACLE_REVIEW,No obvious web contract was extracted; existing tests or manual characterization must be mapped.
opencart-C0561,opencart,upload/admin/model/extension/report/sale.php,sql_data_access,PASS,pending,NEEDS_MANUAL_ORACLE_REVIEW,No obvious web contract was extracted; existing tests or manual characterization must be mapped.
opencart-C0562,opencart,upload/admin/model/extension/report/sale.php,sql_data_access,PASS,pending,NEEDS_MANUAL_ORACLE_REVIEW,No obvious web contract was extracted; existing tests or manual characterization must be mapped.
opencart-C0563,opencart,upload/admin/language/en-gb/setting/setting.php,sql_data_access,PASS,pending,NEEDS_MANUAL_ORACLE_REVIEW,No obvious web contract was extracted; existing tests or manual characterization must be mapped.
opencart-C0564,opencart,upload/admin/language/en-gb/extension/advertise/google.php,mixed_php_html_sql,PASS,pending,NEEDS_CHARACTERIZATION,Candidate has observable request/output contract but no stable oracle yet.
opencart-C0565,opencart,upload/admin/language/en-gb/extension/fraud/maxmind.php,mixed_php_html,PASS,pending,NEEDS_MANUAL_ORACLE_REVIEW,No obvious web contract was extracted; existing tests or manual characterization must be mapped.
opencart-C0566,opencart,upload/admin/language/en-gb/extension/openbay/ebay_new.php,sql_data_access,PASS,pending,NEEDS_MANUAL_ORACLE_REVIEW,No obvious web contract was extracted; existing tests or manual characterization must be mapped.
opencart-C0567,opencart,upload/admin/language/en-gb/extension/payment/divido.php,mixed_php_html_sql,PASS,pending,NEEDS_MANUAL_ORACLE_REVIEW,No obvious web contract was extracted; existing tests or manual characterization must be mapped.
opencart-C0568,opencart,upload/admin/language/en-gb/extension/payment/eway.php,mixed_php_html,PASS,pending,NEEDS_CHARACTERIZATION,Candidate has observable request/output contract but no stable oracle yet.
opencart-C0569,opencart,upload/admin/language/en-gb/extension/payment/pilibaba.php,mixed_php_html_sql,PASS,pending,NEEDS_MANUAL_ORACLE_REVIEW,No obvious web contract was extracted; existing tests or manual characterization must be mapped.
opencart-C0570,opencart,upload/admin/language/en-gb/extension/payment/squareup.php,mixed_php_html_sql,PASS,pending,NEEDS_MANUAL_ORACLE_REVIEW,No obvious web contract was extracted; existing tests or manual characterization must be mapped.
opencart-C0571,opencart,upload/admin/controller/catalog/attribute.php,long_method_or_region,PASS,pending,NEEDS_MANUAL_ORACLE_REVIEW,No obvious web contract was extracted; existing tests or manual characterization must be mapped.
opencart-C0572,opencart,upload/admin/controller/catalog/attribute.php,long_method_or_region,PASS,pending,NEEDS_MANUAL_ORACLE_REVIEW,No obvious web contract was extracted; existing tests or manual characterization must be mapped.
opencart-C0573,opencart,upload/admin/controller/catalog/attribute_group.php,long_method_or_region,PASS,pending,NEEDS_MANUAL_ORACLE_REVIEW,No obvious web contract was extracted; existing tests or manual characterization must be mapped.
opencart-C0574,opencart,upload/admin/controller/catalog/attribute_group.php,long_method_or_region,PASS,pending,NEEDS_MANUAL_ORACLE_REVIEW,No obvious web contract was extracted; existing tests or manual characterization must be mapped.
opencart-C0575,opencart,upload/admin/controller/catalog/category.php,long_method_or_region,PASS,pending,NEEDS_MANUAL_ORACLE_REVIEW,No obvious web contract was extracted; existing tests or manual characterization must be mapped.
opencart-C0576,opencart,upload/admin/controller/catalog/category.php,long_method_or_region,PASS,pending,NEEDS_MANUAL_ORACLE_REVIEW,No obvious web contract was extracted; existing tests or manual characterization must be mapped.
opencart-C0577,opencart,upload/admin/controller/catalog/category.php,long_method_or_region,PASS,pending,NEEDS_MANUAL_ORACLE_REVIEW,No obvious web contract was extracted; existing tests or manual characterization must be mapped.
opencart-C0578,opencart,upload/admin/controller/catalog/download.php,long_method_or_region,PASS,pending,NEEDS_MANUAL_ORACLE_REVIEW,No obvious web contract was extracted; existing tests or manual characterization must be mapped.
opencart-C0579,opencart,upload/admin/controller/catalog/download.php,long_method_or_region,PASS,pending,NEEDS_MANUAL_ORACLE_REVIEW,No obvious web contract was extracted; existing tests or manual characterization must be mapped.
opencart-C0580,opencart,upload/admin/controller/catalog/download.php,long_method_or_region,PASS,pending,NEEDS_MANUAL_ORACLE_REVIEW,No obvious web contract was extracted; existing tests or manual characterization must be mapped.
opencart-C0581,opencart,upload/admin/controller/catalog/filter.php,long_method_or_region,PASS,pending,NEEDS_MANUAL_ORACLE_REVIEW,No obvious web contract was extracted; existing tests or manual characterization must be mapped.
opencart-C0582,opencart,upload/admin/controller/catalog/filter.php,long_method_or_region,PASS,pending,NEEDS_MANUAL_ORACLE_REVIEW,No obvious web contract was extracted; existing tests or manual characterization must be mapped.
opencart-C0583,opencart,upload/admin/controller/catalog/information.php,long_method_or_region,PASS,pending,NEEDS_MANUAL_ORACLE_REVIEW,No obvious web contract was extracted; existing tests or manual characterization must be mapped.
opencart-C0584,opencart,upload/admin/controller/catalog/information.php,long_method_or_region,PASS,pending,NEEDS_MANUAL_ORACLE_REVIEW,No obvious web contract was extracted; existing tests or manual characterization must be mapped.
opencart-C0585,opencart,upload/admin/controller/catalog/information.php,long_method_or_region,PASS,pending,NEEDS_MANUAL_ORACLE_REVIEW,No obvious web contract was extracted; existing tests or manual characterization must be mapped.
opencart-C0586,opencart,upload/admin/controller/catalog/manufacturer.php,long_method_or_region,PASS,pending,NEEDS_MANUAL_ORACLE_REVIEW,No obvious web contract was extracted; existing tests or manual characterization must be mapped.
opencart-C0587,opencart,upload/admin/controller/catalog/manufacturer.php,long_method_or_region,PASS,pending,NEEDS_MANUAL_ORACLE_REVIEW,No obvious web contract was extracted; existing tests or manual characterization must be mapped.
opencart-C0588,opencart,upload/admin/controller/catalog/manufacturer.php,long_method_or_region,PASS,pending,NEEDS_MANUAL_ORACLE_REVIEW,No obvious web contract was extracted; existing tests or manual characterization must be mapped.
opencart-C0589,opencart,upload/admin/controller/catalog/option.php,long_method_or_region,PASS,pending,NEEDS_MANUAL_ORACLE_REVIEW,No obvious web contract was extracted; existing tests or manual characterization must be mapped.
opencart-C0590,opencart,upload/admin/controller/catalog/option.php,long_method_or_region,PASS,pending,NEEDS_MANUAL_ORACLE_REVIEW,No obvious web contract was extracted; existing tests or manual characterization must be mapped.
opencart-C0591,opencart,upload/admin/controller/catalog/option.php,long_method_or_region,PASS,pending,NEEDS_MANUAL_ORACLE_REVIEW,No obvious web contract was extracted; existing tests or manual characterization must be mapped.
opencart-C0592,opencart,upload/admin/controller/catalog/product.php,long_method_or_region,PASS,pending,NEEDS_MANUAL_ORACLE_REVIEW,No obvious web contract was extracted; existing tests or manual characterization must be mapped.
opencart-C0593,opencart,upload/admin/controller/catalog/product.php,long_method_or_region,PASS,pending,NEEDS_MANUAL_ORACLE_REVIEW,No obvious web contract was extracted; existing tests or manual characterization must be mapped.
opencart-C0594,opencart,upload/admin/controller/catalog/product.php,long_method_or_region,PASS,pending,NEEDS_MANUAL_ORACLE_REVIEW,No obvious web contract was extracted; existing tests or manual characterization must be mapped.
opencart-C0595,opencart,upload/admin/controller/catalog/product.php,long_method_or_region,PASS,pending,NEEDS_MANUAL_ORACLE_REVIEW,No obvious web contract was extracted; existing tests or manual characterization must be mapped.
opencart-C0596,opencart,upload/admin/controller/catalog/product.php,long_method_or_region,PASS,pending,NEEDS_MANUAL_ORACLE_REVIEW,No obvious web contract was extracted; existing tests or manual characterization must be mapped.
opencart-C0597,opencart,upload/admin/controller/catalog/product.php,long_method_or_region,PASS,pending,NEEDS_MANUAL_ORACLE_REVIEW,No obvious web contract was extracted; existing tests or manual characterization must be mapped.
opencart-C0598,opencart,upload/admin/controller/catalog/product.php,long_method_or_region,PASS,pending,NEEDS_MANUAL_ORACLE_REVIEW,No obvious web contract was extracted; existing tests or manual characterization must be mapped.
opencart-C0599,opencart,upload/admin/controller/catalog/product.php,long_method_or_region,PASS,pending,NEEDS_MANUAL_ORACLE_REVIEW,No obvious web contract was extracted; existing tests or manual characterization must be mapped.
opencart-C0600,opencart,upload/admin/controller/catalog/recurring.php,long_method_or_region,PASS,pending,NEEDS_MANUAL_ORACLE_REVIEW,No obvious web contract was extracted; existing tests or manual characterization must be mapped.
opencart-C0601,opencart,upload/admin/controller/catalog/recurring.php,long_method_or_region,PASS,pending,NEEDS_MANUAL_ORACLE_REVIEW,No obvious web contract was extracted; existing tests or manual characterization must be mapped.
opencart-C0602,opencart,upload/admin/controller/catalog/review.php,long_method_or_region,PASS,pending,NEEDS_MANUAL_ORACLE_REVIEW,No obvious web contract was extracted; existing tests or manual characterization must be mapped.
opencart-C0603,opencart,upload/admin/controller/catalog/review.php,long_method_or_region,PASS,pending,NEEDS_MANUAL_ORACLE_REVIEW,No obvious web contract was extracted; existing tests or manual characterization must be mapped.
opencart-C0604,opencart,upload/admin/controller/catalog/review.php,long_method_or_region,PASS,pending,NEEDS_MANUAL_ORACLE_REVIEW,No obvious web contract was extracted; existing tests or manual characterization must be mapped.
opencart-C0605,opencart,upload/admin/controller/common/column_left.php,long_method_or_region,PASS,pending,NEEDS_MANUAL_ORACLE_REVIEW,No obvious web contract was extracted; existing tests or manual characterization must be mapped.
opencart-C0606,opencart,upload/admin/controller/common/dashboard.php,long_method_or_region,PASS,pending,NEEDS_MANUAL_ORACLE_REVIEW,No obvious web contract was extracted; existing tests or manual characterization must be mapped.
opencart-C0607,opencart,upload/admin/controller/common/filemanager.php,long_method_or_region,PASS,pending,NEEDS_MANUAL_ORACLE_REVIEW,No obvious web contract was extracted; existing tests or manual characterization must be mapped.
opencart-C0608,opencart,upload/admin/controller/common/filemanager.php,long_method_or_region,PASS,pending,NEEDS_MANUAL_ORACLE_REVIEW,No obvious web contract was extracted; existing tests or manual characterization must be mapped.
opencart-C0609,opencart,upload/admin/controller/common/filemanager.php,long_method_or_region,PASS,pending,NEEDS_MANUAL_ORACLE_REVIEW,No obvious web contract was extracted; existing tests or manual characterization must be mapped.
opencart-C0610,opencart,upload/admin/controller/common/login.php,long_method_or_region,PASS,pending,NEEDS_MANUAL_ORACLE_REVIEW,No obvious web contract was extracted; existing tests or manual characterization must be mapped.
opencart-C0611,opencart,upload/admin/controller/common/profile.php,long_method_or_region,PASS,pending,NEEDS_MANUAL_ORACLE_REVIEW,No obvious web contract was extracted; existing tests or manual characterization must be mapped.
opencart-C0612,opencart,upload/admin/controller/common/profile.php,long_method_or_region,PASS,pending,NEEDS_MANUAL_ORACLE_REVIEW,No obvious web contract was extracted; existing tests or manual characterization must be mapped.
opencart-C0613,opencart,upload/admin/controller/common/reset.php,long_method_or_region,PASS,pending,NEEDS_MANUAL_ORACLE_REVIEW,No obvious web contract was extracted; existing tests or manual characterization must be mapped.
opencart-C0614,opencart,upload/admin/controller/common/security.php,long_method_or_region,PASS,pending,NEEDS_MANUAL_ORACLE_REVIEW,No obvious web contract was extracted; existing tests or manual characterization must be mapped.
opencart-C0615,opencart,upload/admin/controller/customer/customer.php,long_method_or_region,PASS,pending,NEEDS_MANUAL_ORACLE_REVIEW,No obvious web contract was extracted; existing tests or manual characterization must be mapped.
opencart-C0616,opencart,upload/admin/controller/customer/customer.php,long_method_or_region,PASS,pending,NEEDS_MANUAL_ORACLE_REVIEW,No obvious web contract was extracted; existing tests or manual characterization must be mapped.
opencart-C0617,opencart,upload/admin/controller/customer/customer.php,long_method_or_region,PASS,pending,NEEDS_MANUAL_ORACLE_REVIEW,No obvious web contract was extracted; existing tests or manual characterization must be mapped.
opencart-C0618,opencart,upload/admin/controller/customer/customer.php,long_method_or_region,PASS,pending,NEEDS_MANUAL_ORACLE_REVIEW,No obvious web contract was extracted; existing tests or manual characterization must be mapped.
opencart-C0619,opencart,upload/admin/controller/customer/customer.php,long_method_or_region,PASS,pending,NEEDS_MANUAL_ORACLE_REVIEW,No obvious web contract was extracted; existing tests or manual characterization must be mapped.
opencart-C0620,opencart,upload/admin/controller/customer/customer.php,long_method_or_region,PASS,pending,NEEDS_MANUAL_ORACLE_REVIEW,No obvious web contract was extracted; existing tests or manual characterization must be mapped.
opencart-C0621,opencart,upload/admin/controller/customer/customer.php,long_method_or_region,PASS,pending,NEEDS_MANUAL_ORACLE_REVIEW,No obvious web contract was extracted; existing tests or manual characterization must be mapped.
opencart-C0622,opencart,upload/admin/controller/customer/customer_approval.php,long_method_or_region,PASS,pending,NEEDS_MANUAL_ORACLE_REVIEW,No obvious web contract was extracted; existing tests or manual characterization must be mapped.
opencart-C0623,opencart,upload/admin/controller/customer/customer_approval.php,long_method_or_region,PASS,pending,NEEDS_MANUAL_ORACLE_REVIEW,No obvious web contract was extracted; existing tests or manual characterization must be mapped.
opencart-C0624,opencart,upload/admin/controller/customer/customer_group.php,long_method_or_region,PASS,pending,NEEDS_MANUAL_ORACLE_REVIEW,No obvious web contract was extracted; existing tests or manual characterization must be mapped.
opencart-C0625,opencart,upload/admin/controller/customer/customer_group.php,long_method_or_region,PASS,pending,NEEDS_MANUAL_ORACLE_REVIEW,No obvious web contract was extracted; existing tests or manual characterization must be mapped.
opencart-C0626,opencart,upload/admin/controller/customer/custom_field.php,long_method_or_region,PASS,pending,NEEDS_MANUAL_ORACLE_REVIEW,No obvious web contract was extracted; existing tests or manual characterization must be mapped.
opencart-C0627,opencart,upload/admin/controller/customer/custom_field.php,long_method_or_region,PASS,pending,NEEDS_MANUAL_ORACLE_REVIEW,No obvious web contract was extracted; existing tests or manual characterization must be mapped.
opencart-C0628,opencart,upload/admin/controller/customer/custom_field.php,long_method_or_region,PASS,pending,NEEDS_MANUAL_ORACLE_REVIEW,No obvious web contract was extracted; existing tests or manual characterization must be mapped.
opencart-C0629,opencart,upload/admin/controller/design/banner.php,long_method_or_region,PASS,pending,NEEDS_MANUAL_ORACLE_REVIEW,No obvious web contract was extracted; existing tests or manual characterization must be mapped.
opencart-C0630,opencart,upload/admin/controller/design/banner.php,long_method_or_region,PASS,pending,NEEDS_MANUAL_ORACLE_REVIEW,No obvious web contract was extracted; existing tests or manual characterization must be mapped.
opencart-C0631,opencart,upload/admin/controller/design/layout.php,long_method_or_region,PASS,pending,NEEDS_MANUAL_ORACLE_REVIEW,No obvious web contract was extracted; existing tests or manual characterization must be mapped.
opencart-C0632,opencart,upload/admin/controller/design/layout.php,long_method_or_region,PASS,pending,NEEDS_MANUAL_ORACLE_REVIEW,No obvious web contract was extracted; existing tests or manual characterization must be mapped.
opencart-C0633,opencart,upload/admin/controller/design/seo_url.php,long_method_or_region,PASS,pending,NEEDS_MANUAL_ORACLE_REVIEW,No obvious web contract was extracted; existing tests or manual characterization must be mapped.
opencart-C0634,opencart,upload/admin/controller/design/seo_url.php,long_method_or_region,PASS,pending,NEEDS_MANUAL_ORACLE_REVIEW,No obvious web contract was extracted; existing tests or manual characterization must be mapped.
opencart-C0635,opencart,upload/admin/controller/design/seo_url.php,long_method_or_region,PASS,pending,NEEDS_MANUAL_ORACLE_REVIEW,No obvious web contract was extracted; existing tests or manual characterization must be mapped.
opencart-C0636,opencart,upload/admin/controller/design/theme.php,long_method_or_region,PASS,pending,NEEDS_MANUAL_ORACLE_REVIEW,No obvious web contract was extracted; existing tests or manual characterization must be mapped.
opencart-C0637,opencart,upload/admin/controller/design/translation.php,long_method_or_region,PASS,pending,NEEDS_MANUAL_ORACLE_REVIEW,No obvious web contract was extracted; existing tests or manual characterization must be mapped.
opencart-C0638,opencart,upload/admin/controller/design/translation.php,long_method_or_region,PASS,pending,NEEDS_MANUAL_ORACLE_REVIEW,No obvious web contract was extracted; existing tests or manual characterization must be mapped.
opencart-C0639,opencart,upload/admin/controller/localisation/country.php,long_method_or_region,PASS,pending,NEEDS_MANUAL_ORACLE_REVIEW,No obvious web contract was extracted; existing tests or manual characterization must be mapped.
opencart-C0640,opencart,upload/admin/controller/localisation/country.php,long_method_or_region,PASS,pending,NEEDS_MANUAL_ORACLE_REVIEW,No obvious web contract was extracted; existing tests or manual characterization must be mapped.
opencart-C0641,opencart,upload/admin/controller/localisation/currency.php,long_method_or_region,PASS,pending,NEEDS_MANUAL_ORACLE_REVIEW,No obvious web contract was extracted; existing tests or manual characterization must be mapped.
opencart-C0642,opencart,upload/admin/controller/localisation/currency.php,long_method_or_region,PASS,pending,NEEDS_MANUAL_ORACLE_REVIEW,No obvious web contract was extracted; existing tests or manual characterization must be mapped.
opencart-C0643,opencart,upload/admin/controller/localisation/geo_zone.php,long_method_or_region,PASS,pending,NEEDS_MANUAL_ORACLE_REVIEW,No obvious web contract was extracted; existing tests or manual characterization must be mapped.
opencart-C0644,opencart,upload/admin/controller/localisation/geo_zone.php,long_method_or_region,PASS,pending,NEEDS_MANUAL_ORACLE_REVIEW,No obvious web contract was extracted; existing tests or manual characterization must be mapped.
opencart-C0645,opencart,upload/admin/controller/localisation/language.php,long_method_or_region,PASS,pending,NEEDS_MANUAL_ORACLE_REVIEW,No obvious web contract was extracted; existing tests or manual characterization must be mapped.
opencart-C0646,opencart,upload/admin/controller/localisation/language.php,long_method_or_region,PASS,pending,NEEDS_MANUAL_ORACLE_REVIEW,No obvious web contract was extracted; existing tests or manual characterization must be mapped.
opencart-C0647,opencart,upload/admin/controller/localisation/length_class.php,long_method_or_region,PASS,pending,NEEDS_MANUAL_ORACLE_REVIEW,No obvious web contract was extracted; existing tests or manual characterization must be mapped.
opencart-C0648,opencart,upload/admin/controller/localisation/length_class.php,long_method_or_region,PASS,pending,NEEDS_MANUAL_ORACLE_REVIEW,No obvious web contract was extracted; existing tests or manual characterization must be mapped.
opencart-C0649,opencart,upload/admin/controller/localisation/location.php,long_method_or_region,PASS,pending,NEEDS_MANUAL_ORACLE_REVIEW,No obvious web contract was extracted; existing tests or manual characterization must be mapped.
opencart-C0650,opencart,upload/admin/controller/localisation/location.php,long_method_or_region,PASS,pending,NEEDS_MANUAL_ORACLE_REVIEW,No obvious web contract was extracted; existing tests or manual characterization must be mapped.
opencart-C0651,opencart,upload/admin/controller/localisation/order_status.php,long_method_or_region,PASS,pending,NEEDS_MANUAL_ORACLE_REVIEW,No obvious web contract was extracted; existing tests or manual characterization must be mapped.
opencart-C0652,opencart,upload/admin/controller/localisation/order_status.php,long_method_or_region,PASS,pending,NEEDS_MANUAL_ORACLE_REVIEW,No obvious web contract was extracted; existing tests or manual characterization must be mapped.
opencart-C0653,opencart,upload/admin/controller/localisation/return_action.php,long_method_or_region,PASS,pending,NEEDS_MANUAL_ORACLE_REVIEW,No obvious web contract was extracted; existing tests or manual characterization must be mapped.
opencart-C0654,opencart,upload/admin/controller/localisation/return_action.php,long_method_or_region,PASS,pending,NEEDS_MANUAL_ORACLE_REVIEW,No obvious web contract was extracted; existing tests or manual characterization must be mapped.
opencart-C0655,opencart,upload/admin/controller/localisation/return_reason.php,long_method_or_region,PASS,pending,NEEDS_MANUAL_ORACLE_REVIEW,No obvious web contract was extracted; existing tests or manual characterization must be mapped.
opencart-C0656,opencart,upload/admin/controller/localisation/return_reason.php,long_method_or_region,PASS,pending,NEEDS_MANUAL_ORACLE_REVIEW,No obvious web contract was extracted; existing tests or manual characterization must be mapped.
opencart-C0657,opencart,upload/admin/controller/localisation/return_status.php,long_method_or_region,PASS,pending,NEEDS_MANUAL_ORACLE_REVIEW,No obvious web contract was extracted; existing tests or manual characterization must be mapped.
opencart-C0658,opencart,upload/admin/controller/localisation/return_status.php,long_method_or_region,PASS,pending,NEEDS_MANUAL_ORACLE_REVIEW,No obvious web contract was extracted; existing tests or manual characterization must be mapped.
opencart-C0659,opencart,upload/admin/controller/localisation/stock_status.php,long_method_or_region,PASS,pending,NEEDS_MANUAL_ORACLE_REVIEW,No obvious web contract was extracted; existing tests or manual characterization must be mapped.
opencart-C0660,opencart,upload/admin/controller/localisation/stock_status.php,long_method_or_region,PASS,pending,NEEDS_MANUAL_ORACLE_REVIEW,No obvious web contract was extracted; existing tests or manual characterization must be mapped.
opencart-C0661,opencart,upload/admin/controller/localisation/tax_class.php,long_method_or_region,PASS,pending,NEEDS_MANUAL_ORACLE_REVIEW,No obvious web contract was extracted; existing tests or manual characterization must be mapped.
opencart-C0662,opencart,upload/admin/controller/localisation/tax_class.php,long_method_or_region,PASS,pending,NEEDS_MANUAL_ORACLE_REVIEW,No obvious web contract was extracted; existing tests or manual characterization must be mapped.
opencart-C0663,opencart,upload/admin/controller/localisation/tax_rate.php,long_method_or_region,PASS,pending,NEEDS_MANUAL_ORACLE_REVIEW,No obvious web contract was extracted; existing tests or manual characterization must be mapped.
opencart-C0664,opencart,upload/admin/controller/localisation/tax_rate.php,long_method_or_region,PASS,pending,NEEDS_MANUAL_ORACLE_REVIEW,No obvious web contract was extracted; existing tests or manual characterization must be mapped.
opencart-C0665,opencart,upload/admin/controller/localisation/weight_class.php,long_method_or_region,PASS,pending,NEEDS_MANUAL_ORACLE_REVIEW,No obvious web contract was extracted; existing tests or manual characterization must be mapped.
opencart-C0666,opencart,upload/admin/controller/localisation/weight_class.php,long_method_or_region,PASS,pending,NEEDS_MANUAL_ORACLE_REVIEW,No obvious web contract was extracted; existing tests or manual characterization must be mapped.
opencart-C0667,opencart,upload/admin/controller/localisation/zone.php,long_method_or_region,PASS,pending,NEEDS_MANUAL_ORACLE_REVIEW,No obvious web contract was extracted; existing tests or manual characterization must be mapped.
opencart-C0668,opencart,upload/admin/controller/localisation/zone.php,long_method_or_region,PASS,pending,NEEDS_MANUAL_ORACLE_REVIEW,No obvious web contract was extracted; existing tests or manual characterization must be mapped.
opencart-C0669,opencart,upload/admin/controller/marketing/contact.php,mixed_php_html,PASS,pending,NEEDS_MANUAL_ORACLE_REVIEW,No obvious web contract was extracted; existing tests or manual characterization must be mapped.
opencart-C0670,opencart,upload/admin/controller/marketing/contact.php,long_method_or_region,PASS,pending,NEEDS_MANUAL_ORACLE_REVIEW,No obvious web contract was extracted; existing tests or manual characterization must be mapped.
opencart-C0671,opencart,upload/admin/controller/marketing/coupon.php,long_method_or_region,PASS,pending,NEEDS_MANUAL_ORACLE_REVIEW,No obvious web contract was extracted; existing tests or manual characterization must be mapped.
opencart-C0672,opencart,upload/admin/controller/marketing/coupon.php,long_method_or_region,PASS,pending,NEEDS_MANUAL_ORACLE_REVIEW,No obvious web contract was extracted; existing tests or manual characterization must be mapped.
opencart-C0673,opencart,upload/admin/controller/marketing/marketing.php,long_method_or_region,PASS,pending,NEEDS_MANUAL_ORACLE_REVIEW,No obvious web contract was extracted; existing tests or manual characterization must be mapped.
opencart-C0674,opencart,upload/admin/controller/marketing/marketing.php,long_method_or_region,PASS,pending,NEEDS_MANUAL_ORACLE_REVIEW,No obvious web contract was extracted; existing tests or manual characterization must be mapped.
opencart-C0675,opencart,upload/admin/controller/marketplace/event.php,long_method_or_region,PASS,pending,NEEDS_MANUAL_ORACLE_REVIEW,No obvious web contract was extracted; existing tests or manual characterization must be mapped.
opencart-C0676,opencart,upload/admin/controller/marketplace/install.php,long_method_or_region,PASS,pending,NEEDS_MANUAL_ORACLE_REVIEW,No obvious web contract was extracted; existing tests or manual characterization must be mapped.
opencart-C0677,opencart,upload/admin/controller/marketplace/install.php,long_method_or_region,PASS,pending,NEEDS_MANUAL_ORACLE_REVIEW,No obvious web contract was extracted; existing tests or manual characterization must be mapped.
opencart-C0678,opencart,upload/admin/controller/marketplace/install.php,long_method_or_region,PASS,pending,NEEDS_MANUAL_ORACLE_REVIEW,No obvious web contract was extracted; existing tests or manual characterization must be mapped.
opencart-C0679,opencart,upload/admin/controller/marketplace/install.php,long_method_or_region,PASS,pending,NEEDS_MANUAL_ORACLE_REVIEW,No obvious web contract was extracted; existing tests or manual characterization must be mapped.
opencart-C0680,opencart,upload/admin/controller/marketplace/installer.php,long_method_or_region,PASS,pending,NEEDS_MANUAL_ORACLE_REVIEW,No obvious web contract was extracted; existing tests or manual characterization must be mapped.
opencart-C0681,opencart,upload/admin/controller/marketplace/marketplace.php,long_method_or_region,PASS,pending,NEEDS_MANUAL_ORACLE_REVIEW,No obvious web contract was extracted; existing tests or manual characterization must be mapped.
opencart-C0682,opencart,upload/admin/controller/marketplace/marketplace.php,long_method_or_region,PASS,pending,NEEDS_MANUAL_ORACLE_REVIEW,No obvious web contract was extracted; existing tests or manual characterization must be mapped.
opencart-C0683,opencart,upload/admin/controller/marketplace/marketplace.php,long_method_or_region,PASS,pending,NEEDS_MANUAL_ORACLE_REVIEW,No obvious web contract was extracted; existing tests or manual characterization must be mapped.
opencart-C0684,opencart,upload/admin/controller/marketplace/modification.php,long_method_or_region,PASS,pending,NEEDS_MANUAL_ORACLE_REVIEW,No obvious web contract was extracted; existing tests or manual characterization must be mapped.
opencart-C0685,opencart,upload/admin/controller/marketplace/modification.php,long_method_or_region,PASS,pending,NEEDS_MANUAL_ORACLE_REVIEW,No obvious web contract was extracted; existing tests or manual characterization must be mapped.
opencart-C0686,opencart,upload/admin/controller/marketplace/modification.php,long_method_or_region,PASS,pending,NEEDS_MANUAL_ORACLE_REVIEW,No obvious web contract was extracted; existing tests or manual characterization must be mapped.
opencart-C0687,opencart,upload/admin/controller/marketplace/openbay.php,long_method_or_region,PASS,pending,NEEDS_MANUAL_ORACLE_REVIEW,No obvious web contract was extracted; existing tests or manual characterization must be mapped.
opencart-C0688,opencart,upload/admin/controller/marketplace/openbay.php,long_method_or_region,PASS,pending,NEEDS_MANUAL_ORACLE_REVIEW,No obvious web contract was extracted; existing tests or manual characterization must be mapped.
opencart-C0689,opencart,upload/admin/controller/marketplace/openbay.php,long_method_or_region,PASS,pending,NEEDS_MANUAL_ORACLE_REVIEW,No obvious web contract was extracted; existing tests or manual characterization must be mapped.
opencart-C0690,opencart,upload/admin/controller/marketplace/openbay.php,long_method_or_region,PASS,pending,NEEDS_MANUAL_ORACLE_REVIEW,No obvious web contract was extracted; existing tests or manual characterization must be mapped.
opencart-C0691,opencart,upload/admin/controller/marketplace/openbay.php,long_method_or_region,PASS,pending,NEEDS_MANUAL_ORACLE_REVIEW,No obvious web contract was extracted; existing tests or manual characterization must be mapped.
opencart-C0692,opencart,upload/admin/controller/marketplace/openbay.php,long_method_or_region,PASS,pending,NEEDS_MANUAL_ORACLE_REVIEW,No obvious web contract was extracted; existing tests or manual characterization must be mapped.
opencart-C0693,opencart,upload/admin/controller/marketplace/openbay.php,long_method_or_region,PASS,pending,NEEDS_MANUAL_ORACLE_REVIEW,No obvious web contract was extracted; existing tests or manual characterization must be mapped.
opencart-C0694,opencart,upload/admin/controller/marketplace/openbay.php,long_method_or_region,PASS,pending,NEEDS_MANUAL_ORACLE_REVIEW,No obvious web contract was extracted; existing tests or manual characterization must be mapped.
opencart-C0695,opencart,upload/admin/controller/marketplace/openbay.php,long_method_or_region,PASS,pending,NEEDS_MANUAL_ORACLE_REVIEW,No obvious web contract was extracted; existing tests or manual characterization must be mapped.
opencart-C0696,opencart,upload/admin/controller/report/online.php,long_method_or_region,PASS,pending,NEEDS_MANUAL_ORACLE_REVIEW,No obvious web contract was extracted; existing tests or manual characterization must be mapped.
opencart-C0697,opencart,upload/admin/controller/sale/order.php,long_method_or_region,PASS,pending,NEEDS_MANUAL_ORACLE_REVIEW,No obvious web contract was extracted; existing tests or manual characterization must be mapped.
opencart-C0698,opencart,upload/admin/controller/sale/order.php,long_method_or_region,PASS,pending,NEEDS_MANUAL_ORACLE_REVIEW,No obvious web contract was extracted; existing tests or manual characterization must be mapped.
opencart-C0699,opencart,upload/admin/controller/sale/order.php,long_method_or_region,PASS,pending,NEEDS_MANUAL_ORACLE_REVIEW,No obvious web contract was extracted; existing tests or manual characterization must be mapped.
opencart-C0700,opencart,upload/admin/controller/sale/order.php,long_method_or_region,PASS,pending,NEEDS_MANUAL_ORACLE_REVIEW,No obvious web contract was extracted; existing tests or manual characterization must be mapped.
opencart-C0701,opencart,upload/admin/controller/sale/order.php,long_method_or_region,PASS,pending,NEEDS_MANUAL_ORACLE_REVIEW,No obvious web contract was extracted; existing tests or manual characterization must be mapped.
opencart-C0702,opencart,upload/admin/controller/sale/order.php,long_method_or_region,PASS,pending,NEEDS_MANUAL_ORACLE_REVIEW,No obvious web contract was extracted; existing tests or manual characterization must be mapped.
opencart-C0703,opencart,upload/admin/controller/sale/recurring.php,long_method_or_region,PASS,pending,NEEDS_MANUAL_ORACLE_REVIEW,No obvious web contract was extracted; existing tests or manual characterization must be mapped.
opencart-C0704,opencart,upload/admin/controller/sale/recurring.php,long_method_or_region,PASS,pending,NEEDS_MANUAL_ORACLE_REVIEW,No obvious web contract was extracted; existing tests or manual characterization must be mapped.
opencart-C0705,opencart,upload/admin/controller/sale/return.php,long_method_or_region,PASS,pending,NEEDS_MANUAL_ORACLE_REVIEW,No obvious web contract was extracted; existing tests or manual characterization must be mapped.
opencart-C0706,opencart,upload/admin/controller/sale/return.php,long_method_or_region,PASS,pending,NEEDS_MANUAL_ORACLE_REVIEW,No obvious web contract was extracted; existing tests or manual characterization must be mapped.
opencart-C0707,opencart,upload/admin/controller/sale/return.php,long_method_or_region,PASS,pending,NEEDS_MANUAL_ORACLE_REVIEW,No obvious web contract was extracted; existing tests or manual characterization must be mapped.
opencart-C0708,opencart,upload/admin/controller/sale/return.php,long_method_or_region,PASS,pending,NEEDS_MANUAL_ORACLE_REVIEW,No obvious web contract was extracted; existing tests or manual characterization must be mapped.
opencart-C0709,opencart,upload/admin/controller/sale/return.php,long_method_or_region,PASS,pending,NEEDS_MANUAL_ORACLE_REVIEW,No obvious web contract was extracted; existing tests or manual characterization must be mapped.
opencart-C0710,opencart,upload/admin/controller/sale/return.php,long_method_or_region,PASS,pending,NEEDS_MANUAL_ORACLE_REVIEW,No obvious web contract was extracted; existing tests or manual characterization must be mapped.
opencart-C0711,opencart,upload/admin/controller/sale/voucher.php,long_method_or_region,PASS,pending,NEEDS_MANUAL_ORACLE_REVIEW,No obvious web contract was extracted; existing tests or manual characterization must be mapped.
opencart-C0712,opencart,upload/admin/controller/sale/voucher.php,long_method_or_region,PASS,pending,NEEDS_MANUAL_ORACLE_REVIEW,No obvious web contract was extracted; existing tests or manual characterization must be mapped.
opencart-C0713,opencart,upload/admin/controller/sale/voucher.php,long_method_or_region,PASS,pending,NEEDS_MANUAL_ORACLE_REVIEW,No obvious web contract was extracted; existing tests or manual characterization must be mapped.
opencart-C0714,opencart,upload/admin/controller/sale/voucher.php,long_method_or_region,PASS,pending,NEEDS_MANUAL_ORACLE_REVIEW,No obvious web contract was extracted; existing tests or manual characterization must be mapped.
opencart-C0715,opencart,upload/admin/controller/sale/voucher_theme.php,long_method_or_region,PASS,pending,NEEDS_MANUAL_ORACLE_REVIEW,No obvious web contract was extracted; existing tests or manual characterization must be mapped.
opencart-C0716,opencart,upload/admin/controller/sale/voucher_theme.php,long_method_or_region,PASS,pending,NEEDS_MANUAL_ORACLE_REVIEW,No obvious web contract was extracted; existing tests or manual characterization must be mapped.
opencart-C0717,opencart,upload/admin/controller/setting/setting.php,long_method_or_region,PASS,pending,NEEDS_MANUAL_ORACLE_REVIEW,No obvious web contract was extracted; existing tests or manual characterization must be mapped.
opencart-C0718,opencart,upload/admin/controller/setting/setting.php,long_method_or_region,PASS,pending,NEEDS_MANUAL_ORACLE_REVIEW,No obvious web contract was extracted; existing tests or manual characterization must be mapped.
opencart-C0719,opencart,upload/admin/controller/setting/store.php,long_method_or_region,PASS,pending,NEEDS_MANUAL_ORACLE_REVIEW,No obvious web contract was extracted; existing tests or manual characterization must be mapped.
opencart-C0720,opencart,upload/admin/controller/setting/store.php,long_method_or_region,PASS,pending,NEEDS_MANUAL_ORACLE_REVIEW,No obvious web contract was extracted; existing tests or manual characterization must be mapped.
opencart-C0721,opencart,upload/admin/controller/startup/error.php,long_method_or_region,PASS,pending,NEEDS_MANUAL_ORACLE_REVIEW,No obvious web contract was extracted; existing tests or manual characterization must be mapped.
opencart-C0722,opencart,upload/admin/controller/startup/startup.php,sql_data_access,PASS,pending,NEEDS_MANUAL_ORACLE_REVIEW,No obvious web contract was extracted; existing tests or manual characterization must be mapped.
opencart-C0723,opencart,upload/admin/controller/tool/backup.php,sql_data_access,PASS,pending,NEEDS_MANUAL_ORACLE_REVIEW,No obvious web contract was extracted; existing tests or manual characterization must be mapped.
opencart-C0724,opencart,upload/admin/controller/tool/backup.php,sql_data_access,PASS,pending,NEEDS_MANUAL_ORACLE_REVIEW,No obvious web contract was extracted; existing tests or manual characterization must be mapped.
opencart-C0725,opencart,upload/admin/controller/tool/upload.php,long_method_or_region,PASS,pending,NEEDS_MANUAL_ORACLE_REVIEW,No obvious web contract was extracted; existing tests or manual characterization must be mapped.
opencart-C0726,opencart,upload/admin/controller/tool/upload.php,long_method_or_region,PASS,pending,NEEDS_MANUAL_ORACLE_REVIEW,No obvious web contract was extracted; existing tests or manual characterization must be mapped.
opencart-C0727,opencart,upload/admin/controller/user/api.php,long_method_or_region,PASS,pending,NEEDS_MANUAL_ORACLE_REVIEW,No obvious web contract was extracted; existing tests or manual characterization must be mapped.
opencart-C0728,opencart,upload/admin/controller/user/api.php,long_method_or_region,PASS,pending,NEEDS_MANUAL_ORACLE_REVIEW,No obvious web contract was extracted; existing tests or manual characterization must be mapped.
opencart-C0729,opencart,upload/admin/controller/user/user.php,long_method_or_region,PASS,pending,NEEDS_MANUAL_ORACLE_REVIEW,No obvious web contract was extracted; existing tests or manual characterization must be mapped.
opencart-C0730,opencart,upload/admin/controller/user/user.php,long_method_or_region,PASS,pending,NEEDS_MANUAL_ORACLE_REVIEW,No obvious web contract was extracted; existing tests or manual characterization must be mapped.
opencart-C0731,opencart,upload/admin/controller/user/user.php,long_method_or_region,PASS,pending,NEEDS_MANUAL_ORACLE_REVIEW,No obvious web contract was extracted; existing tests or manual characterization must be mapped.
opencart-C0732,opencart,upload/admin/controller/user/user_permission.php,long_method_or_region,PASS,pending,NEEDS_MANUAL_ORACLE_REVIEW,No obvious web contract was extracted; existing tests or manual characterization must be mapped.
opencart-C0733,opencart,upload/admin/controller/user/user_permission.php,long_method_or_region,PASS,pending,NEEDS_MANUAL_ORACLE_REVIEW,No obvious web contract was extracted; existing tests or manual characterization must be mapped.
opencart-C0734,opencart,upload/admin/controller/extension/advertise/google.php,sql_data_access,PASS,pending,NEEDS_MANUAL_ORACLE_REVIEW,No obvious web contract was extracted; existing tests or manual characterization must be mapped.
opencart-C0735,opencart,upload/admin/controller/extension/advertise/google.php,long_method_or_region,PASS,pending,NEEDS_MANUAL_ORACLE_REVIEW,No obvious web contract was extracted; existing tests or manual characterization must be mapped.
opencart-C0736,opencart,upload/admin/controller/extension/advertise/google.php,long_method_or_region,PASS,pending,NEEDS_MANUAL_ORACLE_REVIEW,No obvious web contract was extracted; existing tests or manual characterization must be mapped.
opencart-C0737,opencart,upload/admin/controller/extension/advertise/google.php,long_method_or_region,PASS,pending,NEEDS_MANUAL_ORACLE_REVIEW,No obvious web contract was extracted; existing tests or manual characterization must be mapped.
opencart-C0738,opencart,upload/admin/controller/extension/advertise/google.php,long_method_or_region,PASS,pending,NEEDS_MANUAL_ORACLE_REVIEW,No obvious web contract was extracted; existing tests or manual characterization must be mapped.
opencart-C0739,opencart,upload/admin/controller/extension/advertise/google.php,long_method_or_region,PASS,pending,NEEDS_MANUAL_ORACLE_REVIEW,No obvious web contract was extracted; existing tests or manual characterization must be mapped.
opencart-C0740,opencart,upload/admin/controller/extension/advertise/google.php,long_method_or_region,PASS,pending,NEEDS_MANUAL_ORACLE_REVIEW,No obvious web contract was extracted; existing tests or manual characterization must be mapped.
opencart-C0741,opencart,upload/admin/controller/extension/advertise/google.php,long_method_or_region,PASS,pending,NEEDS_MANUAL_ORACLE_REVIEW,No obvious web contract was extracted; existing tests or manual characterization must be mapped.
opencart-C0742,opencart,upload/admin/controller/extension/advertise/google.php,long_method_or_region,PASS,pending,NEEDS_MANUAL_ORACLE_REVIEW,No obvious web contract was extracted; existing tests or manual characterization must be mapped.
opencart-C0743,opencart,upload/admin/controller/extension/advertise/google.php,long_method_or_region,PASS,pending,NEEDS_MANUAL_ORACLE_REVIEW,No obvious web contract was extracted; existing tests or manual characterization must be mapped.
opencart-C0744,opencart,upload/admin/controller/extension/advertise/google.php,long_method_or_region,PASS,pending,NEEDS_MANUAL_ORACLE_REVIEW,No obvious web contract was extracted; existing tests or manual characterization must be mapped.
opencart-C0745,opencart,upload/admin/controller/extension/advertise/google.php,long_method_or_region,PASS,pending,NEEDS_MANUAL_ORACLE_REVIEW,No obvious web contract was extracted; existing tests or manual characterization must be mapped.
opencart-C0746,opencart,upload/admin/controller/extension/dashboard/chart.php,long_method_or_region,PASS,pending,NEEDS_MANUAL_ORACLE_REVIEW,No obvious web contract was extracted; existing tests or manual characterization must be mapped.
opencart-C0747,opencart,upload/admin/controller/extension/extension/advertise.php,long_method_or_region,PASS,pending,NEEDS_MANUAL_ORACLE_REVIEW,No obvious web contract was extracted; existing tests or manual characterization must be mapped.
opencart-C0748,opencart,upload/admin/controller/extension/extension/analytics.php,long_method_or_region,PASS,pending,NEEDS_MANUAL_ORACLE_REVIEW,No obvious web contract was extracted; existing tests or manual characterization must be mapped.
opencart-C0749,opencart,upload/admin/controller/extension/extension/captcha.php,long_method_or_region,PASS,pending,NEEDS_MANUAL_ORACLE_REVIEW,No obvious web contract was extracted; existing tests or manual characterization must be mapped.
opencart-C0750,opencart,upload/admin/controller/extension/extension/dashboard.php,long_method_or_region,PASS,pending,NEEDS_MANUAL_ORACLE_REVIEW,No obvious web contract was extracted; existing tests or manual characterization must be mapped.
opencart-C0751,opencart,upload/admin/controller/extension/extension/menu.php,long_method_or_region,PASS,pending,NEEDS_MANUAL_ORACLE_REVIEW,No obvious web contract was extracted; existing tests or manual characterization must be mapped.
opencart-C0752,opencart,upload/admin/controller/extension/extension/module.php,long_method_or_region,PASS,pending,NEEDS_MANUAL_ORACLE_REVIEW,No obvious web contract was extracted; existing tests or manual characterization must be mapped.
opencart-C0753,opencart,upload/admin/controller/extension/extension/payment.php,long_method_or_region,PASS,pending,NEEDS_MANUAL_ORACLE_REVIEW,No obvious web contract was extracted; existing tests or manual characterization must be mapped.
opencart-C0754,opencart,upload/admin/controller/extension/extension/theme.php,long_method_or_region,PASS,pending,NEEDS_MANUAL_ORACLE_REVIEW,No obvious web contract was extracted; existing tests or manual characterization must be mapped.
opencart-C0755,opencart,upload/admin/controller/extension/fraud/fraudlabspro.php,form_handling,PASS,pending,NEEDS_CHARACTERIZATION,Candidate has observable request/output contract but no stable oracle yet.
opencart-C0756,opencart,upload/admin/controller/extension/fraud/fraudlabspro.php,long_method_or_region,PASS,pending,NEEDS_MANUAL_ORACLE_REVIEW,No obvious web contract was extracted; existing tests or manual characterization must be mapped.
opencart-C0757,opencart,upload/admin/controller/extension/fraud/fraudlabspro.php,long_method_or_region,PASS,pending,NEEDS_CHARACTERIZATION,Candidate has observable request/output contract but no stable oracle yet.
opencart-C0758,opencart,upload/admin/controller/extension/fraud/maxmind.php,long_method_or_region,PASS,pending,NEEDS_MANUAL_ORACLE_REVIEW,No obvious web contract was extracted; existing tests or manual characterization must be mapped.
opencart-C0759,opencart,upload/admin/controller/extension/module/amazon_login.php,long_method_or_region,PASS,pending,NEEDS_MANUAL_ORACLE_REVIEW,No obvious web contract was extracted; existing tests or manual characterization must be mapped.
opencart-C0760,opencart,upload/admin/controller/extension/module/amazon_pay.php,long_method_or_region,PASS,pending,NEEDS_MANUAL_ORACLE_REVIEW,No obvious web contract was extracted; existing tests or manual characterization must be mapped.
opencart-C0761,opencart,upload/admin/controller/extension/module/banner.php,long_method_or_region,PASS,pending,NEEDS_MANUAL_ORACLE_REVIEW,No obvious web contract was extracted; existing tests or manual characterization must be mapped.
opencart-C0762,opencart,upload/admin/controller/extension/module/bestseller.php,long_method_or_region,PASS,pending,NEEDS_MANUAL_ORACLE_REVIEW,No obvious web contract was extracted; existing tests or manual characterization must be mapped.
opencart-C0763,opencart,upload/admin/controller/extension/module/carousel.php,long_method_or_region,PASS,pending,NEEDS_MANUAL_ORACLE_REVIEW,No obvious web contract was extracted; existing tests or manual characterization must be mapped.
opencart-C0764,opencart,upload/admin/controller/extension/module/ebay_listing.php,long_method_or_region,PASS,pending,NEEDS_MANUAL_ORACLE_REVIEW,No obvious web contract was extracted; existing tests or manual characterization must be mapped.
opencart-C0765,opencart,upload/admin/controller/extension/module/featured.php,long_method_or_region,PASS,pending,NEEDS_MANUAL_ORACLE_REVIEW,No obvious web contract was extracted; existing tests or manual characterization must be mapped.
opencart-C0766,opencart,upload/admin/controller/extension/module/html.php,long_method_or_region,PASS,pending,NEEDS_MANUAL_ORACLE_REVIEW,No obvious web contract was extracted; existing tests or manual characterization must be mapped.
opencart-C0767,opencart,upload/admin/controller/extension/module/latest.php,long_method_or_region,PASS,pending,NEEDS_MANUAL_ORACLE_REVIEW,No obvious web contract was extracted; existing tests or manual characterization must be mapped.
opencart-C0768,opencart,upload/admin/controller/extension/module/pp_login.php,long_method_or_region,PASS,pending,NEEDS_MANUAL_ORACLE_REVIEW,No obvious web contract was extracted; existing tests or manual characterization must be mapped.
opencart-C0769,opencart,upload/admin/controller/extension/module/slideshow.php,long_method_or_region,PASS,pending,NEEDS_MANUAL_ORACLE_REVIEW,No obvious web contract was extracted; existing tests or manual characterization must be mapped.
opencart-C0770,opencart,upload/admin/controller/extension/module/special.php,long_method_or_region,PASS,pending,NEEDS_MANUAL_ORACLE_REVIEW,No obvious web contract was extracted; existing tests or manual characterization must be mapped.
opencart-C0771,opencart,upload/admin/controller/extension/openbay/amazon.php,sql_data_access,PASS,pending,NEEDS_MANUAL_ORACLE_REVIEW,No obvious web contract was extracted; existing tests or manual characterization must be mapped.
opencart-C0772,opencart,upload/admin/controller/extension/openbay/amazon.php,long_method_or_region,PASS,pending,NEEDS_MANUAL_ORACLE_REVIEW,No obvious web contract was extracted; existing tests or manual characterization must be mapped.
opencart-C0773,opencart,upload/admin/controller/extension/openbay/amazon.php,long_method_or_region,PASS,pending,NEEDS_MANUAL_ORACLE_REVIEW,No obvious web contract was extracted; existing tests or manual characterization must be mapped.
opencart-C0774,opencart,upload/admin/controller/extension/openbay/amazon.php,long_method_or_region,PASS,pending,NEEDS_MANUAL_ORACLE_REVIEW,No obvious web contract was extracted; existing tests or manual characterization must be mapped.
opencart-C0775,opencart,upload/admin/controller/extension/openbay/amazonus.php,sql_data_access,PASS,pending,NEEDS_MANUAL_ORACLE_REVIEW,No obvious web contract was extracted; existing tests or manual characterization must be mapped.
opencart-C0776,opencart,upload/admin/controller/extension/openbay/amazonus.php,long_method_or_region,PASS,pending,NEEDS_MANUAL_ORACLE_REVIEW,No obvious web contract was extracted; existing tests or manual characterization must be mapped.
opencart-C0777,opencart,upload/admin/controller/extension/openbay/amazonus.php,long_method_or_region,PASS,pending,NEEDS_MANUAL_ORACLE_REVIEW,No obvious web contract was extracted; existing tests or manual characterization must be mapped.
opencart-C0778,opencart,upload/admin/controller/extension/openbay/amazonus.php,long_method_or_region,PASS,pending,NEEDS_MANUAL_ORACLE_REVIEW,No obvious web contract was extracted; existing tests or manual characterization must be mapped.
opencart-C0779,opencart,upload/admin/controller/extension/openbay/amazonus_listing.php,long_method_or_region,PASS,pending,NEEDS_MANUAL_ORACLE_REVIEW,No obvious web contract was extracted; existing tests or manual characterization must be mapped.
opencart-C0780,opencart,upload/admin/controller/extension/openbay/amazonus_listing.php,long_method_or_region,PASS,pending,NEEDS_MANUAL_ORACLE_REVIEW,No obvious web contract was extracted; existing tests or manual characterization must be mapped.
opencart-C0781,opencart,upload/admin/controller/extension/openbay/amazonus_listing.php,long_method_or_region,PASS,pending,NEEDS_MANUAL_ORACLE_REVIEW,No obvious web contract was extracted; existing tests or manual characterization must be mapped.
opencart-C0782,opencart,upload/admin/controller/extension/openbay/amazonus_listing.php,long_method_or_region,PASS,pending,NEEDS_MANUAL_ORACLE_REVIEW,No obvious web contract was extracted; existing tests or manual characterization must be mapped.
opencart-C0783,opencart,upload/admin/controller/extension/openbay/amazonus_product.php,mixed_php_html,PASS,pending,NEEDS_MANUAL_ORACLE_REVIEW,No obvious web contract was extracted; existing tests or manual characterization must be mapped.
opencart-C0784,opencart,upload/admin/controller/extension/openbay/amazonus_product.php,long_method_or_region,PASS,pending,NEEDS_MANUAL_ORACLE_REVIEW,No obvious web contract was extracted; existing tests or manual characterization must be mapped.
opencart-C0785,opencart,upload/admin/controller/extension/openbay/amazonus_product.php,long_method_or_region,PASS,pending,NEEDS_MANUAL_ORACLE_REVIEW,No obvious web contract was extracted; existing tests or manual characterization must be mapped.
opencart-C0786,opencart,upload/admin/controller/extension/openbay/amazonus_product.php,long_method_or_region,PASS,pending,NEEDS_MANUAL_ORACLE_REVIEW,No obvious web contract was extracted; existing tests or manual characterization must be mapped.
opencart-C0787,opencart,upload/admin/controller/extension/openbay/amazonus_product.php,long_method_or_region,PASS,pending,NEEDS_MANUAL_ORACLE_REVIEW,No obvious web contract was extracted; existing tests or manual characterization must be mapped.
opencart-C0788,opencart,upload/admin/controller/extension/openbay/amazon_listing.php,long_method_or_region,PASS,pending,NEEDS_MANUAL_ORACLE_REVIEW,No obvious web contract was extracted; existing tests or manual characterization must be mapped.
opencart-C0789,opencart,upload/admin/controller/extension/openbay/amazon_listing.php,long_method_or_region,PASS,pending,NEEDS_MANUAL_ORACLE_REVIEW,No obvious web contract was extracted; existing tests or manual characterization must be mapped.
opencart-C0790,opencart,upload/admin/controller/extension/openbay/amazon_listing.php,long_method_or_region,PASS,pending,NEEDS_MANUAL_ORACLE_REVIEW,No obvious web contract was extracted; existing tests or manual characterization must be mapped.
opencart-C0791,opencart,upload/admin/controller/extension/openbay/amazon_listing.php,long_method_or_region,PASS,pending,NEEDS_MANUAL_ORACLE_REVIEW,No obvious web contract was extracted; existing tests or manual characterization must be mapped.
opencart-C0792,opencart,upload/admin/controller/extension/openbay/amazon_product.php,mixed_php_html,PASS,pending,NEEDS_MANUAL_ORACLE_REVIEW,No obvious web contract was extracted; existing tests or manual characterization must be mapped.
opencart-C0793,opencart,upload/admin/controller/extension/openbay/amazon_product.php,long_method_or_region,PASS,pending,NEEDS_MANUAL_ORACLE_REVIEW,No obvious web contract was extracted; existing tests or manual characterization must be mapped.
opencart-C0794,opencart,upload/admin/controller/extension/openbay/amazon_product.php,long_method_or_region,PASS,pending,NEEDS_MANUAL_ORACLE_REVIEW,No obvious web contract was extracted; existing tests or manual characterization must be mapped.
opencart-C0795,opencart,upload/admin/controller/extension/openbay/amazon_product.php,long_method_or_region,PASS,pending,NEEDS_MANUAL_ORACLE_REVIEW,No obvious web contract was extracted; existing tests or manual characterization must be mapped.
opencart-C0796,opencart,upload/admin/controller/extension/openbay/amazon_product.php,long_method_or_region,PASS,pending,NEEDS_MANUAL_ORACLE_REVIEW,No obvious web contract was extracted; existing tests or manual characterization must be mapped.
opencart-C0797,opencart,upload/admin/controller/extension/openbay/ebay.php,sql_data_access,PASS,pending,NEEDS_MANUAL_ORACLE_REVIEW,No obvious web contract was extracted; existing tests or manual characterization must be mapped.
opencart-C0798,opencart,upload/admin/controller/extension/openbay/ebay.php,long_method_or_region,PASS,pending,NEEDS_MANUAL_ORACLE_REVIEW,No obvious web contract was extracted; existing tests or manual characterization must be mapped.
opencart-C0799,opencart,upload/admin/controller/extension/openbay/ebay.php,long_method_or_region,PASS,pending,NEEDS_MANUAL_ORACLE_REVIEW,No obvious web contract was extracted; existing tests or manual characterization must be mapped.
opencart-C0800,opencart,upload/admin/controller/extension/openbay/ebay.php,long_method_or_region,PASS,pending,NEEDS_MANUAL_ORACLE_REVIEW,No obvious web contract was extracted; existing tests or manual characterization must be mapped.
opencart-C0801,opencart,upload/admin/controller/extension/openbay/ebay.php,long_method_or_region,PASS,pending,NEEDS_MANUAL_ORACLE_REVIEW,No obvious web contract was extracted; existing tests or manual characterization must be mapped.
opencart-C0802,opencart,upload/admin/controller/extension/openbay/ebay.php,long_method_or_region,PASS,pending,NEEDS_MANUAL_ORACLE_REVIEW,No obvious web contract was extracted; existing tests or manual characterization must be mapped.
opencart-C0803,opencart,upload/admin/controller/extension/openbay/ebay.php,sql_data_access,PASS,pending,NEEDS_MANUAL_ORACLE_REVIEW,No obvious web contract was extracted; existing tests or manual characterization must be mapped.
opencart-C0804,opencart,upload/admin/controller/extension/openbay/ebay.php,sql_data_access,PASS,pending,NEEDS_MANUAL_ORACLE_REVIEW,No obvious web contract was extracted; existing tests or manual characterization must be mapped.
opencart-C0805,opencart,upload/admin/controller/extension/openbay/ebay.php,sql_data_access,PASS,pending,NEEDS_MANUAL_ORACLE_REVIEW,No obvious web contract was extracted; existing tests or manual characterization must be mapped.
opencart-C0806,opencart,upload/admin/controller/extension/openbay/ebay.php,sql_data_access,PASS,pending,NEEDS_MANUAL_ORACLE_REVIEW,No obvious web contract was extracted; existing tests or manual characterization must be mapped.
opencart-C0807,opencart,upload/admin/controller/extension/openbay/ebay_profile.php,long_method_or_region,PASS,pending,NEEDS_MANUAL_ORACLE_REVIEW,No obvious web contract was extracted; existing tests or manual characterization must be mapped.
opencart-C0808,opencart,upload/admin/controller/extension/openbay/etsy.php,long_method_or_region,PASS,pending,NEEDS_MANUAL_ORACLE_REVIEW,No obvious web contract was extracted; existing tests or manual characterization must be mapped.
opencart-C0809,opencart,upload/admin/controller/extension/openbay/etsy_product.php,long_method_or_region,PASS,pending,NEEDS_MANUAL_ORACLE_REVIEW,No obvious web contract was extracted; existing tests or manual characterization must be mapped.
opencart-C0810,opencart,upload/admin/controller/extension/openbay/etsy_product.php,long_method_or_region,PASS,pending,NEEDS_MANUAL_ORACLE_REVIEW,No obvious web contract was extracted; existing tests or manual characterization must be mapped.
opencart-C0811,opencart,upload/admin/controller/extension/openbay/etsy_product.php,long_method_or_region,PASS,pending,NEEDS_MANUAL_ORACLE_REVIEW,No obvious web contract was extracted; existing tests or manual characterization must be mapped.
opencart-C0812,opencart,upload/admin/controller/extension/openbay/etsy_product.php,long_method_or_region,PASS,pending,NEEDS_MANUAL_ORACLE_REVIEW,No obvious web contract was extracted; existing tests or manual characterization must be mapped.
opencart-C0813,opencart,upload/admin/controller/extension/openbay/fba.php,long_method_or_region,PASS,pending,NEEDS_MANUAL_ORACLE_REVIEW,No obvious web contract was extracted; existing tests or manual characterization must be mapped.
opencart-C0814,opencart,upload/admin/controller/extension/openbay/fba.php,long_method_or_region,PASS,pending,NEEDS_MANUAL_ORACLE_REVIEW,No obvious web contract was extracted; existing tests or manual characterization must be mapped.
opencart-C0815,opencart,upload/admin/controller/extension/openbay/fba.php,long_method_or_region,PASS,pending,NEEDS_MANUAL_ORACLE_REVIEW,No obvious web contract was extracted; existing tests or manual characterization must be mapped.
opencart-C0816,opencart,upload/admin/controller/extension/openbay/fba.php,long_method_or_region,PASS,pending,NEEDS_MANUAL_ORACLE_REVIEW,No obvious web contract was extracted; existing tests or manual characterization must be mapped.
opencart-C0817,opencart,upload/admin/controller/extension/payment/alipay.php,long_method_or_region,PASS,pending,NEEDS_MANUAL_ORACLE_REVIEW,No obvious web contract was extracted; existing tests or manual characterization must be mapped.
opencart-C0818,opencart,upload/admin/controller/extension/payment/alipay_cross.php,long_method_or_region,PASS,pending,NEEDS_MANUAL_ORACLE_REVIEW,No obvious web contract was extracted; existing tests or manual characterization must be mapped.
opencart-C0819,opencart,upload/admin/controller/extension/payment/amazon_login_pay.php,long_method_or_region,PASS,pending,NEEDS_MANUAL_ORACLE_REVIEW,No obvious web contract was extracted; existing tests or manual characterization must be mapped.
opencart-C0820,opencart,upload/admin/controller/extension/payment/amazon_login_pay.php,long_method_or_region,PASS,pending,NEEDS_MANUAL_ORACLE_REVIEW,No obvious web contract was extracted; existing tests or manual characterization must be mapped.
opencart-C0821,opencart,upload/admin/controller/extension/payment/authorizenet_aim.php,long_method_or_region,PASS,pending,NEEDS_MANUAL_ORACLE_REVIEW,No obvious web contract was extracted; existing tests or manual characterization must be mapped.
opencart-C0822,opencart,upload/admin/controller/extension/payment/authorizenet_sim.php,long_method_or_region,PASS,pending,NEEDS_MANUAL_ORACLE_REVIEW,No obvious web contract was extracted; existing tests or manual characterization must be mapped.
opencart-C0823,opencart,upload/admin/controller/extension/payment/bank_transfer.php,long_method_or_region,PASS,pending,NEEDS_MANUAL_ORACLE_REVIEW,No obvious web contract was extracted; existing tests or manual characterization must be mapped.
opencart-C0824,opencart,upload/admin/controller/extension/payment/bluepay_hosted.php,long_method_or_region,PASS,pending,NEEDS_MANUAL_ORACLE_REVIEW,No obvious web contract was extracted; existing tests or manual characterization must be mapped.
opencart-C0825,opencart,upload/admin/controller/extension/payment/bluepay_redirect.php,long_method_or_region,PASS,pending,NEEDS_MANUAL_ORACLE_REVIEW,No obvious web contract was extracted; existing tests or manual characterization must be mapped.
opencart-C0826,opencart,upload/admin/controller/extension/payment/cardconnect.php,long_method_or_region,PASS,pending,NEEDS_MANUAL_ORACLE_REVIEW,No obvious web contract was extracted; existing tests or manual characterization must be mapped.
opencart-C0827,opencart,upload/admin/controller/extension/payment/cardconnect.php,long_method_or_region,PASS,pending,NEEDS_MANUAL_ORACLE_REVIEW,No obvious web contract was extracted; existing tests or manual characterization must be mapped.
opencart-C0828,opencart,upload/admin/controller/extension/payment/cardinity.php,long_method_or_region,PASS,pending,NEEDS_MANUAL_ORACLE_REVIEW,No obvious web contract was extracted; existing tests or manual characterization must be mapped.
opencart-C0829,opencart,upload/admin/controller/extension/payment/cheque.php,long_method_or_region,PASS,pending,NEEDS_MANUAL_ORACLE_REVIEW,No obvious web contract was extracted; existing tests or manual characterization must be mapped.
opencart-C0830,opencart,upload/admin/controller/extension/payment/divido.php,long_method_or_region,PASS,pending,NEEDS_MANUAL_ORACLE_REVIEW,No obvious web contract was extracted; existing tests or manual characterization must be mapped.
opencart-C0831,opencart,upload/admin/controller/extension/payment/eway.php,long_method_or_region,PASS,pending,NEEDS_MANUAL_ORACLE_REVIEW,No obvious web contract was extracted; existing tests or manual characterization must be mapped.
opencart-C0832,opencart,upload/admin/controller/extension/payment/firstdata.php,long_method_or_region,PASS,pending,NEEDS_MANUAL_ORACLE_REVIEW,No obvious web contract was extracted; existing tests or manual characterization must be mapped.
opencart-C0833,opencart,upload/admin/controller/extension/payment/firstdata_remote.php,long_method_or_region,PASS,pending,NEEDS_MANUAL_ORACLE_REVIEW,No obvious web contract was extracted; existing tests or manual characterization must be mapped.
opencart-C0834,opencart,upload/admin/controller/extension/payment/g2apay.php,long_method_or_region,PASS,pending,NEEDS_MANUAL_ORACLE_REVIEW,No obvious web contract was extracted; existing tests or manual characterization must be mapped.
opencart-C0835,opencart,upload/admin/controller/extension/payment/globalpay.php,long_method_or_region,PASS,pending,NEEDS_MANUAL_ORACLE_REVIEW,No obvious web contract was extracted; existing tests or manual characterization must be mapped.
opencart-C0836,opencart,upload/admin/controller/extension/payment/globalpay_remote.php,long_method_or_region,PASS,pending,NEEDS_MANUAL_ORACLE_REVIEW,No obvious web contract was extracted; existing tests or manual characterization must be mapped.
opencart-C0837,opencart,upload/admin/controller/extension/payment/klarna_account.php,long_method_or_region,PASS,pending,NEEDS_MANUAL_ORACLE_REVIEW,No obvious web contract was extracted; existing tests or manual characterization must be mapped.
opencart-C0838,opencart,upload/admin/controller/extension/payment/klarna_account.php,long_method_or_region,PASS,pending,NEEDS_MANUAL_ORACLE_REVIEW,No obvious web contract was extracted; existing tests or manual characterization must be mapped.
opencart-C0839,opencart,upload/admin/controller/extension/payment/klarna_account.php,long_method_or_region,PASS,pending,NEEDS_MANUAL_ORACLE_REVIEW,No obvious web contract was extracted; existing tests or manual characterization must be mapped.
opencart-C0840,opencart,upload/admin/controller/extension/payment/klarna_checkout.php,long_method_or_region,PASS,pending,NEEDS_MANUAL_ORACLE_REVIEW,No obvious web contract was extracted; existing tests or manual characterization must be mapped.
opencart-C0841,opencart,upload/admin/controller/extension/payment/klarna_checkout.php,long_method_or_region,PASS,pending,NEEDS_MANUAL_ORACLE_REVIEW,No obvious web contract was extracted; existing tests or manual characterization must be mapped.
opencart-C0842,opencart,upload/admin/controller/extension/payment/klarna_checkout.php,long_method_or_region,PASS,pending,NEEDS_MANUAL_ORACLE_REVIEW,No obvious web contract was extracted; existing tests or manual characterization must be mapped.
opencart-C0843,opencart,upload/admin/controller/extension/payment/klarna_checkout.php,long_method_or_region,PASS,pending,NEEDS_MANUAL_ORACLE_REVIEW,No obvious web contract was extracted; existing tests or manual characterization must be mapped.
opencart-C0844,opencart,upload/admin/controller/extension/payment/klarna_checkout.php,long_method_or_region,PASS,pending,NEEDS_MANUAL_ORACLE_REVIEW,No obvious web contract was extracted; existing tests or manual characterization must be mapped.
opencart-C0845,opencart,upload/admin/controller/extension/payment/klarna_invoice.php,long_method_or_region,PASS,pending,NEEDS_MANUAL_ORACLE_REVIEW,No obvious web contract was extracted; existing tests or manual characterization must be mapped.
opencart-C0846,opencart,upload/admin/controller/extension/payment/klarna_invoice.php,long_method_or_region,PASS,pending,NEEDS_MANUAL_ORACLE_REVIEW,No obvious web contract was extracted; existing tests or manual characterization must be mapped.
opencart-C0847,opencart,upload/admin/controller/extension/payment/laybuy.php,long_method_or_region,PASS,pending,NEEDS_CHARACTERIZATION,Candidate has observable request/output contract but no stable oracle yet.
opencart-C0848,opencart,upload/admin/controller/extension/payment/laybuy.php,long_method_or_region,PASS,pending,NEEDS_CHARACTERIZATION,Candidate has observable request/output contract but no stable oracle yet.
opencart-C0849,opencart,upload/admin/controller/extension/payment/laybuy.php,long_method_or_region,PASS,pending,NEEDS_MANUAL_ORACLE_REVIEW,No obvious web contract was extracted; existing tests or manual characterization must be mapped.
opencart-C0850,opencart,upload/admin/controller/extension/payment/laybuy.php,long_method_or_region,PASS,pending,NEEDS_CHARACTERIZATION,Candidate has observable request/output contract but no stable oracle yet.
opencart-C0851,opencart,upload/admin/controller/extension/payment/laybuy.php,long_method_or_region,PASS,pending,NEEDS_CHARACTERIZATION,Candidate has observable request/output contract but no stable oracle yet.
opencart-C0852,opencart,upload/admin/controller/extension/payment/laybuy.php,long_method_or_region,PASS,pending,NEEDS_CHARACTERIZATION,Candidate has observable request/output contract but no stable oracle yet.
opencart-C0853,opencart,upload/admin/controller/extension/payment/liqpay.php,long_method_or_region,PASS,pending,NEEDS_MANUAL_ORACLE_REVIEW,No obvious web contract was extracted; existing tests or manual characterization must be mapped.
opencart-C0854,opencart,upload/admin/controller/extension/payment/nochex.php,long_method_or_region,PASS,pending,NEEDS_MANUAL_ORACLE_REVIEW,No obvious web contract was extracted; existing tests or manual characterization must be mapped.
opencart-C0855,opencart,upload/admin/controller/extension/payment/paymate.php,long_method_or_region,PASS,pending,NEEDS_MANUAL_ORACLE_REVIEW,No obvious web contract was extracted; existing tests or manual characterization must be mapped.
opencart-C0856,opencart,upload/admin/controller/extension/payment/paypoint.php,long_method_or_region,PASS,pending,NEEDS_MANUAL_ORACLE_REVIEW,No obvious web contract was extracted; existing tests or manual characterization must be mapped.
opencart-C0857,opencart,upload/admin/controller/extension/payment/payza.php,long_method_or_region,PASS,pending,NEEDS_MANUAL_ORACLE_REVIEW,No obvious web contract was extracted; existing tests or manual characterization must be mapped.
opencart-C0858,opencart,upload/admin/controller/extension/payment/perpetual_payments.php,long_method_or_region,PASS,pending,NEEDS_MANUAL_ORACLE_REVIEW,No obvious web contract was extracted; existing tests or manual characterization must be mapped.
opencart-C0859,opencart,upload/admin/controller/extension/payment/pilibaba.php,long_method_or_region,PASS,pending,NEEDS_MANUAL_ORACLE_REVIEW,No obvious web contract was extracted; existing tests or manual characterization must be mapped.
opencart-C0860,opencart,upload/admin/controller/extension/payment/pilibaba.php,long_method_or_region,PASS,pending,NEEDS_MANUAL_ORACLE_REVIEW,No obvious web contract was extracted; existing tests or manual characterization must be mapped.
opencart-C0861,opencart,upload/admin/controller/extension/payment/pp_braintree.php,long_method_or_region,PASS,pending,NEEDS_MANUAL_ORACLE_REVIEW,No obvious web contract was extracted; existing tests or manual characterization must be mapped.
opencart-C0862,opencart,upload/admin/controller/extension/payment/pp_braintree.php,long_method_or_region,PASS,pending,NEEDS_MANUAL_ORACLE_REVIEW,No obvious web contract was extracted; existing tests or manual characterization must be mapped.
opencart-C0863,opencart,upload/admin/controller/extension/payment/pp_braintree.php,long_method_or_region,PASS,pending,NEEDS_MANUAL_ORACLE_REVIEW,No obvious web contract was extracted; existing tests or manual characterization must be mapped.
opencart-C0864,opencart,upload/admin/controller/extension/payment/pp_braintree.php,long_method_or_region,PASS,pending,NEEDS_MANUAL_ORACLE_REVIEW,No obvious web contract was extracted; existing tests or manual characterization must be mapped.
opencart-C0865,opencart,upload/admin/controller/extension/payment/pp_express.php,long_method_or_region,PASS,pending,NEEDS_MANUAL_ORACLE_REVIEW,No obvious web contract was extracted; existing tests or manual characterization must be mapped.
opencart-C0866,opencart,upload/admin/controller/extension/payment/pp_express.php,long_method_or_region,PASS,pending,NEEDS_MANUAL_ORACLE_REVIEW,No obvious web contract was extracted; existing tests or manual characterization must be mapped.
opencart-C0867,opencart,upload/admin/controller/extension/payment/pp_express.php,long_method_or_region,PASS,pending,NEEDS_MANUAL_ORACLE_REVIEW,No obvious web contract was extracted; existing tests or manual characterization must be mapped.
opencart-C0868,opencart,upload/admin/controller/extension/payment/pp_express.php,long_method_or_region,PASS,pending,NEEDS_MANUAL_ORACLE_REVIEW,No obvious web contract was extracted; existing tests or manual characterization must be mapped.
opencart-C0869,opencart,upload/admin/controller/extension/payment/pp_express.php,long_method_or_region,PASS,pending,NEEDS_MANUAL_ORACLE_REVIEW,No obvious web contract was extracted; existing tests or manual characterization must be mapped.
opencart-C0870,opencart,upload/admin/controller/extension/payment/pp_payflow.php,long_method_or_region,PASS,pending,NEEDS_MANUAL_ORACLE_REVIEW,No obvious web contract was extracted; existing tests or manual characterization must be mapped.
opencart-C0871,opencart,upload/admin/controller/extension/payment/pp_payflow_iframe.php,long_method_or_region,PASS,pending,NEEDS_MANUAL_ORACLE_REVIEW,No obvious web contract was extracted; existing tests or manual characterization must be mapped.
opencart-C0872,opencart,upload/admin/controller/extension/payment/pp_pro.php,long_method_or_region,PASS,pending,NEEDS_MANUAL_ORACLE_REVIEW,No obvious web contract was extracted; existing tests or manual characterization must be mapped.
opencart-C0873,opencart,upload/admin/controller/extension/payment/pp_pro_iframe.php,long_method_or_region,PASS,pending,NEEDS_MANUAL_ORACLE_REVIEW,No obvious web contract was extracted; existing tests or manual characterization must be mapped.
opencart-C0874,opencart,upload/admin/controller/extension/payment/pp_pro_iframe.php,long_method_or_region,PASS,pending,NEEDS_MANUAL_ORACLE_REVIEW,No obvious web contract was extracted; existing tests or manual characterization must be mapped.
opencart-C0875,opencart,upload/admin/controller/extension/payment/pp_pro_iframe.php,long_method_or_region,PASS,pending,NEEDS_MANUAL_ORACLE_REVIEW,No obvious web contract was extracted; existing tests or manual characterization must be mapped.
opencart-C0876,opencart,upload/admin/controller/extension/payment/pp_pro_iframe.php,long_method_or_region,PASS,pending,NEEDS_MANUAL_ORACLE_REVIEW,No obvious web contract was extracted; existing tests or manual characterization must be mapped.
opencart-C0877,opencart,upload/admin/controller/extension/payment/pp_standard.php,long_method_or_region,PASS,pending,NEEDS_MANUAL_ORACLE_REVIEW,No obvious web contract was extracted; existing tests or manual characterization must be mapped.
opencart-C0878,opencart,upload/admin/controller/extension/payment/realex.php,long_method_or_region,PASS,pending,NEEDS_MANUAL_ORACLE_REVIEW,No obvious web contract was extracted; existing tests or manual characterization must be mapped.
opencart-C0879,opencart,upload/admin/controller/extension/payment/realex_remote.php,long_method_or_region,PASS,pending,NEEDS_MANUAL_ORACLE_REVIEW,No obvious web contract was extracted; existing tests or manual characterization must be mapped.
opencart-C0880,opencart,upload/admin/controller/extension/payment/sagepay_direct.php,long_method_or_region,PASS,pending,NEEDS_MANUAL_ORACLE_REVIEW,No obvious web contract was extracted; existing tests or manual characterization must be mapped.
opencart-C0881,opencart,upload/admin/controller/extension/payment/sagepay_server.php,long_method_or_region,PASS,pending,NEEDS_MANUAL_ORACLE_REVIEW,No obvious web contract was extracted; existing tests or manual characterization must be mapped.
opencart-C0882,opencart,upload/admin/controller/extension/payment/sagepay_us.php,long_method_or_region,PASS,pending,NEEDS_MANUAL_ORACLE_REVIEW,No obvious web contract was extracted; existing tests or manual characterization must be mapped.
opencart-C0883,opencart,upload/admin/controller/extension/payment/securetrading_pp.php,long_method_or_region,PASS,pending,NEEDS_MANUAL_ORACLE_REVIEW,No obvious web contract was extracted; existing tests or manual characterization must be mapped.
opencart-C0884,opencart,upload/admin/controller/extension/payment/securetrading_ws.php,long_method_or_region,PASS,pending,NEEDS_MANUAL_ORACLE_REVIEW,No obvious web contract was extracted; existing tests or manual characterization must be mapped.
opencart-C0885,opencart,upload/admin/controller/extension/payment/skrill.php,long_method_or_region,PASS,pending,NEEDS_MANUAL_ORACLE_REVIEW,No obvious web contract was extracted; existing tests or manual characterization must be mapped.
opencart-C0886,opencart,upload/admin/controller/extension/payment/squareup.php,long_method_or_region,PASS,pending,NEEDS_MANUAL_ORACLE_REVIEW,No obvious web contract was extracted; existing tests or manual characterization must be mapped.
opencart-C0887,opencart,upload/admin/controller/extension/payment/squareup.php,long_method_or_region,PASS,pending,NEEDS_MANUAL_ORACLE_REVIEW,No obvious web contract was extracted; existing tests or manual characterization must be mapped.
opencart-C0888,opencart,upload/admin/controller/extension/payment/squareup.php,long_method_or_region,PASS,pending,NEEDS_MANUAL_ORACLE_REVIEW,No obvious web contract was extracted; existing tests or manual characterization must be mapped.
opencart-C0889,opencart,upload/admin/controller/extension/payment/squareup.php,long_method_or_region,PASS,pending,NEEDS_MANUAL_ORACLE_REVIEW,No obvious web contract was extracted; existing tests or manual characterization must be mapped.
opencart-C0890,opencart,upload/admin/controller/extension/payment/twocheckout.php,long_method_or_region,PASS,pending,NEEDS_MANUAL_ORACLE_REVIEW,No obvious web contract was extracted; existing tests or manual characterization must be mapped.
opencart-C0891,opencart,upload/admin/controller/extension/payment/web_payment_software.php,long_method_or_region,PASS,pending,NEEDS_MANUAL_ORACLE_REVIEW,No obvious web contract was extracted; existing tests or manual characterization must be mapped.
opencart-C0892,opencart,upload/admin/controller/extension/payment/wechat_pay.php,long_method_or_region,PASS,pending,NEEDS_MANUAL_ORACLE_REVIEW,No obvious web contract was extracted; existing tests or manual characterization must be mapped.
opencart-C0893,opencart,upload/admin/controller/extension/payment/worldpay.php,long_method_or_region,PASS,pending,NEEDS_MANUAL_ORACLE_REVIEW,No obvious web contract was extracted; existing tests or manual characterization must be mapped.
opencart-C0894,opencart,upload/admin/controller/extension/report/customer_activity.php,long_method_or_region,PASS,pending,NEEDS_MANUAL_ORACLE_REVIEW,No obvious web contract was extracted; existing tests or manual characterization must be mapped.
opencart-C0895,opencart,upload/admin/controller/extension/report/customer_order.php,long_method_or_region,PASS,pending,NEEDS_MANUAL_ORACLE_REVIEW,No obvious web contract was extracted; existing tests or manual characterization must be mapped.
opencart-C0896,opencart,upload/admin/controller/extension/report/customer_reward.php,long_method_or_region,PASS,pending,NEEDS_MANUAL_ORACLE_REVIEW,No obvious web contract was extracted; existing tests or manual characterization must be mapped.
opencart-C0897,opencart,upload/admin/controller/extension/report/customer_search.php,long_method_or_region,PASS,pending,NEEDS_MANUAL_ORACLE_REVIEW,No obvious web contract was extracted; existing tests or manual characterization must be mapped.
opencart-C0898,opencart,upload/admin/controller/extension/report/customer_transaction.php,long_method_or_region,PASS,pending,NEEDS_MANUAL_ORACLE_REVIEW,No obvious web contract was extracted; existing tests or manual characterization must be mapped.
opencart-C0899,opencart,upload/admin/controller/extension/report/marketing.php,long_method_or_region,PASS,pending,NEEDS_MANUAL_ORACLE_REVIEW,No obvious web contract was extracted; existing tests or manual characterization must be mapped.
opencart-C0900,opencart,upload/admin/controller/extension/report/product_purchased.php,long_method_or_region,PASS,pending,NEEDS_MANUAL_ORACLE_REVIEW,No obvious web contract was extracted; existing tests or manual characterization must be mapped.
opencart-C0901,opencart,upload/admin/controller/extension/report/sale_order.php,long_method_or_region,PASS,pending,NEEDS_MANUAL_ORACLE_REVIEW,No obvious web contract was extracted; existing tests or manual characterization must be mapped.
opencart-C0902,opencart,upload/admin/controller/extension/report/sale_return.php,long_method_or_region,PASS,pending,NEEDS_MANUAL_ORACLE_REVIEW,No obvious web contract was extracted; existing tests or manual characterization must be mapped.
opencart-C0903,opencart,upload/admin/controller/extension/report/sale_shipping.php,long_method_or_region,PASS,pending,NEEDS_MANUAL_ORACLE_REVIEW,No obvious web contract was extracted; existing tests or manual characterization must be mapped.
opencart-C0904,opencart,upload/admin/controller/extension/report/sale_tax.php,long_method_or_region,PASS,pending,NEEDS_MANUAL_ORACLE_REVIEW,No obvious web contract was extracted; existing tests or manual characterization must be mapped.
opencart-C0905,opencart,upload/admin/controller/extension/shipping/auspost.php,long_method_or_region,PASS,pending,NEEDS_MANUAL_ORACLE_REVIEW,No obvious web contract was extracted; existing tests or manual characterization must be mapped.
opencart-C0906,opencart,upload/admin/controller/extension/shipping/ec_ship.php,long_method_or_region,PASS,pending,NEEDS_MANUAL_ORACLE_REVIEW,No obvious web contract was extracted; existing tests or manual characterization must be mapped.
opencart-C0907,opencart,upload/admin/controller/extension/shipping/fedex.php,long_method_or_region,PASS,pending,NEEDS_MANUAL_ORACLE_REVIEW,No obvious web contract was extracted; existing tests or manual characterization must be mapped.
opencart-C0908,opencart,upload/admin/controller/extension/shipping/parcelforce_48.php,long_method_or_region,PASS,pending,NEEDS_MANUAL_ORACLE_REVIEW,No obvious web contract was extracted; existing tests or manual characterization must be mapped.
opencart-C0909,opencart,upload/admin/controller/extension/shipping/royal_mail.php,long_method_or_region,PASS,pending,NEEDS_MANUAL_ORACLE_REVIEW,No obvious web contract was extracted; existing tests or manual characterization must be mapped.
opencart-C0910,opencart,upload/admin/controller/extension/shipping/ups.php,long_method_or_region,PASS,pending,NEEDS_MANUAL_ORACLE_REVIEW,No obvious web contract was extracted; existing tests or manual characterization must be mapped.
opencart-C0911,opencart,upload/admin/controller/extension/shipping/ups.php,long_method_or_region,PASS,pending,NEEDS_MANUAL_ORACLE_REVIEW,No obvious web contract was extracted; existing tests or manual characterization must be mapped.
opencart-C0912,opencart,upload/admin/controller/extension/shipping/usps.php,long_method_or_region,PASS,pending,NEEDS_MANUAL_ORACLE_REVIEW,No obvious web contract was extracted; existing tests or manual characterization must be mapped.
opencart-C0913,opencart,upload/admin/controller/extension/theme/default.php,long_method_or_region,PASS,pending,NEEDS_MANUAL_ORACLE_REVIEW,No obvious web contract was extracted; existing tests or manual characterization must be mapped.
opencart-C0914,opencart,upload/admin/controller/extension/theme/default.php,long_method_or_region,PASS,pending,NEEDS_MANUAL_ORACLE_REVIEW,No obvious web contract was extracted; existing tests or manual characterization must be mapped.
opencart-C0915,opencart,upload/admin/controller/extension/total/klarna_fee.php,long_method_or_region,PASS,pending,NEEDS_MANUAL_ORACLE_REVIEW,No obvious web contract was extracted; existing tests or manual characterization must be mapped.
opencart-C0916,opencart,tests/setup/install.php,sql_data_access,PASS,pending,NEEDS_MANUAL_ORACLE_REVIEW,No obvious web contract was extracted; existing tests or manual characterization must be mapped.
opencart-C0917,opencart,tests/phpunit/selenium/catalog/AccountTest.php,sql_data_access,PASS,pending,NEEDS_MANUAL_ORACLE_REVIEW,No obvious web contract was extracted; existing tests or manual characterization must be mapped.
opencart-C0918,opencart,tests/phpunit/selenium/catalog/AccountTest.php,long_method_or_region,PASS,pending,NEEDS_MANUAL_ORACLE_REVIEW,No obvious web contract was extracted; existing tests or manual characterization must be mapped.
opencart-C0919,opencart,tests/phpunit/selenium/catalog/PayPalExpressTest.php,long_method_or_region,PASS,pending,NEEDS_MANUAL_ORACLE_REVIEW,No obvious web contract was extracted; existing tests or manual characterization must be mapped.
opencart-C0920,opencart,tests/phpunit/selenium/catalog/SagePayDirectTest.php,long_method_or_region,PASS,pending,NEEDS_MANUAL_ORACLE_REVIEW,No obvious web contract was extracted; existing tests or manual characterization must be mapped.
opencart-C0921,opencart,tests/phpunit/opencart/catalog/model/account/AddressTest.php,sql_data_access,PASS,pending,NEEDS_MANUAL_ORACLE_REVIEW,No obvious web contract was extracted; existing tests or manual characterization must be mapped.
opencart-C0922,opencart,tests/phpunit/opencart/catalog/model/account/DownloadTest.php,long_method_or_region,PASS,pending,NEEDS_MANUAL_ORACLE_REVIEW,No obvious web contract was extracted; existing tests or manual characterization must be mapped.
opencart-C0923,opencart,tests/phpunit/opencart/catalog/model/account/OrderTest.php,long_method_or_region,PASS,pending,NEEDS_MANUAL_ORACLE_REVIEW,No obvious web contract was extracted; existing tests or manual characterization must be mapped.
opencart-C0924,opencart,tests/phpunit/opencart/catalog/model/checkout/OrderTest.php,long_method_or_region,PASS,pending,NEEDS_MANUAL_ORACLE_REVIEW,No obvious web contract was extracted; existing tests or manual characterization must be mapped.
opencart-C0925,opencart,tests/phpcs/OpenCart/Sniffs/Variables/ValidVariableNameSniff.php,long_method_or_region,PASS,pending,NEEDS_MANUAL_ORACLE_REVIEW,No obvious web contract was extracted; existing tests or manual characterization must be mapped.
opencart-C0926,opencart,tests/phpcs/OpenCart/Sniffs/Variables/ValidVariableNameSniff.php,long_method_or_region,PASS,pending,NEEDS_MANUAL_ORACLE_REVIEW,No obvious web contract was extracted; existing tests or manual characterization must be mapped.
