candidate_id,project,file,candidate_type,syntax_status,oracle_status,screening_status,screening_reason
roundcubemail-C0001,roundcubemail,index.php,form_handling,PASS,pending,NEEDS_CHARACTERIZATION,Candidate has observable request/output contract but no stable oracle yet.
roundcubemail-C0002,roundcubemail,config/defaults.inc.php,sql_data_access,PASS,pending,NEEDS_MANUAL_ORACLE_REVIEW,No obvious web contract was extracted; existing tests or manual characterization must be mapped.
roundcubemail-C0003,roundcubemail,installer/check.php,mixed_php_html_sql,PASS,pending,NEEDS_CHARACTERIZATION,Candidate has observable request/output contract but no stable oracle yet.
roundcubemail-C0004,roundcubemail,installer/config.php,form_handling,PASS,pending,NEEDS_CHARACTERIZATION,Candidate has observable request/output contract but no stable oracle yet.
roundcubemail-C0005,roundcubemail,installer/index.php,form_handling,PASS,pending,NEEDS_CHARACTERIZATION,Candidate has observable request/output contract but no stable oracle yet.
roundcubemail-C0006,roundcubemail,installer/test.php,mixed_php_html_sql,PASS,pending,NEEDS_CHARACTERIZATION,Candidate has observable request/output contract but no stable oracle yet.
roundcubemail-C0007,roundcubemail,tests/Framework/DB.php,sql_data_access,PASS,pending,NEEDS_MANUAL_ORACLE_REVIEW,No obvious web contract was extracted; existing tests or manual characterization must be mapped.
roundcubemail-C0008,roundcubemail,tests/Framework/DB.php,sql_data_access,PASS,pending,NEEDS_MANUAL_ORACLE_REVIEW,No obvious web contract was extracted; existing tests or manual characterization must be mapped.
roundcubemail-C0009,roundcubemail,tests/Framework/DB.php,long_method_or_region,PASS,pending,NEEDS_MANUAL_ORACLE_REVIEW,No obvious web contract was extracted; existing tests or manual characterization must be mapped.
roundcubemail-C0010,roundcubemail,tests/Framework/Mime.php,mixed_php_html,PASS,pending,NEEDS_MANUAL_ORACLE_REVIEW,No obvious web contract was extracted; existing tests or manual characterization must be mapped.
roundcubemail-C0011,roundcubemail,tests/Framework/Mime.php,long_method_or_region,PASS,pending,NEEDS_MANUAL_ORACLE_REVIEW,No obvious web contract was extracted; existing tests or manual characterization must be mapped.
roundcubemail-C0012,roundcubemail,tests/Framework/Mime.php,long_method_or_region,PASS,pending,NEEDS_MANUAL_ORACLE_REVIEW,No obvious web contract was extracted; existing tests or manual characterization must be mapped.
roundcubemail-C0013,roundcubemail,tests/Framework/StringReplacer.php,mixed_php_html,PASS,pending,NEEDS_MANUAL_ORACLE_REVIEW,No obvious web contract was extracted; existing tests or manual characterization must be mapped.
roundcubemail-C0014,roundcubemail,tests/Framework/StringReplacer.php,long_method_or_region,PASS,pending,NEEDS_MANUAL_ORACLE_REVIEW,No obvious web contract was extracted; existing tests or manual characterization must be mapped.
roundcubemail-C0015,roundcubemail,tests/Framework/Text2Html.php,long_method_or_region,PASS,pending,NEEDS_MANUAL_ORACLE_REVIEW,No obvious web contract was extracted; existing tests or manual characterization must be mapped.
roundcubemail-C0016,roundcubemail,tests/Framework/Utils.php,mixed_php_html,PASS,pending,NEEDS_MANUAL_ORACLE_REVIEW,No obvious web contract was extracted; existing tests or manual characterization must be mapped.
roundcubemail-C0017,roundcubemail,tests/Framework/Washtml.php,mixed_php_html,PASS,pending,NEEDS_CHARACTERIZATION,Candidate has observable request/output contract but no stable oracle yet.
roundcubemail-C0018,roundcubemail,tests/Rcmail/OutputHtml.php,long_method_or_region,PASS,pending,NEEDS_MANUAL_ORACLE_REVIEW,No obvious web contract was extracted; existing tests or manual characterization must be mapped.
roundcubemail-C0019,roundcubemail,program/include/rcmail.php,session_dependent_logic,PASS,pending,NEEDS_CHARACTERIZATION,Candidate has observable request/output contract but no stable oracle yet.
roundcubemail-C0020,roundcubemail,program/include/rcmail.php,session_dependent_logic,PASS,pending,NEEDS_CHARACTERIZATION,Candidate has observable request/output contract but no stable oracle yet.
roundcubemail-C0021,roundcubemail,program/include/rcmail.php,session_dependent_logic,PASS,pending,NEEDS_CHARACTERIZATION,Candidate has observable request/output contract but no stable oracle yet.
roundcubemail-C0022,roundcubemail,program/include/rcmail.php,long_method_or_region,PASS,pending,NEEDS_MANUAL_ORACLE_REVIEW,No obvious web contract was extracted; existing tests or manual characterization must be mapped.
roundcubemail-C0023,roundcubemail,program/include/rcmail.php,session_dependent_logic,PASS,pending,NEEDS_MANUAL_ORACLE_REVIEW,No obvious web contract was extracted; existing tests or manual characterization must be mapped.
roundcubemail-C0024,roundcubemail,program/include/rcmail.php,long_method_or_region,PASS,pending,NEEDS_MANUAL_ORACLE_REVIEW,No obvious web contract was extracted; existing tests or manual characterization must be mapped.
roundcubemail-C0025,roundcubemail,program/include/rcmail.php,long_method_or_region,PASS,pending,NEEDS_MANUAL_ORACLE_REVIEW,No obvious web contract was extracted; existing tests or manual characterization must be mapped.
roundcubemail-C0026,roundcubemail,program/include/rcmail.php,long_method_or_region,PASS,pending,NEEDS_MANUAL_ORACLE_REVIEW,No obvious web contract was extracted; existing tests or manual characterization must be mapped.
roundcubemail-C0027,roundcubemail,program/include/rcmail.php,long_method_or_region,PASS,pending,NEEDS_MANUAL_ORACLE_REVIEW,No obvious web contract was extracted; existing tests or manual characterization must be mapped.
roundcubemail-C0028,roundcubemail,program/include/rcmail.php,long_method_or_region,PASS,pending,NEEDS_MANUAL_ORACLE_REVIEW,No obvious web contract was extracted; existing tests or manual characterization must be mapped.
roundcubemail-C0029,roundcubemail,program/include/rcmail.php,long_method_or_region,PASS,pending,NEEDS_MANUAL_ORACLE_REVIEW,No obvious web contract was extracted; existing tests or manual characterization must be mapped.
roundcubemail-C0030,roundcubemail,program/include/rcmail.php,long_method_or_region,PASS,pending,NEEDS_MANUAL_ORACLE_REVIEW,No obvious web contract was extracted; existing tests or manual characterization must be mapped.
roundcubemail-C0031,roundcubemail,program/include/rcmail.php,long_method_or_region,PASS,pending,NEEDS_MANUAL_ORACLE_REVIEW,No obvious web contract was extracted; existing tests or manual characterization must be mapped.
roundcubemail-C0032,roundcubemail,program/include/rcmail.php,long_method_or_region,PASS,pending,NEEDS_MANUAL_ORACLE_REVIEW,No obvious web contract was extracted; existing tests or manual characterization must be mapped.
roundcubemail-C0033,roundcubemail,program/include/rcmail.php,long_method_or_region,PASS,pending,NEEDS_MANUAL_ORACLE_REVIEW,No obvious web contract was extracted; existing tests or manual characterization must be mapped.
roundcubemail-C0034,roundcubemail,program/include/rcmail.php,long_method_or_region,PASS,pending,NEEDS_MANUAL_ORACLE_REVIEW,No obvious web contract was extracted; existing tests or manual characterization must be mapped.
roundcubemail-C0035,roundcubemail,program/include/rcmail.php,session_dependent_logic,PASS,pending,NEEDS_MANUAL_ORACLE_REVIEW,No obvious web contract was extracted; existing tests or manual characterization must be mapped.
roundcubemail-C0036,roundcubemail,program/include/rcmail.php,long_method_or_region,PASS,pending,NEEDS_MANUAL_ORACLE_REVIEW,No obvious web contract was extracted; existing tests or manual characterization must be mapped.
roundcubemail-C0037,roundcubemail,program/include/rcmail.php,session_dependent_logic,PASS,pending,NEEDS_MANUAL_ORACLE_REVIEW,No obvious web contract was extracted; existing tests or manual characterization must be mapped.
roundcubemail-C0038,roundcubemail,program/include/rcmail.php,long_method_or_region,PASS,pending,NEEDS_CHARACTERIZATION,Candidate has observable request/output contract but no stable oracle yet.
roundcubemail-C0039,roundcubemail,program/include/rcmail.php,session_dependent_logic,PASS,pending,NEEDS_MANUAL_ORACLE_REVIEW,No obvious web contract was extracted; existing tests or manual characterization must be mapped.
roundcubemail-C0040,roundcubemail,program/include/rcmail_install.php,mixed_php_html_sql,PASS,pending,NEEDS_CHARACTERIZATION,Candidate has observable request/output contract but no stable oracle yet.
roundcubemail-C0041,roundcubemail,program/include/rcmail_install.php,long_method_or_region,PASS,pending,NEEDS_CHARACTERIZATION,Candidate has observable request/output contract but no stable oracle yet.
roundcubemail-C0042,roundcubemail,program/include/rcmail_install.php,long_method_or_region,PASS,pending,NEEDS_MANUAL_ORACLE_REVIEW,No obvious web contract was extracted; existing tests or manual characterization must be mapped.
roundcubemail-C0043,roundcubemail,program/include/rcmail_install.php,long_method_or_region,PASS,pending,NEEDS_MANUAL_ORACLE_REVIEW,No obvious web contract was extracted; existing tests or manual characterization must be mapped.
roundcubemail-C0044,roundcubemail,program/include/rcmail_install.php,long_method_or_region,PASS,pending,NEEDS_MANUAL_ORACLE_REVIEW,No obvious web contract was extracted; existing tests or manual characterization must be mapped.
roundcubemail-C0045,roundcubemail,program/include/rcmail_install.php,sql_data_access,PASS,pending,NEEDS_MANUAL_ORACLE_REVIEW,No obvious web contract was extracted; existing tests or manual characterization must be mapped.
roundcubemail-C0046,roundcubemail,program/include/rcmail_install.php,long_method_or_region,PASS,pending,NEEDS_MANUAL_ORACLE_REVIEW,No obvious web contract was extracted; existing tests or manual characterization must be mapped.
roundcubemail-C0047,roundcubemail,program/include/rcmail_output_html.php,mixed_php_html_sql,PASS,pending,NEEDS_CHARACTERIZATION,Candidate has observable request/output contract but no stable oracle yet.
roundcubemail-C0048,roundcubemail,program/include/rcmail_output_html.php,session_dependent_logic,PASS,pending,NEEDS_CHARACTERIZATION,Candidate has observable request/output contract but no stable oracle yet.
roundcubemail-C0049,roundcubemail,program/include/rcmail_output_html.php,long_method_or_region,PASS,pending,NEEDS_MANUAL_ORACLE_REVIEW,No obvious web contract was extracted; existing tests or manual characterization must be mapped.
roundcubemail-C0050,roundcubemail,program/include/rcmail_output_html.php,session_dependent_logic,PASS,pending,NEEDS_MANUAL_ORACLE_REVIEW,No obvious web contract was extracted; existing tests or manual characterization must be mapped.
roundcubemail-C0051,roundcubemail,program/include/rcmail_output_html.php,long_method_or_region,PASS,pending,NEEDS_MANUAL_ORACLE_REVIEW,No obvious web contract was extracted; existing tests or manual characterization must be mapped.
roundcubemail-C0052,roundcubemail,program/include/rcmail_output_html.php,long_method_or_region,PASS,pending,NEEDS_CHARACTERIZATION,Candidate has observable request/output contract but no stable oracle yet.
roundcubemail-C0053,roundcubemail,program/include/rcmail_output_html.php,long_method_or_region,PASS,pending,NEEDS_MANUAL_ORACLE_REVIEW,No obvious web contract was extracted; existing tests or manual characterization must be mapped.
roundcubemail-C0054,roundcubemail,program/include/rcmail_output_html.php,session_dependent_logic,PASS,pending,NEEDS_MANUAL_ORACLE_REVIEW,No obvious web contract was extracted; existing tests or manual characterization must be mapped.
roundcubemail-C0055,roundcubemail,program/include/rcmail_output_html.php,long_method_or_region,PASS,pending,NEEDS_MANUAL_ORACLE_REVIEW,No obvious web contract was extracted; existing tests or manual characterization must be mapped.
roundcubemail-C0056,roundcubemail,program/include/rcmail_output_html.php,long_method_or_region,PASS,pending,NEEDS_MANUAL_ORACLE_REVIEW,No obvious web contract was extracted; existing tests or manual characterization must be mapped.
roundcubemail-C0057,roundcubemail,program/include/rcmail_output_html.php,long_method_or_region,PASS,pending,NEEDS_MANUAL_ORACLE_REVIEW,No obvious web contract was extracted; existing tests or manual characterization must be mapped.
roundcubemail-C0058,roundcubemail,program/include/rcmail_output_html.php,session_dependent_logic,PASS,pending,NEEDS_MANUAL_ORACLE_REVIEW,No obvious web contract was extracted; existing tests or manual characterization must be mapped.
roundcubemail-C0059,roundcubemail,program/include/rcmail_output_html.php,session_dependent_logic,PASS,pending,NEEDS_MANUAL_ORACLE_REVIEW,No obvious web contract was extracted; existing tests or manual characterization must be mapped.
roundcubemail-C0060,roundcubemail,program/include/rcmail_output_html.php,long_method_or_region,PASS,pending,NEEDS_MANUAL_ORACLE_REVIEW,No obvious web contract was extracted; existing tests or manual characterization must be mapped.
roundcubemail-C0061,roundcubemail,program/include/rcmail_output_html.php,sql_data_access,PASS,pending,NEEDS_MANUAL_ORACLE_REVIEW,No obvious web contract was extracted; existing tests or manual characterization must be mapped.
roundcubemail-C0062,roundcubemail,program/include/rcmail_output_json.php,session_dependent_logic,PASS,pending,NEEDS_MANUAL_ORACLE_REVIEW,No obvious web contract was extracted; existing tests or manual characterization must be mapped.
roundcubemail-C0063,roundcubemail,program/include/rcmail_sendmail.php,mixed_php_html_sql,PASS,pending,NEEDS_CHARACTERIZATION,Candidate has observable request/output contract but no stable oracle yet.
roundcubemail-C0064,roundcubemail,program/include/rcmail_sendmail.php,long_method_or_region,PASS,pending,NEEDS_CHARACTERIZATION,Candidate has observable request/output contract but no stable oracle yet.
roundcubemail-C0065,roundcubemail,program/include/rcmail_sendmail.php,long_method_or_region,PASS,pending,NEEDS_MANUAL_ORACLE_REVIEW,No obvious web contract was extracted; existing tests or manual characterization must be mapped.
roundcubemail-C0066,roundcubemail,program/include/rcmail_sendmail.php,long_method_or_region,PASS,pending,NEEDS_MANUAL_ORACLE_REVIEW,No obvious web contract was extracted; existing tests or manual characterization must be mapped.
roundcubemail-C0067,roundcubemail,program/include/rcmail_sendmail.php,long_method_or_region,PASS,pending,NEEDS_CHARACTERIZATION,Candidate has observable request/output contract but no stable oracle yet.
roundcubemail-C0068,roundcubemail,program/include/rcmail_sendmail.php,long_method_or_region,PASS,pending,NEEDS_MANUAL_ORACLE_REVIEW,No obvious web contract was extracted; existing tests or manual characterization must be mapped.
roundcubemail-C0069,roundcubemail,program/include/rcmail_sendmail.php,long_method_or_region,PASS,pending,NEEDS_MANUAL_ORACLE_REVIEW,No obvious web contract was extracted; existing tests or manual characterization must be mapped.
roundcubemail-C0070,roundcubemail,program/include/rcmail_sendmail.php,session_dependent_logic,PASS,pending,NEEDS_MANUAL_ORACLE_REVIEW,No obvious web contract was extracted; existing tests or manual characterization must be mapped.
roundcubemail-C0071,roundcubemail,program/include/rcmail_sendmail.php,long_method_or_region,PASS,pending,NEEDS_CHARACTERIZATION,Candidate has observable request/output contract but no stable oracle yet.
roundcubemail-C0072,roundcubemail,program/include/rcmail_sendmail.php,sql_data_access,PASS,pending,NEEDS_MANUAL_ORACLE_REVIEW,No obvious web contract was extracted; existing tests or manual characterization must be mapped.
roundcubemail-C0073,roundcubemail,program/include/rcmail_utils.php,sql_data_access,PASS,pending,NEEDS_MANUAL_ORACLE_REVIEW,No obvious web contract was extracted; existing tests or manual characterization must be mapped.
roundcubemail-C0074,roundcubemail,program/include/rcmail_utils.php,long_method_or_region,PASS,pending,NEEDS_MANUAL_ORACLE_REVIEW,No obvious web contract was extracted; existing tests or manual characterization must be mapped.
roundcubemail-C0075,roundcubemail,program/include/rcmail_utils.php,sql_data_access,PASS,pending,NEEDS_MANUAL_ORACLE_REVIEW,No obvious web contract was extracted; existing tests or manual characterization must be mapped.
roundcubemail-C0076,roundcubemail,program/include/rcmail_utils.php,sql_data_access,PASS,pending,NEEDS_MANUAL_ORACLE_REVIEW,No obvious web contract was extracted; existing tests or manual characterization must be mapped.
roundcubemail-C0077,roundcubemail,program/include/rcmail_utils.php,sql_data_access,PASS,pending,NEEDS_MANUAL_ORACLE_REVIEW,No obvious web contract was extracted; existing tests or manual characterization must be mapped.
roundcubemail-C0078,roundcubemail,program/steps/addressbook/delete.inc,session_dependent_logic,PASS,pending,NEEDS_MANUAL_ORACLE_REVIEW,No obvious web contract was extracted; existing tests or manual characterization must be mapped.
roundcubemail-C0079,roundcubemail,program/steps/addressbook/edit.inc,mixed_php_html,PASS,pending,NEEDS_MANUAL_ORACLE_REVIEW,No obvious web contract was extracted; existing tests or manual characterization must be mapped.
roundcubemail-C0080,roundcubemail,program/steps/addressbook/export.inc,session_dependent_logic,PASS,pending,NEEDS_CHARACTERIZATION,Candidate has observable request/output contract but no stable oracle yet.
roundcubemail-C0081,roundcubemail,program/steps/addressbook/export.inc,long_method_or_region,PASS,pending,NEEDS_MANUAL_ORACLE_REVIEW,No obvious web contract was extracted; existing tests or manual characterization must be mapped.
roundcubemail-C0082,roundcubemail,program/steps/addressbook/func.inc,session_dependent_logic,PASS,pending,NEEDS_CHARACTERIZATION,Candidate has observable request/output contract but no stable oracle yet.
roundcubemail-C0083,roundcubemail,program/steps/addressbook/func.inc,session_dependent_logic,PASS,pending,NEEDS_CHARACTERIZATION,Candidate has observable request/output contract but no stable oracle yet.
roundcubemail-C0084,roundcubemail,program/steps/addressbook/func.inc,long_method_or_region,PASS,pending,NEEDS_MANUAL_ORACLE_REVIEW,No obvious web contract was extracted; existing tests or manual characterization must be mapped.
roundcubemail-C0085,roundcubemail,program/steps/addressbook/func.inc,long_method_or_region,PASS,pending,NEEDS_MANUAL_ORACLE_REVIEW,No obvious web contract was extracted; existing tests or manual characterization must be mapped.
roundcubemail-C0086,roundcubemail,program/steps/addressbook/func.inc,session_dependent_logic,PASS,pending,NEEDS_MANUAL_ORACLE_REVIEW,No obvious web contract was extracted; existing tests or manual characterization must be mapped.
roundcubemail-C0087,roundcubemail,program/steps/addressbook/func.inc,session_dependent_logic,PASS,pending,NEEDS_CHARACTERIZATION,Candidate has observable request/output contract but no stable oracle yet.
roundcubemail-C0088,roundcubemail,program/steps/addressbook/func.inc,long_method_or_region,PASS,pending,NEEDS_MANUAL_ORACLE_REVIEW,No obvious web contract was extracted; existing tests or manual characterization must be mapped.
roundcubemail-C0089,roundcubemail,program/steps/addressbook/import.inc,session_dependent_logic,PASS,pending,NEEDS_MANUAL_ORACLE_REVIEW,No obvious web contract was extracted; existing tests or manual characterization must be mapped.
roundcubemail-C0090,roundcubemail,program/steps/addressbook/list.inc,session_dependent_logic,PASS,pending,NEEDS_CHARACTERIZATION,Candidate has observable request/output contract but no stable oracle yet.
roundcubemail-C0091,roundcubemail,program/steps/addressbook/mailto.inc,session_dependent_logic,PASS,pending,NEEDS_CHARACTERIZATION,Candidate has observable request/output contract but no stable oracle yet.
roundcubemail-C0092,roundcubemail,program/steps/addressbook/move.inc,session_dependent_logic,PASS,pending,NEEDS_MANUAL_ORACLE_REVIEW,No obvious web contract was extracted; existing tests or manual characterization must be mapped.
roundcubemail-C0093,roundcubemail,program/steps/addressbook/photo.inc,session_dependent_logic,PASS,pending,NEEDS_CHARACTERIZATION,Candidate has observable request/output contract but no stable oracle yet.
roundcubemail-C0094,roundcubemail,program/steps/addressbook/save.inc,session_dependent_logic,PASS,pending,NEEDS_CHARACTERIZATION,Candidate has observable request/output contract but no stable oracle yet.
roundcubemail-C0095,roundcubemail,program/steps/addressbook/search.inc,form_handling,PASS,pending,NEEDS_CHARACTERIZATION,Candidate has observable request/output contract but no stable oracle yet.
roundcubemail-C0096,roundcubemail,program/steps/addressbook/search.inc,session_dependent_logic,PASS,pending,NEEDS_CHARACTERIZATION,Candidate has observable request/output contract but no stable oracle yet.
roundcubemail-C0097,roundcubemail,program/steps/addressbook/search.inc,long_method_or_region,PASS,pending,NEEDS_MANUAL_ORACLE_REVIEW,No obvious web contract was extracted; existing tests or manual characterization must be mapped.
roundcubemail-C0098,roundcubemail,program/steps/addressbook/show.inc,mixed_php_html,PASS,pending,NEEDS_MANUAL_ORACLE_REVIEW,No obvious web contract was extracted; existing tests or manual characterization must be mapped.
roundcubemail-C0099,roundcubemail,program/steps/addressbook/upload_photo.inc,session_dependent_logic,PASS,pending,NEEDS_MANUAL_ORACLE_REVIEW,No obvious web contract was extracted; existing tests or manual characterization must be mapped.
roundcubemail-C0100,roundcubemail,program/steps/mail/addcontact.inc,long_method_or_region,PASS,pending,NEEDS_CHARACTERIZATION,Candidate has observable request/output contract but no stable oracle yet.
roundcubemail-C0101,roundcubemail,program/steps/mail/attachments.inc,mixed_php_html,PASS,pending,NEEDS_CHARACTERIZATION,Candidate has observable request/output contract but no stable oracle yet.
roundcubemail-C0102,roundcubemail,program/steps/mail/check_recent.inc,session_dependent_logic,PASS,pending,NEEDS_CHARACTERIZATION,Candidate has observable request/output contract but no stable oracle yet.
roundcubemail-C0103,roundcubemail,program/steps/mail/compose.inc,mixed_php_html_sql,PASS,pending,NEEDS_CHARACTERIZATION,Candidate has observable request/output contract but no stable oracle yet.
roundcubemail-C0104,roundcubemail,program/steps/mail/compose.inc,session_dependent_logic,PASS,pending,NEEDS_MANUAL_ORACLE_REVIEW,No obvious web contract was extracted; existing tests or manual characterization must be mapped.
roundcubemail-C0105,roundcubemail,program/steps/mail/compose.inc,session_dependent_logic,PASS,pending,NEEDS_MANUAL_ORACLE_REVIEW,No obvious web contract was extracted; existing tests or manual characterization must be mapped.
roundcubemail-C0106,roundcubemail,program/steps/mail/compose.inc,long_method_or_region,PASS,pending,NEEDS_CHARACTERIZATION,Candidate has observable request/output contract but no stable oracle yet.
roundcubemail-C0107,roundcubemail,program/steps/mail/compose.inc,long_method_or_region,PASS,pending,NEEDS_MANUAL_ORACLE_REVIEW,No obvious web contract was extracted; existing tests or manual characterization must be mapped.
roundcubemail-C0108,roundcubemail,program/steps/mail/compose.inc,long_method_or_region,PASS,pending,NEEDS_MANUAL_ORACLE_REVIEW,No obvious web contract was extracted; existing tests or manual characterization must be mapped.
roundcubemail-C0109,roundcubemail,program/steps/mail/compose.inc,long_method_or_region,PASS,pending,NEEDS_MANUAL_ORACLE_REVIEW,No obvious web contract was extracted; existing tests or manual characterization must be mapped.
roundcubemail-C0110,roundcubemail,program/steps/mail/compose.inc,long_method_or_region,PASS,pending,NEEDS_CHARACTERIZATION,Candidate has observable request/output contract but no stable oracle yet.
roundcubemail-C0111,roundcubemail,program/steps/mail/folders.inc,long_method_or_region,PASS,pending,NEEDS_CHARACTERIZATION,Candidate has observable request/output contract but no stable oracle yet.
roundcubemail-C0112,roundcubemail,program/steps/mail/func.inc,mixed_php_html_sql,PASS,pending,NEEDS_CHARACTERIZATION,Candidate has observable request/output contract but no stable oracle yet.
roundcubemail-C0113,roundcubemail,program/steps/mail/func.inc,session_dependent_logic,PASS,pending,NEEDS_CHARACTERIZATION,Candidate has observable request/output contract but no stable oracle yet.
roundcubemail-C0114,roundcubemail,program/steps/mail/func.inc,session_dependent_logic,PASS,pending,NEEDS_MANUAL_ORACLE_REVIEW,No obvious web contract was extracted; existing tests or manual characterization must be mapped.
roundcubemail-C0115,roundcubemail,program/steps/mail/func.inc,session_dependent_logic,PASS,pending,NEEDS_MANUAL_ORACLE_REVIEW,No obvious web contract was extracted; existing tests or manual characterization must be mapped.
roundcubemail-C0116,roundcubemail,program/steps/mail/func.inc,session_dependent_logic,PASS,pending,NEEDS_MANUAL_ORACLE_REVIEW,No obvious web contract was extracted; existing tests or manual characterization must be mapped.
roundcubemail-C0117,roundcubemail,program/steps/mail/func.inc,long_method_or_region,PASS,pending,NEEDS_MANUAL_ORACLE_REVIEW,No obvious web contract was extracted; existing tests or manual characterization must be mapped.
roundcubemail-C0118,roundcubemail,program/steps/mail/func.inc,session_dependent_logic,PASS,pending,NEEDS_MANUAL_ORACLE_REVIEW,No obvious web contract was extracted; existing tests or manual characterization must be mapped.
roundcubemail-C0119,roundcubemail,program/steps/mail/func.inc,long_method_or_region,PASS,pending,NEEDS_MANUAL_ORACLE_REVIEW,No obvious web contract was extracted; existing tests or manual characterization must be mapped.
roundcubemail-C0120,roundcubemail,program/steps/mail/func.inc,session_dependent_logic,PASS,pending,NEEDS_MANUAL_ORACLE_REVIEW,No obvious web contract was extracted; existing tests or manual characterization must be mapped.
roundcubemail-C0121,roundcubemail,program/steps/mail/func.inc,session_dependent_logic,PASS,pending,NEEDS_MANUAL_ORACLE_REVIEW,No obvious web contract was extracted; existing tests or manual characterization must be mapped.
roundcubemail-C0122,roundcubemail,program/steps/mail/func.inc,long_method_or_region,PASS,pending,NEEDS_MANUAL_ORACLE_REVIEW,No obvious web contract was extracted; existing tests or manual characterization must be mapped.
roundcubemail-C0123,roundcubemail,program/steps/mail/func.inc,session_dependent_logic,PASS,pending,NEEDS_CHARACTERIZATION,Candidate has observable request/output contract but no stable oracle yet.
roundcubemail-C0124,roundcubemail,program/steps/mail/func.inc,long_method_or_region,PASS,pending,NEEDS_MANUAL_ORACLE_REVIEW,No obvious web contract was extracted; existing tests or manual characterization must be mapped.
roundcubemail-C0125,roundcubemail,program/steps/mail/func.inc,session_dependent_logic,PASS,pending,NEEDS_MANUAL_ORACLE_REVIEW,No obvious web contract was extracted; existing tests or manual characterization must be mapped.
roundcubemail-C0126,roundcubemail,program/steps/mail/get.inc,form_handling,PASS,pending,NEEDS_CHARACTERIZATION,Candidate has observable request/output contract but no stable oracle yet.
roundcubemail-C0127,roundcubemail,program/steps/mail/get.inc,session_dependent_logic,PASS,pending,NEEDS_CHARACTERIZATION,Candidate has observable request/output contract but no stable oracle yet.
roundcubemail-C0128,roundcubemail,program/steps/mail/get.inc,long_method_or_region,PASS,pending,NEEDS_MANUAL_ORACLE_REVIEW,No obvious web contract was extracted; existing tests or manual characterization must be mapped.
roundcubemail-C0129,roundcubemail,program/steps/mail/list.inc,session_dependent_logic,PASS,pending,NEEDS_CHARACTERIZATION,Candidate has observable request/output contract but no stable oracle yet.
roundcubemail-C0130,roundcubemail,program/steps/mail/list_contacts.inc,session_dependent_logic,PASS,pending,NEEDS_CHARACTERIZATION,Candidate has observable request/output contract but no stable oracle yet.
roundcubemail-C0131,roundcubemail,program/steps/mail/mark.inc,session_dependent_logic,PASS,pending,NEEDS_CHARACTERIZATION,Candidate has observable request/output contract but no stable oracle yet.
roundcubemail-C0132,roundcubemail,program/steps/mail/move_del.inc,session_dependent_logic,PASS,pending,NEEDS_CHARACTERIZATION,Candidate has observable request/output contract but no stable oracle yet.
roundcubemail-C0133,roundcubemail,program/steps/mail/search.inc,session_dependent_logic,PASS,pending,NEEDS_MANUAL_ORACLE_REVIEW,No obvious web contract was extracted; existing tests or manual characterization must be mapped.
roundcubemail-C0134,roundcubemail,program/steps/mail/search_contacts.inc,session_dependent_logic,PASS,pending,NEEDS_MANUAL_ORACLE_REVIEW,No obvious web contract was extracted; existing tests or manual characterization must be mapped.
roundcubemail-C0135,roundcubemail,program/steps/mail/sendmail.inc,form_handling,PASS,pending,NEEDS_CHARACTERIZATION,Candidate has observable request/output contract but no stable oracle yet.
roundcubemail-C0136,roundcubemail,program/steps/mail/show.inc,session_dependent_logic,PASS,pending,NEEDS_CHARACTERIZATION,Candidate has observable request/output contract but no stable oracle yet.
roundcubemail-C0137,roundcubemail,program/steps/mail/show.inc,long_method_or_region,PASS,pending,NEEDS_MANUAL_ORACLE_REVIEW,No obvious web contract was extracted; existing tests or manual characterization must be mapped.
roundcubemail-C0138,roundcubemail,program/steps/mail/show.inc,session_dependent_logic,PASS,pending,NEEDS_CHARACTERIZATION,Candidate has observable request/output contract but no stable oracle yet.
roundcubemail-C0139,roundcubemail,program/steps/settings/about.inc,mixed_php_html,PASS,pending,NEEDS_MANUAL_ORACLE_REVIEW,No obvious web contract was extracted; existing tests or manual characterization must be mapped.
roundcubemail-C0140,roundcubemail,program/steps/settings/about.inc,long_method_or_region,PASS,pending,NEEDS_MANUAL_ORACLE_REVIEW,No obvious web contract was extracted; existing tests or manual characterization must be mapped.
roundcubemail-C0141,roundcubemail,program/steps/settings/edit_folder.inc,form_handling,PASS,pending,NEEDS_CHARACTERIZATION,Candidate has observable request/output contract but no stable oracle yet.
roundcubemail-C0142,roundcubemail,program/steps/settings/edit_folder.inc,long_method_or_region,PASS,pending,NEEDS_CHARACTERIZATION,Candidate has observable request/output contract but no stable oracle yet.
roundcubemail-C0143,roundcubemail,program/steps/settings/edit_identity.inc,form_handling,PASS,pending,NEEDS_CHARACTERIZATION,Candidate has observable request/output contract but no stable oracle yet.
roundcubemail-C0144,roundcubemail,program/steps/settings/edit_identity.inc,long_method_or_region,PASS,pending,NEEDS_MANUAL_ORACLE_REVIEW,No obvious web contract was extracted; existing tests or manual characterization must be mapped.
roundcubemail-C0145,roundcubemail,program/steps/settings/edit_response.inc,long_method_or_region,PASS,pending,NEEDS_CHARACTERIZATION,Candidate has observable request/output contract but no stable oracle yet.
roundcubemail-C0146,roundcubemail,program/steps/settings/folders.inc,mixed_php_html,PASS,pending,NEEDS_MANUAL_ORACLE_REVIEW,No obvious web contract was extracted; existing tests or manual characterization must be mapped.
roundcubemail-C0147,roundcubemail,program/steps/settings/folders.inc,long_method_or_region,PASS,pending,NEEDS_MANUAL_ORACLE_REVIEW,No obvious web contract was extracted; existing tests or manual characterization must be mapped.
roundcubemail-C0148,roundcubemail,program/steps/settings/folders.inc,session_dependent_logic,PASS,pending,NEEDS_MANUAL_ORACLE_REVIEW,No obvious web contract was extracted; existing tests or manual characterization must be mapped.
roundcubemail-C0149,roundcubemail,program/steps/settings/func.inc,mixed_php_html_sql,PASS,pending,NEEDS_MANUAL_ORACLE_REVIEW,No obvious web contract was extracted; existing tests or manual characterization must be mapped.
roundcubemail-C0150,roundcubemail,program/steps/settings/func.inc,long_method_or_region,PASS,pending,NEEDS_MANUAL_ORACLE_REVIEW,No obvious web contract was extracted; existing tests or manual characterization must be mapped.
roundcubemail-C0151,roundcubemail,program/steps/settings/func.inc,long_method_or_region,PASS,pending,NEEDS_MANUAL_ORACLE_REVIEW,No obvious web contract was extracted; existing tests or manual characterization must be mapped.
roundcubemail-C0152,roundcubemail,program/steps/settings/responses.inc,long_method_or_region,PASS,pending,NEEDS_CHARACTERIZATION,Candidate has observable request/output contract but no stable oracle yet.
roundcubemail-C0153,roundcubemail,program/steps/settings/save_folder.inc,session_dependent_logic,PASS,pending,NEEDS_CHARACTERIZATION,Candidate has observable request/output contract but no stable oracle yet.
roundcubemail-C0154,roundcubemail,program/steps/settings/save_identity.inc,form_handling,PASS,pending,NEEDS_CHARACTERIZATION,Candidate has observable request/output contract but no stable oracle yet.
roundcubemail-C0155,roundcubemail,program/steps/settings/save_prefs.inc,session_dependent_logic,PASS,pending,NEEDS_CHARACTERIZATION,Candidate has observable request/output contract but no stable oracle yet.
roundcubemail-C0156,roundcubemail,program/steps/settings/upload.inc,session_dependent_logic,PASS,pending,NEEDS_CHARACTERIZATION,Candidate has observable request/output contract but no stable oracle yet.
roundcubemail-C0157,roundcubemail,program/steps/utils/error.inc,form_handling,PASS,pending,NEEDS_CHARACTERIZATION,Candidate has observable request/output contract but no stable oracle yet.
roundcubemail-C0158,roundcubemail,program/steps/utils/killcache.inc,sql_data_access,PASS,pending,NEEDS_MANUAL_ORACLE_REVIEW,No obvious web contract was extracted; existing tests or manual characterization must be mapped.
roundcubemail-C0159,roundcubemail,program/steps/utils/modcss.inc,session_dependent_logic,PASS,pending,NEEDS_CHARACTERIZATION,Candidate has observable request/output contract but no stable oracle yet.
roundcubemail-C0160,roundcubemail,program/localization/en_CA/messages.inc,sql_data_access,PASS,pending,NEEDS_MANUAL_ORACLE_REVIEW,No obvious web contract was extracted; existing tests or manual characterization must be mapped.
roundcubemail-C0161,roundcubemail,program/localization/en_GB/labels.inc,mixed_php_html_sql,PASS,pending,NEEDS_MANUAL_ORACLE_REVIEW,No obvious web contract was extracted; existing tests or manual characterization must be mapped.
roundcubemail-C0162,roundcubemail,program/localization/en_GB/messages.inc,sql_data_access,PASS,pending,NEEDS_MANUAL_ORACLE_REVIEW,No obvious web contract was extracted; existing tests or manual characterization must be mapped.
roundcubemail-C0163,roundcubemail,program/localization/en_US/labels.inc,mixed_php_html_sql,PASS,pending,NEEDS_MANUAL_ORACLE_REVIEW,No obvious web contract was extracted; existing tests or manual characterization must be mapped.
roundcubemail-C0164,roundcubemail,program/localization/en_US/messages.inc,sql_data_access,PASS,pending,NEEDS_MANUAL_ORACLE_REVIEW,No obvious web contract was extracted; existing tests or manual characterization must be mapped.
roundcubemail-C0165,roundcubemail,program/localization/nb_NO/labels.inc,mixed_php_html,PASS,pending,NEEDS_MANUAL_ORACLE_REVIEW,No obvious web contract was extracted; existing tests or manual characterization must be mapped.
roundcubemail-C0166,roundcubemail,program/lib/Roundcube/html.php,mixed_php_html_sql,PASS,pending,NEEDS_MANUAL_ORACLE_REVIEW,No obvious web contract was extracted; existing tests or manual characterization must be mapped.
roundcubemail-C0167,roundcubemail,program/lib/Roundcube/html.php,long_method_or_region,PASS,pending,NEEDS_MANUAL_ORACLE_REVIEW,No obvious web contract was extracted; existing tests or manual characterization must be mapped.
roundcubemail-C0168,roundcubemail,program/lib/Roundcube/html.php,long_method_or_region,PASS,pending,NEEDS_MANUAL_ORACLE_REVIEW,No obvious web contract was extracted; existing tests or manual characterization must be mapped.
roundcubemail-C0169,roundcubemail,program/lib/Roundcube/rcube.php,session_dependent_logic,PASS,pending,NEEDS_MANUAL_ORACLE_REVIEW,No obvious web contract was extracted; existing tests or manual characterization must be mapped.
roundcubemail-C0170,roundcubemail,program/lib/Roundcube/rcube.php,session_dependent_logic,PASS,pending,NEEDS_MANUAL_ORACLE_REVIEW,No obvious web contract was extracted; existing tests or manual characterization must be mapped.
roundcubemail-C0171,roundcubemail,program/lib/Roundcube/rcube.php,session_dependent_logic,PASS,pending,NEEDS_MANUAL_ORACLE_REVIEW,No obvious web contract was extracted; existing tests or manual characterization must be mapped.
roundcubemail-C0172,roundcubemail,program/lib/Roundcube/rcube.php,session_dependent_logic,PASS,pending,NEEDS_MANUAL_ORACLE_REVIEW,No obvious web contract was extracted; existing tests or manual characterization must be mapped.
roundcubemail-C0173,roundcubemail,program/lib/Roundcube/rcube.php,session_dependent_logic,PASS,pending,NEEDS_MANUAL_ORACLE_REVIEW,No obvious web contract was extracted; existing tests or manual characterization must be mapped.
roundcubemail-C0174,roundcubemail,program/lib/Roundcube/rcube.php,long_method_or_region,PASS,pending,NEEDS_MANUAL_ORACLE_REVIEW,No obvious web contract was extracted; existing tests or manual characterization must be mapped.
roundcubemail-C0175,roundcubemail,program/lib/Roundcube/rcube.php,long_method_or_region,PASS,pending,NEEDS_MANUAL_ORACLE_REVIEW,No obvious web contract was extracted; existing tests or manual characterization must be mapped.
roundcubemail-C0176,roundcubemail,program/lib/Roundcube/rcube.php,long_method_or_region,PASS,pending,NEEDS_MANUAL_ORACLE_REVIEW,No obvious web contract was extracted; existing tests or manual characterization must be mapped.
roundcubemail-C0177,roundcubemail,program/lib/Roundcube/rcube.php,long_method_or_region,PASS,pending,NEEDS_MANUAL_ORACLE_REVIEW,No obvious web contract was extracted; existing tests or manual characterization must be mapped.
roundcubemail-C0178,roundcubemail,program/lib/Roundcube/rcube.php,long_method_or_region,PASS,pending,NEEDS_MANUAL_ORACLE_REVIEW,No obvious web contract was extracted; existing tests or manual characterization must be mapped.
roundcubemail-C0179,roundcubemail,program/lib/Roundcube/rcube.php,long_method_or_region,PASS,pending,NEEDS_MANUAL_ORACLE_REVIEW,No obvious web contract was extracted; existing tests or manual characterization must be mapped.
roundcubemail-C0180,roundcubemail,program/lib/Roundcube/rcube.php,long_method_or_region,PASS,pending,NEEDS_MANUAL_ORACLE_REVIEW,No obvious web contract was extracted; existing tests or manual characterization must be mapped.
roundcubemail-C0181,roundcubemail,program/lib/Roundcube/rcube_addressbook.php,sql_data_access,PASS,pending,NEEDS_MANUAL_ORACLE_REVIEW,No obvious web contract was extracted; existing tests or manual characterization must be mapped.
roundcubemail-C0182,roundcubemail,program/lib/Roundcube/rcube_addressbook.php,long_method_or_region,PASS,pending,NEEDS_MANUAL_ORACLE_REVIEW,No obvious web contract was extracted; existing tests or manual characterization must be mapped.
roundcubemail-C0183,roundcubemail,program/lib/Roundcube/rcube_addressbook.php,long_method_or_region,PASS,pending,NEEDS_MANUAL_ORACLE_REVIEW,No obvious web contract was extracted; existing tests or manual characterization must be mapped.
roundcubemail-C0184,roundcubemail,program/lib/Roundcube/rcube_base_replacer.php,long_method_or_region,PASS,pending,NEEDS_MANUAL_ORACLE_REVIEW,No obvious web contract was extracted; existing tests or manual characterization must be mapped.
roundcubemail-C0185,roundcubemail,program/lib/Roundcube/rcube_charset.php,long_method_or_region,PASS,pending,NEEDS_MANUAL_ORACLE_REVIEW,No obvious web contract was extracted; existing tests or manual characterization must be mapped.
roundcubemail-C0186,roundcubemail,program/lib/Roundcube/rcube_charset.php,long_method_or_region,PASS,pending,NEEDS_MANUAL_ORACLE_REVIEW,No obvious web contract was extracted; existing tests or manual characterization must be mapped.
roundcubemail-C0187,roundcubemail,program/lib/Roundcube/rcube_charset.php,long_method_or_region,PASS,pending,NEEDS_MANUAL_ORACLE_REVIEW,No obvious web contract was extracted; existing tests or manual characterization must be mapped.
roundcubemail-C0188,roundcubemail,program/lib/Roundcube/rcube_charset.php,long_method_or_region,PASS,pending,NEEDS_MANUAL_ORACLE_REVIEW,No obvious web contract was extracted; existing tests or manual characterization must be mapped.
roundcubemail-C0189,roundcubemail,program/lib/Roundcube/rcube_charset.php,long_method_or_region,PASS,pending,NEEDS_MANUAL_ORACLE_REVIEW,No obvious web contract was extracted; existing tests or manual characterization must be mapped.
roundcubemail-C0190,roundcubemail,program/lib/Roundcube/rcube_charset.php,long_method_or_region,PASS,pending,NEEDS_MANUAL_ORACLE_REVIEW,No obvious web contract was extracted; existing tests or manual characterization must be mapped.
roundcubemail-C0191,roundcubemail,program/lib/Roundcube/rcube_config.php,session_dependent_logic,PASS,pending,NEEDS_MANUAL_ORACLE_REVIEW,No obvious web contract was extracted; existing tests or manual characterization must be mapped.
roundcubemail-C0192,roundcubemail,program/lib/Roundcube/rcube_config.php,long_method_or_region,PASS,pending,NEEDS_MANUAL_ORACLE_REVIEW,No obvious web contract was extracted; existing tests or manual characterization must be mapped.
roundcubemail-C0193,roundcubemail,program/lib/Roundcube/rcube_config.php,long_method_or_region,PASS,pending,NEEDS_MANUAL_ORACLE_REVIEW,No obvious web contract was extracted; existing tests or manual characterization must be mapped.
roundcubemail-C0194,roundcubemail,program/lib/Roundcube/rcube_config.php,long_method_or_region,PASS,pending,NEEDS_MANUAL_ORACLE_REVIEW,No obvious web contract was extracted; existing tests or manual characterization must be mapped.
roundcubemail-C0195,roundcubemail,program/lib/Roundcube/rcube_config.php,long_method_or_region,PASS,pending,NEEDS_MANUAL_ORACLE_REVIEW,No obvious web contract was extracted; existing tests or manual characterization must be mapped.
roundcubemail-C0196,roundcubemail,program/lib/Roundcube/rcube_config.php,long_method_or_region,PASS,pending,NEEDS_MANUAL_ORACLE_REVIEW,No obvious web contract was extracted; existing tests or manual characterization must be mapped.
roundcubemail-C0197,roundcubemail,program/lib/Roundcube/rcube_config.php,long_method_or_region,PASS,pending,NEEDS_MANUAL_ORACLE_REVIEW,No obvious web contract was extracted; existing tests or manual characterization must be mapped.
roundcubemail-C0198,roundcubemail,program/lib/Roundcube/rcube_contacts.php,sql_data_access,PASS,pending,NEEDS_MANUAL_ORACLE_REVIEW,No obvious web contract was extracted; existing tests or manual characterization must be mapped.
roundcubemail-C0199,roundcubemail,program/lib/Roundcube/rcube_contacts.php,sql_data_access,PASS,pending,NEEDS_MANUAL_ORACLE_REVIEW,No obvious web contract was extracted; existing tests or manual characterization must be mapped.
roundcubemail-C0200,roundcubemail,program/lib/Roundcube/rcube_contacts.php,sql_data_access,PASS,pending,NEEDS_MANUAL_ORACLE_REVIEW,No obvious web contract was extracted; existing tests or manual characterization must be mapped.
roundcubemail-C0201,roundcubemail,program/lib/Roundcube/rcube_contacts.php,long_method_or_region,PASS,pending,NEEDS_MANUAL_ORACLE_REVIEW,No obvious web contract was extracted; existing tests or manual characterization must be mapped.
roundcubemail-C0202,roundcubemail,program/lib/Roundcube/rcube_contacts.php,sql_data_access,PASS,pending,NEEDS_MANUAL_ORACLE_REVIEW,No obvious web contract was extracted; existing tests or manual characterization must be mapped.
roundcubemail-C0203,roundcubemail,program/lib/Roundcube/rcube_contacts.php,sql_data_access,PASS,pending,NEEDS_MANUAL_ORACLE_REVIEW,No obvious web contract was extracted; existing tests or manual characterization must be mapped.
roundcubemail-C0204,roundcubemail,program/lib/Roundcube/rcube_contacts.php,long_method_or_region,PASS,pending,NEEDS_MANUAL_ORACLE_REVIEW,No obvious web contract was extracted; existing tests or manual characterization must be mapped.
roundcubemail-C0205,roundcubemail,program/lib/Roundcube/rcube_contacts.php,sql_data_access,PASS,pending,NEEDS_MANUAL_ORACLE_REVIEW,No obvious web contract was extracted; existing tests or manual characterization must be mapped.
roundcubemail-C0206,roundcubemail,program/lib/Roundcube/rcube_csv2vcard.php,long_method_or_region,PASS,pending,NEEDS_MANUAL_ORACLE_REVIEW,No obvious web contract was extracted; existing tests or manual characterization must be mapped.
roundcubemail-C0207,roundcubemail,program/lib/Roundcube/rcube_csv2vcard.php,long_method_or_region,PASS,pending,NEEDS_MANUAL_ORACLE_REVIEW,No obvious web contract was extracted; existing tests or manual characterization must be mapped.
roundcubemail-C0208,roundcubemail,program/lib/Roundcube/rcube_db.php,sql_data_access,PASS,pending,NEEDS_CHARACTERIZATION,Candidate has observable request/output contract but no stable oracle yet.
roundcubemail-C0209,roundcubemail,program/lib/Roundcube/rcube_db.php,sql_data_access,PASS,pending,NEEDS_MANUAL_ORACLE_REVIEW,No obvious web contract was extracted; existing tests or manual characterization must be mapped.
roundcubemail-C0210,roundcubemail,program/lib/Roundcube/rcube_db.php,long_method_or_region,PASS,pending,NEEDS_MANUAL_ORACLE_REVIEW,No obvious web contract was extracted; existing tests or manual characterization must be mapped.
roundcubemail-C0211,roundcubemail,program/lib/Roundcube/rcube_db.php,long_method_or_region,PASS,pending,NEEDS_MANUAL_ORACLE_REVIEW,No obvious web contract was extracted; existing tests or manual characterization must be mapped.
roundcubemail-C0212,roundcubemail,program/lib/Roundcube/rcube_db.php,sql_data_access,PASS,pending,NEEDS_MANUAL_ORACLE_REVIEW,No obvious web contract was extracted; existing tests or manual characterization must be mapped.
roundcubemail-C0213,roundcubemail,program/lib/Roundcube/rcube_db.php,sql_data_access,PASS,pending,NEEDS_MANUAL_ORACLE_REVIEW,No obvious web contract was extracted; existing tests or manual characterization must be mapped.
roundcubemail-C0214,roundcubemail,program/lib/Roundcube/rcube_db.php,sql_data_access,PASS,pending,NEEDS_MANUAL_ORACLE_REVIEW,No obvious web contract was extracted; existing tests or manual characterization must be mapped.
roundcubemail-C0215,roundcubemail,program/lib/Roundcube/rcube_db.php,sql_data_access,PASS,pending,NEEDS_MANUAL_ORACLE_REVIEW,No obvious web contract was extracted; existing tests or manual characterization must be mapped.
roundcubemail-C0216,roundcubemail,program/lib/Roundcube/rcube_enriched.php,mixed_php_html,PASS,pending,NEEDS_CHARACTERIZATION,Candidate has observable request/output contract but no stable oracle yet.
roundcubemail-C0217,roundcubemail,program/lib/Roundcube/rcube_html2text.php,mixed_php_html,PASS,pending,NEEDS_MANUAL_ORACLE_REVIEW,No obvious web contract was extracted; existing tests or manual characterization must be mapped.
roundcubemail-C0218,roundcubemail,program/lib/Roundcube/rcube_html2text.php,long_method_or_region,PASS,pending,NEEDS_MANUAL_ORACLE_REVIEW,No obvious web contract was extracted; existing tests or manual characterization must be mapped.
roundcubemail-C0219,roundcubemail,program/lib/Roundcube/rcube_image.php,long_method_or_region,PASS,pending,NEEDS_MANUAL_ORACLE_REVIEW,No obvious web contract was extracted; existing tests or manual characterization must be mapped.
roundcubemail-C0220,roundcubemail,program/lib/Roundcube/rcube_image.php,long_method_or_region,PASS,pending,NEEDS_MANUAL_ORACLE_REVIEW,No obvious web contract was extracted; existing tests or manual characterization must be mapped.
roundcubemail-C0221,roundcubemail,program/lib/Roundcube/rcube_imap.php,session_dependent_logic,PASS,pending,NEEDS_MANUAL_ORACLE_REVIEW,No obvious web contract was extracted; existing tests or manual characterization must be mapped.
roundcubemail-C0222,roundcubemail,program/lib/Roundcube/rcube_imap.php,long_method_or_region,PASS,pending,NEEDS_MANUAL_ORACLE_REVIEW,No obvious web contract was extracted; existing tests or manual characterization must be mapped.
roundcubemail-C0223,roundcubemail,program/lib/Roundcube/rcube_imap.php,long_method_or_region,PASS,pending,NEEDS_MANUAL_ORACLE_REVIEW,No obvious web contract was extracted; existing tests or manual characterization must be mapped.
roundcubemail-C0224,roundcubemail,program/lib/Roundcube/rcube_imap.php,session_dependent_logic,PASS,pending,NEEDS_MANUAL_ORACLE_REVIEW,No obvious web contract was extracted; existing tests or manual characterization must be mapped.
roundcubemail-C0225,roundcubemail,program/lib/Roundcube/rcube_imap.php,session_dependent_logic,PASS,pending,NEEDS_MANUAL_ORACLE_REVIEW,No obvious web contract was extracted; existing tests or manual characterization must be mapped.
roundcubemail-C0226,roundcubemail,program/lib/Roundcube/rcube_imap.php,long_method_or_region,PASS,pending,NEEDS_MANUAL_ORACLE_REVIEW,No obvious web contract was extracted; existing tests or manual characterization must be mapped.
roundcubemail-C0227,roundcubemail,program/lib/Roundcube/rcube_imap.php,long_method_or_region,PASS,pending,NEEDS_MANUAL_ORACLE_REVIEW,No obvious web contract was extracted; existing tests or manual characterization must be mapped.
roundcubemail-C0228,roundcubemail,program/lib/Roundcube/rcube_imap.php,long_method_or_region,PASS,pending,NEEDS_MANUAL_ORACLE_REVIEW,No obvious web contract was extracted; existing tests or manual characterization must be mapped.
roundcubemail-C0229,roundcubemail,program/lib/Roundcube/rcube_imap.php,long_method_or_region,PASS,pending,NEEDS_MANUAL_ORACLE_REVIEW,No obvious web contract was extracted; existing tests or manual characterization must be mapped.
roundcubemail-C0230,roundcubemail,program/lib/Roundcube/rcube_imap.php,long_method_or_region,PASS,pending,NEEDS_MANUAL_ORACLE_REVIEW,No obvious web contract was extracted; existing tests or manual characterization must be mapped.
roundcubemail-C0231,roundcubemail,program/lib/Roundcube/rcube_imap.php,long_method_or_region,PASS,pending,NEEDS_MANUAL_ORACLE_REVIEW,No obvious web contract was extracted; existing tests or manual characterization must be mapped.
roundcubemail-C0232,roundcubemail,program/lib/Roundcube/rcube_imap.php,long_method_or_region,PASS,pending,NEEDS_MANUAL_ORACLE_REVIEW,No obvious web contract was extracted; existing tests or manual characterization must be mapped.
roundcubemail-C0233,roundcubemail,program/lib/Roundcube/rcube_imap.php,long_method_or_region,PASS,pending,NEEDS_MANUAL_ORACLE_REVIEW,No obvious web contract was extracted; existing tests or manual characterization must be mapped.
roundcubemail-C0234,roundcubemail,program/lib/Roundcube/rcube_imap.php,long_method_or_region,PASS,pending,NEEDS_MANUAL_ORACLE_REVIEW,No obvious web contract was extracted; existing tests or manual characterization must be mapped.
roundcubemail-C0235,roundcubemail,program/lib/Roundcube/rcube_imap.php,long_method_or_region,PASS,pending,NEEDS_MANUAL_ORACLE_REVIEW,No obvious web contract was extracted; existing tests or manual characterization must be mapped.
roundcubemail-C0236,roundcubemail,program/lib/Roundcube/rcube_imap.php,long_method_or_region,PASS,pending,NEEDS_MANUAL_ORACLE_REVIEW,No obvious web contract was extracted; existing tests or manual characterization must be mapped.
roundcubemail-C0237,roundcubemail,program/lib/Roundcube/rcube_imap.php,long_method_or_region,PASS,pending,NEEDS_MANUAL_ORACLE_REVIEW,No obvious web contract was extracted; existing tests or manual characterization must be mapped.
roundcubemail-C0238,roundcubemail,program/lib/Roundcube/rcube_imap.php,long_method_or_region,PASS,pending,NEEDS_MANUAL_ORACLE_REVIEW,No obvious web contract was extracted; existing tests or manual characterization must be mapped.
roundcubemail-C0239,roundcubemail,program/lib/Roundcube/rcube_imap.php,long_method_or_region,PASS,pending,NEEDS_MANUAL_ORACLE_REVIEW,No obvious web contract was extracted; existing tests or manual characterization must be mapped.
roundcubemail-C0240,roundcubemail,program/lib/Roundcube/rcube_imap.php,long_method_or_region,PASS,pending,NEEDS_MANUAL_ORACLE_REVIEW,No obvious web contract was extracted; existing tests or manual characterization must be mapped.
roundcubemail-C0241,roundcubemail,program/lib/Roundcube/rcube_imap.php,long_method_or_region,PASS,pending,NEEDS_MANUAL_ORACLE_REVIEW,No obvious web contract was extracted; existing tests or manual characterization must be mapped.
roundcubemail-C0242,roundcubemail,program/lib/Roundcube/rcube_imap.php,long_method_or_region,PASS,pending,NEEDS_MANUAL_ORACLE_REVIEW,No obvious web contract was extracted; existing tests or manual characterization must be mapped.
roundcubemail-C0243,roundcubemail,program/lib/Roundcube/rcube_imap.php,long_method_or_region,PASS,pending,NEEDS_MANUAL_ORACLE_REVIEW,No obvious web contract was extracted; existing tests or manual characterization must be mapped.
roundcubemail-C0244,roundcubemail,program/lib/Roundcube/rcube_imap.php,long_method_or_region,PASS,pending,NEEDS_MANUAL_ORACLE_REVIEW,No obvious web contract was extracted; existing tests or manual characterization must be mapped.
roundcubemail-C0245,roundcubemail,program/lib/Roundcube/rcube_imap.php,long_method_or_region,PASS,pending,NEEDS_MANUAL_ORACLE_REVIEW,No obvious web contract was extracted; existing tests or manual characterization must be mapped.
roundcubemail-C0246,roundcubemail,program/lib/Roundcube/rcube_imap.php,long_method_or_region,PASS,pending,NEEDS_MANUAL_ORACLE_REVIEW,No obvious web contract was extracted; existing tests or manual characterization must be mapped.
roundcubemail-C0247,roundcubemail,program/lib/Roundcube/rcube_imap_cache.php,sql_data_access,PASS,pending,NEEDS_MANUAL_ORACLE_REVIEW,No obvious web contract was extracted; existing tests or manual characterization must be mapped.
roundcubemail-C0248,roundcubemail,program/lib/Roundcube/rcube_imap_cache.php,long_method_or_region,PASS,pending,NEEDS_MANUAL_ORACLE_REVIEW,No obvious web contract was extracted; existing tests or manual characterization must be mapped.
roundcubemail-C0249,roundcubemail,program/lib/Roundcube/rcube_imap_cache.php,long_method_or_region,PASS,pending,NEEDS_MANUAL_ORACLE_REVIEW,No obvious web contract was extracted; existing tests or manual characterization must be mapped.
roundcubemail-C0250,roundcubemail,program/lib/Roundcube/rcube_imap_cache.php,sql_data_access,PASS,pending,NEEDS_MANUAL_ORACLE_REVIEW,No obvious web contract was extracted; existing tests or manual characterization must be mapped.
roundcubemail-C0251,roundcubemail,program/lib/Roundcube/rcube_imap_cache.php,sql_data_access,PASS,pending,NEEDS_MANUAL_ORACLE_REVIEW,No obvious web contract was extracted; existing tests or manual characterization must be mapped.
roundcubemail-C0252,roundcubemail,program/lib/Roundcube/rcube_imap_cache.php,sql_data_access,PASS,pending,NEEDS_MANUAL_ORACLE_REVIEW,No obvious web contract was extracted; existing tests or manual characterization must be mapped.
roundcubemail-C0253,roundcubemail,program/lib/Roundcube/rcube_imap_cache.php,long_method_or_region,PASS,pending,NEEDS_MANUAL_ORACLE_REVIEW,No obvious web contract was extracted; existing tests or manual characterization must be mapped.
roundcubemail-C0254,roundcubemail,program/lib/Roundcube/rcube_imap_cache.php,sql_data_access,PASS,pending,NEEDS_MANUAL_ORACLE_REVIEW,No obvious web contract was extracted; existing tests or manual characterization must be mapped.
roundcubemail-C0255,roundcubemail,program/lib/Roundcube/rcube_imap_cache.php,sql_data_access,PASS,pending,NEEDS_MANUAL_ORACLE_REVIEW,No obvious web contract was extracted; existing tests or manual characterization must be mapped.
roundcubemail-C0256,roundcubemail,program/lib/Roundcube/rcube_imap_cache.php,sql_data_access,PASS,pending,NEEDS_MANUAL_ORACLE_REVIEW,No obvious web contract was extracted; existing tests or manual characterization must be mapped.
roundcubemail-C0257,roundcubemail,program/lib/Roundcube/rcube_imap_cache.php,sql_data_access,PASS,pending,NEEDS_MANUAL_ORACLE_REVIEW,No obvious web contract was extracted; existing tests or manual characterization must be mapped.
roundcubemail-C0258,roundcubemail,program/lib/Roundcube/rcube_imap_cache.php,long_method_or_region,PASS,pending,NEEDS_MANUAL_ORACLE_REVIEW,No obvious web contract was extracted; existing tests or manual characterization must be mapped.
roundcubemail-C0259,roundcubemail,program/lib/Roundcube/rcube_imap_cache.php,sql_data_access,PASS,pending,NEEDS_MANUAL_ORACLE_REVIEW,No obvious web contract was extracted; existing tests or manual characterization must be mapped.
roundcubemail-C0260,roundcubemail,program/lib/Roundcube/rcube_imap_generic.php,sql_data_access,PASS,pending,NEEDS_MANUAL_ORACLE_REVIEW,No obvious web contract was extracted; existing tests or manual characterization must be mapped.
roundcubemail-C0261,roundcubemail,program/lib/Roundcube/rcube_imap_generic.php,long_method_or_region,PASS,pending,NEEDS_MANUAL_ORACLE_REVIEW,No obvious web contract was extracted; existing tests or manual characterization must be mapped.
roundcubemail-C0262,roundcubemail,program/lib/Roundcube/rcube_imap_generic.php,long_method_or_region,PASS,pending,NEEDS_MANUAL_ORACLE_REVIEW,No obvious web contract was extracted; existing tests or manual characterization must be mapped.
roundcubemail-C0263,roundcubemail,program/lib/Roundcube/rcube_imap_generic.php,long_method_or_region,PASS,pending,NEEDS_MANUAL_ORACLE_REVIEW,No obvious web contract was extracted; existing tests or manual characterization must be mapped.
roundcubemail-C0264,roundcubemail,program/lib/Roundcube/rcube_imap_generic.php,long_method_or_region,PASS,pending,NEEDS_MANUAL_ORACLE_REVIEW,No obvious web contract was extracted; existing tests or manual characterization must be mapped.
roundcubemail-C0265,roundcubemail,program/lib/Roundcube/rcube_imap_generic.php,long_method_or_region,PASS,pending,NEEDS_MANUAL_ORACLE_REVIEW,No obvious web contract was extracted; existing tests or manual characterization must be mapped.
roundcubemail-C0266,roundcubemail,program/lib/Roundcube/rcube_imap_generic.php,long_method_or_region,PASS,pending,NEEDS_MANUAL_ORACLE_REVIEW,No obvious web contract was extracted; existing tests or manual characterization must be mapped.
roundcubemail-C0267,roundcubemail,program/lib/Roundcube/rcube_imap_generic.php,long_method_or_region,PASS,pending,NEEDS_MANUAL_ORACLE_REVIEW,No obvious web contract was extracted; existing tests or manual characterization must be mapped.
roundcubemail-C0268,roundcubemail,program/lib/Roundcube/rcube_imap_generic.php,long_method_or_region,PASS,pending,NEEDS_MANUAL_ORACLE_REVIEW,No obvious web contract was extracted; existing tests or manual characterization must be mapped.
roundcubemail-C0269,roundcubemail,program/lib/Roundcube/rcube_imap_generic.php,long_method_or_region,PASS,pending,NEEDS_MANUAL_ORACLE_REVIEW,No obvious web contract was extracted; existing tests or manual characterization must be mapped.
roundcubemail-C0270,roundcubemail,program/lib/Roundcube/rcube_imap_generic.php,sql_data_access,PASS,pending,NEEDS_MANUAL_ORACLE_REVIEW,No obvious web contract was extracted; existing tests or manual characterization must be mapped.
roundcubemail-C0271,roundcubemail,program/lib/Roundcube/rcube_imap_generic.php,long_method_or_region,PASS,pending,NEEDS_MANUAL_ORACLE_REVIEW,No obvious web contract was extracted; existing tests or manual characterization must be mapped.
roundcubemail-C0272,roundcubemail,program/lib/Roundcube/rcube_imap_generic.php,long_method_or_region,PASS,pending,NEEDS_MANUAL_ORACLE_REVIEW,No obvious web contract was extracted; existing tests or manual characterization must be mapped.
roundcubemail-C0273,roundcubemail,program/lib/Roundcube/rcube_imap_generic.php,long_method_or_region,PASS,pending,NEEDS_MANUAL_ORACLE_REVIEW,No obvious web contract was extracted; existing tests or manual characterization must be mapped.
roundcubemail-C0274,roundcubemail,program/lib/Roundcube/rcube_imap_generic.php,long_method_or_region,PASS,pending,NEEDS_MANUAL_ORACLE_REVIEW,No obvious web contract was extracted; existing tests or manual characterization must be mapped.
roundcubemail-C0275,roundcubemail,program/lib/Roundcube/rcube_imap_generic.php,long_method_or_region,PASS,pending,NEEDS_MANUAL_ORACLE_REVIEW,No obvious web contract was extracted; existing tests or manual characterization must be mapped.
roundcubemail-C0276,roundcubemail,program/lib/Roundcube/rcube_imap_generic.php,long_method_or_region,PASS,pending,NEEDS_MANUAL_ORACLE_REVIEW,No obvious web contract was extracted; existing tests or manual characterization must be mapped.
roundcubemail-C0277,roundcubemail,program/lib/Roundcube/rcube_imap_generic.php,long_method_or_region,PASS,pending,NEEDS_MANUAL_ORACLE_REVIEW,No obvious web contract was extracted; existing tests or manual characterization must be mapped.
roundcubemail-C0278,roundcubemail,program/lib/Roundcube/rcube_imap_generic.php,long_method_or_region,PASS,pending,NEEDS_MANUAL_ORACLE_REVIEW,No obvious web contract was extracted; existing tests or manual characterization must be mapped.
roundcubemail-C0279,roundcubemail,program/lib/Roundcube/rcube_imap_generic.php,long_method_or_region,PASS,pending,NEEDS_MANUAL_ORACLE_REVIEW,No obvious web contract was extracted; existing tests or manual characterization must be mapped.
roundcubemail-C0280,roundcubemail,program/lib/Roundcube/rcube_imap_generic.php,long_method_or_region,PASS,pending,NEEDS_MANUAL_ORACLE_REVIEW,No obvious web contract was extracted; existing tests or manual characterization must be mapped.
roundcubemail-C0281,roundcubemail,program/lib/Roundcube/rcube_imap_generic.php,long_method_or_region,PASS,pending,NEEDS_MANUAL_ORACLE_REVIEW,No obvious web contract was extracted; existing tests or manual characterization must be mapped.
roundcubemail-C0282,roundcubemail,program/lib/Roundcube/rcube_imap_search.php,long_method_or_region,PASS,pending,NEEDS_MANUAL_ORACLE_REVIEW,No obvious web contract was extracted; existing tests or manual characterization must be mapped.
roundcubemail-C0283,roundcubemail,program/lib/Roundcube/rcube_imap_search.php,long_method_or_region,PASS,pending,NEEDS_MANUAL_ORACLE_REVIEW,No obvious web contract was extracted; existing tests or manual characterization must be mapped.
roundcubemail-C0284,roundcubemail,program/lib/Roundcube/rcube_ldap.php,sql_data_access,PASS,pending,NEEDS_CHARACTERIZATION,Candidate has observable request/output contract but no stable oracle yet.
roundcubemail-C0285,roundcubemail,program/lib/Roundcube/rcube_ldap.php,long_method_or_region,PASS,pending,NEEDS_MANUAL_ORACLE_REVIEW,No obvious web contract was extracted; existing tests or manual characterization must be mapped.
roundcubemail-C0286,roundcubemail,program/lib/Roundcube/rcube_ldap.php,long_method_or_region,PASS,pending,NEEDS_MANUAL_ORACLE_REVIEW,No obvious web contract was extracted; existing tests or manual characterization must be mapped.
roundcubemail-C0287,roundcubemail,program/lib/Roundcube/rcube_ldap.php,long_method_or_region,PASS,pending,NEEDS_MANUAL_ORACLE_REVIEW,No obvious web contract was extracted; existing tests or manual characterization must be mapped.
roundcubemail-C0288,roundcubemail,program/lib/Roundcube/rcube_ldap.php,long_method_or_region,PASS,pending,NEEDS_MANUAL_ORACLE_REVIEW,No obvious web contract was extracted; existing tests or manual characterization must be mapped.
roundcubemail-C0289,roundcubemail,program/lib/Roundcube/rcube_ldap.php,long_method_or_region,PASS,pending,NEEDS_MANUAL_ORACLE_REVIEW,No obvious web contract was extracted; existing tests or manual characterization must be mapped.
roundcubemail-C0290,roundcubemail,program/lib/Roundcube/rcube_ldap.php,long_method_or_region,PASS,pending,NEEDS_MANUAL_ORACLE_REVIEW,No obvious web contract was extracted; existing tests or manual characterization must be mapped.
roundcubemail-C0291,roundcubemail,program/lib/Roundcube/rcube_ldap.php,long_method_or_region,PASS,pending,NEEDS_MANUAL_ORACLE_REVIEW,No obvious web contract was extracted; existing tests or manual characterization must be mapped.
roundcubemail-C0292,roundcubemail,program/lib/Roundcube/rcube_ldap.php,long_method_or_region,PASS,pending,NEEDS_MANUAL_ORACLE_REVIEW,No obvious web contract was extracted; existing tests or manual characterization must be mapped.
roundcubemail-C0293,roundcubemail,program/lib/Roundcube/rcube_ldap.php,sql_data_access,PASS,pending,NEEDS_MANUAL_ORACLE_REVIEW,No obvious web contract was extracted; existing tests or manual characterization must be mapped.
roundcubemail-C0294,roundcubemail,program/lib/Roundcube/rcube_ldap.php,long_method_or_region,PASS,pending,NEEDS_MANUAL_ORACLE_REVIEW,No obvious web contract was extracted; existing tests or manual characterization must be mapped.
roundcubemail-C0295,roundcubemail,program/lib/Roundcube/rcube_ldap.php,long_method_or_region,PASS,pending,NEEDS_MANUAL_ORACLE_REVIEW,No obvious web contract was extracted; existing tests or manual characterization must be mapped.
roundcubemail-C0296,roundcubemail,program/lib/Roundcube/rcube_ldap.php,long_method_or_region,PASS,pending,NEEDS_MANUAL_ORACLE_REVIEW,No obvious web contract was extracted; existing tests or manual characterization must be mapped.
roundcubemail-C0297,roundcubemail,program/lib/Roundcube/rcube_ldap.php,long_method_or_region,PASS,pending,NEEDS_MANUAL_ORACLE_REVIEW,No obvious web contract was extracted; existing tests or manual characterization must be mapped.
roundcubemail-C0298,roundcubemail,program/lib/Roundcube/rcube_ldap.php,long_method_or_region,PASS,pending,NEEDS_CHARACTERIZATION,Candidate has observable request/output contract but no stable oracle yet.
roundcubemail-C0299,roundcubemail,program/lib/Roundcube/rcube_ldap_generic.php,long_method_or_region,PASS,pending,NEEDS_MANUAL_ORACLE_REVIEW,No obvious web contract was extracted; existing tests or manual characterization must be mapped.
roundcubemail-C0300,roundcubemail,program/lib/Roundcube/rcube_message.php,session_dependent_logic,PASS,pending,NEEDS_MANUAL_ORACLE_REVIEW,No obvious web contract was extracted; existing tests or manual characterization must be mapped.
roundcubemail-C0301,roundcubemail,program/lib/Roundcube/rcube_message.php,session_dependent_logic,PASS,pending,NEEDS_MANUAL_ORACLE_REVIEW,No obvious web contract was extracted; existing tests or manual characterization must be mapped.
roundcubemail-C0302,roundcubemail,program/lib/Roundcube/rcube_message.php,long_method_or_region,PASS,pending,NEEDS_MANUAL_ORACLE_REVIEW,No obvious web contract was extracted; existing tests or manual characterization must be mapped.
roundcubemail-C0303,roundcubemail,program/lib/Roundcube/rcube_message.php,long_method_or_region,PASS,pending,NEEDS_MANUAL_ORACLE_REVIEW,No obvious web contract was extracted; existing tests or manual characterization must be mapped.
roundcubemail-C0304,roundcubemail,program/lib/Roundcube/rcube_message.php,long_method_or_region,PASS,pending,NEEDS_MANUAL_ORACLE_REVIEW,No obvious web contract was extracted; existing tests or manual characterization must be mapped.
roundcubemail-C0305,roundcubemail,program/lib/Roundcube/rcube_message.php,long_method_or_region,PASS,pending,NEEDS_MANUAL_ORACLE_REVIEW,No obvious web contract was extracted; existing tests or manual characterization must be mapped.
roundcubemail-C0306,roundcubemail,program/lib/Roundcube/rcube_message.php,long_method_or_region,PASS,pending,NEEDS_MANUAL_ORACLE_REVIEW,No obvious web contract was extracted; existing tests or manual characterization must be mapped.
roundcubemail-C0307,roundcubemail,program/lib/Roundcube/rcube_message.php,long_method_or_region,PASS,pending,NEEDS_MANUAL_ORACLE_REVIEW,No obvious web contract was extracted; existing tests or manual characterization must be mapped.
roundcubemail-C0308,roundcubemail,program/lib/Roundcube/rcube_mime.php,long_method_or_region,PASS,pending,NEEDS_MANUAL_ORACLE_REVIEW,No obvious web contract was extracted; existing tests or manual characterization must be mapped.
roundcubemail-C0309,roundcubemail,program/lib/Roundcube/rcube_mime.php,long_method_or_region,PASS,pending,NEEDS_MANUAL_ORACLE_REVIEW,No obvious web contract was extracted; existing tests or manual characterization must be mapped.
roundcubemail-C0310,roundcubemail,program/lib/Roundcube/rcube_mime.php,long_method_or_region,PASS,pending,NEEDS_MANUAL_ORACLE_REVIEW,No obvious web contract was extracted; existing tests or manual characterization must be mapped.
roundcubemail-C0311,roundcubemail,program/lib/Roundcube/rcube_mime.php,long_method_or_region,PASS,pending,NEEDS_MANUAL_ORACLE_REVIEW,No obvious web contract was extracted; existing tests or manual characterization must be mapped.
roundcubemail-C0312,roundcubemail,program/lib/Roundcube/rcube_mime.php,long_method_or_region,PASS,pending,NEEDS_MANUAL_ORACLE_REVIEW,No obvious web contract was extracted; existing tests or manual characterization must be mapped.
roundcubemail-C0313,roundcubemail,program/lib/Roundcube/rcube_mime.php,long_method_or_region,PASS,pending,NEEDS_MANUAL_ORACLE_REVIEW,No obvious web contract was extracted; existing tests or manual characterization must be mapped.
roundcubemail-C0314,roundcubemail,program/lib/Roundcube/rcube_mime.php,long_method_or_region,PASS,pending,NEEDS_MANUAL_ORACLE_REVIEW,No obvious web contract was extracted; existing tests or manual characterization must be mapped.
roundcubemail-C0315,roundcubemail,program/lib/Roundcube/rcube_mime.php,long_method_or_region,PASS,pending,NEEDS_MANUAL_ORACLE_REVIEW,No obvious web contract was extracted; existing tests or manual characterization must be mapped.
roundcubemail-C0316,roundcubemail,program/lib/Roundcube/rcube_mime_decode.php,long_method_or_region,PASS,pending,NEEDS_MANUAL_ORACLE_REVIEW,No obvious web contract was extracted; existing tests or manual characterization must be mapped.
roundcubemail-C0317,roundcubemail,program/lib/Roundcube/rcube_output.php,form_handling,PASS,pending,NEEDS_MANUAL_ORACLE_REVIEW,No obvious web contract was extracted; existing tests or manual characterization must be mapped.
roundcubemail-C0318,roundcubemail,program/lib/Roundcube/rcube_output.php,long_method_or_region,PASS,pending,NEEDS_MANUAL_ORACLE_REVIEW,No obvious web contract was extracted; existing tests or manual characterization must be mapped.
roundcubemail-C0319,roundcubemail,program/lib/Roundcube/rcube_output.php,long_method_or_region,PASS,pending,NEEDS_MANUAL_ORACLE_REVIEW,No obvious web contract was extracted; existing tests or manual characterization must be mapped.
roundcubemail-C0320,roundcubemail,program/lib/Roundcube/rcube_plugin.php,session_dependent_logic,PASS,pending,NEEDS_MANUAL_ORACLE_REVIEW,No obvious web contract was extracted; existing tests or manual characterization must be mapped.
roundcubemail-C0321,roundcubemail,program/lib/Roundcube/rcube_plugin_api.php,long_method_or_region,PASS,pending,NEEDS_CHARACTERIZATION,Candidate has observable request/output contract but no stable oracle yet.
roundcubemail-C0322,roundcubemail,program/lib/Roundcube/rcube_plugin_api.php,long_method_or_region,PASS,pending,NEEDS_MANUAL_ORACLE_REVIEW,No obvious web contract was extracted; existing tests or manual characterization must be mapped.
roundcubemail-C0323,roundcubemail,program/lib/Roundcube/rcube_plugin_api.php,long_method_or_region,PASS,pending,NEEDS_MANUAL_ORACLE_REVIEW,No obvious web contract was extracted; existing tests or manual characterization must be mapped.
roundcubemail-C0324,roundcubemail,program/lib/Roundcube/rcube_plugin_api.php,long_method_or_region,PASS,pending,NEEDS_MANUAL_ORACLE_REVIEW,No obvious web contract was extracted; existing tests or manual characterization must be mapped.
roundcubemail-C0325,roundcubemail,program/lib/Roundcube/rcube_plugin_api.php,long_method_or_region,PASS,pending,NEEDS_MANUAL_ORACLE_REVIEW,No obvious web contract was extracted; existing tests or manual characterization must be mapped.
roundcubemail-C0326,roundcubemail,program/lib/Roundcube/rcube_result_index.php,long_method_or_region,PASS,pending,NEEDS_MANUAL_ORACLE_REVIEW,No obvious web contract was extracted; existing tests or manual characterization must be mapped.
roundcubemail-C0327,roundcubemail,program/lib/Roundcube/rcube_result_index.php,long_method_or_region,PASS,pending,NEEDS_MANUAL_ORACLE_REVIEW,No obvious web contract was extracted; existing tests or manual characterization must be mapped.
roundcubemail-C0328,roundcubemail,program/lib/Roundcube/rcube_result_thread.php,long_method_or_region,PASS,pending,NEEDS_MANUAL_ORACLE_REVIEW,No obvious web contract was extracted; existing tests or manual characterization must be mapped.
roundcubemail-C0329,roundcubemail,program/lib/Roundcube/rcube_result_thread.php,long_method_or_region,PASS,pending,NEEDS_MANUAL_ORACLE_REVIEW,No obvious web contract was extracted; existing tests or manual characterization must be mapped.
roundcubemail-C0330,roundcubemail,program/lib/Roundcube/rcube_session.php,session_dependent_logic,PASS,pending,NEEDS_CHARACTERIZATION,Candidate has observable request/output contract but no stable oracle yet.
roundcubemail-C0331,roundcubemail,program/lib/Roundcube/rcube_session.php,session_dependent_logic,PASS,pending,NEEDS_MANUAL_ORACLE_REVIEW,No obvious web contract was extracted; existing tests or manual characterization must be mapped.
roundcubemail-C0332,roundcubemail,program/lib/Roundcube/rcube_session.php,long_method_or_region,PASS,pending,NEEDS_MANUAL_ORACLE_REVIEW,No obvious web contract was extracted; existing tests or manual characterization must be mapped.
roundcubemail-C0333,roundcubemail,program/lib/Roundcube/rcube_session.php,long_method_or_region,PASS,pending,NEEDS_MANUAL_ORACLE_REVIEW,No obvious web contract was extracted; existing tests or manual characterization must be mapped.
roundcubemail-C0334,roundcubemail,program/lib/Roundcube/rcube_smtp.php,long_method_or_region,PASS,pending,NEEDS_MANUAL_ORACLE_REVIEW,No obvious web contract was extracted; existing tests or manual characterization must be mapped.
roundcubemail-C0335,roundcubemail,program/lib/Roundcube/rcube_smtp.php,long_method_or_region,PASS,pending,NEEDS_MANUAL_ORACLE_REVIEW,No obvious web contract was extracted; existing tests or manual characterization must be mapped.
roundcubemail-C0336,roundcubemail,program/lib/Roundcube/rcube_spellchecker.php,sql_data_access,PASS,pending,NEEDS_MANUAL_ORACLE_REVIEW,No obvious web contract was extracted; existing tests or manual characterization must be mapped.
roundcubemail-C0337,roundcubemail,program/lib/Roundcube/rcube_spellchecker.php,long_method_or_region,PASS,pending,NEEDS_MANUAL_ORACLE_REVIEW,No obvious web contract was extracted; existing tests or manual characterization must be mapped.
roundcubemail-C0338,roundcubemail,program/lib/Roundcube/rcube_spellchecker.php,sql_data_access,PASS,pending,NEEDS_MANUAL_ORACLE_REVIEW,No obvious web contract was extracted; existing tests or manual characterization must be mapped.
roundcubemail-C0339,roundcubemail,program/lib/Roundcube/rcube_spellchecker.php,sql_data_access,PASS,pending,NEEDS_MANUAL_ORACLE_REVIEW,No obvious web contract was extracted; existing tests or manual characterization must be mapped.
roundcubemail-C0340,roundcubemail,program/lib/Roundcube/rcube_string_replacer.php,long_method_or_region,PASS,pending,NEEDS_MANUAL_ORACLE_REVIEW,No obvious web contract was extracted; existing tests or manual characterization must be mapped.
roundcubemail-C0341,roundcubemail,program/lib/Roundcube/rcube_string_replacer.php,long_method_or_region,PASS,pending,NEEDS_MANUAL_ORACLE_REVIEW,No obvious web contract was extracted; existing tests or manual characterization must be mapped.
roundcubemail-C0342,roundcubemail,program/lib/Roundcube/rcube_text2html.php,mixed_php_html,PASS,pending,NEEDS_CHARACTERIZATION,Candidate has observable request/output contract but no stable oracle yet.
roundcubemail-C0343,roundcubemail,program/lib/Roundcube/rcube_text2html.php,long_method_or_region,PASS,pending,NEEDS_CHARACTERIZATION,Candidate has observable request/output contract but no stable oracle yet.
roundcubemail-C0344,roundcubemail,program/lib/Roundcube/rcube_tnef_decoder.php,long_method_or_region,PASS,pending,NEEDS_MANUAL_ORACLE_REVIEW,No obvious web contract was extracted; existing tests or manual characterization must be mapped.
roundcubemail-C0345,roundcubemail,program/lib/Roundcube/rcube_tnef_decoder.php,long_method_or_region,PASS,pending,NEEDS_MANUAL_ORACLE_REVIEW,No obvious web contract was extracted; existing tests or manual characterization must be mapped.
roundcubemail-C0346,roundcubemail,program/lib/Roundcube/rcube_user.php,session_dependent_logic,PASS,pending,NEEDS_MANUAL_ORACLE_REVIEW,No obvious web contract was extracted; existing tests or manual characterization must be mapped.
roundcubemail-C0347,roundcubemail,program/lib/Roundcube/rcube_user.php,session_dependent_logic,PASS,pending,NEEDS_MANUAL_ORACLE_REVIEW,No obvious web contract was extracted; existing tests or manual characterization must be mapped.
roundcubemail-C0348,roundcubemail,program/lib/Roundcube/rcube_user.php,session_dependent_logic,PASS,pending,NEEDS_MANUAL_ORACLE_REVIEW,No obvious web contract was extracted; existing tests or manual characterization must be mapped.
roundcubemail-C0349,roundcubemail,program/lib/Roundcube/rcube_user.php,sql_data_access,PASS,pending,NEEDS_MANUAL_ORACLE_REVIEW,No obvious web contract was extracted; existing tests or manual characterization must be mapped.
roundcubemail-C0350,roundcubemail,program/lib/Roundcube/rcube_user.php,session_dependent_logic,PASS,pending,NEEDS_MANUAL_ORACLE_REVIEW,No obvious web contract was extracted; existing tests or manual characterization must be mapped.
roundcubemail-C0351,roundcubemail,program/lib/Roundcube/rcube_utils.php,form_handling,PASS,pending,NEEDS_MANUAL_ORACLE_REVIEW,No obvious web contract was extracted; existing tests or manual characterization must be mapped.
roundcubemail-C0352,roundcubemail,program/lib/Roundcube/rcube_utils.php,long_method_or_region,PASS,pending,NEEDS_MANUAL_ORACLE_REVIEW,No obvious web contract was extracted; existing tests or manual characterization must be mapped.
roundcubemail-C0353,roundcubemail,program/lib/Roundcube/rcube_utils.php,long_method_or_region,PASS,pending,NEEDS_MANUAL_ORACLE_REVIEW,No obvious web contract was extracted; existing tests or manual characterization must be mapped.
roundcubemail-C0354,roundcubemail,program/lib/Roundcube/rcube_utils.php,long_method_or_region,PASS,pending,NEEDS_MANUAL_ORACLE_REVIEW,No obvious web contract was extracted; existing tests or manual characterization must be mapped.
roundcubemail-C0355,roundcubemail,program/lib/Roundcube/rcube_utils.php,session_dependent_logic,PASS,pending,NEEDS_MANUAL_ORACLE_REVIEW,No obvious web contract was extracted; existing tests or manual characterization must be mapped.
roundcubemail-C0356,roundcubemail,program/lib/Roundcube/rcube_utils.php,long_method_or_region,PASS,pending,NEEDS_MANUAL_ORACLE_REVIEW,No obvious web contract was extracted; existing tests or manual characterization must be mapped.
roundcubemail-C0357,roundcubemail,program/lib/Roundcube/rcube_utils.php,long_method_or_region,PASS,pending,NEEDS_MANUAL_ORACLE_REVIEW,No obvious web contract was extracted; existing tests or manual characterization must be mapped.
roundcubemail-C0358,roundcubemail,program/lib/Roundcube/rcube_utils.php,long_method_or_region,PASS,pending,NEEDS_MANUAL_ORACLE_REVIEW,No obvious web contract was extracted; existing tests or manual characterization must be mapped.
roundcubemail-C0359,roundcubemail,program/lib/Roundcube/rcube_utils.php,long_method_or_region,PASS,pending,NEEDS_MANUAL_ORACLE_REVIEW,No obvious web contract was extracted; existing tests or manual characterization must be mapped.
roundcubemail-C0360,roundcubemail,program/lib/Roundcube/rcube_utils.php,long_method_or_region,PASS,pending,NEEDS_MANUAL_ORACLE_REVIEW,No obvious web contract was extracted; existing tests or manual characterization must be mapped.
roundcubemail-C0361,roundcubemail,program/lib/Roundcube/rcube_utils.php,long_method_or_region,PASS,pending,NEEDS_MANUAL_ORACLE_REVIEW,No obvious web contract was extracted; existing tests or manual characterization must be mapped.
roundcubemail-C0362,roundcubemail,program/lib/Roundcube/rcube_vcard.php,long_method_or_region,PASS,pending,NEEDS_MANUAL_ORACLE_REVIEW,No obvious web contract was extracted; existing tests or manual characterization must be mapped.
roundcubemail-C0363,roundcubemail,program/lib/Roundcube/rcube_vcard.php,long_method_or_region,PASS,pending,NEEDS_MANUAL_ORACLE_REVIEW,No obvious web contract was extracted; existing tests or manual characterization must be mapped.
roundcubemail-C0364,roundcubemail,program/lib/Roundcube/rcube_vcard.php,long_method_or_region,PASS,pending,NEEDS_MANUAL_ORACLE_REVIEW,No obvious web contract was extracted; existing tests or manual characterization must be mapped.
roundcubemail-C0365,roundcubemail,program/lib/Roundcube/rcube_vcard.php,long_method_or_region,PASS,pending,NEEDS_MANUAL_ORACLE_REVIEW,No obvious web contract was extracted; existing tests or manual characterization must be mapped.
roundcubemail-C0366,roundcubemail,program/lib/Roundcube/rcube_vcard.php,long_method_or_region,PASS,pending,NEEDS_MANUAL_ORACLE_REVIEW,No obvious web contract was extracted; existing tests or manual characterization must be mapped.
roundcubemail-C0367,roundcubemail,program/lib/Roundcube/rcube_vcard.php,long_method_or_region,PASS,pending,NEEDS_MANUAL_ORACLE_REVIEW,No obvious web contract was extracted; existing tests or manual characterization must be mapped.
roundcubemail-C0368,roundcubemail,program/lib/Roundcube/rcube_washtml.php,mixed_php_html,PASS,pending,NEEDS_MANUAL_ORACLE_REVIEW,No obvious web contract was extracted; existing tests or manual characterization must be mapped.
roundcubemail-C0369,roundcubemail,program/lib/Roundcube/rcube_washtml.php,long_method_or_region,PASS,pending,NEEDS_MANUAL_ORACLE_REVIEW,No obvious web contract was extracted; existing tests or manual characterization must be mapped.
roundcubemail-C0370,roundcubemail,program/lib/Roundcube/rcube_washtml.php,long_method_or_region,PASS,pending,NEEDS_MANUAL_ORACLE_REVIEW,No obvious web contract was extracted; existing tests or manual characterization must be mapped.
roundcubemail-C0371,roundcubemail,program/lib/Roundcube/rcube_washtml.php,long_method_or_region,PASS,pending,NEEDS_MANUAL_ORACLE_REVIEW,No obvious web contract was extracted; existing tests or manual characterization must be mapped.
roundcubemail-C0372,roundcubemail,program/lib/Roundcube/rcube_washtml.php,long_method_or_region,PASS,pending,NEEDS_MANUAL_ORACLE_REVIEW,No obvious web contract was extracted; existing tests or manual characterization must be mapped.
roundcubemail-C0373,roundcubemail,program/lib/Roundcube/rcube_washtml.php,long_method_or_region,PASS,pending,NEEDS_MANUAL_ORACLE_REVIEW,No obvious web contract was extracted; existing tests or manual characterization must be mapped.
roundcubemail-C0374,roundcubemail,program/lib/Roundcube/db/mssql.php,sql_data_access,PASS,pending,NEEDS_MANUAL_ORACLE_REVIEW,No obvious web contract was extracted; existing tests or manual characterization must be mapped.
roundcubemail-C0375,roundcubemail,program/lib/Roundcube/db/mysql.php,sql_data_access,PASS,pending,NEEDS_MANUAL_ORACLE_REVIEW,No obvious web contract was extracted; existing tests or manual characterization must be mapped.
roundcubemail-C0376,roundcubemail,program/lib/Roundcube/db/mysql.php,sql_data_access,PASS,pending,NEEDS_MANUAL_ORACLE_REVIEW,No obvious web contract was extracted; existing tests or manual characterization must be mapped.
roundcubemail-C0377,roundcubemail,program/lib/Roundcube/db/oracle.php,sql_data_access,PASS,pending,NEEDS_MANUAL_ORACLE_REVIEW,No obvious web contract was extracted; existing tests or manual characterization must be mapped.
roundcubemail-C0378,roundcubemail,program/lib/Roundcube/db/oracle.php,sql_data_access,PASS,pending,NEEDS_MANUAL_ORACLE_REVIEW,No obvious web contract was extracted; existing tests or manual characterization must be mapped.
roundcubemail-C0379,roundcubemail,program/lib/Roundcube/db/oracle.php,long_method_or_region,PASS,pending,NEEDS_MANUAL_ORACLE_REVIEW,No obvious web contract was extracted; existing tests or manual characterization must be mapped.
roundcubemail-C0380,roundcubemail,program/lib/Roundcube/db/oracle.php,long_method_or_region,PASS,pending,NEEDS_MANUAL_ORACLE_REVIEW,No obvious web contract was extracted; existing tests or manual characterization must be mapped.
roundcubemail-C0381,roundcubemail,program/lib/Roundcube/db/pgsql.php,sql_data_access,PASS,pending,NEEDS_MANUAL_ORACLE_REVIEW,No obvious web contract was extracted; existing tests or manual characterization must be mapped.
roundcubemail-C0382,roundcubemail,program/lib/Roundcube/db/sqlite.php,sql_data_access,PASS,pending,NEEDS_MANUAL_ORACLE_REVIEW,No obvious web contract was extracted; existing tests or manual characterization must be mapped.
roundcubemail-C0383,roundcubemail,program/lib/Roundcube/session/db.php,sql_data_access,PASS,pending,NEEDS_MANUAL_ORACLE_REVIEW,No obvious web contract was extracted; existing tests or manual characterization must be mapped.
roundcubemail-C0384,roundcubemail,program/lib/Roundcube/spellchecker/atd.php,long_method_or_region,PASS,pending,NEEDS_MANUAL_ORACLE_REVIEW,No obvious web contract was extracted; existing tests or manual characterization must be mapped.
roundcubemail-C0385,roundcubemail,program/lib/Roundcube/spellchecker/googie.php,session_dependent_logic,PASS,pending,NEEDS_MANUAL_ORACLE_REVIEW,No obvious web contract was extracted; existing tests or manual characterization must be mapped.
roundcubemail-C0386,roundcubemail,program/lib/Roundcube/spellchecker/googie.php,session_dependent_logic,PASS,pending,NEEDS_MANUAL_ORACLE_REVIEW,No obvious web contract was extracted; existing tests or manual characterization must be mapped.
roundcubemail-C0387,roundcubemail,plugins/acl/acl.php,mixed_php_html,PASS,pending,NEEDS_CHARACTERIZATION,Candidate has observable request/output contract but no stable oracle yet.
roundcubemail-C0388,roundcubemail,plugins/acl/acl.php,long_method_or_region,PASS,pending,NEEDS_MANUAL_ORACLE_REVIEW,No obvious web contract was extracted; existing tests or manual characterization must be mapped.
roundcubemail-C0389,roundcubemail,plugins/acl/acl.php,long_method_or_region,PASS,pending,NEEDS_CHARACTERIZATION,Candidate has observable request/output contract but no stable oracle yet.
roundcubemail-C0390,roundcubemail,plugins/acl/acl.php,session_dependent_logic,PASS,pending,NEEDS_MANUAL_ORACLE_REVIEW,No obvious web contract was extracted; existing tests or manual characterization must be mapped.
roundcubemail-C0391,roundcubemail,plugins/acl/acl.php,session_dependent_logic,PASS,pending,NEEDS_MANUAL_ORACLE_REVIEW,No obvious web contract was extracted; existing tests or manual characterization must be mapped.
roundcubemail-C0392,roundcubemail,plugins/acl/acl.php,session_dependent_logic,PASS,pending,NEEDS_MANUAL_ORACLE_REVIEW,No obvious web contract was extracted; existing tests or manual characterization must be mapped.
roundcubemail-C0393,roundcubemail,plugins/archive/archive.php,session_dependent_logic,PASS,pending,NEEDS_CHARACTERIZATION,Candidate has observable request/output contract but no stable oracle yet.
roundcubemail-C0394,roundcubemail,plugins/archive/archive.php,session_dependent_logic,PASS,pending,NEEDS_CHARACTERIZATION,Candidate has observable request/output contract but no stable oracle yet.
roundcubemail-C0395,roundcubemail,plugins/autologon/autologon.php,session_dependent_logic,PASS,pending,NEEDS_CHARACTERIZATION,Candidate has observable request/output contract but no stable oracle yet.
roundcubemail-C0396,roundcubemail,plugins/database_attachments/database_attachments.php,session_dependent_logic,PASS,pending,NEEDS_MANUAL_ORACLE_REVIEW,No obvious web contract was extracted; existing tests or manual characterization must be mapped.
roundcubemail-C0397,roundcubemail,plugins/debug_logger/debug_logger.php,sql_data_access,PASS,pending,NEEDS_MANUAL_ORACLE_REVIEW,No obvious web contract was extracted; existing tests or manual characterization must be mapped.
roundcubemail-C0398,roundcubemail,plugins/emoticons/emoticons_engine.php,long_method_or_region,PASS,pending,NEEDS_MANUAL_ORACLE_REVIEW,No obvious web contract was extracted; existing tests or manual characterization must be mapped.
roundcubemail-C0399,roundcubemail,plugins/enigma/enigma.php,long_method_or_region,PASS,pending,NEEDS_CHARACTERIZATION,Candidate has observable request/output contract but no stable oracle yet.
roundcubemail-C0400,roundcubemail,plugins/enigma/enigma.php,long_method_or_region,PASS,pending,NEEDS_CHARACTERIZATION,Candidate has observable request/output contract but no stable oracle yet.
roundcubemail-C0401,roundcubemail,plugins/enigma/enigma.php,long_method_or_region,PASS,pending,NEEDS_MANUAL_ORACLE_REVIEW,No obvious web contract was extracted; existing tests or manual characterization must be mapped.
roundcubemail-C0402,roundcubemail,plugins/filesystem_attachments/filesystem_attachments.php,session_dependent_logic,PASS,pending,NEEDS_MANUAL_ORACLE_REVIEW,No obvious web contract was extracted; existing tests or manual characterization must be mapped.
roundcubemail-C0403,roundcubemail,plugins/help/help.php,session_dependent_logic,PASS,pending,NEEDS_CHARACTERIZATION,Candidate has observable request/output contract but no stable oracle yet.
roundcubemail-C0404,roundcubemail,plugins/http_authentication/http_authentication.php,session_dependent_logic,PASS,pending,NEEDS_MANUAL_ORACLE_REVIEW,No obvious web contract was extracted; existing tests or manual characterization must be mapped.
roundcubemail-C0405,roundcubemail,plugins/identicon/identicon.php,long_method_or_region,PASS,pending,NEEDS_MANUAL_ORACLE_REVIEW,No obvious web contract was extracted; existing tests or manual characterization must be mapped.
roundcubemail-C0406,roundcubemail,plugins/jqueryui/jqueryui.php,session_dependent_logic,PASS,pending,NEEDS_MANUAL_ORACLE_REVIEW,No obvious web contract was extracted; existing tests or manual characterization must be mapped.
roundcubemail-C0407,roundcubemail,plugins/jqueryui/jqueryui.php,session_dependent_logic,PASS,pending,NEEDS_MANUAL_ORACLE_REVIEW,No obvious web contract was extracted; existing tests or manual characterization must be mapped.
roundcubemail-C0408,roundcubemail,plugins/krb_authentication/krb_authentication.php,session_dependent_logic,PASS,pending,NEEDS_MANUAL_ORACLE_REVIEW,No obvious web contract was extracted; existing tests or manual characterization must be mapped.
roundcubemail-C0409,roundcubemail,plugins/managesieve/managesieve.php,session_dependent_logic,PASS,pending,NEEDS_CHARACTERIZATION,Candidate has observable request/output contract but no stable oracle yet.
roundcubemail-C0410,roundcubemail,plugins/managesieve/managesieve.php,session_dependent_logic,PASS,pending,NEEDS_MANUAL_ORACLE_REVIEW,No obvious web contract was extracted; existing tests or manual characterization must be mapped.
roundcubemail-C0411,roundcubemail,plugins/markasjunk/markasjunk.php,session_dependent_logic,PASS,pending,NEEDS_CHARACTERIZATION,Candidate has observable request/output contract but no stable oracle yet.
roundcubemail-C0412,roundcubemail,plugins/markasjunk/markasjunk.php,session_dependent_logic,PASS,pending,NEEDS_MANUAL_ORACLE_REVIEW,No obvious web contract was extracted; existing tests or manual characterization must be mapped.
roundcubemail-C0413,roundcubemail,plugins/newmail_notifier/newmail_notifier.php,long_method_or_region,PASS,pending,NEEDS_CHARACTERIZATION,Candidate has observable request/output contract but no stable oracle yet.
roundcubemail-C0414,roundcubemail,plugins/newmail_notifier/newmail_notifier.php,long_method_or_region,PASS,pending,NEEDS_CHARACTERIZATION,Candidate has observable request/output contract but no stable oracle yet.
roundcubemail-C0415,roundcubemail,plugins/new_user_identity/new_user_identity.php,long_method_or_region,PASS,pending,NEEDS_MANUAL_ORACLE_REVIEW,No obvious web contract was extracted; existing tests or manual characterization must be mapped.
roundcubemail-C0416,roundcubemail,plugins/password/password.php,session_dependent_logic,PASS,pending,NEEDS_CHARACTERIZATION,Candidate has observable request/output contract but no stable oracle yet.
roundcubemail-C0417,roundcubemail,plugins/password/password.php,session_dependent_logic,PASS,pending,NEEDS_CHARACTERIZATION,Candidate has observable request/output contract but no stable oracle yet.
roundcubemail-C0418,roundcubemail,plugins/password/password.php,long_method_or_region,PASS,pending,NEEDS_MANUAL_ORACLE_REVIEW,No obvious web contract was extracted; existing tests or manual characterization must be mapped.
roundcubemail-C0419,roundcubemail,plugins/password/password.php,long_method_or_region,PASS,pending,NEEDS_MANUAL_ORACLE_REVIEW,No obvious web contract was extracted; existing tests or manual characterization must be mapped.
roundcubemail-C0420,roundcubemail,plugins/password/password.php,long_method_or_region,PASS,pending,NEEDS_MANUAL_ORACLE_REVIEW,No obvious web contract was extracted; existing tests or manual characterization must be mapped.
roundcubemail-C0421,roundcubemail,plugins/redundant_attachments/redundant_attachments.php,session_dependent_logic,PASS,pending,NEEDS_MANUAL_ORACLE_REVIEW,No obvious web contract was extracted; existing tests or manual characterization must be mapped.
roundcubemail-C0422,roundcubemail,plugins/squirrelmail_usercopy/squirrelmail_usercopy.php,sql_data_access,PASS,pending,NEEDS_MANUAL_ORACLE_REVIEW,No obvious web contract was extracted; existing tests or manual characterization must be mapped.
roundcubemail-C0423,roundcubemail,plugins/squirrelmail_usercopy/squirrelmail_usercopy.php,long_method_or_region,PASS,pending,NEEDS_MANUAL_ORACLE_REVIEW,No obvious web contract was extracted; existing tests or manual characterization must be mapped.
roundcubemail-C0424,roundcubemail,plugins/squirrelmail_usercopy/squirrelmail_usercopy.php,sql_data_access,PASS,pending,NEEDS_MANUAL_ORACLE_REVIEW,No obvious web contract was extracted; existing tests or manual characterization must be mapped.
roundcubemail-C0425,roundcubemail,plugins/subscriptions_option/subscriptions_option.php,form_handling,PASS,pending,NEEDS_CHARACTERIZATION,Candidate has observable request/output contract but no stable oracle yet.
roundcubemail-C0426,roundcubemail,plugins/vcard_attachments/vcard_attachments.php,long_method_or_region,PASS,pending,NEEDS_MANUAL_ORACLE_REVIEW,No obvious web contract was extracted; existing tests or manual characterization must be mapped.
roundcubemail-C0427,roundcubemail,plugins/zipdownload/zipdownload.php,long_method_or_region,PASS,pending,NEEDS_MANUAL_ORACLE_REVIEW,No obvious web contract was extracted; existing tests or manual characterization must be mapped.
roundcubemail-C0428,roundcubemail,plugins/password/drivers/cpanel.php,session_dependent_logic,PASS,pending,NEEDS_MANUAL_ORACLE_REVIEW,No obvious web contract was extracted; existing tests or manual characterization must be mapped.
roundcubemail-C0429,roundcubemail,plugins/password/drivers/directadmin.php,session_dependent_logic,PASS,pending,NEEDS_MANUAL_ORACLE_REVIEW,No obvious web contract was extracted; existing tests or manual characterization must be mapped.
roundcubemail-C0430,roundcubemail,plugins/password/drivers/directadmin.php,session_dependent_logic,PASS,pending,NEEDS_MANUAL_ORACLE_REVIEW,No obvious web contract was extracted; existing tests or manual characterization must be mapped.
roundcubemail-C0431,roundcubemail,plugins/password/drivers/directadmin.php,long_method_or_region,PASS,pending,NEEDS_MANUAL_ORACLE_REVIEW,No obvious web contract was extracted; existing tests or manual characterization must be mapped.
roundcubemail-C0432,roundcubemail,plugins/password/drivers/domainfactory.php,mixed_php_html,PASS,pending,NEEDS_CHARACTERIZATION,Candidate has observable request/output contract but no stable oracle yet.
roundcubemail-C0433,roundcubemail,plugins/password/drivers/domainfactory.php,long_method_or_region,PASS,pending,NEEDS_CHARACTERIZATION,Candidate has observable request/output contract but no stable oracle yet.
roundcubemail-C0434,roundcubemail,plugins/password/drivers/ldap.php,long_method_or_region,PASS,pending,NEEDS_MANUAL_ORACLE_REVIEW,No obvious web contract was extracted; existing tests or manual characterization must be mapped.
roundcubemail-C0435,roundcubemail,plugins/password/drivers/ldap_simple.php,session_dependent_logic,PASS,pending,NEEDS_MANUAL_ORACLE_REVIEW,No obvious web contract was extracted; existing tests or manual characterization must be mapped.
roundcubemail-C0436,roundcubemail,plugins/password/drivers/ldap_simple.php,long_method_or_region,PASS,pending,NEEDS_MANUAL_ORACLE_REVIEW,No obvious web contract was extracted; existing tests or manual characterization must be mapped.
roundcubemail-C0437,roundcubemail,plugins/password/drivers/ldap_simple.php,long_method_or_region,PASS,pending,NEEDS_MANUAL_ORACLE_REVIEW,No obvious web contract was extracted; existing tests or manual characterization must be mapped.
roundcubemail-C0438,roundcubemail,plugins/password/drivers/modoboa.php,session_dependent_logic,PASS,pending,NEEDS_MANUAL_ORACLE_REVIEW,No obvious web contract was extracted; existing tests or manual characterization must be mapped.
roundcubemail-C0439,roundcubemail,plugins/password/drivers/modoboa.php,session_dependent_logic,PASS,pending,NEEDS_MANUAL_ORACLE_REVIEW,No obvious web contract was extracted; existing tests or manual characterization must be mapped.
roundcubemail-C0440,roundcubemail,plugins/password/drivers/sql.php,session_dependent_logic,PASS,pending,NEEDS_MANUAL_ORACLE_REVIEW,No obvious web contract was extracted; existing tests or manual characterization must be mapped.
roundcubemail-C0441,roundcubemail,plugins/password/drivers/sql.php,session_dependent_logic,PASS,pending,NEEDS_MANUAL_ORACLE_REVIEW,No obvious web contract was extracted; existing tests or manual characterization must be mapped.
roundcubemail-C0442,roundcubemail,plugins/password/drivers/ximss.php,long_method_or_region,PASS,pending,NEEDS_CHARACTERIZATION,Candidate has observable request/output contract but no stable oracle yet.
roundcubemail-C0443,roundcubemail,plugins/password/drivers/xmail.php,session_dependent_logic,PASS,pending,NEEDS_MANUAL_ORACLE_REVIEW,No obvious web contract was extracted; existing tests or manual characterization must be mapped.
roundcubemail-C0444,roundcubemail,plugins/markasjunk/drivers/amavis_blacklist.php,sql_data_access,PASS,pending,NEEDS_MANUAL_ORACLE_REVIEW,No obvious web contract was extracted; existing tests or manual characterization must be mapped.
roundcubemail-C0445,roundcubemail,plugins/markasjunk/drivers/amavis_blacklist.php,sql_data_access,PASS,pending,NEEDS_MANUAL_ORACLE_REVIEW,No obvious web contract was extracted; existing tests or manual characterization must be mapped.
roundcubemail-C0446,roundcubemail,plugins/markasjunk/drivers/cmd_learn.php,session_dependent_logic,PASS,pending,NEEDS_MANUAL_ORACLE_REVIEW,No obvious web contract was extracted; existing tests or manual characterization must be mapped.
roundcubemail-C0447,roundcubemail,plugins/markasjunk/drivers/cmd_learn.php,session_dependent_logic,PASS,pending,NEEDS_MANUAL_ORACLE_REVIEW,No obvious web contract was extracted; existing tests or manual characterization must be mapped.
roundcubemail-C0448,roundcubemail,plugins/markasjunk/drivers/email_learn.php,session_dependent_logic,PASS,pending,NEEDS_MANUAL_ORACLE_REVIEW,No obvious web contract was extracted; existing tests or manual characterization must be mapped.
roundcubemail-C0449,roundcubemail,plugins/markasjunk/drivers/email_learn.php,long_method_or_region,PASS,pending,NEEDS_MANUAL_ORACLE_REVIEW,No obvious web contract was extracted; existing tests or manual characterization must be mapped.
roundcubemail-C0450,roundcubemail,plugins/markasjunk/drivers/sa_blacklist.php,session_dependent_logic,PASS,pending,NEEDS_MANUAL_ORACLE_REVIEW,No obvious web contract was extracted; existing tests or manual characterization must be mapped.
roundcubemail-C0451,roundcubemail,plugins/markasjunk/drivers/sa_blacklist.php,session_dependent_logic,PASS,pending,NEEDS_MANUAL_ORACLE_REVIEW,No obvious web contract was extracted; existing tests or manual characterization must be mapped.
roundcubemail-C0452,roundcubemail,plugins/managesieve/lib/Roundcube/rcube_sieve.php,long_method_or_region,PASS,pending,NEEDS_MANUAL_ORACLE_REVIEW,No obvious web contract was extracted; existing tests or manual characterization must be mapped.
roundcubemail-C0453,roundcubemail,plugins/managesieve/lib/Roundcube/rcube_sieve.php,long_method_or_region,PASS,pending,NEEDS_MANUAL_ORACLE_REVIEW,No obvious web contract was extracted; existing tests or manual characterization must be mapped.
roundcubemail-C0454,roundcubemail,plugins/managesieve/lib/Roundcube/rcube_sieve_engine.php,mixed_php_html_sql,PASS,pending,NEEDS_CHARACTERIZATION,Candidate has observable request/output contract but no stable oracle yet.
roundcubemail-C0455,roundcubemail,plugins/managesieve/lib/Roundcube/rcube_sieve_engine.php,session_dependent_logic,PASS,pending,NEEDS_CHARACTERIZATION,Candidate has observable request/output contract but no stable oracle yet.
roundcubemail-C0456,roundcubemail,plugins/managesieve/lib/Roundcube/rcube_sieve_engine.php,session_dependent_logic,PASS,pending,NEEDS_MANUAL_ORACLE_REVIEW,No obvious web contract was extracted; existing tests or manual characterization must be mapped.
roundcubemail-C0457,roundcubemail,plugins/managesieve/lib/Roundcube/rcube_sieve_engine.php,long_method_or_region,PASS,pending,NEEDS_CHARACTERIZATION,Candidate has observable request/output contract but no stable oracle yet.
roundcubemail-C0458,roundcubemail,plugins/managesieve/lib/Roundcube/rcube_sieve_engine.php,long_method_or_region,PASS,pending,NEEDS_MANUAL_ORACLE_REVIEW,No obvious web contract was extracted; existing tests or manual characterization must be mapped.
roundcubemail-C0459,roundcubemail,plugins/managesieve/lib/Roundcube/rcube_sieve_engine.php,session_dependent_logic,PASS,pending,NEEDS_CHARACTERIZATION,Candidate has observable request/output contract but no stable oracle yet.
roundcubemail-C0460,roundcubemail,plugins/managesieve/lib/Roundcube/rcube_sieve_engine.php,session_dependent_logic,PASS,pending,NEEDS_CHARACTERIZATION,Candidate has observable request/output contract but no stable oracle yet.
roundcubemail-C0461,roundcubemail,plugins/managesieve/lib/Roundcube/rcube_sieve_engine.php,long_method_or_region,PASS,pending,NEEDS_CHARACTERIZATION,Candidate has observable request/output contract but no stable oracle yet.
roundcubemail-C0462,roundcubemail,plugins/managesieve/lib/Roundcube/rcube_sieve_engine.php,long_method_or_region,PASS,pending,NEEDS_MANUAL_ORACLE_REVIEW,No obvious web contract was extracted; existing tests or manual characterization must be mapped.
roundcubemail-C0463,roundcubemail,plugins/managesieve/lib/Roundcube/rcube_sieve_engine.php,long_method_or_region,PASS,pending,NEEDS_CHARACTERIZATION,Candidate has observable request/output contract but no stable oracle yet.
roundcubemail-C0464,roundcubemail,plugins/managesieve/lib/Roundcube/rcube_sieve_engine.php,long_method_or_region,PASS,pending,NEEDS_MANUAL_ORACLE_REVIEW,No obvious web contract was extracted; existing tests or manual characterization must be mapped.
roundcubemail-C0465,roundcubemail,plugins/managesieve/lib/Roundcube/rcube_sieve_engine.php,session_dependent_logic,PASS,pending,NEEDS_MANUAL_ORACLE_REVIEW,No obvious web contract was extracted; existing tests or manual characterization must be mapped.
roundcubemail-C0466,roundcubemail,plugins/managesieve/lib/Roundcube/rcube_sieve_engine.php,session_dependent_logic,PASS,pending,NEEDS_MANUAL_ORACLE_REVIEW,No obvious web contract was extracted; existing tests or manual characterization must be mapped.
roundcubemail-C0467,roundcubemail,plugins/managesieve/lib/Roundcube/rcube_sieve_engine.php,session_dependent_logic,PASS,pending,NEEDS_MANUAL_ORACLE_REVIEW,No obvious web contract was extracted; existing tests or manual characterization must be mapped.
roundcubemail-C0468,roundcubemail,plugins/managesieve/lib/Roundcube/rcube_sieve_forward.php,form_handling,PASS,pending,NEEDS_CHARACTERIZATION,Candidate has observable request/output contract but no stable oracle yet.
roundcubemail-C0469,roundcubemail,plugins/managesieve/lib/Roundcube/rcube_sieve_forward.php,long_method_or_region,PASS,pending,NEEDS_MANUAL_ORACLE_REVIEW,No obvious web contract was extracted; existing tests or manual characterization must be mapped.
roundcubemail-C0470,roundcubemail,plugins/managesieve/lib/Roundcube/rcube_sieve_forward.php,long_method_or_region,PASS,pending,NEEDS_MANUAL_ORACLE_REVIEW,No obvious web contract was extracted; existing tests or manual characterization must be mapped.
roundcubemail-C0471,roundcubemail,plugins/managesieve/lib/Roundcube/rcube_sieve_forward.php,long_method_or_region,PASS,pending,NEEDS_MANUAL_ORACLE_REVIEW,No obvious web contract was extracted; existing tests or manual characterization must be mapped.
roundcubemail-C0472,roundcubemail,plugins/managesieve/lib/Roundcube/rcube_sieve_forward.php,long_method_or_region,PASS,pending,NEEDS_CHARACTERIZATION,Candidate has observable request/output contract but no stable oracle yet.
roundcubemail-C0473,roundcubemail,plugins/managesieve/lib/Roundcube/rcube_sieve_forward.php,long_method_or_region,PASS,pending,NEEDS_MANUAL_ORACLE_REVIEW,No obvious web contract was extracted; existing tests or manual characterization must be mapped.
roundcubemail-C0474,roundcubemail,plugins/managesieve/lib/Roundcube/rcube_sieve_forward.php,long_method_or_region,PASS,pending,NEEDS_MANUAL_ORACLE_REVIEW,No obvious web contract was extracted; existing tests or manual characterization must be mapped.
roundcubemail-C0475,roundcubemail,plugins/managesieve/lib/Roundcube/rcube_sieve_script.php,long_method_or_region,PASS,pending,NEEDS_MANUAL_ORACLE_REVIEW,No obvious web contract was extracted; existing tests or manual characterization must be mapped.
roundcubemail-C0476,roundcubemail,plugins/managesieve/lib/Roundcube/rcube_sieve_script.php,long_method_or_region,PASS,pending,NEEDS_MANUAL_ORACLE_REVIEW,No obvious web contract was extracted; existing tests or manual characterization must be mapped.
roundcubemail-C0477,roundcubemail,plugins/managesieve/lib/Roundcube/rcube_sieve_script.php,long_method_or_region,PASS,pending,NEEDS_MANUAL_ORACLE_REVIEW,No obvious web contract was extracted; existing tests or manual characterization must be mapped.
roundcubemail-C0478,roundcubemail,plugins/managesieve/lib/Roundcube/rcube_sieve_script.php,long_method_or_region,PASS,pending,NEEDS_MANUAL_ORACLE_REVIEW,No obvious web contract was extracted; existing tests or manual characterization must be mapped.
roundcubemail-C0479,roundcubemail,plugins/managesieve/lib/Roundcube/rcube_sieve_script.php,long_method_or_region,PASS,pending,NEEDS_MANUAL_ORACLE_REVIEW,No obvious web contract was extracted; existing tests or manual characterization must be mapped.
roundcubemail-C0480,roundcubemail,plugins/managesieve/lib/Roundcube/rcube_sieve_script.php,long_method_or_region,PASS,pending,NEEDS_MANUAL_ORACLE_REVIEW,No obvious web contract was extracted; existing tests or manual characterization must be mapped.
roundcubemail-C0481,roundcubemail,plugins/managesieve/lib/Roundcube/rcube_sieve_vacation.php,form_handling,PASS,pending,NEEDS_CHARACTERIZATION,Candidate has observable request/output contract but no stable oracle yet.
roundcubemail-C0482,roundcubemail,plugins/managesieve/lib/Roundcube/rcube_sieve_vacation.php,long_method_or_region,PASS,pending,NEEDS_MANUAL_ORACLE_REVIEW,No obvious web contract was extracted; existing tests or manual characterization must be mapped.
roundcubemail-C0483,roundcubemail,plugins/managesieve/lib/Roundcube/rcube_sieve_vacation.php,long_method_or_region,PASS,pending,NEEDS_MANUAL_ORACLE_REVIEW,No obvious web contract was extracted; existing tests or manual characterization must be mapped.
roundcubemail-C0484,roundcubemail,plugins/managesieve/lib/Roundcube/rcube_sieve_vacation.php,long_method_or_region,PASS,pending,NEEDS_MANUAL_ORACLE_REVIEW,No obvious web contract was extracted; existing tests or manual characterization must be mapped.
roundcubemail-C0485,roundcubemail,plugins/managesieve/lib/Roundcube/rcube_sieve_vacation.php,long_method_or_region,PASS,pending,NEEDS_CHARACTERIZATION,Candidate has observable request/output contract but no stable oracle yet.
roundcubemail-C0486,roundcubemail,plugins/managesieve/lib/Roundcube/rcube_sieve_vacation.php,long_method_or_region,PASS,pending,NEEDS_MANUAL_ORACLE_REVIEW,No obvious web contract was extracted; existing tests or manual characterization must be mapped.
roundcubemail-C0487,roundcubemail,plugins/managesieve/lib/Roundcube/rcube_sieve_vacation.php,long_method_or_region,PASS,pending,NEEDS_MANUAL_ORACLE_REVIEW,No obvious web contract was extracted; existing tests or manual characterization must be mapped.
roundcubemail-C0488,roundcubemail,plugins/managesieve/lib/Roundcube/rcube_sieve_vacation.php,long_method_or_region,PASS,pending,NEEDS_MANUAL_ORACLE_REVIEW,No obvious web contract was extracted; existing tests or manual characterization must be mapped.
roundcubemail-C0489,roundcubemail,plugins/enigma/lib/enigma_driver_gnupg.php,sql_data_access,PASS,pending,NEEDS_MANUAL_ORACLE_REVIEW,No obvious web contract was extracted; existing tests or manual characterization must be mapped.
roundcubemail-C0490,roundcubemail,plugins/enigma/lib/enigma_driver_gnupg.php,long_method_or_region,PASS,pending,NEEDS_MANUAL_ORACLE_REVIEW,No obvious web contract was extracted; existing tests or manual characterization must be mapped.
roundcubemail-C0491,roundcubemail,plugins/enigma/lib/enigma_driver_gnupg.php,sql_data_access,PASS,pending,NEEDS_MANUAL_ORACLE_REVIEW,No obvious web contract was extracted; existing tests or manual characterization must be mapped.
roundcubemail-C0492,roundcubemail,plugins/enigma/lib/enigma_driver_gnupg.php,sql_data_access,PASS,pending,NEEDS_MANUAL_ORACLE_REVIEW,No obvious web contract was extracted; existing tests or manual characterization must be mapped.
roundcubemail-C0493,roundcubemail,plugins/enigma/lib/enigma_driver_phpssl.php,long_method_or_region,PASS,pending,NEEDS_MANUAL_ORACLE_REVIEW,No obvious web contract was extracted; existing tests or manual characterization must be mapped.
roundcubemail-C0494,roundcubemail,plugins/enigma/lib/enigma_engine.php,session_dependent_logic,PASS,pending,NEEDS_MANUAL_ORACLE_REVIEW,No obvious web contract was extracted; existing tests or manual characterization must be mapped.
roundcubemail-C0495,roundcubemail,plugins/enigma/lib/enigma_engine.php,long_method_or_region,PASS,pending,NEEDS_MANUAL_ORACLE_REVIEW,No obvious web contract was extracted; existing tests or manual characterization must be mapped.
roundcubemail-C0496,roundcubemail,plugins/enigma/lib/enigma_engine.php,long_method_or_region,PASS,pending,NEEDS_MANUAL_ORACLE_REVIEW,No obvious web contract was extracted; existing tests or manual characterization must be mapped.
roundcubemail-C0497,roundcubemail,plugins/enigma/lib/enigma_engine.php,long_method_or_region,PASS,pending,NEEDS_MANUAL_ORACLE_REVIEW,No obvious web contract was extracted; existing tests or manual characterization must be mapped.
roundcubemail-C0498,roundcubemail,plugins/enigma/lib/enigma_engine.php,long_method_or_region,PASS,pending,NEEDS_MANUAL_ORACLE_REVIEW,No obvious web contract was extracted; existing tests or manual characterization must be mapped.
roundcubemail-C0499,roundcubemail,plugins/enigma/lib/enigma_engine.php,long_method_or_region,PASS,pending,NEEDS_MANUAL_ORACLE_REVIEW,No obvious web contract was extracted; existing tests or manual characterization must be mapped.
roundcubemail-C0500,roundcubemail,plugins/enigma/lib/enigma_engine.php,long_method_or_region,PASS,pending,NEEDS_MANUAL_ORACLE_REVIEW,No obvious web contract was extracted; existing tests or manual characterization must be mapped.
roundcubemail-C0501,roundcubemail,plugins/enigma/lib/enigma_mime_message.php,long_method_or_region,PASS,pending,NEEDS_MANUAL_ORACLE_REVIEW,No obvious web contract was extracted; existing tests or manual characterization must be mapped.
roundcubemail-C0502,roundcubemail,plugins/enigma/lib/enigma_signature.php,long_method_or_region,PASS,pending,NEEDS_MANUAL_ORACLE_REVIEW,No obvious web contract was extracted; existing tests or manual characterization must be mapped.
roundcubemail-C0503,roundcubemail,plugins/enigma/lib/enigma_subkey.php,long_method_or_region,PASS,pending,NEEDS_MANUAL_ORACLE_REVIEW,No obvious web contract was extracted; existing tests or manual characterization must be mapped.
roundcubemail-C0504,roundcubemail,plugins/enigma/lib/enigma_ui.php,long_method_or_region,PASS,pending,NEEDS_CHARACTERIZATION,Candidate has observable request/output contract but no stable oracle yet.
roundcubemail-C0505,roundcubemail,plugins/enigma/lib/enigma_ui.php,long_method_or_region,PASS,pending,NEEDS_MANUAL_ORACLE_REVIEW,No obvious web contract was extracted; existing tests or manual characterization must be mapped.
roundcubemail-C0506,roundcubemail,plugins/enigma/lib/enigma_ui.php,long_method_or_region,PASS,pending,NEEDS_MANUAL_ORACLE_REVIEW,No obvious web contract was extracted; existing tests or manual characterization must be mapped.
roundcubemail-C0507,roundcubemail,plugins/enigma/lib/enigma_ui.php,long_method_or_region,PASS,pending,NEEDS_MANUAL_ORACLE_REVIEW,No obvious web contract was extracted; existing tests or manual characterization must be mapped.
roundcubemail-C0508,roundcubemail,plugins/enigma/lib/enigma_ui.php,long_method_or_region,PASS,pending,NEEDS_CHARACTERIZATION,Candidate has observable request/output contract but no stable oracle yet.
roundcubemail-C0509,roundcubemail,plugins/enigma/lib/enigma_ui.php,long_method_or_region,PASS,pending,NEEDS_MANUAL_ORACLE_REVIEW,No obvious web contract was extracted; existing tests or manual characterization must be mapped.
roundcubemail-C0510,roundcubemail,plugins/enigma/lib/enigma_ui.php,long_method_or_region,PASS,pending,NEEDS_MANUAL_ORACLE_REVIEW,No obvious web contract was extracted; existing tests or manual characterization must be mapped.
roundcubemail-C0511,roundcubemail,plugins/enigma/lib/enigma_ui.php,long_method_or_region,PASS,pending,NEEDS_CHARACTERIZATION,Candidate has observable request/output contract but no stable oracle yet.
roundcubemail-C0512,roundcubemail,plugins/enigma/lib/enigma_ui.php,long_method_or_region,PASS,pending,NEEDS_MANUAL_ORACLE_REVIEW,No obvious web contract was extracted; existing tests or manual characterization must be mapped.
roundcubemail-C0513,roundcubemail,plugins/enigma/lib/enigma_ui.php,long_method_or_region,PASS,pending,NEEDS_MANUAL_ORACLE_REVIEW,No obvious web contract was extracted; existing tests or manual characterization must be mapped.
