candidate_id,project,file,candidate_type,syntax_status,oracle_status,screening_status,screening_reason
phpbb-C0001,phpbb,build/build_helper.php,long_method_or_region,PASS,pending,NEEDS_MANUAL_ORACLE_REVIEW,No obvious web contract was extracted; existing tests or manual characterization must be mapped.
phpbb-C0002,phpbb,phpBB/index.php,mixed_php_html_sql,PASS,pending,NEEDS_MANUAL_ORACLE_REVIEW,No obvious web contract was extracted; existing tests or manual characterization must be mapped.
phpbb-C0003,phpbb,phpBB/mcp.php,sql_data_access,PASS,pending,NEEDS_CHARACTERIZATION,Candidate has observable request/output contract but no stable oracle yet.
phpbb-C0004,phpbb,phpBB/memberlist.php,sql_data_access,PASS,pending,NEEDS_CHARACTERIZATION,Candidate has observable request/output contract but no stable oracle yet.
phpbb-C0005,phpbb,phpBB/posting.php,mixed_php_html_sql,PASS,pending,NEEDS_CHARACTERIZATION,Candidate has observable request/output contract but no stable oracle yet.
phpbb-C0006,phpbb,phpBB/search.php,mixed_php_html_sql,PASS,pending,NEEDS_CHARACTERIZATION,Candidate has observable request/output contract but no stable oracle yet.
phpbb-C0007,phpbb,phpBB/ucp.php,mixed_php_html_sql,PASS,pending,NEEDS_CHARACTERIZATION,Candidate has observable request/output contract but no stable oracle yet.
phpbb-C0008,phpbb,phpBB/viewforum.php,mixed_php_html_sql,PASS,pending,NEEDS_CHARACTERIZATION,Candidate has observable request/output contract but no stable oracle yet.
phpbb-C0009,phpbb,phpBB/viewonline.php,mixed_php_html_sql,PASS,pending,NEEDS_CHARACTERIZATION,Candidate has observable request/output contract but no stable oracle yet.
phpbb-C0010,phpbb,phpBB/viewtopic.php,mixed_php_html_sql,PASS,pending,NEEDS_CHARACTERIZATION,Candidate has observable request/output contract but no stable oracle yet.
phpbb-C0011,phpbb,tests/avatar/manager_test.php,sql_data_access,PASS,pending,NEEDS_CHARACTERIZATION,Candidate has observable request/output contract but no stable oracle yet.
phpbb-C0012,phpbb,tests/bbcode/parser_test.php,long_method_or_region,PASS,pending,NEEDS_MANUAL_ORACLE_REVIEW,No obvious web contract was extracted; existing tests or manual characterization must be mapped.
phpbb-C0013,phpbb,tests/content_visibility/delete_post_test.php,long_method_or_region,PASS,pending,NEEDS_MANUAL_ORACLE_REVIEW,No obvious web contract was extracted; existing tests or manual characterization must be mapped.
phpbb-C0014,phpbb,tests/content_visibility/delete_post_test.php,sql_data_access,PASS,pending,NEEDS_MANUAL_ORACLE_REVIEW,No obvious web contract was extracted; existing tests or manual characterization must be mapped.
phpbb-C0015,phpbb,tests/content_visibility/get_forums_visibility_sql_test.php,long_method_or_region,PASS,pending,NEEDS_MANUAL_ORACLE_REVIEW,No obvious web contract was extracted; existing tests or manual characterization must be mapped.
phpbb-C0016,phpbb,tests/content_visibility/get_global_visibility_sql_test.php,long_method_or_region,PASS,pending,NEEDS_MANUAL_ORACLE_REVIEW,No obvious web contract was extracted; existing tests or manual characterization must be mapped.
phpbb-C0017,phpbb,tests/controller/common_helper_route.php,long_method_or_region,PASS,pending,NEEDS_MANUAL_ORACLE_REVIEW,No obvious web contract was extracted; existing tests or manual characterization must be mapped.
phpbb-C0018,phpbb,tests/controller/common_helper_route.php,long_method_or_region,PASS,pending,NEEDS_MANUAL_ORACLE_REVIEW,No obvious web contract was extracted; existing tests or manual characterization must be mapped.
phpbb-C0019,phpbb,tests/controller/common_helper_route.php,long_method_or_region,PASS,pending,NEEDS_MANUAL_ORACLE_REVIEW,No obvious web contract was extracted; existing tests or manual characterization must be mapped.
phpbb-C0020,phpbb,tests/controller/common_helper_route.php,long_method_or_region,PASS,pending,NEEDS_MANUAL_ORACLE_REVIEW,No obvious web contract was extracted; existing tests or manual characterization must be mapped.
phpbb-C0021,phpbb,tests/controller/common_helper_route.php,long_method_or_region,PASS,pending,NEEDS_MANUAL_ORACLE_REVIEW,No obvious web contract was extracted; existing tests or manual characterization must be mapped.
phpbb-C0022,phpbb,tests/controller/common_helper_route.php,long_method_or_region,PASS,pending,NEEDS_MANUAL_ORACLE_REVIEW,No obvious web contract was extracted; existing tests or manual characterization must be mapped.
phpbb-C0023,phpbb,tests/controller/common_helper_route.php,long_method_or_region,PASS,pending,NEEDS_MANUAL_ORACLE_REVIEW,No obvious web contract was extracted; existing tests or manual characterization must be mapped.
phpbb-C0024,phpbb,tests/controller/common_helper_route.php,long_method_or_region,PASS,pending,NEEDS_MANUAL_ORACLE_REVIEW,No obvious web contract was extracted; existing tests or manual characterization must be mapped.
phpbb-C0025,phpbb,tests/dbal/auto_increment_test.php,sql_data_access,PASS,pending,NEEDS_MANUAL_ORACLE_REVIEW,No obvious web contract was extracted; existing tests or manual characterization must be mapped.
phpbb-C0026,phpbb,tests/dbal/migrator_test.php,sql_data_access,PASS,pending,NEEDS_MANUAL_ORACLE_REVIEW,No obvious web contract was extracted; existing tests or manual characterization must be mapped.
phpbb-C0027,phpbb,tests/dbal/migrator_test.php,sql_data_access,PASS,pending,NEEDS_MANUAL_ORACLE_REVIEW,No obvious web contract was extracted; existing tests or manual characterization must be mapped.
phpbb-C0028,phpbb,tests/dbal/migrator_test.php,sql_data_access,PASS,pending,NEEDS_MANUAL_ORACLE_REVIEW,No obvious web contract was extracted; existing tests or manual characterization must be mapped.
phpbb-C0029,phpbb,tests/dbal/migrator_tool_permission_test.php,long_method_or_region,PASS,pending,NEEDS_MANUAL_ORACLE_REVIEW,No obvious web contract was extracted; existing tests or manual characterization must be mapped.
phpbb-C0030,phpbb,tests/dbal/order_lower_test.php,sql_data_access,PASS,pending,NEEDS_MANUAL_ORACLE_REVIEW,No obvious web contract was extracted; existing tests or manual characterization must be mapped.
phpbb-C0031,phpbb,tests/dbal/select_test.php,sql_data_access,PASS,pending,NEEDS_MANUAL_ORACLE_REVIEW,No obvious web contract was extracted; existing tests or manual characterization must be mapped.
phpbb-C0032,phpbb,tests/download/http_user_agent_test.php,long_method_or_region,PASS,pending,NEEDS_MANUAL_ORACLE_REVIEW,No obvious web contract was extracted; existing tests or manual characterization must be mapped.
phpbb-C0033,phpbb,tests/extension/modules_test.php,long_method_or_region,PASS,pending,NEEDS_MANUAL_ORACLE_REVIEW,No obvious web contract was extracted; existing tests or manual characterization must be mapped.
phpbb-C0034,phpbb,tests/functional/download_test.php,sql_data_access,PASS,pending,NEEDS_MANUAL_ORACLE_REVIEW,No obvious web contract was extracted; existing tests or manual characterization must be mapped.
phpbb-C0035,phpbb,tests/functional/download_test.php,sql_data_access,PASS,pending,NEEDS_MANUAL_ORACLE_REVIEW,No obvious web contract was extracted; existing tests or manual characterization must be mapped.
phpbb-C0036,phpbb,tests/functional/extension_acp_test.php,sql_data_access,PASS,pending,NEEDS_MANUAL_ORACLE_REVIEW,No obvious web contract was extracted; existing tests or manual characterization must be mapped.
phpbb-C0037,phpbb,tests/functional/extension_acp_test.php,sql_data_access,PASS,pending,NEEDS_MANUAL_ORACLE_REVIEW,No obvious web contract was extracted; existing tests or manual characterization must be mapped.
phpbb-C0038,phpbb,tests/functional/extension_module_test.php,sql_data_access,PASS,pending,NEEDS_MANUAL_ORACLE_REVIEW,No obvious web contract was extracted; existing tests or manual characterization must be mapped.
phpbb-C0039,phpbb,tests/functional/feed_test.php,sql_data_access,PASS,pending,NEEDS_MANUAL_ORACLE_REVIEW,No obvious web contract was extracted; existing tests or manual characterization must be mapped.
phpbb-C0040,phpbb,tests/functional/feed_test.php,long_method_or_region,PASS,pending,NEEDS_MANUAL_ORACLE_REVIEW,No obvious web contract was extracted; existing tests or manual characterization must be mapped.
phpbb-C0041,phpbb,tests/functional/feed_test.php,long_method_or_region,PASS,pending,NEEDS_MANUAL_ORACLE_REVIEW,No obvious web contract was extracted; existing tests or manual characterization must be mapped.
phpbb-C0042,phpbb,tests/functional/feed_test.php,long_method_or_region,PASS,pending,NEEDS_MANUAL_ORACLE_REVIEW,No obvious web contract was extracted; existing tests or manual characterization must be mapped.
phpbb-C0043,phpbb,tests/functional/feed_test.php,long_method_or_region,PASS,pending,NEEDS_MANUAL_ORACLE_REVIEW,No obvious web contract was extracted; existing tests or manual characterization must be mapped.
phpbb-C0044,phpbb,tests/functional/feed_test.php,sql_data_access,PASS,pending,NEEDS_MANUAL_ORACLE_REVIEW,No obvious web contract was extracted; existing tests or manual characterization must be mapped.
phpbb-C0045,phpbb,tests/functional/posting_test.php,mixed_php_html,PASS,pending,NEEDS_CHARACTERIZATION,Candidate has observable request/output contract but no stable oracle yet.
phpbb-C0046,phpbb,tests/functional/prune_shadow_topic_test.php,sql_data_access,PASS,pending,NEEDS_MANUAL_ORACLE_REVIEW,No obvious web contract was extracted; existing tests or manual characterization must be mapped.
phpbb-C0047,phpbb,tests/functional/prune_shadow_topic_test.php,sql_data_access,PASS,pending,NEEDS_MANUAL_ORACLE_REVIEW,No obvious web contract was extracted; existing tests or manual characterization must be mapped.
phpbb-C0048,phpbb,tests/functional/user_password_reset_test.php,sql_data_access,PASS,pending,NEEDS_MANUAL_ORACLE_REVIEW,No obvious web contract was extracted; existing tests or manual characterization must be mapped.
phpbb-C0049,phpbb,tests/functional/viewforum_paging_test.php,sql_data_access,PASS,pending,NEEDS_MANUAL_ORACLE_REVIEW,No obvious web contract was extracted; existing tests or manual characterization must be mapped.
phpbb-C0050,phpbb,tests/functional/viewforum_paging_test.php,sql_data_access,PASS,pending,NEEDS_MANUAL_ORACLE_REVIEW,No obvious web contract was extracted; existing tests or manual characterization must be mapped.
phpbb-C0051,phpbb,tests/functional/visibility_disapprove_test.php,sql_data_access,PASS,pending,NEEDS_MANUAL_ORACLE_REVIEW,No obvious web contract was extracted; existing tests or manual characterization must be mapped.
phpbb-C0052,phpbb,tests/functional/visibility_disapprove_test.php,sql_data_access,PASS,pending,NEEDS_MANUAL_ORACLE_REVIEW,No obvious web contract was extracted; existing tests or manual characterization must be mapped.
phpbb-C0053,phpbb,tests/functional/visibility_reapprove_test.php,sql_data_access,PASS,pending,NEEDS_MANUAL_ORACLE_REVIEW,No obvious web contract was extracted; existing tests or manual characterization must be mapped.
phpbb-C0054,phpbb,tests/functional/visibility_reapprove_test.php,sql_data_access,PASS,pending,NEEDS_MANUAL_ORACLE_REVIEW,No obvious web contract was extracted; existing tests or manual characterization must be mapped.
phpbb-C0055,phpbb,tests/functional/visibility_softdelete_test.php,sql_data_access,PASS,pending,NEEDS_MANUAL_ORACLE_REVIEW,No obvious web contract was extracted; existing tests or manual characterization must be mapped.
phpbb-C0056,phpbb,tests/functional/visibility_softdelete_test.php,sql_data_access,PASS,pending,NEEDS_MANUAL_ORACLE_REVIEW,No obvious web contract was extracted; existing tests or manual characterization must be mapped.
phpbb-C0057,phpbb,tests/functions/build_url_test.php,long_method_or_region,PASS,pending,NEEDS_MANUAL_ORACLE_REVIEW,No obvious web contract was extracted; existing tests or manual characterization must be mapped.
phpbb-C0058,phpbb,tests/functions/make_clickable_email_test.php,long_method_or_region,PASS,pending,NEEDS_MANUAL_ORACLE_REVIEW,No obvious web contract was extracted; existing tests or manual characterization must be mapped.
phpbb-C0059,phpbb,tests/functions/make_clickable_test.php,mixed_php_html,PASS,pending,NEEDS_CHARACTERIZATION,Candidate has observable request/output contract but no stable oracle yet.
phpbb-C0060,phpbb,tests/functions/make_clickable_test.php,long_method_or_region,PASS,pending,NEEDS_CHARACTERIZATION,Candidate has observable request/output contract but no stable oracle yet.
phpbb-C0061,phpbb,tests/functions/obtain_online_test.php,mixed_php_html_sql,PASS,pending,NEEDS_CHARACTERIZATION,Candidate has observable request/output contract but no stable oracle yet.
phpbb-C0062,phpbb,tests/functions_acp/insert_config_array_test.php,long_method_or_region,PASS,pending,NEEDS_MANUAL_ORACLE_REVIEW,No obvious web contract was extracted; existing tests or manual characterization must be mapped.
phpbb-C0063,phpbb,tests/functions_user/delete_user_test.php,long_method_or_region,PASS,pending,NEEDS_MANUAL_ORACLE_REVIEW,No obvious web contract was extracted; existing tests or manual characterization must be mapped.
phpbb-C0064,phpbb,tests/functions_user/delete_user_test.php,sql_data_access,PASS,pending,NEEDS_MANUAL_ORACLE_REVIEW,No obvious web contract was extracted; existing tests or manual characterization must be mapped.
phpbb-C0065,phpbb,tests/functions_user/group_user_attributes_test.php,long_method_or_region,PASS,pending,NEEDS_MANUAL_ORACLE_REVIEW,No obvious web contract was extracted; existing tests or manual characterization must be mapped.
phpbb-C0066,phpbb,tests/groupposition/teampage_test.php,long_method_or_region,PASS,pending,NEEDS_MANUAL_ORACLE_REVIEW,No obvious web contract was extracted; existing tests or manual characterization must be mapped.
phpbb-C0067,phpbb,tests/groupposition/teampage_test.php,long_method_or_region,PASS,pending,NEEDS_MANUAL_ORACLE_REVIEW,No obvious web contract was extracted; existing tests or manual characterization must be mapped.
phpbb-C0068,phpbb,tests/log/add_test.php,sql_data_access,PASS,pending,NEEDS_MANUAL_ORACLE_REVIEW,No obvious web contract was extracted; existing tests or manual characterization must be mapped.
phpbb-C0069,phpbb,tests/log/delete_test.php,long_method_or_region,PASS,pending,NEEDS_MANUAL_ORACLE_REVIEW,No obvious web contract was extracted; existing tests or manual characterization must be mapped.
phpbb-C0070,phpbb,tests/log/function_add_log_test.php,long_method_or_region,PASS,pending,NEEDS_MANUAL_ORACLE_REVIEW,No obvious web contract was extracted; existing tests or manual characterization must be mapped.
phpbb-C0071,phpbb,tests/log/function_add_log_test.php,sql_data_access,PASS,pending,NEEDS_MANUAL_ORACLE_REVIEW,No obvious web contract was extracted; existing tests or manual characterization must be mapped.
phpbb-C0072,phpbb,tests/log/function_view_log_test.php,long_method_or_region,PASS,pending,NEEDS_CHARACTERIZATION,Candidate has observable request/output contract but no stable oracle yet.
phpbb-C0073,phpbb,tests/migrator/get_schema_steps_test.php,long_method_or_region,PASS,pending,NEEDS_MANUAL_ORACLE_REVIEW,No obvious web contract was extracted; existing tests or manual characterization must be mapped.
phpbb-C0074,phpbb,tests/mock/cache.php,long_method_or_region,PASS,pending,NEEDS_MANUAL_ORACLE_REVIEW,No obvious web contract was extracted; existing tests or manual characterization must be mapped.
phpbb-C0075,phpbb,tests/notification/base.php,sql_data_access,PASS,pending,NEEDS_MANUAL_ORACLE_REVIEW,No obvious web contract was extracted; existing tests or manual characterization must be mapped.
phpbb-C0076,phpbb,tests/notification/notification_test.php,sql_data_access,PASS,pending,NEEDS_MANUAL_ORACLE_REVIEW,No obvious web contract was extracted; existing tests or manual characterization must be mapped.
phpbb-C0077,phpbb,tests/notification/submit_post_base.php,long_method_or_region,PASS,pending,NEEDS_MANUAL_ORACLE_REVIEW,No obvious web contract was extracted; existing tests or manual characterization must be mapped.
phpbb-C0078,phpbb,tests/notification/submit_post_type_topic_test.php,sql_data_access,PASS,pending,NEEDS_MANUAL_ORACLE_REVIEW,No obvious web contract was extracted; existing tests or manual characterization must be mapped.
phpbb-C0079,phpbb,tests/pagination/pagination_test.php,long_method_or_region,PASS,pending,NEEDS_MANUAL_ORACLE_REVIEW,No obvious web contract was extracted; existing tests or manual characterization must be mapped.
phpbb-C0080,phpbb,tests/passwords/drivers_test.php,long_method_or_region,PASS,pending,NEEDS_MANUAL_ORACLE_REVIEW,No obvious web contract was extracted; existing tests or manual characterization must be mapped.
phpbb-C0081,phpbb,tests/path_helper/path_helper_test.php,long_method_or_region,PASS,pending,NEEDS_MANUAL_ORACLE_REVIEW,No obvious web contract was extracted; existing tests or manual characterization must be mapped.
phpbb-C0082,phpbb,tests/profilefields/type_date_test.php,long_method_or_region,PASS,pending,NEEDS_MANUAL_ORACLE_REVIEW,No obvious web contract was extracted; existing tests or manual characterization must be mapped.
phpbb-C0083,phpbb,tests/profilefields/type_string_test.php,long_method_or_region,PASS,pending,NEEDS_MANUAL_ORACLE_REVIEW,No obvious web contract was extracted; existing tests or manual characterization must be mapped.
phpbb-C0084,phpbb,tests/request/request_var_test.php,form_handling,PASS,pending,NEEDS_CHARACTERIZATION,Candidate has observable request/output contract but no stable oracle yet.
phpbb-C0085,phpbb,tests/request/request_var_test.php,long_method_or_region,PASS,pending,NEEDS_MANUAL_ORACLE_REVIEW,No obvious web contract was extracted; existing tests or manual characterization must be mapped.
phpbb-C0086,phpbb,tests/search/common_test_case.php,long_method_or_region,PASS,pending,NEEDS_MANUAL_ORACLE_REVIEW,No obvious web contract was extracted; existing tests or manual characterization must be mapped.
phpbb-C0087,phpbb,tests/search/native_test.php,long_method_or_region,PASS,pending,NEEDS_MANUAL_ORACLE_REVIEW,No obvious web contract was extracted; existing tests or manual characterization must be mapped.
phpbb-C0088,phpbb,tests/session/append_sid_test.php,long_method_or_region,PASS,pending,NEEDS_MANUAL_ORACLE_REVIEW,No obvious web contract was extracted; existing tests or manual characterization must be mapped.
phpbb-C0089,phpbb,tests/session/extract_page_test.php,long_method_or_region,PASS,pending,NEEDS_MANUAL_ORACLE_REVIEW,No obvious web contract was extracted; existing tests or manual characterization must be mapped.
phpbb-C0090,phpbb,tests/template/template_includejs_test.php,mixed_php_html,PASS,pending,NEEDS_MANUAL_ORACLE_REVIEW,No obvious web contract was extracted; existing tests or manual characterization must be mapped.
phpbb-C0091,phpbb,tests/template/template_includejs_test.php,long_method_or_region,PASS,pending,NEEDS_MANUAL_ORACLE_REVIEW,No obvious web contract was extracted; existing tests or manual characterization must be mapped.
phpbb-C0092,phpbb,tests/template/template_test.php,long_method_or_region,PASS,pending,NEEDS_MANUAL_ORACLE_REVIEW,No obvious web contract was extracted; existing tests or manual characterization must be mapped.
phpbb-C0093,phpbb,tests/template/template_test.php,long_method_or_region,PASS,pending,NEEDS_MANUAL_ORACLE_REVIEW,No obvious web contract was extracted; existing tests or manual characterization must be mapped.
phpbb-C0094,phpbb,tests/test_framework/phpbb_database_test_case.php,sql_data_access,PASS,pending,NEEDS_MANUAL_ORACLE_REVIEW,No obvious web contract was extracted; existing tests or manual characterization must be mapped.
phpbb-C0095,phpbb,tests/test_framework/phpbb_database_test_case.php,sql_data_access,PASS,pending,NEEDS_MANUAL_ORACLE_REVIEW,No obvious web contract was extracted; existing tests or manual characterization must be mapped.
phpbb-C0096,phpbb,tests/test_framework/phpbb_database_test_connection_manager.php,sql_data_access,PASS,pending,NEEDS_MANUAL_ORACLE_REVIEW,No obvious web contract was extracted; existing tests or manual characterization must be mapped.
phpbb-C0097,phpbb,tests/test_framework/phpbb_database_test_connection_manager.php,sql_data_access,PASS,pending,NEEDS_MANUAL_ORACLE_REVIEW,No obvious web contract was extracted; existing tests or manual characterization must be mapped.
phpbb-C0098,phpbb,tests/test_framework/phpbb_database_test_connection_manager.php,long_method_or_region,PASS,pending,NEEDS_MANUAL_ORACLE_REVIEW,No obvious web contract was extracted; existing tests or manual characterization must be mapped.
phpbb-C0099,phpbb,tests/test_framework/phpbb_database_test_connection_manager.php,sql_data_access,PASS,pending,NEEDS_MANUAL_ORACLE_REVIEW,No obvious web contract was extracted; existing tests or manual characterization must be mapped.
phpbb-C0100,phpbb,tests/test_framework/phpbb_database_test_connection_manager.php,sql_data_access,PASS,pending,NEEDS_MANUAL_ORACLE_REVIEW,No obvious web contract was extracted; existing tests or manual characterization must be mapped.
phpbb-C0101,phpbb,tests/test_framework/phpbb_database_test_connection_manager.php,sql_data_access,PASS,pending,NEEDS_MANUAL_ORACLE_REVIEW,No obvious web contract was extracted; existing tests or manual characterization must be mapped.
phpbb-C0102,phpbb,tests/test_framework/phpbb_database_test_connection_manager.php,sql_data_access,PASS,pending,NEEDS_MANUAL_ORACLE_REVIEW,No obvious web contract was extracted; existing tests or manual characterization must be mapped.
phpbb-C0103,phpbb,tests/test_framework/phpbb_database_test_connection_manager.php,sql_data_access,PASS,pending,NEEDS_MANUAL_ORACLE_REVIEW,No obvious web contract was extracted; existing tests or manual characterization must be mapped.
phpbb-C0104,phpbb,tests/test_framework/phpbb_functional_test_case.php,sql_data_access,PASS,pending,NEEDS_MANUAL_ORACLE_REVIEW,No obvious web contract was extracted; existing tests or manual characterization must be mapped.
phpbb-C0105,phpbb,tests/test_framework/phpbb_functional_test_case.php,sql_data_access,PASS,pending,NEEDS_MANUAL_ORACLE_REVIEW,No obvious web contract was extracted; existing tests or manual characterization must be mapped.
phpbb-C0106,phpbb,tests/test_framework/phpbb_functional_test_case.php,long_method_or_region,PASS,pending,NEEDS_MANUAL_ORACLE_REVIEW,No obvious web contract was extracted; existing tests or manual characterization must be mapped.
phpbb-C0107,phpbb,tests/test_framework/phpbb_functional_test_case.php,sql_data_access,PASS,pending,NEEDS_MANUAL_ORACLE_REVIEW,No obvious web contract was extracted; existing tests or manual characterization must be mapped.
phpbb-C0108,phpbb,tests/test_framework/phpbb_functional_test_case.php,sql_data_access,PASS,pending,NEEDS_MANUAL_ORACLE_REVIEW,No obvious web contract was extracted; existing tests or manual characterization must be mapped.
phpbb-C0109,phpbb,tests/test_framework/phpbb_functional_test_case.php,sql_data_access,PASS,pending,NEEDS_MANUAL_ORACLE_REVIEW,No obvious web contract was extracted; existing tests or manual characterization must be mapped.
phpbb-C0110,phpbb,tests/test_framework/phpbb_test_case_helpers.php,long_method_or_region,PASS,pending,NEEDS_MANUAL_ORACLE_REVIEW,No obvious web contract was extracted; existing tests or manual characterization must be mapped.
phpbb-C0111,phpbb,tests/test_framework/phpbb_test_case_helpers.php,long_method_or_region,PASS,pending,NEEDS_MANUAL_ORACLE_REVIEW,No obvious web contract was extracted; existing tests or manual characterization must be mapped.
phpbb-C0112,phpbb,tests/test_framework/phpbb_test_case_helpers.php,long_method_or_region,PASS,pending,NEEDS_MANUAL_ORACLE_REVIEW,No obvious web contract was extracted; existing tests or manual characterization must be mapped.
phpbb-C0113,phpbb,tests/test_framework/phpbb_ui_test_case.php,sql_data_access,PASS,pending,NEEDS_MANUAL_ORACLE_REVIEW,No obvious web contract was extracted; existing tests or manual characterization must be mapped.
phpbb-C0114,phpbb,tests/test_framework/phpbb_ui_test_case.php,long_method_or_region,PASS,pending,NEEDS_MANUAL_ORACLE_REVIEW,No obvious web contract was extracted; existing tests or manual characterization must be mapped.
phpbb-C0115,phpbb,tests/test_framework/phpbb_ui_test_case.php,long_method_or_region,PASS,pending,NEEDS_MANUAL_ORACLE_REVIEW,No obvious web contract was extracted; existing tests or manual characterization must be mapped.
phpbb-C0116,phpbb,tests/text_processing/generate_text_for_storage_test.php,long_method_or_region,PASS,pending,NEEDS_MANUAL_ORACLE_REVIEW,No obvious web contract was extracted; existing tests or manual characterization must be mapped.
phpbb-C0117,phpbb,tests/text_processing/make_clickable_test.php,mixed_php_html,PASS,pending,NEEDS_MANUAL_ORACLE_REVIEW,No obvious web contract was extracted; existing tests or manual characterization must be mapped.
phpbb-C0118,phpbb,tests/text_processing/make_clickable_test.php,long_method_or_region,PASS,pending,NEEDS_MANUAL_ORACLE_REVIEW,No obvious web contract was extracted; existing tests or manual characterization must be mapped.
phpbb-C0119,phpbb,tests/text_processing/message_parser_test.php,long_method_or_region,PASS,pending,NEEDS_MANUAL_ORACLE_REVIEW,No obvious web contract was extracted; existing tests or manual characterization must be mapped.
phpbb-C0120,phpbb,tests/tree/nestedset_forum_base.php,sql_data_access,PASS,pending,NEEDS_MANUAL_ORACLE_REVIEW,No obvious web contract was extracted; existing tests or manual characterization must be mapped.
phpbb-C0121,phpbb,tests/tree/nestedset_forum_move_test.php,long_method_or_region,PASS,pending,NEEDS_MANUAL_ORACLE_REVIEW,No obvious web contract was extracted; existing tests or manual characterization must be mapped.
phpbb-C0122,phpbb,tests/tree/nestedset_forum_move_test.php,long_method_or_region,PASS,pending,NEEDS_MANUAL_ORACLE_REVIEW,No obvious web contract was extracted; existing tests or manual characterization must be mapped.
phpbb-C0123,phpbb,tests/tree/nestedset_forum_move_test.php,long_method_or_region,PASS,pending,NEEDS_MANUAL_ORACLE_REVIEW,No obvious web contract was extracted; existing tests or manual characterization must be mapped.
phpbb-C0124,phpbb,tests/tree/nestedset_forum_test.php,sql_data_access,PASS,pending,NEEDS_MANUAL_ORACLE_REVIEW,No obvious web contract was extracted; existing tests or manual characterization must be mapped.
phpbb-C0125,phpbb,tests/version/version_helper_remote_test.php,long_method_or_region,PASS,pending,NEEDS_MANUAL_ORACLE_REVIEW,No obvious web contract was extracted; existing tests or manual characterization must be mapped.
phpbb-C0126,phpbb,tests/version/version_test.php,long_method_or_region,PASS,pending,NEEDS_MANUAL_ORACLE_REVIEW,No obvious web contract was extracted; existing tests or manual characterization must be mapped.
phpbb-C0127,phpbb,tests/version/version_test.php,long_method_or_region,PASS,pending,NEEDS_MANUAL_ORACLE_REVIEW,No obvious web contract was extracted; existing tests or manual characterization must be mapped.
phpbb-C0128,phpbb,tests/version/version_test.php,long_method_or_region,PASS,pending,NEEDS_MANUAL_ORACLE_REVIEW,No obvious web contract was extracted; existing tests or manual characterization must be mapped.
phpbb-C0129,phpbb,tests/text_formatter/s9e/bbcode_merger_test.php,mixed_php_html,PASS,pending,NEEDS_CHARACTERIZATION,Candidate has observable request/output contract but no stable oracle yet.
phpbb-C0130,phpbb,tests/text_formatter/s9e/bbcode_merger_test.php,long_method_or_region,PASS,pending,NEEDS_CHARACTERIZATION,Candidate has observable request/output contract but no stable oracle yet.
phpbb-C0131,phpbb,tests/text_formatter/s9e/default_formatting_test.php,mixed_php_html_sql,PASS,pending,NEEDS_CHARACTERIZATION,Candidate has observable request/output contract but no stable oracle yet.
phpbb-C0132,phpbb,tests/text_formatter/s9e/default_formatting_test.php,sql_data_access,PASS,pending,NEEDS_CHARACTERIZATION,Candidate has observable request/output contract but no stable oracle yet.
phpbb-C0133,phpbb,tests/text_formatter/s9e/renderer_test.php,long_method_or_region,PASS,pending,NEEDS_CHARACTERIZATION,Candidate has observable request/output contract but no stable oracle yet.
phpbb-C0134,phpbb,tests/text_formatter/s9e/utils_test.php,long_method_or_region,PASS,pending,NEEDS_MANUAL_ORACLE_REVIEW,No obvious web contract was extracted; existing tests or manual characterization must be mapped.
phpbb-C0135,phpbb,phpBB/develop/add_permissions.php,sql_data_access,PASS,pending,NEEDS_MANUAL_ORACLE_REVIEW,No obvious web contract was extracted; existing tests or manual characterization must be mapped.
phpbb-C0136,phpbb,phpBB/develop/add_permissions.php,sql_data_access,PASS,pending,NEEDS_MANUAL_ORACLE_REVIEW,No obvious web contract was extracted; existing tests or manual characterization must be mapped.
phpbb-C0137,phpbb,phpBB/develop/adjust_avatars.php,sql_data_access,PASS,pending,NEEDS_MANUAL_ORACLE_REVIEW,No obvious web contract was extracted; existing tests or manual characterization must be mapped.
phpbb-C0138,phpbb,phpBB/develop/adjust_bbcodes.php,sql_data_access,PASS,pending,NEEDS_MANUAL_ORACLE_REVIEW,No obvious web contract was extracted; existing tests or manual characterization must be mapped.
phpbb-C0139,phpbb,phpBB/develop/adjust_magic_urls.php,mixed_php_html_sql,PASS,pending,NEEDS_CHARACTERIZATION,Candidate has observable request/output contract but no stable oracle yet.
phpbb-C0140,phpbb,phpBB/develop/adjust_sizes.php,sql_data_access,PASS,pending,NEEDS_MANUAL_ORACLE_REVIEW,No obvious web contract was extracted; existing tests or manual characterization must be mapped.
phpbb-C0141,phpbb,phpBB/develop/adjust_sizes.php,sql_data_access,PASS,pending,NEEDS_MANUAL_ORACLE_REVIEW,No obvious web contract was extracted; existing tests or manual characterization must be mapped.
phpbb-C0142,phpbb,phpBB/develop/adjust_smilies.php,sql_data_access,PASS,pending,NEEDS_MANUAL_ORACLE_REVIEW,No obvious web contract was extracted; existing tests or manual characterization must be mapped.
phpbb-C0143,phpbb,phpBB/develop/adjust_uids.php,sql_data_access,PASS,pending,NEEDS_MANUAL_ORACLE_REVIEW,No obvious web contract was extracted; existing tests or manual characterization must be mapped.
phpbb-C0144,phpbb,phpBB/develop/benchmark.php,mixed_php_html_sql,PASS,pending,NEEDS_CHARACTERIZATION,Candidate has observable request/output contract but no stable oracle yet.
phpbb-C0145,phpbb,phpBB/develop/benchmark.php,sql_data_access,PASS,pending,NEEDS_MANUAL_ORACLE_REVIEW,No obvious web contract was extracted; existing tests or manual characterization must be mapped.
phpbb-C0146,phpbb,phpBB/develop/benchmark.php,sql_data_access,PASS,pending,NEEDS_MANUAL_ORACLE_REVIEW,No obvious web contract was extracted; existing tests or manual characterization must be mapped.
phpbb-C0147,phpbb,phpBB/develop/check_flash_bbcodes.php,sql_data_access,PASS,pending,NEEDS_MANUAL_ORACLE_REVIEW,No obvious web contract was extracted; existing tests or manual characterization must be mapped.
phpbb-C0148,phpbb,phpBB/develop/create_search_index.php,sql_data_access,PASS,pending,NEEDS_MANUAL_ORACLE_REVIEW,No obvious web contract was extracted; existing tests or manual characterization must be mapped.
phpbb-C0149,phpbb,phpBB/develop/create_variable_overview.php,mixed_php_html,PASS,pending,NEEDS_CHARACTERIZATION,Candidate has observable request/output contract but no stable oracle yet.
phpbb-C0150,phpbb,phpBB/develop/export_events_for_wiki.php,long_method_or_region,PASS,pending,NEEDS_MANUAL_ORACLE_REVIEW,No obvious web contract was extracted; existing tests or manual characterization must be mapped.
phpbb-C0151,phpbb,phpBB/develop/fill.php,mixed_php_html_sql,PASS,pending,NEEDS_CHARACTERIZATION,Candidate has observable request/output contract but no stable oracle yet.
phpbb-C0152,phpbb,phpBB/develop/generate_utf_confusables.php,long_method_or_region,PASS,pending,NEEDS_MANUAL_ORACLE_REVIEW,No obvious web contract was extracted; existing tests or manual characterization must be mapped.
phpbb-C0153,phpbb,phpBB/develop/imageset_to_css.php,form_handling,PASS,pending,NEEDS_CHARACTERIZATION,Candidate has observable request/output contract but no stable oracle yet.
phpbb-C0154,phpbb,phpBB/develop/imageset_to_css.php,long_method_or_region,PASS,pending,NEEDS_MANUAL_ORACLE_REVIEW,No obvious web contract was extracted; existing tests or manual characterization must be mapped.
phpbb-C0155,phpbb,phpBB/develop/imageset_to_css.php,long_method_or_region,PASS,pending,NEEDS_MANUAL_ORACLE_REVIEW,No obvious web contract was extracted; existing tests or manual characterization must be mapped.
phpbb-C0156,phpbb,phpBB/develop/lang_duplicates.php,mixed_php_html,PASS,pending,NEEDS_MANUAL_ORACLE_REVIEW,No obvious web contract was extracted; existing tests or manual characterization must be mapped.
phpbb-C0157,phpbb,phpBB/develop/merge_post_tables.php,sql_data_access,PASS,pending,NEEDS_MANUAL_ORACLE_REVIEW,No obvious web contract was extracted; existing tests or manual characterization must be mapped.
phpbb-C0158,phpbb,phpBB/develop/namespacify.php,long_method_or_region,PASS,pending,NEEDS_MANUAL_ORACLE_REVIEW,No obvious web contract was extracted; existing tests or manual characterization must be mapped.
phpbb-C0159,phpbb,phpBB/develop/repair_bots.php,sql_data_access,PASS,pending,NEEDS_MANUAL_ORACLE_REVIEW,No obvious web contract was extracted; existing tests or manual characterization must be mapped.
phpbb-C0160,phpbb,phpBB/develop/search_fill.php,mixed_php_html_sql,PASS,pending,NEEDS_MANUAL_ORACLE_REVIEW,No obvious web contract was extracted; existing tests or manual characterization must be mapped.
phpbb-C0161,phpbb,phpBB/download/file.php,sql_data_access,PASS,pending,NEEDS_CHARACTERIZATION,Candidate has observable request/output contract but no stable oracle yet.
phpbb-C0162,phpbb,phpBB/includes/bbcode.php,mixed_php_html_sql,PASS,pending,NEEDS_CHARACTERIZATION,Candidate has observable request/output contract but no stable oracle yet.
phpbb-C0163,phpbb,phpBB/includes/bbcode.php,long_method_or_region,PASS,pending,NEEDS_MANUAL_ORACLE_REVIEW,No obvious web contract was extracted; existing tests or manual characterization must be mapped.
phpbb-C0164,phpbb,phpBB/includes/bbcode.php,sql_data_access,PASS,pending,NEEDS_MANUAL_ORACLE_REVIEW,No obvious web contract was extracted; existing tests or manual characterization must be mapped.
phpbb-C0165,phpbb,phpBB/includes/bbcode.php,long_method_or_region,PASS,pending,NEEDS_CHARACTERIZATION,Candidate has observable request/output contract but no stable oracle yet.
phpbb-C0166,phpbb,phpBB/includes/functions.php,mixed_php_html_sql,PASS,pending,NEEDS_CHARACTERIZATION,Candidate has observable request/output contract but no stable oracle yet.
phpbb-C0167,phpbb,phpBB/includes/functions.php,long_method_or_region,PASS,pending,NEEDS_MANUAL_ORACLE_REVIEW,No obvious web contract was extracted; existing tests or manual characterization must be mapped.
phpbb-C0168,phpbb,phpBB/includes/functions.php,long_method_or_region,PASS,pending,NEEDS_MANUAL_ORACLE_REVIEW,No obvious web contract was extracted; existing tests or manual characterization must be mapped.
phpbb-C0169,phpbb,phpBB/includes/functions.php,long_method_or_region,PASS,pending,NEEDS_MANUAL_ORACLE_REVIEW,No obvious web contract was extracted; existing tests or manual characterization must be mapped.
phpbb-C0170,phpbb,phpBB/includes/functions.php,sql_data_access,PASS,pending,NEEDS_MANUAL_ORACLE_REVIEW,No obvious web contract was extracted; existing tests or manual characterization must be mapped.
phpbb-C0171,phpbb,phpBB/includes/functions.php,sql_data_access,PASS,pending,NEEDS_MANUAL_ORACLE_REVIEW,No obvious web contract was extracted; existing tests or manual characterization must be mapped.
phpbb-C0172,phpbb,phpBB/includes/functions.php,sql_data_access,PASS,pending,NEEDS_MANUAL_ORACLE_REVIEW,No obvious web contract was extracted; existing tests or manual characterization must be mapped.
phpbb-C0173,phpbb,phpBB/includes/functions.php,sql_data_access,PASS,pending,NEEDS_MANUAL_ORACLE_REVIEW,No obvious web contract was extracted; existing tests or manual characterization must be mapped.
phpbb-C0174,phpbb,phpBB/includes/functions.php,long_method_or_region,PASS,pending,NEEDS_MANUAL_ORACLE_REVIEW,No obvious web contract was extracted; existing tests or manual characterization must be mapped.
phpbb-C0175,phpbb,phpBB/includes/functions.php,long_method_or_region,PASS,pending,NEEDS_MANUAL_ORACLE_REVIEW,No obvious web contract was extracted; existing tests or manual characterization must be mapped.
phpbb-C0176,phpbb,phpBB/includes/functions.php,long_method_or_region,PASS,pending,NEEDS_MANUAL_ORACLE_REVIEW,No obvious web contract was extracted; existing tests or manual characterization must be mapped.
phpbb-C0177,phpbb,phpBB/includes/functions.php,long_method_or_region,PASS,pending,NEEDS_MANUAL_ORACLE_REVIEW,No obvious web contract was extracted; existing tests or manual characterization must be mapped.
phpbb-C0178,phpbb,phpBB/includes/functions.php,long_method_or_region,PASS,pending,NEEDS_MANUAL_ORACLE_REVIEW,No obvious web contract was extracted; existing tests or manual characterization must be mapped.
phpbb-C0179,phpbb,phpBB/includes/functions.php,long_method_or_region,PASS,pending,NEEDS_MANUAL_ORACLE_REVIEW,No obvious web contract was extracted; existing tests or manual characterization must be mapped.
phpbb-C0180,phpbb,phpBB/includes/functions.php,long_method_or_region,PASS,pending,NEEDS_CHARACTERIZATION,Candidate has observable request/output contract but no stable oracle yet.
phpbb-C0181,phpbb,phpBB/includes/functions.php,long_method_or_region,PASS,pending,NEEDS_MANUAL_ORACLE_REVIEW,No obvious web contract was extracted; existing tests or manual characterization must be mapped.
phpbb-C0182,phpbb,phpBB/includes/functions.php,sql_data_access,PASS,pending,NEEDS_MANUAL_ORACLE_REVIEW,No obvious web contract was extracted; existing tests or manual characterization must be mapped.
phpbb-C0183,phpbb,phpBB/includes/functions.php,long_method_or_region,PASS,pending,NEEDS_MANUAL_ORACLE_REVIEW,No obvious web contract was extracted; existing tests or manual characterization must be mapped.
phpbb-C0184,phpbb,phpBB/includes/functions.php,long_method_or_region,PASS,pending,NEEDS_CHARACTERIZATION,Candidate has observable request/output contract but no stable oracle yet.
phpbb-C0185,phpbb,phpBB/includes/functions.php,long_method_or_region,PASS,pending,NEEDS_MANUAL_ORACLE_REVIEW,No obvious web contract was extracted; existing tests or manual characterization must be mapped.
phpbb-C0186,phpbb,phpBB/includes/functions.php,long_method_or_region,PASS,pending,NEEDS_MANUAL_ORACLE_REVIEW,No obvious web contract was extracted; existing tests or manual characterization must be mapped.
phpbb-C0187,phpbb,phpBB/includes/functions.php,long_method_or_region,PASS,pending,NEEDS_MANUAL_ORACLE_REVIEW,No obvious web contract was extracted; existing tests or manual characterization must be mapped.
phpbb-C0188,phpbb,phpBB/includes/functions.php,long_method_or_region,PASS,pending,NEEDS_CHARACTERIZATION,Candidate has observable request/output contract but no stable oracle yet.
phpbb-C0189,phpbb,phpBB/includes/functions.php,sql_data_access,PASS,pending,NEEDS_MANUAL_ORACLE_REVIEW,No obvious web contract was extracted; existing tests or manual characterization must be mapped.
phpbb-C0190,phpbb,phpBB/includes/functions.php,sql_data_access,PASS,pending,NEEDS_MANUAL_ORACLE_REVIEW,No obvious web contract was extracted; existing tests or manual characterization must be mapped.
phpbb-C0191,phpbb,phpBB/includes/functions.php,long_method_or_region,PASS,pending,NEEDS_MANUAL_ORACLE_REVIEW,No obvious web contract was extracted; existing tests or manual characterization must be mapped.
phpbb-C0192,phpbb,phpBB/includes/functions.php,long_method_or_region,PASS,pending,NEEDS_MANUAL_ORACLE_REVIEW,No obvious web contract was extracted; existing tests or manual characterization must be mapped.
phpbb-C0193,phpbb,phpBB/includes/functions.php,long_method_or_region,PASS,pending,NEEDS_CHARACTERIZATION,Candidate has observable request/output contract but no stable oracle yet.
phpbb-C0194,phpbb,phpBB/includes/functions.php,sql_data_access,PASS,pending,NEEDS_MANUAL_ORACLE_REVIEW,No obvious web contract was extracted; existing tests or manual characterization must be mapped.
phpbb-C0195,phpbb,phpBB/includes/functions.php,long_method_or_region,PASS,pending,NEEDS_MANUAL_ORACLE_REVIEW,No obvious web contract was extracted; existing tests or manual characterization must be mapped.
phpbb-C0196,phpbb,phpBB/includes/functions_acp.php,mixed_php_html,PASS,pending,NEEDS_CHARACTERIZATION,Candidate has observable request/output contract but no stable oracle yet.
phpbb-C0197,phpbb,phpBB/includes/functions_acp.php,long_method_or_region,PASS,pending,NEEDS_MANUAL_ORACLE_REVIEW,No obvious web contract was extracted; existing tests or manual characterization must be mapped.
phpbb-C0198,phpbb,phpBB/includes/functions_acp.php,long_method_or_region,PASS,pending,NEEDS_CHARACTERIZATION,Candidate has observable request/output contract but no stable oracle yet.
phpbb-C0199,phpbb,phpBB/includes/functions_acp.php,long_method_or_region,PASS,pending,NEEDS_MANUAL_ORACLE_REVIEW,No obvious web contract was extracted; existing tests or manual characterization must be mapped.
phpbb-C0200,phpbb,phpBB/includes/functions_acp.php,long_method_or_region,PASS,pending,NEEDS_MANUAL_ORACLE_REVIEW,No obvious web contract was extracted; existing tests or manual characterization must be mapped.
phpbb-C0201,phpbb,phpBB/includes/functions_admin.php,sql_data_access,PASS,pending,NEEDS_CHARACTERIZATION,Candidate has observable request/output contract but no stable oracle yet.
phpbb-C0202,phpbb,phpBB/includes/functions_admin.php,sql_data_access,PASS,pending,NEEDS_CHARACTERIZATION,Candidate has observable request/output contract but no stable oracle yet.
phpbb-C0203,phpbb,phpBB/includes/functions_admin.php,sql_data_access,PASS,pending,NEEDS_CHARACTERIZATION,Candidate has observable request/output contract but no stable oracle yet.
phpbb-C0204,phpbb,phpBB/includes/functions_admin.php,sql_data_access,PASS,pending,NEEDS_MANUAL_ORACLE_REVIEW,No obvious web contract was extracted; existing tests or manual characterization must be mapped.
phpbb-C0205,phpbb,phpBB/includes/functions_admin.php,sql_data_access,PASS,pending,NEEDS_MANUAL_ORACLE_REVIEW,No obvious web contract was extracted; existing tests or manual characterization must be mapped.
phpbb-C0206,phpbb,phpBB/includes/functions_admin.php,sql_data_access,PASS,pending,NEEDS_MANUAL_ORACLE_REVIEW,No obvious web contract was extracted; existing tests or manual characterization must be mapped.
phpbb-C0207,phpbb,phpBB/includes/functions_admin.php,long_method_or_region,PASS,pending,NEEDS_MANUAL_ORACLE_REVIEW,No obvious web contract was extracted; existing tests or manual characterization must be mapped.
phpbb-C0208,phpbb,phpBB/includes/functions_admin.php,sql_data_access,PASS,pending,NEEDS_MANUAL_ORACLE_REVIEW,No obvious web contract was extracted; existing tests or manual characterization must be mapped.
phpbb-C0209,phpbb,phpBB/includes/functions_admin.php,sql_data_access,PASS,pending,NEEDS_MANUAL_ORACLE_REVIEW,No obvious web contract was extracted; existing tests or manual characterization must be mapped.
phpbb-C0210,phpbb,phpBB/includes/functions_admin.php,sql_data_access,PASS,pending,NEEDS_MANUAL_ORACLE_REVIEW,No obvious web contract was extracted; existing tests or manual characterization must be mapped.
phpbb-C0211,phpbb,phpBB/includes/functions_admin.php,sql_data_access,PASS,pending,NEEDS_MANUAL_ORACLE_REVIEW,No obvious web contract was extracted; existing tests or manual characterization must be mapped.
phpbb-C0212,phpbb,phpBB/includes/functions_admin.php,sql_data_access,PASS,pending,NEEDS_MANUAL_ORACLE_REVIEW,No obvious web contract was extracted; existing tests or manual characterization must be mapped.
phpbb-C0213,phpbb,phpBB/includes/functions_admin.php,sql_data_access,PASS,pending,NEEDS_MANUAL_ORACLE_REVIEW,No obvious web contract was extracted; existing tests or manual characterization must be mapped.
phpbb-C0214,phpbb,phpBB/includes/functions_admin.php,sql_data_access,PASS,pending,NEEDS_MANUAL_ORACLE_REVIEW,No obvious web contract was extracted; existing tests or manual characterization must be mapped.
phpbb-C0215,phpbb,phpBB/includes/functions_admin.php,sql_data_access,PASS,pending,NEEDS_MANUAL_ORACLE_REVIEW,No obvious web contract was extracted; existing tests or manual characterization must be mapped.
phpbb-C0216,phpbb,phpBB/includes/functions_admin.php,sql_data_access,PASS,pending,NEEDS_MANUAL_ORACLE_REVIEW,No obvious web contract was extracted; existing tests or manual characterization must be mapped.
phpbb-C0217,phpbb,phpBB/includes/functions_admin.php,sql_data_access,PASS,pending,NEEDS_MANUAL_ORACLE_REVIEW,No obvious web contract was extracted; existing tests or manual characterization must be mapped.
phpbb-C0218,phpbb,phpBB/includes/functions_admin.php,sql_data_access,PASS,pending,NEEDS_MANUAL_ORACLE_REVIEW,No obvious web contract was extracted; existing tests or manual characterization must be mapped.
phpbb-C0219,phpbb,phpBB/includes/functions_admin.php,sql_data_access,PASS,pending,NEEDS_MANUAL_ORACLE_REVIEW,No obvious web contract was extracted; existing tests or manual characterization must be mapped.
phpbb-C0220,phpbb,phpBB/includes/functions_admin.php,sql_data_access,PASS,pending,NEEDS_MANUAL_ORACLE_REVIEW,No obvious web contract was extracted; existing tests or manual characterization must be mapped.
phpbb-C0221,phpbb,phpBB/includes/functions_admin.php,sql_data_access,PASS,pending,NEEDS_MANUAL_ORACLE_REVIEW,No obvious web contract was extracted; existing tests or manual characterization must be mapped.
phpbb-C0222,phpbb,phpBB/includes/functions_compatibility.php,sql_data_access,PASS,pending,NEEDS_MANUAL_ORACLE_REVIEW,No obvious web contract was extracted; existing tests or manual characterization must be mapped.
phpbb-C0223,phpbb,phpBB/includes/functions_compatibility.php,long_method_or_region,PASS,pending,NEEDS_MANUAL_ORACLE_REVIEW,No obvious web contract was extracted; existing tests or manual characterization must be mapped.
phpbb-C0224,phpbb,phpBB/includes/functions_compress.php,long_method_or_region,PASS,pending,NEEDS_MANUAL_ORACLE_REVIEW,No obvious web contract was extracted; existing tests or manual characterization must be mapped.
phpbb-C0225,phpbb,phpBB/includes/functions_compress.php,long_method_or_region,PASS,pending,NEEDS_MANUAL_ORACLE_REVIEW,No obvious web contract was extracted; existing tests or manual characterization must be mapped.
phpbb-C0226,phpbb,phpBB/includes/functions_compress.php,long_method_or_region,PASS,pending,NEEDS_MANUAL_ORACLE_REVIEW,No obvious web contract was extracted; existing tests or manual characterization must be mapped.
phpbb-C0227,phpbb,phpBB/includes/functions_content.php,mixed_php_html_sql,PASS,pending,NEEDS_CHARACTERIZATION,Candidate has observable request/output contract but no stable oracle yet.
phpbb-C0228,phpbb,phpBB/includes/functions_content.php,long_method_or_region,PASS,pending,NEEDS_MANUAL_ORACLE_REVIEW,No obvious web contract was extracted; existing tests or manual characterization must be mapped.
phpbb-C0229,phpbb,phpBB/includes/functions_content.php,sql_data_access,PASS,pending,NEEDS_MANUAL_ORACLE_REVIEW,No obvious web contract was extracted; existing tests or manual characterization must be mapped.
phpbb-C0230,phpbb,phpBB/includes/functions_content.php,long_method_or_region,PASS,pending,NEEDS_MANUAL_ORACLE_REVIEW,No obvious web contract was extracted; existing tests or manual characterization must be mapped.
phpbb-C0231,phpbb,phpBB/includes/functions_content.php,long_method_or_region,PASS,pending,NEEDS_MANUAL_ORACLE_REVIEW,No obvious web contract was extracted; existing tests or manual characterization must be mapped.
phpbb-C0232,phpbb,phpBB/includes/functions_content.php,long_method_or_region,PASS,pending,NEEDS_MANUAL_ORACLE_REVIEW,No obvious web contract was extracted; existing tests or manual characterization must be mapped.
phpbb-C0233,phpbb,phpBB/includes/functions_content.php,long_method_or_region,PASS,pending,NEEDS_MANUAL_ORACLE_REVIEW,No obvious web contract was extracted; existing tests or manual characterization must be mapped.
phpbb-C0234,phpbb,phpBB/includes/functions_content.php,long_method_or_region,PASS,pending,NEEDS_CHARACTERIZATION,Candidate has observable request/output contract but no stable oracle yet.
phpbb-C0235,phpbb,phpBB/includes/functions_content.php,long_method_or_region,PASS,pending,NEEDS_CHARACTERIZATION,Candidate has observable request/output contract but no stable oracle yet.
phpbb-C0236,phpbb,phpBB/includes/functions_content.php,sql_data_access,PASS,pending,NEEDS_CHARACTERIZATION,Candidate has observable request/output contract but no stable oracle yet.
phpbb-C0237,phpbb,phpBB/includes/functions_content.php,long_method_or_region,PASS,pending,NEEDS_MANUAL_ORACLE_REVIEW,No obvious web contract was extracted; existing tests or manual characterization must be mapped.
phpbb-C0238,phpbb,phpBB/includes/functions_content.php,long_method_or_region,PASS,pending,NEEDS_CHARACTERIZATION,Candidate has observable request/output contract but no stable oracle yet.
phpbb-C0239,phpbb,phpBB/includes/functions_convert.php,sql_data_access,PASS,pending,NEEDS_MANUAL_ORACLE_REVIEW,No obvious web contract was extracted; existing tests or manual characterization must be mapped.
phpbb-C0240,phpbb,phpBB/includes/functions_convert.php,long_method_or_region,PASS,pending,NEEDS_MANUAL_ORACLE_REVIEW,No obvious web contract was extracted; existing tests or manual characterization must be mapped.
phpbb-C0241,phpbb,phpBB/includes/functions_convert.php,long_method_or_region,PASS,pending,NEEDS_MANUAL_ORACLE_REVIEW,No obvious web contract was extracted; existing tests or manual characterization must be mapped.
phpbb-C0242,phpbb,phpBB/includes/functions_convert.php,long_method_or_region,PASS,pending,NEEDS_MANUAL_ORACLE_REVIEW,No obvious web contract was extracted; existing tests or manual characterization must be mapped.
phpbb-C0243,phpbb,phpBB/includes/functions_convert.php,long_method_or_region,PASS,pending,NEEDS_MANUAL_ORACLE_REVIEW,No obvious web contract was extracted; existing tests or manual characterization must be mapped.
phpbb-C0244,phpbb,phpBB/includes/functions_convert.php,long_method_or_region,PASS,pending,NEEDS_MANUAL_ORACLE_REVIEW,No obvious web contract was extracted; existing tests or manual characterization must be mapped.
phpbb-C0245,phpbb,phpBB/includes/functions_convert.php,sql_data_access,PASS,pending,NEEDS_MANUAL_ORACLE_REVIEW,No obvious web contract was extracted; existing tests or manual characterization must be mapped.
phpbb-C0246,phpbb,phpBB/includes/functions_convert.php,sql_data_access,PASS,pending,NEEDS_MANUAL_ORACLE_REVIEW,No obvious web contract was extracted; existing tests or manual characterization must be mapped.
phpbb-C0247,phpbb,phpBB/includes/functions_convert.php,long_method_or_region,PASS,pending,NEEDS_MANUAL_ORACLE_REVIEW,No obvious web contract was extracted; existing tests or manual characterization must be mapped.
phpbb-C0248,phpbb,phpBB/includes/functions_convert.php,long_method_or_region,PASS,pending,NEEDS_MANUAL_ORACLE_REVIEW,No obvious web contract was extracted; existing tests or manual characterization must be mapped.
phpbb-C0249,phpbb,phpBB/includes/functions_convert.php,sql_data_access,PASS,pending,NEEDS_MANUAL_ORACLE_REVIEW,No obvious web contract was extracted; existing tests or manual characterization must be mapped.
phpbb-C0250,phpbb,phpBB/includes/functions_convert.php,sql_data_access,PASS,pending,NEEDS_MANUAL_ORACLE_REVIEW,No obvious web contract was extracted; existing tests or manual characterization must be mapped.
phpbb-C0251,phpbb,phpBB/includes/functions_convert.php,sql_data_access,PASS,pending,NEEDS_MANUAL_ORACLE_REVIEW,No obvious web contract was extracted; existing tests or manual characterization must be mapped.
phpbb-C0252,phpbb,phpBB/includes/functions_convert.php,sql_data_access,PASS,pending,NEEDS_MANUAL_ORACLE_REVIEW,No obvious web contract was extracted; existing tests or manual characterization must be mapped.
phpbb-C0253,phpbb,phpBB/includes/functions_convert.php,sql_data_access,PASS,pending,NEEDS_MANUAL_ORACLE_REVIEW,No obvious web contract was extracted; existing tests or manual characterization must be mapped.
phpbb-C0254,phpbb,phpBB/includes/functions_convert.php,sql_data_access,PASS,pending,NEEDS_MANUAL_ORACLE_REVIEW,No obvious web contract was extracted; existing tests or manual characterization must be mapped.
phpbb-C0255,phpbb,phpBB/includes/functions_convert.php,long_method_or_region,PASS,pending,NEEDS_MANUAL_ORACLE_REVIEW,No obvious web contract was extracted; existing tests or manual characterization must be mapped.
phpbb-C0256,phpbb,phpBB/includes/functions_convert.php,long_method_or_region,PASS,pending,NEEDS_MANUAL_ORACLE_REVIEW,No obvious web contract was extracted; existing tests or manual characterization must be mapped.
phpbb-C0257,phpbb,phpBB/includes/functions_database_helper.php,sql_data_access,PASS,pending,NEEDS_MANUAL_ORACLE_REVIEW,No obvious web contract was extracted; existing tests or manual characterization must be mapped.
phpbb-C0258,phpbb,phpBB/includes/functions_database_helper.php,sql_data_access,PASS,pending,NEEDS_MANUAL_ORACLE_REVIEW,No obvious web contract was extracted; existing tests or manual characterization must be mapped.
phpbb-C0259,phpbb,phpBB/includes/functions_database_helper.php,sql_data_access,PASS,pending,NEEDS_MANUAL_ORACLE_REVIEW,No obvious web contract was extracted; existing tests or manual characterization must be mapped.
phpbb-C0260,phpbb,phpBB/includes/functions_display.php,mixed_php_html_sql,PASS,pending,NEEDS_CHARACTERIZATION,Candidate has observable request/output contract but no stable oracle yet.
phpbb-C0261,phpbb,phpBB/includes/functions_display.php,long_method_or_region,PASS,pending,NEEDS_CHARACTERIZATION,Candidate has observable request/output contract but no stable oracle yet.
phpbb-C0262,phpbb,phpBB/includes/functions_display.php,long_method_or_region,PASS,pending,NEEDS_MANUAL_ORACLE_REVIEW,No obvious web contract was extracted; existing tests or manual characterization must be mapped.
phpbb-C0263,phpbb,phpBB/includes/functions_display.php,sql_data_access,PASS,pending,NEEDS_MANUAL_ORACLE_REVIEW,No obvious web contract was extracted; existing tests or manual characterization must be mapped.
phpbb-C0264,phpbb,phpBB/includes/functions_display.php,long_method_or_region,PASS,pending,NEEDS_MANUAL_ORACLE_REVIEW,No obvious web contract was extracted; existing tests or manual characterization must be mapped.
phpbb-C0265,phpbb,phpBB/includes/functions_display.php,long_method_or_region,PASS,pending,NEEDS_MANUAL_ORACLE_REVIEW,No obvious web contract was extracted; existing tests or manual characterization must be mapped.
phpbb-C0266,phpbb,phpBB/includes/functions_display.php,sql_data_access,PASS,pending,NEEDS_MANUAL_ORACLE_REVIEW,No obvious web contract was extracted; existing tests or manual characterization must be mapped.
phpbb-C0267,phpbb,phpBB/includes/functions_display.php,sql_data_access,PASS,pending,NEEDS_CHARACTERIZATION,Candidate has observable request/output contract but no stable oracle yet.
phpbb-C0268,phpbb,phpBB/includes/functions_display.php,long_method_or_region,PASS,pending,NEEDS_MANUAL_ORACLE_REVIEW,No obvious web contract was extracted; existing tests or manual characterization must be mapped.
phpbb-C0269,phpbb,phpBB/includes/functions_display.php,long_method_or_region,PASS,pending,NEEDS_MANUAL_ORACLE_REVIEW,No obvious web contract was extracted; existing tests or manual characterization must be mapped.
phpbb-C0270,phpbb,phpBB/includes/functions_download.php,mixed_php_html_sql,PASS,pending,NEEDS_MANUAL_ORACLE_REVIEW,No obvious web contract was extracted; existing tests or manual characterization must be mapped.
phpbb-C0271,phpbb,phpBB/includes/functions_download.php,long_method_or_region,PASS,pending,NEEDS_MANUAL_ORACLE_REVIEW,No obvious web contract was extracted; existing tests or manual characterization must be mapped.
phpbb-C0272,phpbb,phpBB/includes/functions_download.php,long_method_or_region,PASS,pending,NEEDS_MANUAL_ORACLE_REVIEW,No obvious web contract was extracted; existing tests or manual characterization must be mapped.
phpbb-C0273,phpbb,phpBB/includes/functions_download.php,sql_data_access,PASS,pending,NEEDS_MANUAL_ORACLE_REVIEW,No obvious web contract was extracted; existing tests or manual characterization must be mapped.
phpbb-C0274,phpbb,phpBB/includes/functions_download.php,long_method_or_region,PASS,pending,NEEDS_MANUAL_ORACLE_REVIEW,No obvious web contract was extracted; existing tests or manual characterization must be mapped.
phpbb-C0275,phpbb,phpBB/includes/functions_jabber.php,mixed_php_html,PASS,pending,NEEDS_CHARACTERIZATION,Candidate has observable request/output contract but no stable oracle yet.
phpbb-C0276,phpbb,phpBB/includes/functions_jabber.php,long_method_or_region,PASS,pending,NEEDS_CHARACTERIZATION,Candidate has observable request/output contract but no stable oracle yet.
phpbb-C0277,phpbb,phpBB/includes/functions_jabber.php,long_method_or_region,PASS,pending,NEEDS_MANUAL_ORACLE_REVIEW,No obvious web contract was extracted; existing tests or manual characterization must be mapped.
phpbb-C0278,phpbb,phpBB/includes/functions_mcp.php,sql_data_access,PASS,pending,NEEDS_MANUAL_ORACLE_REVIEW,No obvious web contract was extracted; existing tests or manual characterization must be mapped.
phpbb-C0279,phpbb,phpBB/includes/functions_mcp.php,long_method_or_region,PASS,pending,NEEDS_MANUAL_ORACLE_REVIEW,No obvious web contract was extracted; existing tests or manual characterization must be mapped.
phpbb-C0280,phpbb,phpBB/includes/functions_mcp.php,sql_data_access,PASS,pending,NEEDS_MANUAL_ORACLE_REVIEW,No obvious web contract was extracted; existing tests or manual characterization must be mapped.
phpbb-C0281,phpbb,phpBB/includes/functions_mcp.php,sql_data_access,PASS,pending,NEEDS_MANUAL_ORACLE_REVIEW,No obvious web contract was extracted; existing tests or manual characterization must be mapped.
phpbb-C0282,phpbb,phpBB/includes/functions_mcp.php,sql_data_access,PASS,pending,NEEDS_MANUAL_ORACLE_REVIEW,No obvious web contract was extracted; existing tests or manual characterization must be mapped.
phpbb-C0283,phpbb,phpBB/includes/functions_messenger.php,long_method_or_region,PASS,pending,NEEDS_MANUAL_ORACLE_REVIEW,No obvious web contract was extracted; existing tests or manual characterization must be mapped.
phpbb-C0284,phpbb,phpBB/includes/functions_messenger.php,long_method_or_region,PASS,pending,NEEDS_MANUAL_ORACLE_REVIEW,No obvious web contract was extracted; existing tests or manual characterization must be mapped.
phpbb-C0285,phpbb,phpBB/includes/functions_messenger.php,long_method_or_region,PASS,pending,NEEDS_MANUAL_ORACLE_REVIEW,No obvious web contract was extracted; existing tests or manual characterization must be mapped.
phpbb-C0286,phpbb,phpBB/includes/functions_messenger.php,long_method_or_region,PASS,pending,NEEDS_MANUAL_ORACLE_REVIEW,No obvious web contract was extracted; existing tests or manual characterization must be mapped.
phpbb-C0287,phpbb,phpBB/includes/functions_messenger.php,long_method_or_region,PASS,pending,NEEDS_MANUAL_ORACLE_REVIEW,No obvious web contract was extracted; existing tests or manual characterization must be mapped.
phpbb-C0288,phpbb,phpBB/includes/functions_messenger.php,long_method_or_region,PASS,pending,NEEDS_MANUAL_ORACLE_REVIEW,No obvious web contract was extracted; existing tests or manual characterization must be mapped.
phpbb-C0289,phpbb,phpBB/includes/functions_messenger.php,long_method_or_region,PASS,pending,NEEDS_MANUAL_ORACLE_REVIEW,No obvious web contract was extracted; existing tests or manual characterization must be mapped.
phpbb-C0290,phpbb,phpBB/includes/functions_messenger.php,long_method_or_region,PASS,pending,NEEDS_MANUAL_ORACLE_REVIEW,No obvious web contract was extracted; existing tests or manual characterization must be mapped.
phpbb-C0291,phpbb,phpBB/includes/functions_messenger.php,long_method_or_region,PASS,pending,NEEDS_MANUAL_ORACLE_REVIEW,No obvious web contract was extracted; existing tests or manual characterization must be mapped.
phpbb-C0292,phpbb,phpBB/includes/functions_messenger.php,long_method_or_region,PASS,pending,NEEDS_MANUAL_ORACLE_REVIEW,No obvious web contract was extracted; existing tests or manual characterization must be mapped.
phpbb-C0293,phpbb,phpBB/includes/functions_module.php,sql_data_access,PASS,pending,NEEDS_MANUAL_ORACLE_REVIEW,No obvious web contract was extracted; existing tests or manual characterization must be mapped.
phpbb-C0294,phpbb,phpBB/includes/functions_module.php,sql_data_access,PASS,pending,NEEDS_MANUAL_ORACLE_REVIEW,No obvious web contract was extracted; existing tests or manual characterization must be mapped.
phpbb-C0295,phpbb,phpBB/includes/functions_module.php,long_method_or_region,PASS,pending,NEEDS_MANUAL_ORACLE_REVIEW,No obvious web contract was extracted; existing tests or manual characterization must be mapped.
phpbb-C0296,phpbb,phpBB/includes/functions_module.php,long_method_or_region,PASS,pending,NEEDS_MANUAL_ORACLE_REVIEW,No obvious web contract was extracted; existing tests or manual characterization must be mapped.
phpbb-C0297,phpbb,phpBB/includes/functions_module.php,long_method_or_region,PASS,pending,NEEDS_MANUAL_ORACLE_REVIEW,No obvious web contract was extracted; existing tests or manual characterization must be mapped.
phpbb-C0298,phpbb,phpBB/includes/functions_module.php,long_method_or_region,PASS,pending,NEEDS_MANUAL_ORACLE_REVIEW,No obvious web contract was extracted; existing tests or manual characterization must be mapped.
phpbb-C0299,phpbb,phpBB/includes/functions_module.php,long_method_or_region,PASS,pending,NEEDS_MANUAL_ORACLE_REVIEW,No obvious web contract was extracted; existing tests or manual characterization must be mapped.
phpbb-C0300,phpbb,phpBB/includes/functions_module.php,long_method_or_region,PASS,pending,NEEDS_MANUAL_ORACLE_REVIEW,No obvious web contract was extracted; existing tests or manual characterization must be mapped.
phpbb-C0301,phpbb,phpBB/includes/functions_posting.php,mixed_php_html_sql,PASS,pending,NEEDS_CHARACTERIZATION,Candidate has observable request/output contract but no stable oracle yet.
phpbb-C0302,phpbb,phpBB/includes/functions_posting.php,sql_data_access,PASS,pending,NEEDS_MANUAL_ORACLE_REVIEW,No obvious web contract was extracted; existing tests or manual characterization must be mapped.
phpbb-C0303,phpbb,phpBB/includes/functions_posting.php,sql_data_access,PASS,pending,NEEDS_MANUAL_ORACLE_REVIEW,No obvious web contract was extracted; existing tests or manual characterization must be mapped.
phpbb-C0304,phpbb,phpBB/includes/functions_posting.php,long_method_or_region,PASS,pending,NEEDS_MANUAL_ORACLE_REVIEW,No obvious web contract was extracted; existing tests or manual characterization must be mapped.
phpbb-C0305,phpbb,phpBB/includes/functions_posting.php,long_method_or_region,PASS,pending,NEEDS_MANUAL_ORACLE_REVIEW,No obvious web contract was extracted; existing tests or manual characterization must be mapped.
phpbb-C0306,phpbb,phpBB/includes/functions_posting.php,sql_data_access,PASS,pending,NEEDS_MANUAL_ORACLE_REVIEW,No obvious web contract was extracted; existing tests or manual characterization must be mapped.
phpbb-C0307,phpbb,phpBB/includes/functions_posting.php,sql_data_access,PASS,pending,NEEDS_MANUAL_ORACLE_REVIEW,No obvious web contract was extracted; existing tests or manual characterization must be mapped.
phpbb-C0308,phpbb,phpBB/includes/functions_posting.php,sql_data_access,PASS,pending,NEEDS_MANUAL_ORACLE_REVIEW,No obvious web contract was extracted; existing tests or manual characterization must be mapped.
phpbb-C0309,phpbb,phpBB/includes/functions_posting.php,sql_data_access,PASS,pending,NEEDS_MANUAL_ORACLE_REVIEW,No obvious web contract was extracted; existing tests or manual characterization must be mapped.
phpbb-C0310,phpbb,phpBB/includes/functions_posting.php,sql_data_access,PASS,pending,NEEDS_MANUAL_ORACLE_REVIEW,No obvious web contract was extracted; existing tests or manual characterization must be mapped.
phpbb-C0311,phpbb,phpBB/includes/functions_posting.php,long_method_or_region,PASS,pending,NEEDS_MANUAL_ORACLE_REVIEW,No obvious web contract was extracted; existing tests or manual characterization must be mapped.
phpbb-C0312,phpbb,phpBB/includes/functions_privmsgs.php,mixed_php_html_sql,PASS,pending,NEEDS_MANUAL_ORACLE_REVIEW,No obvious web contract was extracted; existing tests or manual characterization must be mapped.
phpbb-C0313,phpbb,phpBB/includes/functions_privmsgs.php,sql_data_access,PASS,pending,NEEDS_MANUAL_ORACLE_REVIEW,No obvious web contract was extracted; existing tests or manual characterization must be mapped.
phpbb-C0314,phpbb,phpBB/includes/functions_privmsgs.php,sql_data_access,PASS,pending,NEEDS_MANUAL_ORACLE_REVIEW,No obvious web contract was extracted; existing tests or manual characterization must be mapped.
phpbb-C0315,phpbb,phpBB/includes/functions_privmsgs.php,sql_data_access,PASS,pending,NEEDS_MANUAL_ORACLE_REVIEW,No obvious web contract was extracted; existing tests or manual characterization must be mapped.
phpbb-C0316,phpbb,phpBB/includes/functions_privmsgs.php,sql_data_access,PASS,pending,NEEDS_MANUAL_ORACLE_REVIEW,No obvious web contract was extracted; existing tests or manual characterization must be mapped.
phpbb-C0317,phpbb,phpBB/includes/functions_privmsgs.php,sql_data_access,PASS,pending,NEEDS_MANUAL_ORACLE_REVIEW,No obvious web contract was extracted; existing tests or manual characterization must be mapped.
phpbb-C0318,phpbb,phpBB/includes/functions_privmsgs.php,sql_data_access,PASS,pending,NEEDS_MANUAL_ORACLE_REVIEW,No obvious web contract was extracted; existing tests or manual characterization must be mapped.
phpbb-C0319,phpbb,phpBB/includes/functions_privmsgs.php,sql_data_access,PASS,pending,NEEDS_MANUAL_ORACLE_REVIEW,No obvious web contract was extracted; existing tests or manual characterization must be mapped.
phpbb-C0320,phpbb,phpBB/includes/functions_privmsgs.php,sql_data_access,PASS,pending,NEEDS_MANUAL_ORACLE_REVIEW,No obvious web contract was extracted; existing tests or manual characterization must be mapped.
phpbb-C0321,phpbb,phpBB/includes/functions_privmsgs.php,sql_data_access,PASS,pending,NEEDS_MANUAL_ORACLE_REVIEW,No obvious web contract was extracted; existing tests or manual characterization must be mapped.
phpbb-C0322,phpbb,phpBB/includes/functions_privmsgs.php,sql_data_access,PASS,pending,NEEDS_MANUAL_ORACLE_REVIEW,No obvious web contract was extracted; existing tests or manual characterization must be mapped.
phpbb-C0323,phpbb,phpBB/includes/functions_privmsgs.php,sql_data_access,PASS,pending,NEEDS_MANUAL_ORACLE_REVIEW,No obvious web contract was extracted; existing tests or manual characterization must be mapped.
phpbb-C0324,phpbb,phpBB/includes/functions_transfer.php,long_method_or_region,PASS,pending,NEEDS_MANUAL_ORACLE_REVIEW,No obvious web contract was extracted; existing tests or manual characterization must be mapped.
phpbb-C0325,phpbb,phpBB/includes/functions_user.php,sql_data_access,PASS,pending,NEEDS_MANUAL_ORACLE_REVIEW,No obvious web contract was extracted; existing tests or manual characterization must be mapped.
phpbb-C0326,phpbb,phpBB/includes/functions_user.php,sql_data_access,PASS,pending,NEEDS_MANUAL_ORACLE_REVIEW,No obvious web contract was extracted; existing tests or manual characterization must be mapped.
phpbb-C0327,phpbb,phpBB/includes/functions_user.php,sql_data_access,PASS,pending,NEEDS_MANUAL_ORACLE_REVIEW,No obvious web contract was extracted; existing tests or manual characterization must be mapped.
phpbb-C0328,phpbb,phpBB/includes/functions_user.php,sql_data_access,PASS,pending,NEEDS_MANUAL_ORACLE_REVIEW,No obvious web contract was extracted; existing tests or manual characterization must be mapped.
phpbb-C0329,phpbb,phpBB/includes/functions_user.php,sql_data_access,PASS,pending,NEEDS_MANUAL_ORACLE_REVIEW,No obvious web contract was extracted; existing tests or manual characterization must be mapped.
phpbb-C0330,phpbb,phpBB/includes/functions_user.php,sql_data_access,PASS,pending,NEEDS_MANUAL_ORACLE_REVIEW,No obvious web contract was extracted; existing tests or manual characterization must be mapped.
phpbb-C0331,phpbb,phpBB/includes/functions_user.php,sql_data_access,PASS,pending,NEEDS_MANUAL_ORACLE_REVIEW,No obvious web contract was extracted; existing tests or manual characterization must be mapped.
phpbb-C0332,phpbb,phpBB/includes/functions_user.php,sql_data_access,PASS,pending,NEEDS_MANUAL_ORACLE_REVIEW,No obvious web contract was extracted; existing tests or manual characterization must be mapped.
phpbb-C0333,phpbb,phpBB/includes/functions_user.php,long_method_or_region,PASS,pending,NEEDS_MANUAL_ORACLE_REVIEW,No obvious web contract was extracted; existing tests or manual characterization must be mapped.
phpbb-C0334,phpbb,phpBB/includes/functions_user.php,long_method_or_region,PASS,pending,NEEDS_MANUAL_ORACLE_REVIEW,No obvious web contract was extracted; existing tests or manual characterization must be mapped.
phpbb-C0335,phpbb,phpBB/includes/functions_user.php,sql_data_access,PASS,pending,NEEDS_MANUAL_ORACLE_REVIEW,No obvious web contract was extracted; existing tests or manual characterization must be mapped.
phpbb-C0336,phpbb,phpBB/includes/functions_user.php,long_method_or_region,PASS,pending,NEEDS_MANUAL_ORACLE_REVIEW,No obvious web contract was extracted; existing tests or manual characterization must be mapped.
phpbb-C0337,phpbb,phpBB/includes/functions_user.php,sql_data_access,PASS,pending,NEEDS_MANUAL_ORACLE_REVIEW,No obvious web contract was extracted; existing tests or manual characterization must be mapped.
phpbb-C0338,phpbb,phpBB/includes/functions_user.php,long_method_or_region,PASS,pending,NEEDS_MANUAL_ORACLE_REVIEW,No obvious web contract was extracted; existing tests or manual characterization must be mapped.
phpbb-C0339,phpbb,phpBB/includes/functions_user.php,sql_data_access,PASS,pending,NEEDS_MANUAL_ORACLE_REVIEW,No obvious web contract was extracted; existing tests or manual characterization must be mapped.
phpbb-C0340,phpbb,phpBB/includes/functions_user.php,sql_data_access,PASS,pending,NEEDS_MANUAL_ORACLE_REVIEW,No obvious web contract was extracted; existing tests or manual characterization must be mapped.
phpbb-C0341,phpbb,phpBB/includes/functions_user.php,sql_data_access,PASS,pending,NEEDS_MANUAL_ORACLE_REVIEW,No obvious web contract was extracted; existing tests or manual characterization must be mapped.
phpbb-C0342,phpbb,phpBB/includes/functions_user.php,sql_data_access,PASS,pending,NEEDS_MANUAL_ORACLE_REVIEW,No obvious web contract was extracted; existing tests or manual characterization must be mapped.
phpbb-C0343,phpbb,phpBB/includes/functions_user.php,sql_data_access,PASS,pending,NEEDS_MANUAL_ORACLE_REVIEW,No obvious web contract was extracted; existing tests or manual characterization must be mapped.
phpbb-C0344,phpbb,phpBB/includes/functions_user.php,sql_data_access,PASS,pending,NEEDS_MANUAL_ORACLE_REVIEW,No obvious web contract was extracted; existing tests or manual characterization must be mapped.
phpbb-C0345,phpbb,phpBB/includes/functions_user.php,sql_data_access,PASS,pending,NEEDS_MANUAL_ORACLE_REVIEW,No obvious web contract was extracted; existing tests or manual characterization must be mapped.
phpbb-C0346,phpbb,phpBB/includes/functions_user.php,sql_data_access,PASS,pending,NEEDS_MANUAL_ORACLE_REVIEW,No obvious web contract was extracted; existing tests or manual characterization must be mapped.
phpbb-C0347,phpbb,phpBB/includes/functions_user.php,sql_data_access,PASS,pending,NEEDS_MANUAL_ORACLE_REVIEW,No obvious web contract was extracted; existing tests or manual characterization must be mapped.
phpbb-C0348,phpbb,phpBB/includes/functions_user.php,long_method_or_region,PASS,pending,NEEDS_MANUAL_ORACLE_REVIEW,No obvious web contract was extracted; existing tests or manual characterization must be mapped.
phpbb-C0349,phpbb,phpBB/includes/functions_user.php,sql_data_access,PASS,pending,NEEDS_MANUAL_ORACLE_REVIEW,No obvious web contract was extracted; existing tests or manual characterization must be mapped.
phpbb-C0350,phpbb,phpBB/includes/functions_user.php,sql_data_access,PASS,pending,NEEDS_MANUAL_ORACLE_REVIEW,No obvious web contract was extracted; existing tests or manual characterization must be mapped.
phpbb-C0351,phpbb,phpBB/includes/message_parser.php,mixed_php_html_sql,PASS,pending,NEEDS_CHARACTERIZATION,Candidate has observable request/output contract but no stable oracle yet.
phpbb-C0352,phpbb,phpBB/includes/message_parser.php,long_method_or_region,PASS,pending,NEEDS_MANUAL_ORACLE_REVIEW,No obvious web contract was extracted; existing tests or manual characterization must be mapped.
phpbb-C0353,phpbb,phpBB/includes/message_parser.php,sql_data_access,PASS,pending,NEEDS_MANUAL_ORACLE_REVIEW,No obvious web contract was extracted; existing tests or manual characterization must be mapped.
phpbb-C0354,phpbb,phpBB/includes/message_parser.php,mixed_php_html,PASS,pending,NEEDS_CHARACTERIZATION,Candidate has observable request/output contract but no stable oracle yet.
phpbb-C0355,phpbb,phpBB/includes/message_parser.php,long_method_or_region,PASS,pending,NEEDS_MANUAL_ORACLE_REVIEW,No obvious web contract was extracted; existing tests or manual characterization must be mapped.
phpbb-C0356,phpbb,phpBB/includes/message_parser.php,long_method_or_region,PASS,pending,NEEDS_MANUAL_ORACLE_REVIEW,No obvious web contract was extracted; existing tests or manual characterization must be mapped.
phpbb-C0357,phpbb,phpBB/includes/message_parser.php,long_method_or_region,PASS,pending,NEEDS_MANUAL_ORACLE_REVIEW,No obvious web contract was extracted; existing tests or manual characterization must be mapped.
phpbb-C0358,phpbb,phpBB/includes/message_parser.php,long_method_or_region,PASS,pending,NEEDS_MANUAL_ORACLE_REVIEW,No obvious web contract was extracted; existing tests or manual characterization must be mapped.
phpbb-C0359,phpbb,phpBB/includes/message_parser.php,long_method_or_region,PASS,pending,NEEDS_MANUAL_ORACLE_REVIEW,No obvious web contract was extracted; existing tests or manual characterization must be mapped.
phpbb-C0360,phpbb,phpBB/includes/message_parser.php,long_method_or_region,PASS,pending,NEEDS_MANUAL_ORACLE_REVIEW,No obvious web contract was extracted; existing tests or manual characterization must be mapped.
phpbb-C0361,phpbb,phpBB/includes/message_parser.php,sql_data_access,PASS,pending,NEEDS_MANUAL_ORACLE_REVIEW,No obvious web contract was extracted; existing tests or manual characterization must be mapped.
phpbb-C0362,phpbb,phpBB/includes/message_parser.php,sql_data_access,PASS,pending,NEEDS_CHARACTERIZATION,Candidate has observable request/output contract but no stable oracle yet.
phpbb-C0363,phpbb,phpBB/includes/message_parser.php,sql_data_access,PASS,pending,NEEDS_MANUAL_ORACLE_REVIEW,No obvious web contract was extracted; existing tests or manual characterization must be mapped.
phpbb-C0364,phpbb,phpBB/includes/message_parser.php,long_method_or_region,PASS,pending,NEEDS_MANUAL_ORACLE_REVIEW,No obvious web contract was extracted; existing tests or manual characterization must be mapped.
phpbb-C0365,phpbb,phpBB/includes/message_parser.php,long_method_or_region,PASS,pending,NEEDS_MANUAL_ORACLE_REVIEW,No obvious web contract was extracted; existing tests or manual characterization must be mapped.
phpbb-C0366,phpbb,phpBB/includes/sphinxapi.php,sql_data_access,PASS,pending,NEEDS_MANUAL_ORACLE_REVIEW,No obvious web contract was extracted; existing tests or manual characterization must be mapped.
phpbb-C0367,phpbb,phpBB/includes/sphinxapi.php,long_method_or_region,PASS,pending,NEEDS_MANUAL_ORACLE_REVIEW,No obvious web contract was extracted; existing tests or manual characterization must be mapped.
phpbb-C0368,phpbb,phpBB/includes/sphinxapi.php,long_method_or_region,PASS,pending,NEEDS_MANUAL_ORACLE_REVIEW,No obvious web contract was extracted; existing tests or manual characterization must be mapped.
phpbb-C0369,phpbb,phpBB/includes/sphinxapi.php,long_method_or_region,PASS,pending,NEEDS_MANUAL_ORACLE_REVIEW,No obvious web contract was extracted; existing tests or manual characterization must be mapped.
phpbb-C0370,phpbb,phpBB/includes/sphinxapi.php,long_method_or_region,PASS,pending,NEEDS_MANUAL_ORACLE_REVIEW,No obvious web contract was extracted; existing tests or manual characterization must be mapped.
phpbb-C0371,phpbb,phpBB/includes/sphinxapi.php,long_method_or_region,PASS,pending,NEEDS_MANUAL_ORACLE_REVIEW,No obvious web contract was extracted; existing tests or manual characterization must be mapped.
phpbb-C0372,phpbb,phpBB/includes/sphinxapi.php,long_method_or_region,PASS,pending,NEEDS_MANUAL_ORACLE_REVIEW,No obvious web contract was extracted; existing tests or manual characterization must be mapped.
phpbb-C0373,phpbb,phpBB/includes/sphinxapi.php,long_method_or_region,PASS,pending,NEEDS_MANUAL_ORACLE_REVIEW,No obvious web contract was extracted; existing tests or manual characterization must be mapped.
phpbb-C0374,phpbb,phpBB/includes/sphinxapi.php,long_method_or_region,PASS,pending,NEEDS_MANUAL_ORACLE_REVIEW,No obvious web contract was extracted; existing tests or manual characterization must be mapped.
phpbb-C0375,phpbb,phpBB/install/startup.php,long_method_or_region,PASS,pending,NEEDS_MANUAL_ORACLE_REVIEW,No obvious web contract was extracted; existing tests or manual characterization must be mapped.
phpbb-C0376,phpbb,phpBB/phpbb/content_visibility.php,sql_data_access,PASS,pending,NEEDS_MANUAL_ORACLE_REVIEW,No obvious web contract was extracted; existing tests or manual characterization must be mapped.
phpbb-C0377,phpbb,phpBB/phpbb/content_visibility.php,sql_data_access,PASS,pending,NEEDS_MANUAL_ORACLE_REVIEW,No obvious web contract was extracted; existing tests or manual characterization must be mapped.
phpbb-C0378,phpbb,phpBB/phpbb/content_visibility.php,sql_data_access,PASS,pending,NEEDS_MANUAL_ORACLE_REVIEW,No obvious web contract was extracted; existing tests or manual characterization must be mapped.
phpbb-C0379,phpbb,phpBB/phpbb/content_visibility.php,long_method_or_region,PASS,pending,NEEDS_MANUAL_ORACLE_REVIEW,No obvious web contract was extracted; existing tests or manual characterization must be mapped.
phpbb-C0380,phpbb,phpBB/phpbb/datetime.php,long_method_or_region,PASS,pending,NEEDS_MANUAL_ORACLE_REVIEW,No obvious web contract was extracted; existing tests or manual characterization must be mapped.
phpbb-C0381,phpbb,phpBB/phpbb/file_downloader.php,long_method_or_region,PASS,pending,NEEDS_MANUAL_ORACLE_REVIEW,No obvious web contract was extracted; existing tests or manual characterization must be mapped.
phpbb-C0382,phpbb,phpBB/phpbb/finder.php,long_method_or_region,PASS,pending,NEEDS_MANUAL_ORACLE_REVIEW,No obvious web contract was extracted; existing tests or manual characterization must be mapped.
phpbb-C0383,phpbb,phpBB/phpbb/pagination.php,long_method_or_region,PASS,pending,NEEDS_MANUAL_ORACLE_REVIEW,No obvious web contract was extracted; existing tests or manual characterization must be mapped.
phpbb-C0384,phpbb,phpBB/phpbb/pagination.php,long_method_or_region,PASS,pending,NEEDS_MANUAL_ORACLE_REVIEW,No obvious web contract was extracted; existing tests or manual characterization must be mapped.
phpbb-C0385,phpbb,phpBB/phpbb/path_helper.php,long_method_or_region,PASS,pending,NEEDS_MANUAL_ORACLE_REVIEW,No obvious web contract was extracted; existing tests or manual characterization must be mapped.
phpbb-C0386,phpbb,phpBB/phpbb/path_helper.php,long_method_or_region,PASS,pending,NEEDS_MANUAL_ORACLE_REVIEW,No obvious web contract was extracted; existing tests or manual characterization must be mapped.
phpbb-C0387,phpbb,phpBB/phpbb/path_helper.php,long_method_or_region,PASS,pending,NEEDS_MANUAL_ORACLE_REVIEW,No obvious web contract was extracted; existing tests or manual characterization must be mapped.
phpbb-C0388,phpbb,phpBB/phpbb/permissions.php,long_method_or_region,PASS,pending,NEEDS_MANUAL_ORACLE_REVIEW,No obvious web contract was extracted; existing tests or manual characterization must be mapped.
phpbb-C0389,phpbb,phpBB/phpbb/session.php,mixed_php_html_sql,PASS,pending,NEEDS_CHARACTERIZATION,Candidate has observable request/output contract but no stable oracle yet.
phpbb-C0390,phpbb,phpBB/phpbb/session.php,long_method_or_region,PASS,pending,NEEDS_MANUAL_ORACLE_REVIEW,No obvious web contract was extracted; existing tests or manual characterization must be mapped.
phpbb-C0391,phpbb,phpBB/phpbb/session.php,long_method_or_region,PASS,pending,NEEDS_MANUAL_ORACLE_REVIEW,No obvious web contract was extracted; existing tests or manual characterization must be mapped.
phpbb-C0392,phpbb,phpBB/phpbb/session.php,sql_data_access,PASS,pending,NEEDS_MANUAL_ORACLE_REVIEW,No obvious web contract was extracted; existing tests or manual characterization must be mapped.
phpbb-C0393,phpbb,phpBB/phpbb/session.php,session_dependent_logic,PASS,pending,NEEDS_CHARACTERIZATION,Candidate has observable request/output contract but no stable oracle yet.
phpbb-C0394,phpbb,phpBB/phpbb/session.php,sql_data_access,PASS,pending,NEEDS_MANUAL_ORACLE_REVIEW,No obvious web contract was extracted; existing tests or manual characterization must be mapped.
phpbb-C0395,phpbb,phpBB/phpbb/session.php,sql_data_access,PASS,pending,NEEDS_MANUAL_ORACLE_REVIEW,No obvious web contract was extracted; existing tests or manual characterization must be mapped.
phpbb-C0396,phpbb,phpBB/phpbb/session.php,sql_data_access,PASS,pending,NEEDS_MANUAL_ORACLE_REVIEW,No obvious web contract was extracted; existing tests or manual characterization must be mapped.
phpbb-C0397,phpbb,phpBB/phpbb/session.php,long_method_or_region,PASS,pending,NEEDS_MANUAL_ORACLE_REVIEW,No obvious web contract was extracted; existing tests or manual characterization must be mapped.
phpbb-C0398,phpbb,phpBB/phpbb/session.php,sql_data_access,PASS,pending,NEEDS_MANUAL_ORACLE_REVIEW,No obvious web contract was extracted; existing tests or manual characterization must be mapped.
phpbb-C0399,phpbb,phpBB/phpbb/session.php,sql_data_access,PASS,pending,NEEDS_MANUAL_ORACLE_REVIEW,No obvious web contract was extracted; existing tests or manual characterization must be mapped.
phpbb-C0400,phpbb,phpBB/phpbb/user.php,mixed_php_html_sql,PASS,pending,NEEDS_CHARACTERIZATION,Candidate has observable request/output contract but no stable oracle yet.
phpbb-C0401,phpbb,phpBB/phpbb/user.php,sql_data_access,PASS,pending,NEEDS_MANUAL_ORACLE_REVIEW,No obvious web contract was extracted; existing tests or manual characterization must be mapped.
phpbb-C0402,phpbb,phpBB/phpbb/user_loader.php,sql_data_access,PASS,pending,NEEDS_MANUAL_ORACLE_REVIEW,No obvious web contract was extracted; existing tests or manual characterization must be mapped.
phpbb-C0403,phpbb,phpBB/phpbb/user_loader.php,long_method_or_region,PASS,pending,NEEDS_MANUAL_ORACLE_REVIEW,No obvious web contract was extracted; existing tests or manual characterization must be mapped.
phpbb-C0404,phpbb,phpBB/phpbb/version_helper.php,long_method_or_region,PASS,pending,NEEDS_MANUAL_ORACLE_REVIEW,No obvious web contract was extracted; existing tests or manual characterization must be mapped.
phpbb-C0405,phpbb,phpBB/phpbb/attachment/delete.php,sql_data_access,PASS,pending,NEEDS_MANUAL_ORACLE_REVIEW,No obvious web contract was extracted; existing tests or manual characterization must be mapped.
phpbb-C0406,phpbb,phpBB/phpbb/attachment/delete.php,long_method_or_region,PASS,pending,NEEDS_MANUAL_ORACLE_REVIEW,No obvious web contract was extracted; existing tests or manual characterization must be mapped.
phpbb-C0407,phpbb,phpBB/phpbb/attachment/delete.php,sql_data_access,PASS,pending,NEEDS_MANUAL_ORACLE_REVIEW,No obvious web contract was extracted; existing tests or manual characterization must be mapped.
phpbb-C0408,phpbb,phpBB/phpbb/attachment/delete.php,sql_data_access,PASS,pending,NEEDS_MANUAL_ORACLE_REVIEW,No obvious web contract was extracted; existing tests or manual characterization must be mapped.
phpbb-C0409,phpbb,phpBB/phpbb/attachment/delete.php,long_method_or_region,PASS,pending,NEEDS_MANUAL_ORACLE_REVIEW,No obvious web contract was extracted; existing tests or manual characterization must be mapped.
phpbb-C0410,phpbb,phpBB/phpbb/attachment/upload.php,long_method_or_region,PASS,pending,NEEDS_MANUAL_ORACLE_REVIEW,No obvious web contract was extracted; existing tests or manual characterization must be mapped.
phpbb-C0411,phpbb,phpBB/phpbb/auth/auth.php,sql_data_access,PASS,pending,NEEDS_MANUAL_ORACLE_REVIEW,No obvious web contract was extracted; existing tests or manual characterization must be mapped.
phpbb-C0412,phpbb,phpBB/phpbb/auth/auth.php,sql_data_access,PASS,pending,NEEDS_MANUAL_ORACLE_REVIEW,No obvious web contract was extracted; existing tests or manual characterization must be mapped.
phpbb-C0413,phpbb,phpBB/phpbb/auth/auth.php,long_method_or_region,PASS,pending,NEEDS_MANUAL_ORACLE_REVIEW,No obvious web contract was extracted; existing tests or manual characterization must be mapped.
phpbb-C0414,phpbb,phpBB/phpbb/auth/auth.php,sql_data_access,PASS,pending,NEEDS_MANUAL_ORACLE_REVIEW,No obvious web contract was extracted; existing tests or manual characterization must be mapped.
phpbb-C0415,phpbb,phpBB/phpbb/auth/auth.php,long_method_or_region,PASS,pending,NEEDS_MANUAL_ORACLE_REVIEW,No obvious web contract was extracted; existing tests or manual characterization must be mapped.
phpbb-C0416,phpbb,phpBB/phpbb/auth/auth.php,long_method_or_region,PASS,pending,NEEDS_MANUAL_ORACLE_REVIEW,No obvious web contract was extracted; existing tests or manual characterization must be mapped.
phpbb-C0417,phpbb,phpBB/phpbb/auth/auth.php,sql_data_access,PASS,pending,NEEDS_MANUAL_ORACLE_REVIEW,No obvious web contract was extracted; existing tests or manual characterization must be mapped.
phpbb-C0418,phpbb,phpBB/phpbb/auth/auth.php,sql_data_access,PASS,pending,NEEDS_MANUAL_ORACLE_REVIEW,No obvious web contract was extracted; existing tests or manual characterization must be mapped.
phpbb-C0419,phpbb,phpBB/phpbb/auth/auth.php,sql_data_access,PASS,pending,NEEDS_MANUAL_ORACLE_REVIEW,No obvious web contract was extracted; existing tests or manual characterization must be mapped.
phpbb-C0420,phpbb,phpBB/phpbb/auth/auth.php,sql_data_access,PASS,pending,NEEDS_MANUAL_ORACLE_REVIEW,No obvious web contract was extracted; existing tests or manual characterization must be mapped.
phpbb-C0421,phpbb,phpBB/phpbb/auth/auth.php,sql_data_access,PASS,pending,NEEDS_MANUAL_ORACLE_REVIEW,No obvious web contract was extracted; existing tests or manual characterization must be mapped.
phpbb-C0422,phpbb,phpBB/phpbb/auth/auth.php,sql_data_access,PASS,pending,NEEDS_MANUAL_ORACLE_REVIEW,No obvious web contract was extracted; existing tests or manual characterization must be mapped.
phpbb-C0423,phpbb,phpBB/phpbb/auth/auth.php,sql_data_access,PASS,pending,NEEDS_MANUAL_ORACLE_REVIEW,No obvious web contract was extracted; existing tests or manual characterization must be mapped.
phpbb-C0424,phpbb,phpBB/phpbb/captcha/char_cube3d.php,long_method_or_region,PASS,pending,NEEDS_MANUAL_ORACLE_REVIEW,No obvious web contract was extracted; existing tests or manual characterization must be mapped.
phpbb-C0425,phpbb,phpBB/phpbb/captcha/colour_manager.php,long_method_or_region,PASS,pending,NEEDS_MANUAL_ORACLE_REVIEW,No obvious web contract was extracted; existing tests or manual characterization must be mapped.
phpbb-C0426,phpbb,phpBB/phpbb/captcha/colour_manager.php,long_method_or_region,PASS,pending,NEEDS_MANUAL_ORACLE_REVIEW,No obvious web contract was extracted; existing tests or manual characterization must be mapped.
phpbb-C0427,phpbb,phpBB/phpbb/captcha/gd.php,long_method_or_region,PASS,pending,NEEDS_MANUAL_ORACLE_REVIEW,No obvious web contract was extracted; existing tests or manual characterization must be mapped.
phpbb-C0428,phpbb,phpBB/phpbb/captcha/gd.php,long_method_or_region,PASS,pending,NEEDS_MANUAL_ORACLE_REVIEW,No obvious web contract was extracted; existing tests or manual characterization must be mapped.
phpbb-C0429,phpbb,phpBB/phpbb/captcha/gd_wave.php,long_method_or_region,PASS,pending,NEEDS_MANUAL_ORACLE_REVIEW,No obvious web contract was extracted; existing tests or manual characterization must be mapped.
phpbb-C0430,phpbb,phpBB/phpbb/captcha/gd_wave.php,long_method_or_region,PASS,pending,NEEDS_MANUAL_ORACLE_REVIEW,No obvious web contract was extracted; existing tests or manual characterization must be mapped.
phpbb-C0431,phpbb,phpBB/phpbb/captcha/non_gd.php,long_method_or_region,PASS,pending,NEEDS_MANUAL_ORACLE_REVIEW,No obvious web contract was extracted; existing tests or manual characterization must be mapped.
phpbb-C0432,phpbb,phpBB/phpbb/config/db.php,sql_data_access,PASS,pending,NEEDS_MANUAL_ORACLE_REVIEW,No obvious web contract was extracted; existing tests or manual characterization must be mapped.
phpbb-C0433,phpbb,phpBB/phpbb/config/db.php,sql_data_access,PASS,pending,NEEDS_MANUAL_ORACLE_REVIEW,No obvious web contract was extracted; existing tests or manual characterization must be mapped.
phpbb-C0434,phpbb,phpBB/phpbb/config/db.php,sql_data_access,PASS,pending,NEEDS_MANUAL_ORACLE_REVIEW,No obvious web contract was extracted; existing tests or manual characterization must be mapped.
phpbb-C0435,phpbb,phpBB/phpbb/db/migrator.php,sql_data_access,PASS,pending,NEEDS_MANUAL_ORACLE_REVIEW,No obvious web contract was extracted; existing tests or manual characterization must be mapped.
phpbb-C0436,phpbb,phpBB/phpbb/db/migrator.php,long_method_or_region,PASS,pending,NEEDS_MANUAL_ORACLE_REVIEW,No obvious web contract was extracted; existing tests or manual characterization must be mapped.
phpbb-C0437,phpbb,phpBB/phpbb/db/migrator.php,sql_data_access,PASS,pending,NEEDS_MANUAL_ORACLE_REVIEW,No obvious web contract was extracted; existing tests or manual characterization must be mapped.
phpbb-C0438,phpbb,phpBB/phpbb/db/migrator.php,long_method_or_region,PASS,pending,NEEDS_MANUAL_ORACLE_REVIEW,No obvious web contract was extracted; existing tests or manual characterization must be mapped.
phpbb-C0439,phpbb,phpBB/phpbb/db/migrator.php,long_method_or_region,PASS,pending,NEEDS_MANUAL_ORACLE_REVIEW,No obvious web contract was extracted; existing tests or manual characterization must be mapped.
phpbb-C0440,phpbb,phpBB/phpbb/di/container_builder.php,long_method_or_region,PASS,pending,NEEDS_MANUAL_ORACLE_REVIEW,No obvious web contract was extracted; existing tests or manual characterization must be mapped.
phpbb-C0441,phpbb,phpBB/phpbb/event/md_exporter.php,long_method_or_region,PASS,pending,NEEDS_MANUAL_ORACLE_REVIEW,No obvious web contract was extracted; existing tests or manual characterization must be mapped.
phpbb-C0442,phpbb,phpBB/phpbb/event/md_exporter.php,long_method_or_region,PASS,pending,NEEDS_MANUAL_ORACLE_REVIEW,No obvious web contract was extracted; existing tests or manual characterization must be mapped.
phpbb-C0443,phpbb,phpBB/phpbb/event/md_exporter.php,long_method_or_region,PASS,pending,NEEDS_MANUAL_ORACLE_REVIEW,No obvious web contract was extracted; existing tests or manual characterization must be mapped.
phpbb-C0444,phpbb,phpBB/phpbb/event/php_exporter.php,long_method_or_region,PASS,pending,NEEDS_MANUAL_ORACLE_REVIEW,No obvious web contract was extracted; existing tests or manual characterization must be mapped.
phpbb-C0445,phpbb,phpBB/phpbb/event/php_exporter.php,long_method_or_region,PASS,pending,NEEDS_MANUAL_ORACLE_REVIEW,No obvious web contract was extracted; existing tests or manual characterization must be mapped.
phpbb-C0446,phpbb,phpBB/phpbb/event/php_exporter.php,long_method_or_region,PASS,pending,NEEDS_MANUAL_ORACLE_REVIEW,No obvious web contract was extracted; existing tests or manual characterization must be mapped.
phpbb-C0447,phpbb,phpBB/phpbb/event/php_exporter.php,long_method_or_region,PASS,pending,NEEDS_MANUAL_ORACLE_REVIEW,No obvious web contract was extracted; existing tests or manual characterization must be mapped.
phpbb-C0448,phpbb,phpBB/phpbb/extension/manager.php,sql_data_access,PASS,pending,NEEDS_MANUAL_ORACLE_REVIEW,No obvious web contract was extracted; existing tests or manual characterization must be mapped.
phpbb-C0449,phpbb,phpBB/phpbb/extension/manager.php,sql_data_access,PASS,pending,NEEDS_MANUAL_ORACLE_REVIEW,No obvious web contract was extracted; existing tests or manual characterization must be mapped.
phpbb-C0450,phpbb,phpBB/phpbb/extension/manager.php,sql_data_access,PASS,pending,NEEDS_MANUAL_ORACLE_REVIEW,No obvious web contract was extracted; existing tests or manual characterization must be mapped.
phpbb-C0451,phpbb,phpBB/phpbb/extension/manager.php,sql_data_access,PASS,pending,NEEDS_MANUAL_ORACLE_REVIEW,No obvious web contract was extracted; existing tests or manual characterization must be mapped.
phpbb-C0452,phpbb,phpBB/phpbb/feed/base.php,mixed_php_html_sql,PASS,pending,NEEDS_MANUAL_ORACLE_REVIEW,No obvious web contract was extracted; existing tests or manual characterization must be mapped.
phpbb-C0453,phpbb,phpBB/phpbb/feed/forum.php,sql_data_access,PASS,pending,NEEDS_MANUAL_ORACLE_REVIEW,No obvious web contract was extracted; existing tests or manual characterization must be mapped.
phpbb-C0454,phpbb,phpBB/phpbb/feed/forum.php,sql_data_access,PASS,pending,NEEDS_MANUAL_ORACLE_REVIEW,No obvious web contract was extracted; existing tests or manual characterization must be mapped.
phpbb-C0455,phpbb,phpBB/phpbb/feed/forum.php,sql_data_access,PASS,pending,NEEDS_MANUAL_ORACLE_REVIEW,No obvious web contract was extracted; existing tests or manual characterization must be mapped.
phpbb-C0456,phpbb,phpBB/phpbb/feed/helper.php,mixed_php_html_sql,PASS,pending,NEEDS_MANUAL_ORACLE_REVIEW,No obvious web contract was extracted; existing tests or manual characterization must be mapped.
phpbb-C0457,phpbb,phpBB/phpbb/feed/helper.php,sql_data_access,PASS,pending,NEEDS_MANUAL_ORACLE_REVIEW,No obvious web contract was extracted; existing tests or manual characterization must be mapped.
phpbb-C0458,phpbb,phpBB/phpbb/feed/news.php,sql_data_access,PASS,pending,NEEDS_MANUAL_ORACLE_REVIEW,No obvious web contract was extracted; existing tests or manual characterization must be mapped.
phpbb-C0459,phpbb,phpBB/phpbb/feed/overall.php,sql_data_access,PASS,pending,NEEDS_MANUAL_ORACLE_REVIEW,No obvious web contract was extracted; existing tests or manual characterization must be mapped.
phpbb-C0460,phpbb,phpBB/phpbb/feed/topic.php,sql_data_access,PASS,pending,NEEDS_MANUAL_ORACLE_REVIEW,No obvious web contract was extracted; existing tests or manual characterization must be mapped.
phpbb-C0461,phpbb,phpBB/phpbb/feed/topic.php,sql_data_access,PASS,pending,NEEDS_MANUAL_ORACLE_REVIEW,No obvious web contract was extracted; existing tests or manual characterization must be mapped.
phpbb-C0462,phpbb,phpBB/phpbb/feed/topics.php,sql_data_access,PASS,pending,NEEDS_MANUAL_ORACLE_REVIEW,No obvious web contract was extracted; existing tests or manual characterization must be mapped.
phpbb-C0463,phpbb,phpBB/phpbb/feed/topics_active.php,sql_data_access,PASS,pending,NEEDS_MANUAL_ORACLE_REVIEW,No obvious web contract was extracted; existing tests or manual characterization must be mapped.
phpbb-C0464,phpbb,phpBB/phpbb/files/filespec.php,long_method_or_region,PASS,pending,NEEDS_MANUAL_ORACLE_REVIEW,No obvious web contract was extracted; existing tests or manual characterization must be mapped.
phpbb-C0465,phpbb,phpBB/phpbb/files/filespec.php,long_method_or_region,PASS,pending,NEEDS_MANUAL_ORACLE_REVIEW,No obvious web contract was extracted; existing tests or manual characterization must be mapped.
phpbb-C0466,phpbb,phpBB/phpbb/files/upload.php,long_method_or_region,PASS,pending,NEEDS_MANUAL_ORACLE_REVIEW,No obvious web contract was extracted; existing tests or manual characterization must be mapped.
phpbb-C0467,phpbb,phpBB/phpbb/files/upload.php,long_method_or_region,PASS,pending,NEEDS_MANUAL_ORACLE_REVIEW,No obvious web contract was extracted; existing tests or manual characterization must be mapped.
phpbb-C0468,phpbb,phpBB/phpbb/filesystem/filesystem.php,long_method_or_region,PASS,pending,NEEDS_MANUAL_ORACLE_REVIEW,No obvious web contract was extracted; existing tests or manual characterization must be mapped.
phpbb-C0469,phpbb,phpBB/phpbb/filesystem/filesystem.php,long_method_or_region,PASS,pending,NEEDS_MANUAL_ORACLE_REVIEW,No obvious web contract was extracted; existing tests or manual characterization must be mapped.
phpbb-C0470,phpbb,phpBB/phpbb/filesystem/filesystem.php,long_method_or_region,PASS,pending,NEEDS_MANUAL_ORACLE_REVIEW,No obvious web contract was extracted; existing tests or manual characterization must be mapped.
phpbb-C0471,phpbb,phpBB/phpbb/filesystem/filesystem.php,long_method_or_region,PASS,pending,NEEDS_MANUAL_ORACLE_REVIEW,No obvious web contract was extracted; existing tests or manual characterization must be mapped.
phpbb-C0472,phpbb,phpBB/phpbb/filesystem/filesystem.php,long_method_or_region,PASS,pending,NEEDS_MANUAL_ORACLE_REVIEW,No obvious web contract was extracted; existing tests or manual characterization must be mapped.
phpbb-C0473,phpbb,phpBB/phpbb/groupposition/legend.php,sql_data_access,PASS,pending,NEEDS_MANUAL_ORACLE_REVIEW,No obvious web contract was extracted; existing tests or manual characterization must be mapped.
phpbb-C0474,phpbb,phpBB/phpbb/groupposition/legend.php,long_method_or_region,PASS,pending,NEEDS_MANUAL_ORACLE_REVIEW,No obvious web contract was extracted; existing tests or manual characterization must be mapped.
phpbb-C0475,phpbb,phpBB/phpbb/groupposition/teampage.php,sql_data_access,PASS,pending,NEEDS_MANUAL_ORACLE_REVIEW,No obvious web contract was extracted; existing tests or manual characterization must be mapped.
phpbb-C0476,phpbb,phpBB/phpbb/groupposition/teampage.php,sql_data_access,PASS,pending,NEEDS_MANUAL_ORACLE_REVIEW,No obvious web contract was extracted; existing tests or manual characterization must be mapped.
phpbb-C0477,phpbb,phpBB/phpbb/groupposition/teampage.php,sql_data_access,PASS,pending,NEEDS_MANUAL_ORACLE_REVIEW,No obvious web contract was extracted; existing tests or manual characterization must be mapped.
phpbb-C0478,phpbb,phpBB/phpbb/groupposition/teampage.php,sql_data_access,PASS,pending,NEEDS_MANUAL_ORACLE_REVIEW,No obvious web contract was extracted; existing tests or manual characterization must be mapped.
phpbb-C0479,phpbb,phpBB/phpbb/install/installer.php,long_method_or_region,PASS,pending,NEEDS_MANUAL_ORACLE_REVIEW,No obvious web contract was extracted; existing tests or manual characterization must be mapped.
phpbb-C0480,phpbb,phpBB/phpbb/install/installer_configuration.php,long_method_or_region,PASS,pending,NEEDS_MANUAL_ORACLE_REVIEW,No obvious web contract was extracted; existing tests or manual characterization must be mapped.
phpbb-C0481,phpbb,phpBB/phpbb/install/module_base.php,long_method_or_region,PASS,pending,NEEDS_MANUAL_ORACLE_REVIEW,No obvious web contract was extracted; existing tests or manual characterization must be mapped.
phpbb-C0482,phpbb,phpBB/phpbb/language/language.php,sql_data_access,PASS,pending,NEEDS_MANUAL_ORACLE_REVIEW,No obvious web contract was extracted; existing tests or manual characterization must be mapped.
phpbb-C0483,phpbb,phpBB/phpbb/language/language.php,long_method_or_region,PASS,pending,NEEDS_MANUAL_ORACLE_REVIEW,No obvious web contract was extracted; existing tests or manual characterization must be mapped.
phpbb-C0484,phpbb,phpBB/phpbb/language/language.php,long_method_or_region,PASS,pending,NEEDS_MANUAL_ORACLE_REVIEW,No obvious web contract was extracted; existing tests or manual characterization must be mapped.
phpbb-C0485,phpbb,phpBB/phpbb/lock/flock.php,long_method_or_region,PASS,pending,NEEDS_MANUAL_ORACLE_REVIEW,No obvious web contract was extracted; existing tests or manual characterization must be mapped.
phpbb-C0486,phpbb,phpBB/phpbb/log/log.php,sql_data_access,PASS,pending,NEEDS_MANUAL_ORACLE_REVIEW,No obvious web contract was extracted; existing tests or manual characterization must be mapped.
phpbb-C0487,phpbb,phpBB/phpbb/log/log.php,sql_data_access,PASS,pending,NEEDS_MANUAL_ORACLE_REVIEW,No obvious web contract was extracted; existing tests or manual characterization must be mapped.
phpbb-C0488,phpbb,phpBB/phpbb/log/log.php,sql_data_access,PASS,pending,NEEDS_MANUAL_ORACLE_REVIEW,No obvious web contract was extracted; existing tests or manual characterization must be mapped.
phpbb-C0489,phpbb,phpBB/phpbb/log/log.php,long_method_or_region,PASS,pending,NEEDS_MANUAL_ORACLE_REVIEW,No obvious web contract was extracted; existing tests or manual characterization must be mapped.
phpbb-C0490,phpbb,phpBB/phpbb/log/log.php,long_method_or_region,PASS,pending,NEEDS_MANUAL_ORACLE_REVIEW,No obvious web contract was extracted; existing tests or manual characterization must be mapped.
phpbb-C0491,phpbb,phpBB/phpbb/message/topic_form.php,mixed_php_html_sql,PASS,pending,NEEDS_MANUAL_ORACLE_REVIEW,No obvious web contract was extracted; existing tests or manual characterization must be mapped.
phpbb-C0492,phpbb,phpBB/phpbb/mimetype/guesser.php,long_method_or_region,PASS,pending,NEEDS_MANUAL_ORACLE_REVIEW,No obvious web contract was extracted; existing tests or manual characterization must be mapped.
phpbb-C0493,phpbb,phpBB/phpbb/module/module_manager.php,sql_data_access,PASS,pending,NEEDS_MANUAL_ORACLE_REVIEW,No obvious web contract was extracted; existing tests or manual characterization must be mapped.
phpbb-C0494,phpbb,phpBB/phpbb/module/module_manager.php,long_method_or_region,PASS,pending,NEEDS_MANUAL_ORACLE_REVIEW,No obvious web contract was extracted; existing tests or manual characterization must be mapped.
phpbb-C0495,phpbb,phpBB/phpbb/module/module_manager.php,sql_data_access,PASS,pending,NEEDS_MANUAL_ORACLE_REVIEW,No obvious web contract was extracted; existing tests or manual characterization must be mapped.
phpbb-C0496,phpbb,phpBB/phpbb/module/module_manager.php,sql_data_access,PASS,pending,NEEDS_MANUAL_ORACLE_REVIEW,No obvious web contract was extracted; existing tests or manual characterization must be mapped.
phpbb-C0497,phpbb,phpBB/phpbb/module/module_manager.php,sql_data_access,PASS,pending,NEEDS_MANUAL_ORACLE_REVIEW,No obvious web contract was extracted; existing tests or manual characterization must be mapped.
phpbb-C0498,phpbb,phpBB/phpbb/module/module_manager.php,sql_data_access,PASS,pending,NEEDS_MANUAL_ORACLE_REVIEW,No obvious web contract was extracted; existing tests or manual characterization must be mapped.
phpbb-C0499,phpbb,phpBB/phpbb/module/module_manager.php,sql_data_access,PASS,pending,NEEDS_MANUAL_ORACLE_REVIEW,No obvious web contract was extracted; existing tests or manual characterization must be mapped.
phpbb-C0500,phpbb,phpBB/phpbb/notification/manager.php,sql_data_access,PASS,pending,NEEDS_MANUAL_ORACLE_REVIEW,No obvious web contract was extracted; existing tests or manual characterization must be mapped.
phpbb-C0501,phpbb,phpBB/phpbb/notification/manager.php,long_method_or_region,PASS,pending,NEEDS_MANUAL_ORACLE_REVIEW,No obvious web contract was extracted; existing tests or manual characterization must be mapped.
phpbb-C0502,phpbb,phpBB/phpbb/notification/manager.php,long_method_or_region,PASS,pending,NEEDS_MANUAL_ORACLE_REVIEW,No obvious web contract was extracted; existing tests or manual characterization must be mapped.
phpbb-C0503,phpbb,phpBB/phpbb/notification/manager.php,long_method_or_region,PASS,pending,NEEDS_MANUAL_ORACLE_REVIEW,No obvious web contract was extracted; existing tests or manual characterization must be mapped.
phpbb-C0504,phpbb,phpBB/phpbb/notification/manager.php,sql_data_access,PASS,pending,NEEDS_MANUAL_ORACLE_REVIEW,No obvious web contract was extracted; existing tests or manual characterization must be mapped.
phpbb-C0505,phpbb,phpBB/phpbb/notification/manager.php,sql_data_access,PASS,pending,NEEDS_MANUAL_ORACLE_REVIEW,No obvious web contract was extracted; existing tests or manual characterization must be mapped.
phpbb-C0506,phpbb,phpBB/phpbb/notification/manager.php,sql_data_access,PASS,pending,NEEDS_MANUAL_ORACLE_REVIEW,No obvious web contract was extracted; existing tests or manual characterization must be mapped.
phpbb-C0507,phpbb,phpBB/phpbb/passwords/manager.php,long_method_or_region,PASS,pending,NEEDS_MANUAL_ORACLE_REVIEW,No obvious web contract was extracted; existing tests or manual characterization must be mapped.
phpbb-C0508,phpbb,phpBB/phpbb/passwords/manager.php,long_method_or_region,PASS,pending,NEEDS_MANUAL_ORACLE_REVIEW,No obvious web contract was extracted; existing tests or manual characterization must be mapped.
phpbb-C0509,phpbb,phpBB/phpbb/passwords/manager.php,long_method_or_region,PASS,pending,NEEDS_MANUAL_ORACLE_REVIEW,No obvious web contract was extracted; existing tests or manual characterization must be mapped.
phpbb-C0510,phpbb,phpBB/phpbb/plupload/plupload.php,long_method_or_region,PASS,pending,NEEDS_MANUAL_ORACLE_REVIEW,No obvious web contract was extracted; existing tests or manual characterization must be mapped.
phpbb-C0511,phpbb,phpBB/phpbb/profilefields/lang_helper.php,sql_data_access,PASS,pending,NEEDS_MANUAL_ORACLE_REVIEW,No obvious web contract was extracted; existing tests or manual characterization must be mapped.
phpbb-C0512,phpbb,phpBB/phpbb/profilefields/manager.php,sql_data_access,PASS,pending,NEEDS_MANUAL_ORACLE_REVIEW,No obvious web contract was extracted; existing tests or manual characterization must be mapped.
phpbb-C0513,phpbb,phpBB/phpbb/profilefields/manager.php,sql_data_access,PASS,pending,NEEDS_MANUAL_ORACLE_REVIEW,No obvious web contract was extracted; existing tests or manual characterization must be mapped.
phpbb-C0514,phpbb,phpBB/phpbb/profilefields/manager.php,sql_data_access,PASS,pending,NEEDS_MANUAL_ORACLE_REVIEW,No obvious web contract was extracted; existing tests or manual characterization must be mapped.
phpbb-C0515,phpbb,phpBB/phpbb/profilefields/manager.php,sql_data_access,PASS,pending,NEEDS_MANUAL_ORACLE_REVIEW,No obvious web contract was extracted; existing tests or manual characterization must be mapped.
phpbb-C0516,phpbb,phpBB/phpbb/report/report_handler_pm.php,sql_data_access,PASS,pending,NEEDS_MANUAL_ORACLE_REVIEW,No obvious web contract was extracted; existing tests or manual characterization must be mapped.
phpbb-C0517,phpbb,phpBB/phpbb/report/report_handler_pm.php,sql_data_access,PASS,pending,NEEDS_MANUAL_ORACLE_REVIEW,No obvious web contract was extracted; existing tests or manual characterization must be mapped.
phpbb-C0518,phpbb,phpBB/phpbb/report/report_handler_post.php,sql_data_access,PASS,pending,NEEDS_MANUAL_ORACLE_REVIEW,No obvious web contract was extracted; existing tests or manual characterization must be mapped.
phpbb-C0519,phpbb,phpBB/phpbb/report/report_handler_post.php,sql_data_access,PASS,pending,NEEDS_MANUAL_ORACLE_REVIEW,No obvious web contract was extracted; existing tests or manual characterization must be mapped.
phpbb-C0520,phpbb,phpBB/phpbb/report/report_handler_post.php,sql_data_access,PASS,pending,NEEDS_MANUAL_ORACLE_REVIEW,No obvious web contract was extracted; existing tests or manual characterization must be mapped.
phpbb-C0521,phpbb,phpBB/phpbb/request/request.php,long_method_or_region,PASS,pending,NEEDS_MANUAL_ORACLE_REVIEW,No obvious web contract was extracted; existing tests or manual characterization must be mapped.
phpbb-C0522,phpbb,phpBB/phpbb/request/request.php,long_method_or_region,PASS,pending,NEEDS_MANUAL_ORACLE_REVIEW,No obvious web contract was extracted; existing tests or manual characterization must be mapped.
phpbb-C0523,phpbb,phpBB/phpbb/request/request_interface.php,long_method_or_region,PASS,pending,NEEDS_MANUAL_ORACLE_REVIEW,No obvious web contract was extracted; existing tests or manual characterization must be mapped.
phpbb-C0524,phpbb,phpBB/phpbb/request/type_cast_helper.php,long_method_or_region,PASS,pending,NEEDS_MANUAL_ORACLE_REVIEW,No obvious web contract was extracted; existing tests or manual characterization must be mapped.
phpbb-C0525,phpbb,phpBB/phpbb/routing/helper.php,long_method_or_region,PASS,pending,NEEDS_MANUAL_ORACLE_REVIEW,No obvious web contract was extracted; existing tests or manual characterization must be mapped.
phpbb-C0526,phpbb,phpBB/phpbb/search/base.php,sql_data_access,PASS,pending,NEEDS_MANUAL_ORACLE_REVIEW,No obvious web contract was extracted; existing tests or manual characterization must be mapped.
phpbb-C0527,phpbb,phpBB/phpbb/search/base.php,long_method_or_region,PASS,pending,NEEDS_MANUAL_ORACLE_REVIEW,No obvious web contract was extracted; existing tests or manual characterization must be mapped.
phpbb-C0528,phpbb,phpBB/phpbb/search/base.php,sql_data_access,PASS,pending,NEEDS_MANUAL_ORACLE_REVIEW,No obvious web contract was extracted; existing tests or manual characterization must be mapped.
phpbb-C0529,phpbb,phpBB/phpbb/search/base.php,sql_data_access,PASS,pending,NEEDS_MANUAL_ORACLE_REVIEW,No obvious web contract was extracted; existing tests or manual characterization must be mapped.
phpbb-C0530,phpbb,phpBB/phpbb/search/fulltext_mysql.php,mixed_php_html_sql,PASS,pending,NEEDS_MANUAL_ORACLE_REVIEW,No obvious web contract was extracted; existing tests or manual characterization must be mapped.
phpbb-C0531,phpbb,phpBB/phpbb/search/fulltext_mysql.php,long_method_or_region,PASS,pending,NEEDS_MANUAL_ORACLE_REVIEW,No obvious web contract was extracted; existing tests or manual characterization must be mapped.
phpbb-C0532,phpbb,phpBB/phpbb/search/fulltext_mysql.php,long_method_or_region,PASS,pending,NEEDS_MANUAL_ORACLE_REVIEW,No obvious web contract was extracted; existing tests or manual characterization must be mapped.
phpbb-C0533,phpbb,phpBB/phpbb/search/fulltext_mysql.php,sql_data_access,PASS,pending,NEEDS_MANUAL_ORACLE_REVIEW,No obvious web contract was extracted; existing tests or manual characterization must be mapped.
phpbb-C0534,phpbb,phpBB/phpbb/search/fulltext_mysql.php,sql_data_access,PASS,pending,NEEDS_MANUAL_ORACLE_REVIEW,No obvious web contract was extracted; existing tests or manual characterization must be mapped.
phpbb-C0535,phpbb,phpBB/phpbb/search/fulltext_mysql.php,long_method_or_region,PASS,pending,NEEDS_MANUAL_ORACLE_REVIEW,No obvious web contract was extracted; existing tests or manual characterization must be mapped.
phpbb-C0536,phpbb,phpBB/phpbb/search/fulltext_native.php,mixed_php_html_sql,PASS,pending,NEEDS_CHARACTERIZATION,Candidate has observable request/output contract but no stable oracle yet.
phpbb-C0537,phpbb,phpBB/phpbb/search/fulltext_native.php,sql_data_access,PASS,pending,NEEDS_MANUAL_ORACLE_REVIEW,No obvious web contract was extracted; existing tests or manual characterization must be mapped.
phpbb-C0538,phpbb,phpBB/phpbb/search/fulltext_native.php,sql_data_access,PASS,pending,NEEDS_CHARACTERIZATION,Candidate has observable request/output contract but no stable oracle yet.
phpbb-C0539,phpbb,phpBB/phpbb/search/fulltext_native.php,sql_data_access,PASS,pending,NEEDS_MANUAL_ORACLE_REVIEW,No obvious web contract was extracted; existing tests or manual characterization must be mapped.
phpbb-C0540,phpbb,phpBB/phpbb/search/fulltext_native.php,long_method_or_region,PASS,pending,NEEDS_MANUAL_ORACLE_REVIEW,No obvious web contract was extracted; existing tests or manual characterization must be mapped.
phpbb-C0541,phpbb,phpBB/phpbb/search/fulltext_native.php,sql_data_access,PASS,pending,NEEDS_MANUAL_ORACLE_REVIEW,No obvious web contract was extracted; existing tests or manual characterization must be mapped.
phpbb-C0542,phpbb,phpBB/phpbb/search/fulltext_native.php,sql_data_access,PASS,pending,NEEDS_MANUAL_ORACLE_REVIEW,No obvious web contract was extracted; existing tests or manual characterization must be mapped.
phpbb-C0543,phpbb,phpBB/phpbb/search/fulltext_native.php,sql_data_access,PASS,pending,NEEDS_MANUAL_ORACLE_REVIEW,No obvious web contract was extracted; existing tests or manual characterization must be mapped.
phpbb-C0544,phpbb,phpBB/phpbb/search/fulltext_native.php,long_method_or_region,PASS,pending,NEEDS_MANUAL_ORACLE_REVIEW,No obvious web contract was extracted; existing tests or manual characterization must be mapped.
phpbb-C0545,phpbb,phpBB/phpbb/search/fulltext_postgres.php,mixed_php_html_sql,PASS,pending,NEEDS_CHARACTERIZATION,Candidate has observable request/output contract but no stable oracle yet.
phpbb-C0546,phpbb,phpBB/phpbb/search/fulltext_postgres.php,long_method_or_region,PASS,pending,NEEDS_MANUAL_ORACLE_REVIEW,No obvious web contract was extracted; existing tests or manual characterization must be mapped.
phpbb-C0547,phpbb,phpBB/phpbb/search/fulltext_postgres.php,long_method_or_region,PASS,pending,NEEDS_MANUAL_ORACLE_REVIEW,No obvious web contract was extracted; existing tests or manual characterization must be mapped.
phpbb-C0548,phpbb,phpBB/phpbb/search/fulltext_postgres.php,sql_data_access,PASS,pending,NEEDS_MANUAL_ORACLE_REVIEW,No obvious web contract was extracted; existing tests or manual characterization must be mapped.
phpbb-C0549,phpbb,phpBB/phpbb/search/fulltext_postgres.php,sql_data_access,PASS,pending,NEEDS_MANUAL_ORACLE_REVIEW,No obvious web contract was extracted; existing tests or manual characterization must be mapped.
phpbb-C0550,phpbb,phpBB/phpbb/search/fulltext_postgres.php,sql_data_access,PASS,pending,NEEDS_MANUAL_ORACLE_REVIEW,No obvious web contract was extracted; existing tests or manual characterization must be mapped.
phpbb-C0551,phpbb,phpBB/phpbb/search/fulltext_postgres.php,sql_data_access,PASS,pending,NEEDS_CHARACTERIZATION,Candidate has observable request/output contract but no stable oracle yet.
phpbb-C0552,phpbb,phpBB/phpbb/search/fulltext_sphinx.php,mixed_php_html_sql,PASS,pending,NEEDS_CHARACTERIZATION,Candidate has observable request/output contract but no stable oracle yet.
phpbb-C0553,phpbb,phpBB/phpbb/search/fulltext_sphinx.php,sql_data_access,PASS,pending,NEEDS_MANUAL_ORACLE_REVIEW,No obvious web contract was extracted; existing tests or manual characterization must be mapped.
phpbb-C0554,phpbb,phpBB/phpbb/search/fulltext_sphinx.php,long_method_or_region,PASS,pending,NEEDS_MANUAL_ORACLE_REVIEW,No obvious web contract was extracted; existing tests or manual characterization must be mapped.
phpbb-C0555,phpbb,phpBB/phpbb/template/asset.php,long_method_or_region,PASS,pending,NEEDS_MANUAL_ORACLE_REVIEW,No obvious web contract was extracted; existing tests or manual characterization must be mapped.
phpbb-C0556,phpbb,phpBB/phpbb/template/context.php,long_method_or_region,PASS,pending,NEEDS_MANUAL_ORACLE_REVIEW,No obvious web contract was extracted; existing tests or manual characterization must be mapped.
phpbb-C0557,phpbb,phpBB/phpbb/template/context.php,long_method_or_region,PASS,pending,NEEDS_MANUAL_ORACLE_REVIEW,No obvious web contract was extracted; existing tests or manual characterization must be mapped.
phpbb-C0558,phpbb,phpBB/phpbb/template/context.php,long_method_or_region,PASS,pending,NEEDS_MANUAL_ORACLE_REVIEW,No obvious web contract was extracted; existing tests or manual characterization must be mapped.
phpbb-C0559,phpbb,phpBB/phpbb/textformatter/data_access.php,sql_data_access,PASS,pending,NEEDS_MANUAL_ORACLE_REVIEW,No obvious web contract was extracted; existing tests or manual characterization must be mapped.
phpbb-C0560,phpbb,phpBB/phpbb/tree/nestedset.php,sql_data_access,PASS,pending,NEEDS_MANUAL_ORACLE_REVIEW,No obvious web contract was extracted; existing tests or manual characterization must be mapped.
phpbb-C0561,phpbb,phpBB/phpbb/tree/nestedset.php,sql_data_access,PASS,pending,NEEDS_MANUAL_ORACLE_REVIEW,No obvious web contract was extracted; existing tests or manual characterization must be mapped.
phpbb-C0562,phpbb,phpBB/phpbb/tree/nestedset.php,sql_data_access,PASS,pending,NEEDS_MANUAL_ORACLE_REVIEW,No obvious web contract was extracted; existing tests or manual characterization must be mapped.
phpbb-C0563,phpbb,phpBB/phpbb/tree/nestedset.php,sql_data_access,PASS,pending,NEEDS_MANUAL_ORACLE_REVIEW,No obvious web contract was extracted; existing tests or manual characterization must be mapped.
phpbb-C0564,phpbb,phpBB/phpbb/tree/nestedset.php,sql_data_access,PASS,pending,NEEDS_MANUAL_ORACLE_REVIEW,No obvious web contract was extracted; existing tests or manual characterization must be mapped.
phpbb-C0565,phpbb,phpBB/phpbb/tree/nestedset.php,sql_data_access,PASS,pending,NEEDS_MANUAL_ORACLE_REVIEW,No obvious web contract was extracted; existing tests or manual characterization must be mapped.
phpbb-C0566,phpbb,phpBB/phpbb/textformatter/s9e/bbcode_merger.php,sql_data_access,PASS,pending,NEEDS_MANUAL_ORACLE_REVIEW,No obvious web contract was extracted; existing tests or manual characterization must be mapped.
phpbb-C0567,phpbb,phpBB/phpbb/textformatter/s9e/factory.php,mixed_php_html,PASS,pending,NEEDS_CHARACTERIZATION,Candidate has observable request/output contract but no stable oracle yet.
phpbb-C0568,phpbb,phpBB/phpbb/textformatter/s9e/factory.php,long_method_or_region,PASS,pending,NEEDS_CHARACTERIZATION,Candidate has observable request/output contract but no stable oracle yet.
phpbb-C0569,phpbb,phpBB/phpbb/textformatter/s9e/factory.php,long_method_or_region,PASS,pending,NEEDS_MANUAL_ORACLE_REVIEW,No obvious web contract was extracted; existing tests or manual characterization must be mapped.
phpbb-C0570,phpbb,phpBB/phpbb/textformatter/s9e/factory.php,long_method_or_region,PASS,pending,NEEDS_MANUAL_ORACLE_REVIEW,No obvious web contract was extracted; existing tests or manual characterization must be mapped.
phpbb-C0571,phpbb,phpBB/phpbb/textformatter/s9e/parser.php,long_method_or_region,PASS,pending,NEEDS_MANUAL_ORACLE_REVIEW,No obvious web contract was extracted; existing tests or manual characterization must be mapped.
phpbb-C0572,phpbb,phpBB/phpbb/template/twig/lexer.php,long_method_or_region,PASS,pending,NEEDS_MANUAL_ORACLE_REVIEW,No obvious web contract was extracted; existing tests or manual characterization must be mapped.
phpbb-C0573,phpbb,phpBB/phpbb/template/twig/lexer.php,long_method_or_region,PASS,pending,NEEDS_MANUAL_ORACLE_REVIEW,No obvious web contract was extracted; existing tests or manual characterization must be mapped.
phpbb-C0574,phpbb,phpBB/phpbb/template/twig/lexer.php,long_method_or_region,PASS,pending,NEEDS_MANUAL_ORACLE_REVIEW,No obvious web contract was extracted; existing tests or manual characterization must be mapped.
phpbb-C0575,phpbb,phpBB/phpbb/template/twig/twig.php,long_method_or_region,PASS,pending,NEEDS_MANUAL_ORACLE_REVIEW,No obvious web contract was extracted; existing tests or manual characterization must be mapped.
phpbb-C0576,phpbb,phpBB/phpbb/search/sphinx/config.php,long_method_or_region,PASS,pending,NEEDS_MANUAL_ORACLE_REVIEW,No obvious web contract was extracted; existing tests or manual characterization must be mapped.
phpbb-C0577,phpbb,phpBB/phpbb/report/controller/report.php,mixed_php_html,PASS,pending,NEEDS_MANUAL_ORACLE_REVIEW,No obvious web contract was extracted; existing tests or manual characterization must be mapped.
phpbb-C0578,phpbb,phpBB/phpbb/report/controller/report.php,long_method_or_region,PASS,pending,NEEDS_MANUAL_ORACLE_REVIEW,No obvious web contract was extracted; existing tests or manual characterization must be mapped.
phpbb-C0579,phpbb,phpBB/phpbb/profilefields/type/type_bool.php,mixed_php_html,PASS,pending,NEEDS_CHARACTERIZATION,Candidate has observable request/output contract but no stable oracle yet.
phpbb-C0580,phpbb,phpBB/phpbb/profilefields/type/type_bool.php,long_method_or_region,PASS,pending,NEEDS_MANUAL_ORACLE_REVIEW,No obvious web contract was extracted; existing tests or manual characterization must be mapped.
phpbb-C0581,phpbb,phpBB/phpbb/profilefields/type/type_bool.php,long_method_or_region,PASS,pending,NEEDS_MANUAL_ORACLE_REVIEW,No obvious web contract was extracted; existing tests or manual characterization must be mapped.
phpbb-C0582,phpbb,phpBB/phpbb/profilefields/type/type_date.php,mixed_php_html,PASS,pending,NEEDS_CHARACTERIZATION,Candidate has observable request/output contract but no stable oracle yet.
phpbb-C0583,phpbb,phpBB/phpbb/profilefields/type/type_date.php,long_method_or_region,PASS,pending,NEEDS_MANUAL_ORACLE_REVIEW,No obvious web contract was extracted; existing tests or manual characterization must be mapped.
phpbb-C0584,phpbb,phpBB/phpbb/profilefields/type/type_int.php,mixed_php_html,PASS,pending,NEEDS_MANUAL_ORACLE_REVIEW,No obvious web contract was extracted; existing tests or manual characterization must be mapped.
phpbb-C0585,phpbb,phpBB/phpbb/notification/method/board.php,sql_data_access,PASS,pending,NEEDS_MANUAL_ORACLE_REVIEW,No obvious web contract was extracted; existing tests or manual characterization must be mapped.
phpbb-C0586,phpbb,phpBB/phpbb/notification/method/board.php,sql_data_access,PASS,pending,NEEDS_MANUAL_ORACLE_REVIEW,No obvious web contract was extracted; existing tests or manual characterization must be mapped.
phpbb-C0587,phpbb,phpBB/phpbb/notification/method/messenger_base.php,long_method_or_region,PASS,pending,NEEDS_MANUAL_ORACLE_REVIEW,No obvious web contract was extracted; existing tests or manual characterization must be mapped.
phpbb-C0588,phpbb,phpBB/phpbb/notification/method/method_interface.php,sql_data_access,PASS,pending,NEEDS_MANUAL_ORACLE_REVIEW,No obvious web contract was extracted; existing tests or manual characterization must be mapped.
phpbb-C0589,phpbb,phpBB/phpbb/notification/type/base.php,sql_data_access,PASS,pending,NEEDS_MANUAL_ORACLE_REVIEW,No obvious web contract was extracted; existing tests or manual characterization must be mapped.
phpbb-C0590,phpbb,phpBB/phpbb/notification/type/base.php,sql_data_access,PASS,pending,NEEDS_MANUAL_ORACLE_REVIEW,No obvious web contract was extracted; existing tests or manual characterization must be mapped.
phpbb-C0591,phpbb,phpBB/phpbb/notification/type/bookmark.php,sql_data_access,PASS,pending,NEEDS_MANUAL_ORACLE_REVIEW,No obvious web contract was extracted; existing tests or manual characterization must be mapped.
phpbb-C0592,phpbb,phpBB/phpbb/notification/type/post.php,sql_data_access,PASS,pending,NEEDS_MANUAL_ORACLE_REVIEW,No obvious web contract was extracted; existing tests or manual characterization must be mapped.
phpbb-C0593,phpbb,phpBB/phpbb/notification/type/post.php,sql_data_access,PASS,pending,NEEDS_MANUAL_ORACLE_REVIEW,No obvious web contract was extracted; existing tests or manual characterization must be mapped.
phpbb-C0594,phpbb,phpBB/phpbb/notification/type/post.php,long_method_or_region,PASS,pending,NEEDS_MANUAL_ORACLE_REVIEW,No obvious web contract was extracted; existing tests or manual characterization must be mapped.
phpbb-C0595,phpbb,phpBB/phpbb/notification/type/quote.php,sql_data_access,PASS,pending,NEEDS_MANUAL_ORACLE_REVIEW,No obvious web contract was extracted; existing tests or manual characterization must be mapped.
phpbb-C0596,phpbb,phpBB/phpbb/notification/type/topic.php,sql_data_access,PASS,pending,NEEDS_MANUAL_ORACLE_REVIEW,No obvious web contract was extracted; existing tests or manual characterization must be mapped.
phpbb-C0597,phpbb,phpBB/phpbb/install/helper/container_factory.php,long_method_or_region,PASS,pending,NEEDS_MANUAL_ORACLE_REVIEW,No obvious web contract was extracted; existing tests or manual characterization must be mapped.
phpbb-C0598,phpbb,phpBB/phpbb/install/helper/database.php,sql_data_access,PASS,pending,NEEDS_MANUAL_ORACLE_REVIEW,No obvious web contract was extracted; existing tests or manual characterization must be mapped.
phpbb-C0599,phpbb,phpBB/phpbb/install/helper/database.php,long_method_or_region,PASS,pending,NEEDS_MANUAL_ORACLE_REVIEW,No obvious web contract was extracted; existing tests or manual characterization must be mapped.
phpbb-C0600,phpbb,phpBB/phpbb/install/helper/database.php,sql_data_access,PASS,pending,NEEDS_MANUAL_ORACLE_REVIEW,No obvious web contract was extracted; existing tests or manual characterization must be mapped.
phpbb-C0601,phpbb,phpBB/phpbb/install/module/update_filesystem/task/diff_files.php,long_method_or_region,PASS,pending,NEEDS_MANUAL_ORACLE_REVIEW,No obvious web contract was extracted; existing tests or manual characterization must be mapped.
phpbb-C0602,phpbb,phpBB/phpbb/install/module/update_filesystem/task/file_check.php,long_method_or_region,PASS,pending,NEEDS_MANUAL_ORACLE_REVIEW,No obvious web contract was extracted; existing tests or manual characterization must be mapped.
phpbb-C0603,phpbb,phpBB/phpbb/install/module/update_filesystem/task/show_file_status.php,long_method_or_region,PASS,pending,NEEDS_MANUAL_ORACLE_REVIEW,No obvious web contract was extracted; existing tests or manual characterization must be mapped.
phpbb-C0604,phpbb,phpBB/phpbb/install/module/update_filesystem/task/update_files.php,long_method_or_region,PASS,pending,NEEDS_MANUAL_ORACLE_REVIEW,No obvious web contract was extracted; existing tests or manual characterization must be mapped.
phpbb-C0605,phpbb,phpBB/phpbb/install/module/update_database/task/update.php,long_method_or_region,PASS,pending,NEEDS_MANUAL_ORACLE_REVIEW,No obvious web contract was extracted; existing tests or manual characterization must be mapped.
phpbb-C0606,phpbb,phpBB/phpbb/install/module/update_database/task/update_extensions.php,sql_data_access,PASS,pending,NEEDS_MANUAL_ORACLE_REVIEW,No obvious web contract was extracted; existing tests or manual characterization must be mapped.
phpbb-C0607,phpbb,phpBB/phpbb/install/module/update_database/task/update_extensions.php,long_method_or_region,PASS,pending,NEEDS_MANUAL_ORACLE_REVIEW,No obvious web contract was extracted; existing tests or manual characterization must be mapped.
phpbb-C0608,phpbb,phpBB/phpbb/install/module/requirements/task/check_filesystem.php,long_method_or_region,PASS,pending,NEEDS_MANUAL_ORACLE_REVIEW,No obvious web contract was extracted; existing tests or manual characterization must be mapped.
phpbb-C0609,phpbb,phpBB/phpbb/install/module/requirements/task/check_filesystem.php,long_method_or_region,PASS,pending,NEEDS_MANUAL_ORACLE_REVIEW,No obvious web contract was extracted; existing tests or manual characterization must be mapped.
phpbb-C0610,phpbb,phpBB/phpbb/install/module/requirements/task/check_update.php,long_method_or_region,PASS,pending,NEEDS_MANUAL_ORACLE_REVIEW,No obvious web contract was extracted; existing tests or manual characterization must be mapped.
phpbb-C0611,phpbb,phpBB/phpbb/install/module/obtain_data/task/obtain_database_data.php,long_method_or_region,PASS,pending,NEEDS_MANUAL_ORACLE_REVIEW,No obvious web contract was extracted; existing tests or manual characterization must be mapped.
phpbb-C0612,phpbb,phpBB/phpbb/install/module/obtain_data/task/obtain_email_data.php,long_method_or_region,PASS,pending,NEEDS_MANUAL_ORACLE_REVIEW,No obvious web contract was extracted; existing tests or manual characterization must be mapped.
phpbb-C0613,phpbb,phpBB/phpbb/install/module/obtain_data/task/obtain_server_data.php,long_method_or_region,PASS,pending,NEEDS_MANUAL_ORACLE_REVIEW,No obvious web contract was extracted; existing tests or manual characterization must be mapped.
phpbb-C0614,phpbb,phpBB/phpbb/install/module/install_finish/task/install_extensions.php,sql_data_access,PASS,pending,NEEDS_MANUAL_ORACLE_REVIEW,No obvious web contract was extracted; existing tests or manual characterization must be mapped.
phpbb-C0615,phpbb,phpBB/phpbb/install/module/install_database/task/add_config_settings.php,sql_data_access,PASS,pending,NEEDS_MANUAL_ORACLE_REVIEW,No obvious web contract was extracted; existing tests or manual characterization must be mapped.
phpbb-C0616,phpbb,phpBB/phpbb/install/module/install_database/task/add_config_settings.php,sql_data_access,PASS,pending,NEEDS_MANUAL_ORACLE_REVIEW,No obvious web contract was extracted; existing tests or manual characterization must be mapped.
phpbb-C0617,phpbb,phpBB/phpbb/install/module/install_database/task/create_schema.php,long_method_or_region,PASS,pending,NEEDS_MANUAL_ORACLE_REVIEW,No obvious web contract was extracted; existing tests or manual characterization must be mapped.
phpbb-C0618,phpbb,phpBB/phpbb/install/module/install_data/task/add_bots.php,sql_data_access,PASS,pending,NEEDS_MANUAL_ORACLE_REVIEW,No obvious web contract was extracted; existing tests or manual characterization must be mapped.
phpbb-C0619,phpbb,phpBB/phpbb/install/module/install_data/task/add_languages.php,sql_data_access,PASS,pending,NEEDS_MANUAL_ORACLE_REVIEW,No obvious web contract was extracted; existing tests or manual characterization must be mapped.
phpbb-C0620,phpbb,phpBB/phpbb/install/module/install_data/task/add_modules.php,sql_data_access,PASS,pending,NEEDS_MANUAL_ORACLE_REVIEW,No obvious web contract was extracted; existing tests or manual characterization must be mapped.
phpbb-C0621,phpbb,phpBB/phpbb/install/module/install_data/task/add_modules.php,long_method_or_region,PASS,pending,NEEDS_MANUAL_ORACLE_REVIEW,No obvious web contract was extracted; existing tests or manual characterization must be mapped.
phpbb-C0622,phpbb,phpBB/phpbb/install/module/install_data/task/add_modules.php,sql_data_access,PASS,pending,NEEDS_MANUAL_ORACLE_REVIEW,No obvious web contract was extracted; existing tests or manual characterization must be mapped.
phpbb-C0623,phpbb,phpBB/phpbb/install/module/install_data/task/add_modules.php,sql_data_access,PASS,pending,NEEDS_MANUAL_ORACLE_REVIEW,No obvious web contract was extracted; existing tests or manual characterization must be mapped.
phpbb-C0624,phpbb,phpBB/phpbb/install/helper/iohandler/ajax_iohandler.php,long_method_or_region,PASS,pending,NEEDS_MANUAL_ORACLE_REVIEW,No obvious web contract was extracted; existing tests or manual characterization must be mapped.
phpbb-C0625,phpbb,phpBB/phpbb/install/helper/iohandler/ajax_iohandler.php,long_method_or_region,PASS,pending,NEEDS_MANUAL_ORACLE_REVIEW,No obvious web contract was extracted; existing tests or manual characterization must be mapped.
phpbb-C0626,phpbb,phpBB/phpbb/help/controller/faq.php,long_method_or_region,PASS,pending,NEEDS_MANUAL_ORACLE_REVIEW,No obvious web contract was extracted; existing tests or manual characterization must be mapped.
phpbb-C0627,phpbb,phpBB/phpbb/files/types/form.php,long_method_or_region,PASS,pending,NEEDS_MANUAL_ORACLE_REVIEW,No obvious web contract was extracted; existing tests or manual characterization must be mapped.
phpbb-C0628,phpbb,phpBB/phpbb/files/types/remote.php,long_method_or_region,PASS,pending,NEEDS_MANUAL_ORACLE_REVIEW,No obvious web contract was extracted; existing tests or manual characterization must be mapped.
phpbb-C0629,phpbb,phpBB/phpbb/feed/controller/feed.php,sql_data_access,PASS,pending,NEEDS_MANUAL_ORACLE_REVIEW,No obvious web contract was extracted; existing tests or manual characterization must be mapped.
phpbb-C0630,phpbb,phpBB/phpbb/feed/controller/feed.php,long_method_or_region,PASS,pending,NEEDS_MANUAL_ORACLE_REVIEW,No obvious web contract was extracted; existing tests or manual characterization must be mapped.
phpbb-C0631,phpbb,phpBB/phpbb/db/driver/driver.php,mixed_php_html_sql,PASS,pending,NEEDS_CHARACTERIZATION,Candidate has observable request/output contract but no stable oracle yet.
phpbb-C0632,phpbb,phpBB/phpbb/db/driver/driver.php,long_method_or_region,PASS,pending,NEEDS_MANUAL_ORACLE_REVIEW,No obvious web contract was extracted; existing tests or manual characterization must be mapped.
phpbb-C0633,phpbb,phpBB/phpbb/db/driver/driver.php,long_method_or_region,PASS,pending,NEEDS_MANUAL_ORACLE_REVIEW,No obvious web contract was extracted; existing tests or manual characterization must be mapped.
phpbb-C0634,phpbb,phpBB/phpbb/db/driver/driver.php,sql_data_access,PASS,pending,NEEDS_MANUAL_ORACLE_REVIEW,No obvious web contract was extracted; existing tests or manual characterization must be mapped.
phpbb-C0635,phpbb,phpBB/phpbb/db/driver/driver.php,long_method_or_region,PASS,pending,NEEDS_MANUAL_ORACLE_REVIEW,No obvious web contract was extracted; existing tests or manual characterization must be mapped.
phpbb-C0636,phpbb,phpBB/phpbb/db/driver/driver.php,long_method_or_region,PASS,pending,NEEDS_MANUAL_ORACLE_REVIEW,No obvious web contract was extracted; existing tests or manual characterization must be mapped.
phpbb-C0637,phpbb,phpBB/phpbb/db/driver/driver.php,long_method_or_region,PASS,pending,NEEDS_MANUAL_ORACLE_REVIEW,No obvious web contract was extracted; existing tests or manual characterization must be mapped.
phpbb-C0638,phpbb,phpBB/phpbb/db/driver/driver.php,long_method_or_region,PASS,pending,NEEDS_CHARACTERIZATION,Candidate has observable request/output contract but no stable oracle yet.
phpbb-C0639,phpbb,phpBB/phpbb/db/driver/driver_interface.php,sql_data_access,PASS,pending,NEEDS_MANUAL_ORACLE_REVIEW,No obvious web contract was extracted; existing tests or manual characterization must be mapped.
phpbb-C0640,phpbb,phpBB/phpbb/db/driver/mssqlnative.php,mixed_php_html_sql,PASS,pending,NEEDS_MANUAL_ORACLE_REVIEW,No obvious web contract was extracted; existing tests or manual characterization must be mapped.
phpbb-C0641,phpbb,phpBB/phpbb/db/driver/mssqlnative.php,long_method_or_region,PASS,pending,NEEDS_MANUAL_ORACLE_REVIEW,No obvious web contract was extracted; existing tests or manual characterization must be mapped.
phpbb-C0642,phpbb,phpBB/phpbb/db/driver/mssqlnative.php,sql_data_access,PASS,pending,NEEDS_MANUAL_ORACLE_REVIEW,No obvious web contract was extracted; existing tests or manual characterization must be mapped.
phpbb-C0643,phpbb,phpBB/phpbb/db/driver/mssql_odbc.php,long_method_or_region,PASS,pending,NEEDS_MANUAL_ORACLE_REVIEW,No obvious web contract was extracted; existing tests or manual characterization must be mapped.
phpbb-C0644,phpbb,phpBB/phpbb/db/driver/mssql_odbc.php,long_method_or_region,PASS,pending,NEEDS_MANUAL_ORACLE_REVIEW,No obvious web contract was extracted; existing tests or manual characterization must be mapped.
phpbb-C0645,phpbb,phpBB/phpbb/db/driver/mysql.php,mixed_php_html_sql,PASS,pending,NEEDS_MANUAL_ORACLE_REVIEW,No obvious web contract was extracted; existing tests or manual characterization must be mapped.
phpbb-C0646,phpbb,phpBB/phpbb/db/driver/mysql.php,long_method_or_region,PASS,pending,NEEDS_MANUAL_ORACLE_REVIEW,No obvious web contract was extracted; existing tests or manual characterization must be mapped.
phpbb-C0647,phpbb,phpBB/phpbb/db/driver/mysql.php,long_method_or_region,PASS,pending,NEEDS_MANUAL_ORACLE_REVIEW,No obvious web contract was extracted; existing tests or manual characterization must be mapped.
phpbb-C0648,phpbb,phpBB/phpbb/db/driver/mysql.php,sql_data_access,PASS,pending,NEEDS_MANUAL_ORACLE_REVIEW,No obvious web contract was extracted; existing tests or manual characterization must be mapped.
phpbb-C0649,phpbb,phpBB/phpbb/db/driver/mysqli.php,mixed_php_html_sql,PASS,pending,NEEDS_MANUAL_ORACLE_REVIEW,No obvious web contract was extracted; existing tests or manual characterization must be mapped.
phpbb-C0650,phpbb,phpBB/phpbb/db/driver/mysqli.php,long_method_or_region,PASS,pending,NEEDS_MANUAL_ORACLE_REVIEW,No obvious web contract was extracted; existing tests or manual characterization must be mapped.
phpbb-C0651,phpbb,phpBB/phpbb/db/driver/mysqli.php,long_method_or_region,PASS,pending,NEEDS_MANUAL_ORACLE_REVIEW,No obvious web contract was extracted; existing tests or manual characterization must be mapped.
phpbb-C0652,phpbb,phpBB/phpbb/db/driver/mysqli.php,sql_data_access,PASS,pending,NEEDS_MANUAL_ORACLE_REVIEW,No obvious web contract was extracted; existing tests or manual characterization must be mapped.
phpbb-C0653,phpbb,phpBB/phpbb/db/driver/oracle.php,mixed_php_html_sql,PASS,pending,NEEDS_MANUAL_ORACLE_REVIEW,No obvious web contract was extracted; existing tests or manual characterization must be mapped.
phpbb-C0654,phpbb,phpBB/phpbb/db/driver/oracle.php,long_method_or_region,PASS,pending,NEEDS_MANUAL_ORACLE_REVIEW,No obvious web contract was extracted; existing tests or manual characterization must be mapped.
phpbb-C0655,phpbb,phpBB/phpbb/db/driver/oracle.php,long_method_or_region,PASS,pending,NEEDS_MANUAL_ORACLE_REVIEW,No obvious web contract was extracted; existing tests or manual characterization must be mapped.
phpbb-C0656,phpbb,phpBB/phpbb/db/driver/oracle.php,sql_data_access,PASS,pending,NEEDS_MANUAL_ORACLE_REVIEW,No obvious web contract was extracted; existing tests or manual characterization must be mapped.
phpbb-C0657,phpbb,phpBB/phpbb/db/driver/oracle.php,sql_data_access,PASS,pending,NEEDS_MANUAL_ORACLE_REVIEW,No obvious web contract was extracted; existing tests or manual characterization must be mapped.
phpbb-C0658,phpbb,phpBB/phpbb/db/driver/postgres.php,mixed_php_html_sql,PASS,pending,NEEDS_MANUAL_ORACLE_REVIEW,No obvious web contract was extracted; existing tests or manual characterization must be mapped.
phpbb-C0659,phpbb,phpBB/phpbb/db/driver/postgres.php,sql_data_access,PASS,pending,NEEDS_MANUAL_ORACLE_REVIEW,No obvious web contract was extracted; existing tests or manual characterization must be mapped.
phpbb-C0660,phpbb,phpBB/phpbb/db/driver/postgres.php,sql_data_access,PASS,pending,NEEDS_MANUAL_ORACLE_REVIEW,No obvious web contract was extracted; existing tests or manual characterization must be mapped.
phpbb-C0661,phpbb,phpBB/phpbb/db/driver/postgres.php,sql_data_access,PASS,pending,NEEDS_MANUAL_ORACLE_REVIEW,No obvious web contract was extracted; existing tests or manual characterization must be mapped.
phpbb-C0662,phpbb,phpBB/phpbb/db/driver/sqlite3.php,mixed_php_html_sql,PASS,pending,NEEDS_MANUAL_ORACLE_REVIEW,No obvious web contract was extracted; existing tests or manual characterization must be mapped.
phpbb-C0663,phpbb,phpBB/phpbb/db/driver/sqlite3.php,sql_data_access,PASS,pending,NEEDS_MANUAL_ORACLE_REVIEW,No obvious web contract was extracted; existing tests or manual characterization must be mapped.
phpbb-C0664,phpbb,phpBB/phpbb/db/driver/sqlite3.php,sql_data_access,PASS,pending,NEEDS_MANUAL_ORACLE_REVIEW,No obvious web contract was extracted; existing tests or manual characterization must be mapped.
phpbb-C0665,phpbb,phpBB/phpbb/db/extractor/base_extractor.php,long_method_or_region,PASS,pending,NEEDS_MANUAL_ORACLE_REVIEW,No obvious web contract was extracted; existing tests or manual characterization must be mapped.
phpbb-C0666,phpbb,phpBB/phpbb/db/extractor/mssql_extractor.php,sql_data_access,PASS,pending,NEEDS_MANUAL_ORACLE_REVIEW,No obvious web contract was extracted; existing tests or manual characterization must be mapped.
phpbb-C0667,phpbb,phpBB/phpbb/db/extractor/mssql_extractor.php,sql_data_access,PASS,pending,NEEDS_MANUAL_ORACLE_REVIEW,No obvious web contract was extracted; existing tests or manual characterization must be mapped.
phpbb-C0668,phpbb,phpBB/phpbb/db/extractor/mssql_extractor.php,sql_data_access,PASS,pending,NEEDS_MANUAL_ORACLE_REVIEW,No obvious web contract was extracted; existing tests or manual characterization must be mapped.
phpbb-C0669,phpbb,phpBB/phpbb/db/extractor/mssql_extractor.php,sql_data_access,PASS,pending,NEEDS_MANUAL_ORACLE_REVIEW,No obvious web contract was extracted; existing tests or manual characterization must be mapped.
phpbb-C0670,phpbb,phpBB/phpbb/db/extractor/mysql_extractor.php,sql_data_access,PASS,pending,NEEDS_MANUAL_ORACLE_REVIEW,No obvious web contract was extracted; existing tests or manual characterization must be mapped.
phpbb-C0671,phpbb,phpBB/phpbb/db/extractor/mysql_extractor.php,sql_data_access,PASS,pending,NEEDS_MANUAL_ORACLE_REVIEW,No obvious web contract was extracted; existing tests or manual characterization must be mapped.
phpbb-C0672,phpbb,phpBB/phpbb/db/extractor/mysql_extractor.php,sql_data_access,PASS,pending,NEEDS_MANUAL_ORACLE_REVIEW,No obvious web contract was extracted; existing tests or manual characterization must be mapped.
phpbb-C0673,phpbb,phpBB/phpbb/db/extractor/mysql_extractor.php,long_method_or_region,PASS,pending,NEEDS_MANUAL_ORACLE_REVIEW,No obvious web contract was extracted; existing tests or manual characterization must be mapped.
phpbb-C0674,phpbb,phpBB/phpbb/db/extractor/oracle_extractor.php,sql_data_access,PASS,pending,NEEDS_MANUAL_ORACLE_REVIEW,No obvious web contract was extracted; existing tests or manual characterization must be mapped.
phpbb-C0675,phpbb,phpBB/phpbb/db/extractor/oracle_extractor.php,sql_data_access,PASS,pending,NEEDS_MANUAL_ORACLE_REVIEW,No obvious web contract was extracted; existing tests or manual characterization must be mapped.
phpbb-C0676,phpbb,phpBB/phpbb/db/extractor/oracle_extractor.php,sql_data_access,PASS,pending,NEEDS_MANUAL_ORACLE_REVIEW,No obvious web contract was extracted; existing tests or manual characterization must be mapped.
phpbb-C0677,phpbb,phpBB/phpbb/db/extractor/postgres_extractor.php,sql_data_access,PASS,pending,NEEDS_MANUAL_ORACLE_REVIEW,No obvious web contract was extracted; existing tests or manual characterization must be mapped.
phpbb-C0678,phpbb,phpBB/phpbb/db/extractor/postgres_extractor.php,sql_data_access,PASS,pending,NEEDS_MANUAL_ORACLE_REVIEW,No obvious web contract was extracted; existing tests or manual characterization must be mapped.
phpbb-C0679,phpbb,phpBB/phpbb/db/extractor/postgres_extractor.php,sql_data_access,PASS,pending,NEEDS_MANUAL_ORACLE_REVIEW,No obvious web contract was extracted; existing tests or manual characterization must be mapped.
phpbb-C0680,phpbb,phpBB/phpbb/db/extractor/sqlite3_extractor.php,sql_data_access,PASS,pending,NEEDS_MANUAL_ORACLE_REVIEW,No obvious web contract was extracted; existing tests or manual characterization must be mapped.
phpbb-C0681,phpbb,phpBB/phpbb/db/extractor/sqlite3_extractor.php,sql_data_access,PASS,pending,NEEDS_MANUAL_ORACLE_REVIEW,No obvious web contract was extracted; existing tests or manual characterization must be mapped.
phpbb-C0682,phpbb,phpBB/phpbb/db/extractor/sqlite3_extractor.php,sql_data_access,PASS,pending,NEEDS_MANUAL_ORACLE_REVIEW,No obvious web contract was extracted; existing tests or manual characterization must be mapped.
phpbb-C0683,phpbb,phpBB/phpbb/db/migration/profilefield_base_migration.php,sql_data_access,PASS,pending,NEEDS_MANUAL_ORACLE_REVIEW,No obvious web contract was extracted; existing tests or manual characterization must be mapped.
phpbb-C0684,phpbb,phpBB/phpbb/db/migration/profilefield_base_migration.php,sql_data_access,PASS,pending,NEEDS_MANUAL_ORACLE_REVIEW,No obvious web contract was extracted; existing tests or manual characterization must be mapped.
phpbb-C0685,phpbb,phpBB/phpbb/db/migration/profilefield_base_migration.php,sql_data_access,PASS,pending,NEEDS_MANUAL_ORACLE_REVIEW,No obvious web contract was extracted; existing tests or manual characterization must be mapped.
phpbb-C0686,phpbb,phpBB/phpbb/db/migration/schema_generator.php,long_method_or_region,PASS,pending,NEEDS_MANUAL_ORACLE_REVIEW,No obvious web contract was extracted; existing tests or manual characterization must be mapped.
phpbb-C0687,phpbb,phpBB/phpbb/db/tools/mssql.php,sql_data_access,PASS,pending,NEEDS_MANUAL_ORACLE_REVIEW,No obvious web contract was extracted; existing tests or manual characterization must be mapped.
phpbb-C0688,phpbb,phpBB/phpbb/db/tools/mssql.php,long_method_or_region,PASS,pending,NEEDS_MANUAL_ORACLE_REVIEW,No obvious web contract was extracted; existing tests or manual characterization must be mapped.
phpbb-C0689,phpbb,phpBB/phpbb/db/tools/mssql.php,long_method_or_region,PASS,pending,NEEDS_MANUAL_ORACLE_REVIEW,No obvious web contract was extracted; existing tests or manual characterization must be mapped.
phpbb-C0690,phpbb,phpBB/phpbb/db/tools/mssql.php,sql_data_access,PASS,pending,NEEDS_MANUAL_ORACLE_REVIEW,No obvious web contract was extracted; existing tests or manual characterization must be mapped.
phpbb-C0691,phpbb,phpBB/phpbb/db/tools/mssql.php,sql_data_access,PASS,pending,NEEDS_MANUAL_ORACLE_REVIEW,No obvious web contract was extracted; existing tests or manual characterization must be mapped.
phpbb-C0692,phpbb,phpBB/phpbb/db/tools/postgres.php,sql_data_access,PASS,pending,NEEDS_MANUAL_ORACLE_REVIEW,No obvious web contract was extracted; existing tests or manual characterization must be mapped.
phpbb-C0693,phpbb,phpBB/phpbb/db/tools/postgres.php,long_method_or_region,PASS,pending,NEEDS_MANUAL_ORACLE_REVIEW,No obvious web contract was extracted; existing tests or manual characterization must be mapped.
phpbb-C0694,phpbb,phpBB/phpbb/db/tools/postgres.php,long_method_or_region,PASS,pending,NEEDS_MANUAL_ORACLE_REVIEW,No obvious web contract was extracted; existing tests or manual characterization must be mapped.
phpbb-C0695,phpbb,phpBB/phpbb/db/tools/postgres.php,sql_data_access,PASS,pending,NEEDS_MANUAL_ORACLE_REVIEW,No obvious web contract was extracted; existing tests or manual characterization must be mapped.
phpbb-C0696,phpbb,phpBB/phpbb/db/tools/tools.php,sql_data_access,PASS,pending,NEEDS_MANUAL_ORACLE_REVIEW,No obvious web contract was extracted; existing tests or manual characterization must be mapped.
phpbb-C0697,phpbb,phpBB/phpbb/db/tools/tools.php,long_method_or_region,PASS,pending,NEEDS_MANUAL_ORACLE_REVIEW,No obvious web contract was extracted; existing tests or manual characterization must be mapped.
phpbb-C0698,phpbb,phpBB/phpbb/db/tools/tools.php,sql_data_access,PASS,pending,NEEDS_MANUAL_ORACLE_REVIEW,No obvious web contract was extracted; existing tests or manual characterization must be mapped.
phpbb-C0699,phpbb,phpBB/phpbb/db/tools/tools.php,long_method_or_region,PASS,pending,NEEDS_MANUAL_ORACLE_REVIEW,No obvious web contract was extracted; existing tests or manual characterization must be mapped.
phpbb-C0700,phpbb,phpBB/phpbb/db/tools/tools.php,sql_data_access,PASS,pending,NEEDS_MANUAL_ORACLE_REVIEW,No obvious web contract was extracted; existing tests or manual characterization must be mapped.
phpbb-C0701,phpbb,phpBB/phpbb/db/tools/tools.php,sql_data_access,PASS,pending,NEEDS_MANUAL_ORACLE_REVIEW,No obvious web contract was extracted; existing tests or manual characterization must be mapped.
phpbb-C0702,phpbb,phpBB/phpbb/db/tools/tools.php,sql_data_access,PASS,pending,NEEDS_MANUAL_ORACLE_REVIEW,No obvious web contract was extracted; existing tests or manual characterization must be mapped.
phpbb-C0703,phpbb,phpBB/phpbb/db/tools/tools.php,sql_data_access,PASS,pending,NEEDS_MANUAL_ORACLE_REVIEW,No obvious web contract was extracted; existing tests or manual characterization must be mapped.
phpbb-C0704,phpbb,phpBB/phpbb/db/tools/tools.php,long_method_or_region,PASS,pending,NEEDS_MANUAL_ORACLE_REVIEW,No obvious web contract was extracted; existing tests or manual characterization must be mapped.
phpbb-C0705,phpbb,phpBB/phpbb/db/tools/tools.php,sql_data_access,PASS,pending,NEEDS_MANUAL_ORACLE_REVIEW,No obvious web contract was extracted; existing tests or manual characterization must be mapped.
phpbb-C0706,phpbb,phpBB/phpbb/db/tools/tools.php,sql_data_access,PASS,pending,NEEDS_MANUAL_ORACLE_REVIEW,No obvious web contract was extracted; existing tests or manual characterization must be mapped.
phpbb-C0707,phpbb,phpBB/phpbb/db/tools/tools.php,sql_data_access,PASS,pending,NEEDS_MANUAL_ORACLE_REVIEW,No obvious web contract was extracted; existing tests or manual characterization must be mapped.
phpbb-C0708,phpbb,phpBB/phpbb/db/tools/tools.php,sql_data_access,PASS,pending,NEEDS_MANUAL_ORACLE_REVIEW,No obvious web contract was extracted; existing tests or manual characterization must be mapped.
phpbb-C0709,phpbb,phpBB/phpbb/db/tools/tools.php,sql_data_access,PASS,pending,NEEDS_MANUAL_ORACLE_REVIEW,No obvious web contract was extracted; existing tests or manual characterization must be mapped.
phpbb-C0710,phpbb,phpBB/phpbb/db/tools/tools.php,sql_data_access,PASS,pending,NEEDS_MANUAL_ORACLE_REVIEW,No obvious web contract was extracted; existing tests or manual characterization must be mapped.
phpbb-C0711,phpbb,phpBB/phpbb/db/migration/tool/config.php,sql_data_access,PASS,pending,NEEDS_MANUAL_ORACLE_REVIEW,No obvious web contract was extracted; existing tests or manual characterization must be mapped.
phpbb-C0712,phpbb,phpBB/phpbb/db/migration/tool/module.php,sql_data_access,PASS,pending,NEEDS_MANUAL_ORACLE_REVIEW,No obvious web contract was extracted; existing tests or manual characterization must be mapped.
phpbb-C0713,phpbb,phpBB/phpbb/db/migration/tool/module.php,sql_data_access,PASS,pending,NEEDS_MANUAL_ORACLE_REVIEW,No obvious web contract was extracted; existing tests or manual characterization must be mapped.
phpbb-C0714,phpbb,phpBB/phpbb/db/migration/tool/module.php,sql_data_access,PASS,pending,NEEDS_MANUAL_ORACLE_REVIEW,No obvious web contract was extracted; existing tests or manual characterization must be mapped.
phpbb-C0715,phpbb,phpBB/phpbb/db/migration/tool/module.php,sql_data_access,PASS,pending,NEEDS_MANUAL_ORACLE_REVIEW,No obvious web contract was extracted; existing tests or manual characterization must be mapped.
phpbb-C0716,phpbb,phpBB/phpbb/db/migration/tool/permission.php,sql_data_access,PASS,pending,NEEDS_MANUAL_ORACLE_REVIEW,No obvious web contract was extracted; existing tests or manual characterization must be mapped.
phpbb-C0717,phpbb,phpBB/phpbb/db/migration/tool/permission.php,sql_data_access,PASS,pending,NEEDS_MANUAL_ORACLE_REVIEW,No obvious web contract was extracted; existing tests or manual characterization must be mapped.
phpbb-C0718,phpbb,phpBB/phpbb/db/migration/tool/permission.php,sql_data_access,PASS,pending,NEEDS_MANUAL_ORACLE_REVIEW,No obvious web contract was extracted; existing tests or manual characterization must be mapped.
phpbb-C0719,phpbb,phpBB/phpbb/db/migration/tool/permission.php,sql_data_access,PASS,pending,NEEDS_MANUAL_ORACLE_REVIEW,No obvious web contract was extracted; existing tests or manual characterization must be mapped.
phpbb-C0720,phpbb,phpBB/phpbb/db/migration/tool/permission.php,sql_data_access,PASS,pending,NEEDS_MANUAL_ORACLE_REVIEW,No obvious web contract was extracted; existing tests or manual characterization must be mapped.
phpbb-C0721,phpbb,phpBB/phpbb/db/migration/tool/permission.php,sql_data_access,PASS,pending,NEEDS_MANUAL_ORACLE_REVIEW,No obvious web contract was extracted; existing tests or manual characterization must be mapped.
phpbb-C0722,phpbb,phpBB/phpbb/db/migration/tool/permission.php,sql_data_access,PASS,pending,NEEDS_MANUAL_ORACLE_REVIEW,No obvious web contract was extracted; existing tests or manual characterization must be mapped.
phpbb-C0723,phpbb,phpBB/phpbb/db/migration/tool/permission.php,long_method_or_region,PASS,pending,NEEDS_MANUAL_ORACLE_REVIEW,No obvious web contract was extracted; existing tests or manual characterization must be mapped.
phpbb-C0724,phpbb,phpBB/phpbb/db/migration/data/v30x/release_3_0_0.php,session_dependent_logic,PASS,pending,NEEDS_MANUAL_ORACLE_REVIEW,No obvious web contract was extracted; existing tests or manual characterization must be mapped.
phpbb-C0725,phpbb,phpBB/phpbb/db/migration/data/v30x/release_3_0_11_rc1.php,sql_data_access,PASS,pending,NEEDS_MANUAL_ORACLE_REVIEW,No obvious web contract was extracted; existing tests or manual characterization must be mapped.
phpbb-C0726,phpbb,phpBB/phpbb/db/migration/data/v30x/release_3_0_4_rc1.php,sql_data_access,PASS,pending,NEEDS_MANUAL_ORACLE_REVIEW,No obvious web contract was extracted; existing tests or manual characterization must be mapped.
phpbb-C0727,phpbb,phpBB/phpbb/db/migration/data/v30x/release_3_0_5_rc1.php,sql_data_access,PASS,pending,NEEDS_MANUAL_ORACLE_REVIEW,No obvious web contract was extracted; existing tests or manual characterization must be mapped.
phpbb-C0728,phpbb,phpBB/phpbb/db/migration/data/v30x/release_3_0_6_rc1.php,sql_data_access,PASS,pending,NEEDS_MANUAL_ORACLE_REVIEW,No obvious web contract was extracted; existing tests or manual characterization must be mapped.
phpbb-C0729,phpbb,phpBB/phpbb/db/migration/data/v30x/release_3_0_6_rc1.php,long_method_or_region,PASS,pending,NEEDS_MANUAL_ORACLE_REVIEW,No obvious web contract was extracted; existing tests or manual characterization must be mapped.
phpbb-C0730,phpbb,phpBB/phpbb/db/migration/data/v30x/release_3_0_6_rc1.php,sql_data_access,PASS,pending,NEEDS_MANUAL_ORACLE_REVIEW,No obvious web contract was extracted; existing tests or manual characterization must be mapped.
phpbb-C0731,phpbb,phpBB/phpbb/db/migration/data/v30x/release_3_0_7_rc2.php,sql_data_access,PASS,pending,NEEDS_MANUAL_ORACLE_REVIEW,No obvious web contract was extracted; existing tests or manual characterization must be mapped.
phpbb-C0732,phpbb,phpBB/phpbb/db/migration/data/v30x/release_3_0_8_rc1.php,sql_data_access,PASS,pending,NEEDS_MANUAL_ORACLE_REVIEW,No obvious web contract was extracted; existing tests or manual characterization must be mapped.
phpbb-C0733,phpbb,phpBB/phpbb/db/migration/data/v30x/release_3_0_8_rc1.php,sql_data_access,PASS,pending,NEEDS_MANUAL_ORACLE_REVIEW,No obvious web contract was extracted; existing tests or manual characterization must be mapped.
phpbb-C0734,phpbb,phpBB/phpbb/db/migration/data/v310/bot_update.php,sql_data_access,PASS,pending,NEEDS_MANUAL_ORACLE_REVIEW,No obvious web contract was extracted; existing tests or manual characterization must be mapped.
phpbb-C0735,phpbb,phpBB/phpbb/db/migration/data/v310/bot_update.php,sql_data_access,PASS,pending,NEEDS_MANUAL_ORACLE_REVIEW,No obvious web contract was extracted; existing tests or manual characterization must be mapped.
phpbb-C0736,phpbb,phpBB/phpbb/db/migration/data/v310/dev.php,sql_data_access,PASS,pending,NEEDS_MANUAL_ORACLE_REVIEW,No obvious web contract was extracted; existing tests or manual characterization must be mapped.
phpbb-C0737,phpbb,phpBB/phpbb/db/migration/data/v310/dev.php,long_method_or_region,PASS,pending,NEEDS_MANUAL_ORACLE_REVIEW,No obvious web contract was extracted; existing tests or manual characterization must be mapped.
phpbb-C0738,phpbb,phpBB/phpbb/db/migration/data/v310/dev.php,sql_data_access,PASS,pending,NEEDS_MANUAL_ORACLE_REVIEW,No obvious web contract was extracted; existing tests or manual characterization must be mapped.
phpbb-C0739,phpbb,phpBB/phpbb/db/migration/data/v310/notifications_use_full_name.php,sql_data_access,PASS,pending,NEEDS_MANUAL_ORACLE_REVIEW,No obvious web contract was extracted; existing tests or manual characterization must be mapped.
phpbb-C0740,phpbb,phpBB/phpbb/db/migration/data/v310/notifications_use_full_name.php,sql_data_access,PASS,pending,NEEDS_MANUAL_ORACLE_REVIEW,No obvious web contract was extracted; existing tests or manual characterization must be mapped.
phpbb-C0741,phpbb,phpBB/phpbb/db/migration/data/v310/notification_options_reconvert.php,sql_data_access,PASS,pending,NEEDS_MANUAL_ORACLE_REVIEW,No obvious web contract was extracted; existing tests or manual characterization must be mapped.
phpbb-C0742,phpbb,phpBB/phpbb/db/migration/data/v310/notification_options_reconvert.php,sql_data_access,PASS,pending,NEEDS_MANUAL_ORACLE_REVIEW,No obvious web contract was extracted; existing tests or manual characterization must be mapped.
phpbb-C0743,phpbb,phpBB/phpbb/db/migration/data/v310/passwords_convert_p1.php,sql_data_access,PASS,pending,NEEDS_MANUAL_ORACLE_REVIEW,No obvious web contract was extracted; existing tests or manual characterization must be mapped.
phpbb-C0744,phpbb,phpBB/phpbb/db/migration/data/v310/softdelete_p1.php,sql_data_access,PASS,pending,NEEDS_MANUAL_ORACLE_REVIEW,No obvious web contract was extracted; existing tests or manual characterization must be mapped.
phpbb-C0745,phpbb,phpBB/phpbb/db/migration/data/v310/style_update_p1.php,sql_data_access,PASS,pending,NEEDS_MANUAL_ORACLE_REVIEW,No obvious web contract was extracted; existing tests or manual characterization must be mapped.
phpbb-C0746,phpbb,phpBB/phpbb/db/migration/data/v310/style_update_p1.php,sql_data_access,PASS,pending,NEEDS_MANUAL_ORACLE_REVIEW,No obvious web contract was extracted; existing tests or manual characterization must be mapped.
phpbb-C0747,phpbb,phpBB/phpbb/db/migration/data/v310/teampage.php,sql_data_access,PASS,pending,NEEDS_MANUAL_ORACLE_REVIEW,No obvious web contract was extracted; existing tests or manual characterization must be mapped.
phpbb-C0748,phpbb,phpBB/phpbb/db/migration/data/v310/timezone.php,sql_data_access,PASS,pending,NEEDS_MANUAL_ORACLE_REVIEW,No obvious web contract was extracted; existing tests or manual characterization must be mapped.
phpbb-C0749,phpbb,phpBB/phpbb/db/migration/data/v310/timezone.php,sql_data_access,PASS,pending,NEEDS_MANUAL_ORACLE_REVIEW,No obvious web contract was extracted; existing tests or manual characterization must be mapped.
phpbb-C0750,phpbb,phpBB/phpbb/db/migration/data/v310/timezone.php,long_method_or_region,PASS,pending,NEEDS_MANUAL_ORACLE_REVIEW,No obvious web contract was extracted; existing tests or manual characterization must be mapped.
phpbb-C0751,phpbb,phpBB/phpbb/db/migration/data/v31x/remove_duplicate_migrations.php,sql_data_access,PASS,pending,NEEDS_MANUAL_ORACLE_REVIEW,No obvious web contract was extracted; existing tests or manual characterization must be mapped.
phpbb-C0752,phpbb,phpBB/phpbb/db/migration/data/v31x/style_update.php,sql_data_access,PASS,pending,NEEDS_MANUAL_ORACLE_REVIEW,No obvious web contract was extracted; existing tests or manual characterization must be mapped.
phpbb-C0753,phpbb,phpBB/phpbb/db/migration/data/v31x/style_update.php,sql_data_access,PASS,pending,NEEDS_MANUAL_ORACLE_REVIEW,No obvious web contract was extracted; existing tests or manual characterization must be mapped.
phpbb-C0754,phpbb,phpBB/phpbb/db/migration/data/v320/default_data_type_ids.php,long_method_or_region,PASS,pending,NEEDS_MANUAL_ORACLE_REVIEW,No obvious web contract was extracted; existing tests or manual characterization must be mapped.
phpbb-C0755,phpbb,phpBB/phpbb/db/migration/data/v320/default_data_type_ids.php,long_method_or_region,PASS,pending,NEEDS_MANUAL_ORACLE_REVIEW,No obvious web contract was extracted; existing tests or manual characterization must be mapped.
phpbb-C0756,phpbb,phpBB/phpbb/db/migration/data/v320/remove_outdated_media.php,sql_data_access,PASS,pending,NEEDS_MANUAL_ORACLE_REVIEW,No obvious web contract was extracted; existing tests or manual characterization must be mapped.
phpbb-C0757,phpbb,phpBB/phpbb/db/migration/data/v320/remove_profilefield_wlm.php,sql_data_access,PASS,pending,NEEDS_MANUAL_ORACLE_REVIEW,No obvious web contract was extracted; existing tests or manual characterization must be mapped.
phpbb-C0758,phpbb,phpBB/phpbb/console/command/cron/run.php,long_method_or_region,PASS,pending,NEEDS_MANUAL_ORACLE_REVIEW,No obvious web contract was extracted; existing tests or manual characterization must be mapped.
phpbb-C0759,phpbb,phpBB/phpbb/console/command/fixup/fix_left_right_ids.php,sql_data_access,PASS,pending,NEEDS_MANUAL_ORACLE_REVIEW,No obvious web contract was extracted; existing tests or manual characterization must be mapped.
phpbb-C0760,phpbb,phpBB/phpbb/console/command/fixup/fix_left_right_ids.php,sql_data_access,PASS,pending,NEEDS_MANUAL_ORACLE_REVIEW,No obvious web contract was extracted; existing tests or manual characterization must be mapped.
phpbb-C0761,phpbb,phpBB/phpbb/console/command/fixup/update_hashes.php,sql_data_access,PASS,pending,NEEDS_MANUAL_ORACLE_REVIEW,No obvious web contract was extracted; existing tests or manual characterization must be mapped.
phpbb-C0762,phpbb,phpBB/phpbb/console/command/thumbnail/delete.php,sql_data_access,PASS,pending,NEEDS_MANUAL_ORACLE_REVIEW,No obvious web contract was extracted; existing tests or manual characterization must be mapped.
phpbb-C0763,phpbb,phpBB/phpbb/console/command/thumbnail/generate.php,sql_data_access,PASS,pending,NEEDS_MANUAL_ORACLE_REVIEW,No obvious web contract was extracted; existing tests or manual characterization must be mapped.
phpbb-C0764,phpbb,phpBB/phpbb/console/command/user/activate.php,long_method_or_region,PASS,pending,NEEDS_MANUAL_ORACLE_REVIEW,No obvious web contract was extracted; existing tests or manual characterization must be mapped.
phpbb-C0765,phpbb,phpBB/phpbb/console/command/user/add.php,sql_data_access,PASS,pending,NEEDS_MANUAL_ORACLE_REVIEW,No obvious web contract was extracted; existing tests or manual characterization must be mapped.
phpbb-C0766,phpbb,phpBB/phpbb/captcha/plugins/captcha_abstract.php,mixed_php_html_sql,PASS,pending,NEEDS_MANUAL_ORACLE_REVIEW,No obvious web contract was extracted; existing tests or manual characterization must be mapped.
phpbb-C0767,phpbb,phpBB/phpbb/captcha/plugins/qa.php,sql_data_access,PASS,pending,NEEDS_CHARACTERIZATION,Candidate has observable request/output contract but no stable oracle yet.
phpbb-C0768,phpbb,phpBB/phpbb/captcha/plugins/qa.php,sql_data_access,PASS,pending,NEEDS_MANUAL_ORACLE_REVIEW,No obvious web contract was extracted; existing tests or manual characterization must be mapped.
phpbb-C0769,phpbb,phpBB/phpbb/captcha/plugins/qa.php,long_method_or_region,PASS,pending,NEEDS_CHARACTERIZATION,Candidate has observable request/output contract but no stable oracle yet.
phpbb-C0770,phpbb,phpBB/phpbb/captcha/plugins/qa.php,sql_data_access,PASS,pending,NEEDS_MANUAL_ORACLE_REVIEW,No obvious web contract was extracted; existing tests or manual characterization must be mapped.
phpbb-C0771,phpbb,phpBB/phpbb/captcha/plugins/recaptcha.php,form_handling,PASS,pending,NEEDS_MANUAL_ORACLE_REVIEW,No obvious web contract was extracted; existing tests or manual characterization must be mapped.
phpbb-C0772,phpbb,phpBB/phpbb/avatar/driver/gravatar.php,long_method_or_region,PASS,pending,NEEDS_MANUAL_ORACLE_REVIEW,No obvious web contract was extracted; existing tests or manual characterization must be mapped.
phpbb-C0773,phpbb,phpBB/phpbb/avatar/driver/local.php,long_method_or_region,PASS,pending,NEEDS_MANUAL_ORACLE_REVIEW,No obvious web contract was extracted; existing tests or manual characterization must be mapped.
phpbb-C0774,phpbb,phpBB/phpbb/avatar/driver/remote.php,long_method_or_region,PASS,pending,NEEDS_MANUAL_ORACLE_REVIEW,No obvious web contract was extracted; existing tests or manual characterization must be mapped.
phpbb-C0775,phpbb,phpBB/phpbb/avatar/driver/upload.php,long_method_or_region,PASS,pending,NEEDS_MANUAL_ORACLE_REVIEW,No obvious web contract was extracted; existing tests or manual characterization must be mapped.
phpbb-C0776,phpbb,phpBB/phpbb/auth/provider/apache.php,sql_data_access,PASS,pending,NEEDS_MANUAL_ORACLE_REVIEW,No obvious web contract was extracted; existing tests or manual characterization must be mapped.
phpbb-C0777,phpbb,phpBB/phpbb/auth/provider/apache.php,sql_data_access,PASS,pending,NEEDS_MANUAL_ORACLE_REVIEW,No obvious web contract was extracted; existing tests or manual characterization must be mapped.
phpbb-C0778,phpbb,phpBB/phpbb/auth/provider/apache.php,sql_data_access,PASS,pending,NEEDS_MANUAL_ORACLE_REVIEW,No obvious web contract was extracted; existing tests or manual characterization must be mapped.
phpbb-C0779,phpbb,phpBB/phpbb/auth/provider/db.php,sql_data_access,PASS,pending,NEEDS_MANUAL_ORACLE_REVIEW,No obvious web contract was extracted; existing tests or manual characterization must be mapped.
phpbb-C0780,phpbb,phpBB/phpbb/auth/provider/db.php,sql_data_access,PASS,pending,NEEDS_MANUAL_ORACLE_REVIEW,No obvious web contract was extracted; existing tests or manual characterization must be mapped.
phpbb-C0781,phpbb,phpBB/phpbb/auth/provider/ldap.php,sql_data_access,PASS,pending,NEEDS_MANUAL_ORACLE_REVIEW,No obvious web contract was extracted; existing tests or manual characterization must be mapped.
phpbb-C0782,phpbb,phpBB/phpbb/auth/provider/ldap.php,long_method_or_region,PASS,pending,NEEDS_MANUAL_ORACLE_REVIEW,No obvious web contract was extracted; existing tests or manual characterization must be mapped.
phpbb-C0783,phpbb,phpBB/phpbb/auth/provider/ldap.php,sql_data_access,PASS,pending,NEEDS_MANUAL_ORACLE_REVIEW,No obvious web contract was extracted; existing tests or manual characterization must be mapped.
phpbb-C0784,phpbb,phpBB/phpbb/auth/provider/oauth/oauth.php,sql_data_access,PASS,pending,NEEDS_MANUAL_ORACLE_REVIEW,No obvious web contract was extracted; existing tests or manual characterization must be mapped.
phpbb-C0785,phpbb,phpBB/phpbb/auth/provider/oauth/oauth.php,sql_data_access,PASS,pending,NEEDS_MANUAL_ORACLE_REVIEW,No obvious web contract was extracted; existing tests or manual characterization must be mapped.
phpbb-C0786,phpbb,phpBB/phpbb/auth/provider/oauth/oauth.php,long_method_or_region,PASS,pending,NEEDS_MANUAL_ORACLE_REVIEW,No obvious web contract was extracted; existing tests or manual characterization must be mapped.
phpbb-C0787,phpbb,phpBB/phpbb/auth/provider/oauth/oauth.php,sql_data_access,PASS,pending,NEEDS_MANUAL_ORACLE_REVIEW,No obvious web contract was extracted; existing tests or manual characterization must be mapped.
phpbb-C0788,phpbb,phpBB/phpbb/auth/provider/oauth/oauth.php,sql_data_access,PASS,pending,NEEDS_MANUAL_ORACLE_REVIEW,No obvious web contract was extracted; existing tests or manual characterization must be mapped.
phpbb-C0789,phpbb,phpBB/phpbb/auth/provider/oauth/oauth.php,sql_data_access,PASS,pending,NEEDS_MANUAL_ORACLE_REVIEW,No obvious web contract was extracted; existing tests or manual characterization must be mapped.
phpbb-C0790,phpbb,phpBB/phpbb/auth/provider/oauth/token_storage.php,sql_data_access,PASS,pending,NEEDS_MANUAL_ORACLE_REVIEW,No obvious web contract was extracted; existing tests or manual characterization must be mapped.
phpbb-C0791,phpbb,phpBB/language/en/common.php,mixed_php_html_sql,PASS,pending,NEEDS_MANUAL_ORACLE_REVIEW,No obvious web contract was extracted; existing tests or manual characterization must be mapped.
phpbb-C0792,phpbb,phpBB/language/en/install.php,mixed_php_html_sql,PASS,pending,NEEDS_MANUAL_ORACLE_REVIEW,No obvious web contract was extracted; existing tests or manual characterization must be mapped.
phpbb-C0793,phpbb,phpBB/language/en/mcp.php,sql_data_access,PASS,pending,NEEDS_MANUAL_ORACLE_REVIEW,No obvious web contract was extracted; existing tests or manual characterization must be mapped.
phpbb-C0794,phpbb,phpBB/language/en/memberlist.php,sql_data_access,PASS,pending,NEEDS_MANUAL_ORACLE_REVIEW,No obvious web contract was extracted; existing tests or manual characterization must be mapped.
phpbb-C0795,phpbb,phpBB/language/en/posting.php,sql_data_access,PASS,pending,NEEDS_MANUAL_ORACLE_REVIEW,No obvious web contract was extracted; existing tests or manual characterization must be mapped.
phpbb-C0796,phpbb,phpBB/language/en/ucp.php,mixed_php_html_sql,PASS,pending,NEEDS_MANUAL_ORACLE_REVIEW,No obvious web contract was extracted; existing tests or manual characterization must be mapped.
phpbb-C0797,phpbb,phpBB/language/en/acp/ban.php,mixed_php_html_sql,PASS,pending,NEEDS_MANUAL_ORACLE_REVIEW,No obvious web contract was extracted; existing tests or manual characterization must be mapped.
phpbb-C0798,phpbb,phpBB/language/en/acp/board.php,mixed_php_html_sql,PASS,pending,NEEDS_MANUAL_ORACLE_REVIEW,No obvious web contract was extracted; existing tests or manual characterization must be mapped.
phpbb-C0799,phpbb,phpBB/language/en/acp/common.php,mixed_php_html_sql,PASS,pending,NEEDS_MANUAL_ORACLE_REVIEW,No obvious web contract was extracted; existing tests or manual characterization must be mapped.
phpbb-C0800,phpbb,phpBB/language/en/acp/groups.php,sql_data_access,PASS,pending,NEEDS_MANUAL_ORACLE_REVIEW,No obvious web contract was extracted; existing tests or manual characterization must be mapped.
phpbb-C0801,phpbb,phpBB/language/en/acp/permissions.php,mixed_php_html_sql,PASS,pending,NEEDS_MANUAL_ORACLE_REVIEW,No obvious web contract was extracted; existing tests or manual characterization must be mapped.
phpbb-C0802,phpbb,phpBB/language/en/acp/posting.php,mixed_php_html_sql,PASS,pending,NEEDS_MANUAL_ORACLE_REVIEW,No obvious web contract was extracted; existing tests or manual characterization must be mapped.
phpbb-C0803,phpbb,phpBB/language/en/help/bbcode.php,mixed_php_html,PASS,pending,NEEDS_MANUAL_ORACLE_REVIEW,No obvious web contract was extracted; existing tests or manual characterization must be mapped.
phpbb-C0804,phpbb,phpBB/language/en/help/faq.php,mixed_php_html_sql,PASS,pending,NEEDS_MANUAL_ORACLE_REVIEW,No obvious web contract was extracted; existing tests or manual characterization must be mapped.
phpbb-C0805,phpbb,phpBB/install/convert/convertor.php,sql_data_access,PASS,pending,NEEDS_MANUAL_ORACLE_REVIEW,No obvious web contract was extracted; existing tests or manual characterization must be mapped.
phpbb-C0806,phpbb,phpBB/install/convert/convertor.php,sql_data_access,PASS,pending,NEEDS_MANUAL_ORACLE_REVIEW,No obvious web contract was extracted; existing tests or manual characterization must be mapped.
phpbb-C0807,phpbb,phpBB/install/convert/convertor.php,sql_data_access,PASS,pending,NEEDS_MANUAL_ORACLE_REVIEW,No obvious web contract was extracted; existing tests or manual characterization must be mapped.
phpbb-C0808,phpbb,phpBB/install/convert/convertor.php,sql_data_access,PASS,pending,NEEDS_MANUAL_ORACLE_REVIEW,No obvious web contract was extracted; existing tests or manual characterization must be mapped.
phpbb-C0809,phpbb,phpBB/install/convert/convertor.php,sql_data_access,PASS,pending,NEEDS_MANUAL_ORACLE_REVIEW,No obvious web contract was extracted; existing tests or manual characterization must be mapped.
phpbb-C0810,phpbb,phpBB/install/convert/convertor.php,long_method_or_region,PASS,pending,NEEDS_MANUAL_ORACLE_REVIEW,No obvious web contract was extracted; existing tests or manual characterization must be mapped.
phpbb-C0811,phpbb,phpBB/install/convertors/convert_phpbb20.php,mixed_php_html_sql,PASS,pending,NEEDS_MANUAL_ORACLE_REVIEW,No obvious web contract was extracted; existing tests or manual characterization must be mapped.
phpbb-C0812,phpbb,phpBB/install/convertors/convert_phpbb20.php,sql_data_access,PASS,pending,NEEDS_MANUAL_ORACLE_REVIEW,No obvious web contract was extracted; existing tests or manual characterization must be mapped.
phpbb-C0813,phpbb,phpBB/install/convertors/functions_phpbb20.php,mixed_php_html_sql,PASS,pending,NEEDS_MANUAL_ORACLE_REVIEW,No obvious web contract was extracted; existing tests or manual characterization must be mapped.
phpbb-C0814,phpbb,phpBB/install/convertors/functions_phpbb20.php,sql_data_access,PASS,pending,NEEDS_MANUAL_ORACLE_REVIEW,No obvious web contract was extracted; existing tests or manual characterization must be mapped.
phpbb-C0815,phpbb,phpBB/install/convertors/functions_phpbb20.php,sql_data_access,PASS,pending,NEEDS_MANUAL_ORACLE_REVIEW,No obvious web contract was extracted; existing tests or manual characterization must be mapped.
phpbb-C0816,phpbb,phpBB/install/convertors/functions_phpbb20.php,sql_data_access,PASS,pending,NEEDS_MANUAL_ORACLE_REVIEW,No obvious web contract was extracted; existing tests or manual characterization must be mapped.
phpbb-C0817,phpbb,phpBB/install/convertors/functions_phpbb20.php,sql_data_access,PASS,pending,NEEDS_MANUAL_ORACLE_REVIEW,No obvious web contract was extracted; existing tests or manual characterization must be mapped.
phpbb-C0818,phpbb,phpBB/install/convertors/functions_phpbb20.php,long_method_or_region,PASS,pending,NEEDS_MANUAL_ORACLE_REVIEW,No obvious web contract was extracted; existing tests or manual characterization must be mapped.
phpbb-C0819,phpbb,phpBB/install/convertors/functions_phpbb20.php,sql_data_access,PASS,pending,NEEDS_MANUAL_ORACLE_REVIEW,No obvious web contract was extracted; existing tests or manual characterization must be mapped.
phpbb-C0820,phpbb,phpBB/install/convertors/functions_phpbb20.php,sql_data_access,PASS,pending,NEEDS_MANUAL_ORACLE_REVIEW,No obvious web contract was extracted; existing tests or manual characterization must be mapped.
phpbb-C0821,phpbb,phpBB/install/convertors/functions_phpbb20.php,sql_data_access,PASS,pending,NEEDS_MANUAL_ORACLE_REVIEW,No obvious web contract was extracted; existing tests or manual characterization must be mapped.
phpbb-C0822,phpbb,phpBB/install/convertors/functions_phpbb20.php,long_method_or_region,PASS,pending,NEEDS_MANUAL_ORACLE_REVIEW,No obvious web contract was extracted; existing tests or manual characterization must be mapped.
phpbb-C0823,phpbb,phpBB/install/convertors/functions_phpbb20.php,sql_data_access,PASS,pending,NEEDS_MANUAL_ORACLE_REVIEW,No obvious web contract was extracted; existing tests or manual characterization must be mapped.
phpbb-C0824,phpbb,phpBB/install/data/confusables.php,long_method_or_region,PASS,pending,NEEDS_MANUAL_ORACLE_REVIEW,No obvious web contract was extracted; existing tests or manual characterization must be mapped.
phpbb-C0825,phpbb,phpBB/install/convert/controller/convertor.php,sql_data_access,PASS,pending,NEEDS_MANUAL_ORACLE_REVIEW,No obvious web contract was extracted; existing tests or manual characterization must be mapped.
phpbb-C0826,phpbb,phpBB/install/convert/controller/convertor.php,sql_data_access,PASS,pending,NEEDS_MANUAL_ORACLE_REVIEW,No obvious web contract was extracted; existing tests or manual characterization must be mapped.
phpbb-C0827,phpbb,phpBB/install/convert/controller/convertor.php,sql_data_access,PASS,pending,NEEDS_MANUAL_ORACLE_REVIEW,No obvious web contract was extracted; existing tests or manual characterization must be mapped.
phpbb-C0828,phpbb,phpBB/install/convert/controller/convertor.php,sql_data_access,PASS,pending,NEEDS_MANUAL_ORACLE_REVIEW,No obvious web contract was extracted; existing tests or manual characterization must be mapped.
phpbb-C0829,phpbb,phpBB/install/convert/controller/convertor.php,long_method_or_region,PASS,pending,NEEDS_MANUAL_ORACLE_REVIEW,No obvious web contract was extracted; existing tests or manual characterization must be mapped.
phpbb-C0830,phpbb,phpBB/includes/acp/acp_attachments.php,mixed_php_html_sql,PASS,pending,NEEDS_CHARACTERIZATION,Candidate has observable request/output contract but no stable oracle yet.
phpbb-C0831,phpbb,phpBB/includes/acp/acp_attachments.php,sql_data_access,PASS,pending,NEEDS_CHARACTERIZATION,Candidate has observable request/output contract but no stable oracle yet.
phpbb-C0832,phpbb,phpBB/includes/acp/acp_attachments.php,sql_data_access,PASS,pending,NEEDS_MANUAL_ORACLE_REVIEW,No obvious web contract was extracted; existing tests or manual characterization must be mapped.
phpbb-C0833,phpbb,phpBB/includes/acp/acp_attachments.php,sql_data_access,PASS,pending,NEEDS_MANUAL_ORACLE_REVIEW,No obvious web contract was extracted; existing tests or manual characterization must be mapped.
phpbb-C0834,phpbb,phpBB/includes/acp/acp_attachments.php,sql_data_access,PASS,pending,NEEDS_CHARACTERIZATION,Candidate has observable request/output contract but no stable oracle yet.
phpbb-C0835,phpbb,phpBB/includes/acp/acp_ban.php,sql_data_access,PASS,pending,NEEDS_MANUAL_ORACLE_REVIEW,No obvious web contract was extracted; existing tests or manual characterization must be mapped.
phpbb-C0836,phpbb,phpBB/includes/acp/acp_ban.php,long_method_or_region,PASS,pending,NEEDS_MANUAL_ORACLE_REVIEW,No obvious web contract was extracted; existing tests or manual characterization must be mapped.
phpbb-C0837,phpbb,phpBB/includes/acp/acp_ban.php,sql_data_access,PASS,pending,NEEDS_MANUAL_ORACLE_REVIEW,No obvious web contract was extracted; existing tests or manual characterization must be mapped.
phpbb-C0838,phpbb,phpBB/includes/acp/acp_bbcodes.php,mixed_php_html_sql,PASS,pending,NEEDS_MANUAL_ORACLE_REVIEW,No obvious web contract was extracted; existing tests or manual characterization must be mapped.
phpbb-C0839,phpbb,phpBB/includes/acp/acp_bbcodes.php,sql_data_access,PASS,pending,NEEDS_MANUAL_ORACLE_REVIEW,No obvious web contract was extracted; existing tests or manual characterization must be mapped.
phpbb-C0840,phpbb,phpBB/includes/acp/acp_bbcodes.php,long_method_or_region,PASS,pending,NEEDS_MANUAL_ORACLE_REVIEW,No obvious web contract was extracted; existing tests or manual characterization must be mapped.
phpbb-C0841,phpbb,phpBB/includes/acp/acp_board.php,mixed_php_html_sql,PASS,pending,NEEDS_CHARACTERIZATION,Candidate has observable request/output contract but no stable oracle yet.
phpbb-C0842,phpbb,phpBB/includes/acp/acp_board.php,long_method_or_region,PASS,pending,NEEDS_CHARACTERIZATION,Candidate has observable request/output contract but no stable oracle yet.
phpbb-C0843,phpbb,phpBB/includes/acp/acp_board.php,long_method_or_region,PASS,pending,NEEDS_MANUAL_ORACLE_REVIEW,No obvious web contract was extracted; existing tests or manual characterization must be mapped.
phpbb-C0844,phpbb,phpBB/includes/acp/acp_bots.php,sql_data_access,PASS,pending,NEEDS_CHARACTERIZATION,Candidate has observable request/output contract but no stable oracle yet.
phpbb-C0845,phpbb,phpBB/includes/acp/acp_bots.php,sql_data_access,PASS,pending,NEEDS_CHARACTERIZATION,Candidate has observable request/output contract but no stable oracle yet.
phpbb-C0846,phpbb,phpBB/includes/acp/acp_captcha.php,long_method_or_region,PASS,pending,NEEDS_CHARACTERIZATION,Candidate has observable request/output contract but no stable oracle yet.
phpbb-C0847,phpbb,phpBB/includes/acp/acp_captcha.php,long_method_or_region,PASS,pending,NEEDS_CHARACTERIZATION,Candidate has observable request/output contract but no stable oracle yet.
phpbb-C0848,phpbb,phpBB/includes/acp/acp_contact.php,long_method_or_region,PASS,pending,NEEDS_MANUAL_ORACLE_REVIEW,No obvious web contract was extracted; existing tests or manual characterization must be mapped.
phpbb-C0849,phpbb,phpBB/includes/acp/acp_database.php,sql_data_access,PASS,pending,NEEDS_MANUAL_ORACLE_REVIEW,No obvious web contract was extracted; existing tests or manual characterization must be mapped.
phpbb-C0850,phpbb,phpBB/includes/acp/acp_database.php,sql_data_access,PASS,pending,NEEDS_MANUAL_ORACLE_REVIEW,No obvious web contract was extracted; existing tests or manual characterization must be mapped.
phpbb-C0851,phpbb,phpBB/includes/acp/acp_database.php,long_method_or_region,PASS,pending,NEEDS_MANUAL_ORACLE_REVIEW,No obvious web contract was extracted; existing tests or manual characterization must be mapped.
phpbb-C0852,phpbb,phpBB/includes/acp/acp_disallow.php,sql_data_access,PASS,pending,NEEDS_CHARACTERIZATION,Candidate has observable request/output contract but no stable oracle yet.
phpbb-C0853,phpbb,phpBB/includes/acp/acp_disallow.php,sql_data_access,PASS,pending,NEEDS_CHARACTERIZATION,Candidate has observable request/output contract but no stable oracle yet.
phpbb-C0854,phpbb,phpBB/includes/acp/acp_email.php,mixed_php_html_sql,PASS,pending,NEEDS_CHARACTERIZATION,Candidate has observable request/output contract but no stable oracle yet.
phpbb-C0855,phpbb,phpBB/includes/acp/acp_email.php,sql_data_access,PASS,pending,NEEDS_CHARACTERIZATION,Candidate has observable request/output contract but no stable oracle yet.
phpbb-C0856,phpbb,phpBB/includes/acp/acp_extensions.php,long_method_or_region,PASS,pending,NEEDS_MANUAL_ORACLE_REVIEW,No obvious web contract was extracted; existing tests or manual characterization must be mapped.
phpbb-C0857,phpbb,phpBB/includes/acp/acp_extensions.php,long_method_or_region,PASS,pending,NEEDS_MANUAL_ORACLE_REVIEW,No obvious web contract was extracted; existing tests or manual characterization must be mapped.
phpbb-C0858,phpbb,phpBB/includes/acp/acp_forums.php,mixed_php_html_sql,PASS,pending,NEEDS_CHARACTERIZATION,Candidate has observable request/output contract but no stable oracle yet.
phpbb-C0859,phpbb,phpBB/includes/acp/acp_forums.php,sql_data_access,PASS,pending,NEEDS_CHARACTERIZATION,Candidate has observable request/output contract but no stable oracle yet.
phpbb-C0860,phpbb,phpBB/includes/acp/acp_forums.php,sql_data_access,PASS,pending,NEEDS_MANUAL_ORACLE_REVIEW,No obvious web contract was extracted; existing tests or manual characterization must be mapped.
phpbb-C0861,phpbb,phpBB/includes/acp/acp_forums.php,sql_data_access,PASS,pending,NEEDS_MANUAL_ORACLE_REVIEW,No obvious web contract was extracted; existing tests or manual characterization must be mapped.
phpbb-C0862,phpbb,phpBB/includes/acp/acp_forums.php,sql_data_access,PASS,pending,NEEDS_MANUAL_ORACLE_REVIEW,No obvious web contract was extracted; existing tests or manual characterization must be mapped.
phpbb-C0863,phpbb,phpBB/includes/acp/acp_forums.php,sql_data_access,PASS,pending,NEEDS_MANUAL_ORACLE_REVIEW,No obvious web contract was extracted; existing tests or manual characterization must be mapped.
phpbb-C0864,phpbb,phpBB/includes/acp/acp_forums.php,sql_data_access,PASS,pending,NEEDS_MANUAL_ORACLE_REVIEW,No obvious web contract was extracted; existing tests or manual characterization must be mapped.
phpbb-C0865,phpbb,phpBB/includes/acp/acp_forums.php,sql_data_access,PASS,pending,NEEDS_MANUAL_ORACLE_REVIEW,No obvious web contract was extracted; existing tests or manual characterization must be mapped.
phpbb-C0866,phpbb,phpBB/includes/acp/acp_groups.php,sql_data_access,PASS,pending,NEEDS_CHARACTERIZATION,Candidate has observable request/output contract but no stable oracle yet.
phpbb-C0867,phpbb,phpBB/includes/acp/acp_groups.php,sql_data_access,PASS,pending,NEEDS_CHARACTERIZATION,Candidate has observable request/output contract but no stable oracle yet.
phpbb-C0868,phpbb,phpBB/includes/acp/acp_groups.php,sql_data_access,PASS,pending,NEEDS_MANUAL_ORACLE_REVIEW,No obvious web contract was extracted; existing tests or manual characterization must be mapped.
phpbb-C0869,phpbb,phpBB/includes/acp/acp_help_phpbb.php,long_method_or_region,PASS,pending,NEEDS_MANUAL_ORACLE_REVIEW,No obvious web contract was extracted; existing tests or manual characterization must be mapped.
phpbb-C0870,phpbb,phpBB/includes/acp/acp_icons.php,mixed_php_html_sql,PASS,pending,NEEDS_CHARACTERIZATION,Candidate has observable request/output contract but no stable oracle yet.
phpbb-C0871,phpbb,phpBB/includes/acp/acp_icons.php,sql_data_access,PASS,pending,NEEDS_CHARACTERIZATION,Candidate has observable request/output contract but no stable oracle yet.
phpbb-C0872,phpbb,phpBB/includes/acp/acp_inactive.php,sql_data_access,PASS,pending,NEEDS_CHARACTERIZATION,Candidate has observable request/output contract but no stable oracle yet.
phpbb-C0873,phpbb,phpBB/includes/acp/acp_inactive.php,sql_data_access,PASS,pending,NEEDS_CHARACTERIZATION,Candidate has observable request/output contract but no stable oracle yet.
phpbb-C0874,phpbb,phpBB/includes/acp/acp_jabber.php,form_handling,PASS,pending,NEEDS_CHARACTERIZATION,Candidate has observable request/output contract but no stable oracle yet.
phpbb-C0875,phpbb,phpBB/includes/acp/acp_jabber.php,long_method_or_region,PASS,pending,NEEDS_CHARACTERIZATION,Candidate has observable request/output contract but no stable oracle yet.
phpbb-C0876,phpbb,phpBB/includes/acp/acp_language.php,sql_data_access,PASS,pending,NEEDS_CHARACTERIZATION,Candidate has observable request/output contract but no stable oracle yet.
phpbb-C0877,phpbb,phpBB/includes/acp/acp_language.php,sql_data_access,PASS,pending,NEEDS_CHARACTERIZATION,Candidate has observable request/output contract but no stable oracle yet.
phpbb-C0878,phpbb,phpBB/includes/acp/acp_logs.php,mixed_php_html,PASS,pending,NEEDS_MANUAL_ORACLE_REVIEW,No obvious web contract was extracted; existing tests or manual characterization must be mapped.
phpbb-C0879,phpbb,phpBB/includes/acp/acp_logs.php,long_method_or_region,PASS,pending,NEEDS_MANUAL_ORACLE_REVIEW,No obvious web contract was extracted; existing tests or manual characterization must be mapped.
phpbb-C0880,phpbb,phpBB/includes/acp/acp_main.php,mixed_php_html_sql,PASS,pending,NEEDS_MANUAL_ORACLE_REVIEW,No obvious web contract was extracted; existing tests or manual characterization must be mapped.
phpbb-C0881,phpbb,phpBB/includes/acp/acp_main.php,session_dependent_logic,PASS,pending,NEEDS_MANUAL_ORACLE_REVIEW,No obvious web contract was extracted; existing tests or manual characterization must be mapped.
phpbb-C0882,phpbb,phpBB/includes/acp/acp_modules.php,mixed_php_html_sql,PASS,pending,NEEDS_CHARACTERIZATION,Candidate has observable request/output contract but no stable oracle yet.
phpbb-C0883,phpbb,phpBB/includes/acp/acp_modules.php,sql_data_access,PASS,pending,NEEDS_CHARACTERIZATION,Candidate has observable request/output contract but no stable oracle yet.
phpbb-C0884,phpbb,phpBB/includes/acp/acp_modules.php,sql_data_access,PASS,pending,NEEDS_CHARACTERIZATION,Candidate has observable request/output contract but no stable oracle yet.
phpbb-C0885,phpbb,phpBB/includes/acp/acp_permissions.php,mixed_php_html_sql,PASS,pending,NEEDS_CHARACTERIZATION,Candidate has observable request/output contract but no stable oracle yet.
phpbb-C0886,phpbb,phpBB/includes/acp/acp_permissions.php,sql_data_access,PASS,pending,NEEDS_CHARACTERIZATION,Candidate has observable request/output contract but no stable oracle yet.
phpbb-C0887,phpbb,phpBB/includes/acp/acp_permissions.php,sql_data_access,PASS,pending,NEEDS_MANUAL_ORACLE_REVIEW,No obvious web contract was extracted; existing tests or manual characterization must be mapped.
phpbb-C0888,phpbb,phpBB/includes/acp/acp_permissions.php,long_method_or_region,PASS,pending,NEEDS_MANUAL_ORACLE_REVIEW,No obvious web contract was extracted; existing tests or manual characterization must be mapped.
phpbb-C0889,phpbb,phpBB/includes/acp/acp_permissions.php,long_method_or_region,PASS,pending,NEEDS_MANUAL_ORACLE_REVIEW,No obvious web contract was extracted; existing tests or manual characterization must be mapped.
phpbb-C0890,phpbb,phpBB/includes/acp/acp_permissions.php,long_method_or_region,PASS,pending,NEEDS_MANUAL_ORACLE_REVIEW,No obvious web contract was extracted; existing tests or manual characterization must be mapped.
phpbb-C0891,phpbb,phpBB/includes/acp/acp_permissions.php,sql_data_access,PASS,pending,NEEDS_CHARACTERIZATION,Candidate has observable request/output contract but no stable oracle yet.
phpbb-C0892,phpbb,phpBB/includes/acp/acp_permissions.php,sql_data_access,PASS,pending,NEEDS_MANUAL_ORACLE_REVIEW,No obvious web contract was extracted; existing tests or manual characterization must be mapped.
phpbb-C0893,phpbb,phpBB/includes/acp/acp_permissions.php,sql_data_access,PASS,pending,NEEDS_CHARACTERIZATION,Candidate has observable request/output contract but no stable oracle yet.
phpbb-C0894,phpbb,phpBB/includes/acp/acp_permission_roles.php,sql_data_access,PASS,pending,NEEDS_CHARACTERIZATION,Candidate has observable request/output contract but no stable oracle yet.
phpbb-C0895,phpbb,phpBB/includes/acp/acp_permission_roles.php,sql_data_access,PASS,pending,NEEDS_CHARACTERIZATION,Candidate has observable request/output contract but no stable oracle yet.
phpbb-C0896,phpbb,phpBB/includes/acp/acp_permission_roles.php,sql_data_access,PASS,pending,NEEDS_MANUAL_ORACLE_REVIEW,No obvious web contract was extracted; existing tests or manual characterization must be mapped.
phpbb-C0897,phpbb,phpBB/includes/acp/acp_php_info.php,mixed_php_html,PASS,pending,NEEDS_CHARACTERIZATION,Candidate has observable request/output contract but no stable oracle yet.
phpbb-C0898,phpbb,phpBB/includes/acp/acp_php_info.php,long_method_or_region,PASS,pending,NEEDS_CHARACTERIZATION,Candidate has observable request/output contract but no stable oracle yet.
phpbb-C0899,phpbb,phpBB/includes/acp/acp_profile.php,mixed_php_html_sql,PASS,pending,NEEDS_CHARACTERIZATION,Candidate has observable request/output contract but no stable oracle yet.
phpbb-C0900,phpbb,phpBB/includes/acp/acp_profile.php,sql_data_access,PASS,pending,NEEDS_CHARACTERIZATION,Candidate has observable request/output contract but no stable oracle yet.
phpbb-C0901,phpbb,phpBB/includes/acp/acp_profile.php,sql_data_access,PASS,pending,NEEDS_CHARACTERIZATION,Candidate has observable request/output contract but no stable oracle yet.
phpbb-C0902,phpbb,phpBB/includes/acp/acp_profile.php,sql_data_access,PASS,pending,NEEDS_MANUAL_ORACLE_REVIEW,No obvious web contract was extracted; existing tests or manual characterization must be mapped.
phpbb-C0903,phpbb,phpBB/includes/acp/acp_profile.php,sql_data_access,PASS,pending,NEEDS_MANUAL_ORACLE_REVIEW,No obvious web contract was extracted; existing tests or manual characterization must be mapped.
phpbb-C0904,phpbb,phpBB/includes/acp/acp_prune.php,mixed_php_html_sql,PASS,pending,NEEDS_CHARACTERIZATION,Candidate has observable request/output contract but no stable oracle yet.
phpbb-C0905,phpbb,phpBB/includes/acp/acp_prune.php,sql_data_access,PASS,pending,NEEDS_CHARACTERIZATION,Candidate has observable request/output contract but no stable oracle yet.
phpbb-C0906,phpbb,phpBB/includes/acp/acp_prune.php,sql_data_access,PASS,pending,NEEDS_CHARACTERIZATION,Candidate has observable request/output contract but no stable oracle yet.
phpbb-C0907,phpbb,phpBB/includes/acp/acp_prune.php,sql_data_access,PASS,pending,NEEDS_MANUAL_ORACLE_REVIEW,No obvious web contract was extracted; existing tests or manual characterization must be mapped.
phpbb-C0908,phpbb,phpBB/includes/acp/acp_ranks.php,sql_data_access,PASS,pending,NEEDS_CHARACTERIZATION,Candidate has observable request/output contract but no stable oracle yet.
phpbb-C0909,phpbb,phpBB/includes/acp/acp_ranks.php,sql_data_access,PASS,pending,NEEDS_CHARACTERIZATION,Candidate has observable request/output contract but no stable oracle yet.
phpbb-C0910,phpbb,phpBB/includes/acp/acp_reasons.php,sql_data_access,PASS,pending,NEEDS_CHARACTERIZATION,Candidate has observable request/output contract but no stable oracle yet.
phpbb-C0911,phpbb,phpBB/includes/acp/acp_reasons.php,sql_data_access,PASS,pending,NEEDS_CHARACTERIZATION,Candidate has observable request/output contract but no stable oracle yet.
phpbb-C0912,phpbb,phpBB/includes/acp/acp_search.php,mixed_php_html_sql,PASS,pending,NEEDS_CHARACTERIZATION,Candidate has observable request/output contract but no stable oracle yet.
phpbb-C0913,phpbb,phpBB/includes/acp/acp_search.php,long_method_or_region,PASS,pending,NEEDS_CHARACTERIZATION,Candidate has observable request/output contract but no stable oracle yet.
phpbb-C0914,phpbb,phpBB/includes/acp/acp_search.php,sql_data_access,PASS,pending,NEEDS_CHARACTERIZATION,Candidate has observable request/output contract but no stable oracle yet.
phpbb-C0915,phpbb,phpBB/includes/acp/acp_styles.php,mixed_php_html_sql,PASS,pending,NEEDS_CHARACTERIZATION,Candidate has observable request/output contract but no stable oracle yet.
phpbb-C0916,phpbb,phpBB/includes/acp/acp_styles.php,long_method_or_region,PASS,pending,NEEDS_MANUAL_ORACLE_REVIEW,No obvious web contract was extracted; existing tests or manual characterization must be mapped.
phpbb-C0917,phpbb,phpBB/includes/acp/acp_styles.php,sql_data_access,PASS,pending,NEEDS_MANUAL_ORACLE_REVIEW,No obvious web contract was extracted; existing tests or manual characterization must be mapped.
phpbb-C0918,phpbb,phpBB/includes/acp/acp_styles.php,long_method_or_region,PASS,pending,NEEDS_CHARACTERIZATION,Candidate has observable request/output contract but no stable oracle yet.
phpbb-C0919,phpbb,phpBB/includes/acp/acp_styles.php,long_method_or_region,PASS,pending,NEEDS_MANUAL_ORACLE_REVIEW,No obvious web contract was extracted; existing tests or manual characterization must be mapped.
phpbb-C0920,phpbb,phpBB/includes/acp/acp_styles.php,long_method_or_region,PASS,pending,NEEDS_MANUAL_ORACLE_REVIEW,No obvious web contract was extracted; existing tests or manual characterization must be mapped.
phpbb-C0921,phpbb,phpBB/includes/acp/acp_styles.php,long_method_or_region,PASS,pending,NEEDS_CHARACTERIZATION,Candidate has observable request/output contract but no stable oracle yet.
phpbb-C0922,phpbb,phpBB/includes/acp/acp_styles.php,sql_data_access,PASS,pending,NEEDS_MANUAL_ORACLE_REVIEW,No obvious web contract was extracted; existing tests or manual characterization must be mapped.
phpbb-C0923,phpbb,phpBB/includes/acp/acp_styles.php,long_method_or_region,PASS,pending,NEEDS_MANUAL_ORACLE_REVIEW,No obvious web contract was extracted; existing tests or manual characterization must be mapped.
phpbb-C0924,phpbb,phpBB/includes/acp/acp_users.php,mixed_php_html_sql,PASS,pending,NEEDS_CHARACTERIZATION,Candidate has observable request/output contract but no stable oracle yet.
phpbb-C0925,phpbb,phpBB/includes/acp/acp_users.php,sql_data_access,PASS,pending,NEEDS_CHARACTERIZATION,Candidate has observable request/output contract but no stable oracle yet.
phpbb-C0926,phpbb,phpBB/includes/acp/acp_words.php,mixed_php_html_sql,PASS,pending,NEEDS_CHARACTERIZATION,Candidate has observable request/output contract but no stable oracle yet.
phpbb-C0927,phpbb,phpBB/includes/acp/acp_words.php,sql_data_access,PASS,pending,NEEDS_CHARACTERIZATION,Candidate has observable request/output contract but no stable oracle yet.
phpbb-C0928,phpbb,phpBB/includes/acp/auth.php,sql_data_access,PASS,pending,NEEDS_MANUAL_ORACLE_REVIEW,No obvious web contract was extracted; existing tests or manual characterization must be mapped.
phpbb-C0929,phpbb,phpBB/includes/acp/auth.php,sql_data_access,PASS,pending,NEEDS_MANUAL_ORACLE_REVIEW,No obvious web contract was extracted; existing tests or manual characterization must be mapped.
phpbb-C0930,phpbb,phpBB/includes/acp/auth.php,sql_data_access,PASS,pending,NEEDS_MANUAL_ORACLE_REVIEW,No obvious web contract was extracted; existing tests or manual characterization must be mapped.
phpbb-C0931,phpbb,phpBB/includes/acp/auth.php,sql_data_access,PASS,pending,NEEDS_MANUAL_ORACLE_REVIEW,No obvious web contract was extracted; existing tests or manual characterization must be mapped.
phpbb-C0932,phpbb,phpBB/includes/acp/auth.php,sql_data_access,PASS,pending,NEEDS_MANUAL_ORACLE_REVIEW,No obvious web contract was extracted; existing tests or manual characterization must be mapped.
phpbb-C0933,phpbb,phpBB/includes/acp/auth.php,sql_data_access,PASS,pending,NEEDS_MANUAL_ORACLE_REVIEW,No obvious web contract was extracted; existing tests or manual characterization must be mapped.
phpbb-C0934,phpbb,phpBB/includes/acp/auth.php,sql_data_access,PASS,pending,NEEDS_MANUAL_ORACLE_REVIEW,No obvious web contract was extracted; existing tests or manual characterization must be mapped.
phpbb-C0935,phpbb,phpBB/includes/acp/auth.php,sql_data_access,PASS,pending,NEEDS_MANUAL_ORACLE_REVIEW,No obvious web contract was extracted; existing tests or manual characterization must be mapped.
phpbb-C0936,phpbb,phpBB/includes/acp/auth.php,sql_data_access,PASS,pending,NEEDS_MANUAL_ORACLE_REVIEW,No obvious web contract was extracted; existing tests or manual characterization must be mapped.
phpbb-C0937,phpbb,phpBB/includes/acp/auth.php,long_method_or_region,PASS,pending,NEEDS_MANUAL_ORACLE_REVIEW,No obvious web contract was extracted; existing tests or manual characterization must be mapped.
phpbb-C0938,phpbb,phpBB/includes/acp/auth.php,long_method_or_region,PASS,pending,NEEDS_MANUAL_ORACLE_REVIEW,No obvious web contract was extracted; existing tests or manual characterization must be mapped.
phpbb-C0939,phpbb,phpBB/includes/diff/diff.php,long_method_or_region,PASS,pending,NEEDS_MANUAL_ORACLE_REVIEW,No obvious web contract was extracted; existing tests or manual characterization must be mapped.
phpbb-C0940,phpbb,phpBB/includes/diff/diff.php,long_method_or_region,PASS,pending,NEEDS_MANUAL_ORACLE_REVIEW,No obvious web contract was extracted; existing tests or manual characterization must be mapped.
phpbb-C0941,phpbb,phpBB/includes/diff/diff.php,long_method_or_region,PASS,pending,NEEDS_MANUAL_ORACLE_REVIEW,No obvious web contract was extracted; existing tests or manual characterization must be mapped.
phpbb-C0942,phpbb,phpBB/includes/diff/engine.php,long_method_or_region,PASS,pending,NEEDS_MANUAL_ORACLE_REVIEW,No obvious web contract was extracted; existing tests or manual characterization must be mapped.
phpbb-C0943,phpbb,phpBB/includes/diff/engine.php,long_method_or_region,PASS,pending,NEEDS_MANUAL_ORACLE_REVIEW,No obvious web contract was extracted; existing tests or manual characterization must be mapped.
phpbb-C0944,phpbb,phpBB/includes/diff/engine.php,long_method_or_region,PASS,pending,NEEDS_MANUAL_ORACLE_REVIEW,No obvious web contract was extracted; existing tests or manual characterization must be mapped.
phpbb-C0945,phpbb,phpBB/includes/diff/renderer.php,mixed_php_html,PASS,pending,NEEDS_CHARACTERIZATION,Candidate has observable request/output contract but no stable oracle yet.
phpbb-C0946,phpbb,phpBB/includes/diff/renderer.php,long_method_or_region,PASS,pending,NEEDS_MANUAL_ORACLE_REVIEW,No obvious web contract was extracted; existing tests or manual characterization must be mapped.
phpbb-C0947,phpbb,phpBB/includes/diff/renderer.php,long_method_or_region,PASS,pending,NEEDS_CHARACTERIZATION,Candidate has observable request/output contract but no stable oracle yet.
phpbb-C0948,phpbb,phpBB/includes/hooks/index.php,long_method_or_region,PASS,pending,NEEDS_MANUAL_ORACLE_REVIEW,No obvious web contract was extracted; existing tests or manual characterization must be mapped.
phpbb-C0949,phpbb,phpBB/includes/hooks/index.php,long_method_or_region,PASS,pending,NEEDS_MANUAL_ORACLE_REVIEW,No obvious web contract was extracted; existing tests or manual characterization must be mapped.
phpbb-C0950,phpbb,phpBB/includes/mcp/mcp_ban.php,mixed_php_html_sql,PASS,pending,NEEDS_MANUAL_ORACLE_REVIEW,No obvious web contract was extracted; existing tests or manual characterization must be mapped.
phpbb-C0951,phpbb,phpBB/includes/mcp/mcp_ban.php,sql_data_access,PASS,pending,NEEDS_MANUAL_ORACLE_REVIEW,No obvious web contract was extracted; existing tests or manual characterization must be mapped.
phpbb-C0952,phpbb,phpBB/includes/mcp/mcp_forum.php,mixed_php_html_sql,PASS,pending,NEEDS_MANUAL_ORACLE_REVIEW,No obvious web contract was extracted; existing tests or manual characterization must be mapped.
phpbb-C0953,phpbb,phpBB/includes/mcp/mcp_forum.php,sql_data_access,PASS,pending,NEEDS_MANUAL_ORACLE_REVIEW,No obvious web contract was extracted; existing tests or manual characterization must be mapped.
phpbb-C0954,phpbb,phpBB/includes/mcp/mcp_forum.php,sql_data_access,PASS,pending,NEEDS_MANUAL_ORACLE_REVIEW,No obvious web contract was extracted; existing tests or manual characterization must be mapped.
phpbb-C0955,phpbb,phpBB/includes/mcp/mcp_forum.php,sql_data_access,PASS,pending,NEEDS_MANUAL_ORACLE_REVIEW,No obvious web contract was extracted; existing tests or manual characterization must be mapped.
phpbb-C0956,phpbb,phpBB/includes/mcp/mcp_front.php,sql_data_access,PASS,pending,NEEDS_MANUAL_ORACLE_REVIEW,No obvious web contract was extracted; existing tests or manual characterization must be mapped.
phpbb-C0957,phpbb,phpBB/includes/mcp/mcp_front.php,sql_data_access,PASS,pending,NEEDS_MANUAL_ORACLE_REVIEW,No obvious web contract was extracted; existing tests or manual characterization must be mapped.
phpbb-C0958,phpbb,phpBB/includes/mcp/mcp_logs.php,mixed_php_html_sql,PASS,pending,NEEDS_MANUAL_ORACLE_REVIEW,No obvious web contract was extracted; existing tests or manual characterization must be mapped.
phpbb-C0959,phpbb,phpBB/includes/mcp/mcp_logs.php,sql_data_access,PASS,pending,NEEDS_MANUAL_ORACLE_REVIEW,No obvious web contract was extracted; existing tests or manual characterization must be mapped.
phpbb-C0960,phpbb,phpBB/includes/mcp/mcp_main.php,mixed_php_html_sql,PASS,pending,NEEDS_CHARACTERIZATION,Candidate has observable request/output contract but no stable oracle yet.
phpbb-C0961,phpbb,phpBB/includes/mcp/mcp_main.php,long_method_or_region,PASS,pending,NEEDS_MANUAL_ORACLE_REVIEW,No obvious web contract was extracted; existing tests or manual characterization must be mapped.
phpbb-C0962,phpbb,phpBB/includes/mcp/mcp_main.php,long_method_or_region,PASS,pending,NEEDS_MANUAL_ORACLE_REVIEW,No obvious web contract was extracted; existing tests or manual characterization must be mapped.
phpbb-C0963,phpbb,phpBB/includes/mcp/mcp_main.php,sql_data_access,PASS,pending,NEEDS_MANUAL_ORACLE_REVIEW,No obvious web contract was extracted; existing tests or manual characterization must be mapped.
phpbb-C0964,phpbb,phpBB/includes/mcp/mcp_main.php,sql_data_access,PASS,pending,NEEDS_CHARACTERIZATION,Candidate has observable request/output contract but no stable oracle yet.
phpbb-C0965,phpbb,phpBB/includes/mcp/mcp_main.php,long_method_or_region,PASS,pending,NEEDS_MANUAL_ORACLE_REVIEW,No obvious web contract was extracted; existing tests or manual characterization must be mapped.
phpbb-C0966,phpbb,phpBB/includes/mcp/mcp_main.php,sql_data_access,PASS,pending,NEEDS_MANUAL_ORACLE_REVIEW,No obvious web contract was extracted; existing tests or manual characterization must be mapped.
phpbb-C0967,phpbb,phpBB/includes/mcp/mcp_main.php,sql_data_access,PASS,pending,NEEDS_MANUAL_ORACLE_REVIEW,No obvious web contract was extracted; existing tests or manual characterization must be mapped.
phpbb-C0968,phpbb,phpBB/includes/mcp/mcp_main.php,sql_data_access,PASS,pending,NEEDS_CHARACTERIZATION,Candidate has observable request/output contract but no stable oracle yet.
phpbb-C0969,phpbb,phpBB/includes/mcp/mcp_notes.php,mixed_php_html_sql,PASS,pending,NEEDS_MANUAL_ORACLE_REVIEW,No obvious web contract was extracted; existing tests or manual characterization must be mapped.
phpbb-C0970,phpbb,phpBB/includes/mcp/mcp_notes.php,sql_data_access,PASS,pending,NEEDS_MANUAL_ORACLE_REVIEW,No obvious web contract was extracted; existing tests or manual characterization must be mapped.
phpbb-C0971,phpbb,phpBB/includes/mcp/mcp_pm_reports.php,mixed_php_html_sql,PASS,pending,NEEDS_MANUAL_ORACLE_REVIEW,No obvious web contract was extracted; existing tests or manual characterization must be mapped.
phpbb-C0972,phpbb,phpBB/includes/mcp/mcp_pm_reports.php,sql_data_access,PASS,pending,NEEDS_MANUAL_ORACLE_REVIEW,No obvious web contract was extracted; existing tests or manual characterization must be mapped.
phpbb-C0973,phpbb,phpBB/includes/mcp/mcp_post.php,mixed_php_html_sql,PASS,pending,NEEDS_MANUAL_ORACLE_REVIEW,No obvious web contract was extracted; existing tests or manual characterization must be mapped.
phpbb-C0974,phpbb,phpBB/includes/mcp/mcp_post.php,sql_data_access,PASS,pending,NEEDS_MANUAL_ORACLE_REVIEW,No obvious web contract was extracted; existing tests or manual characterization must be mapped.
phpbb-C0975,phpbb,phpBB/includes/mcp/mcp_post.php,sql_data_access,PASS,pending,NEEDS_MANUAL_ORACLE_REVIEW,No obvious web contract was extracted; existing tests or manual characterization must be mapped.
phpbb-C0976,phpbb,phpBB/includes/mcp/mcp_queue.php,mixed_php_html_sql,PASS,pending,NEEDS_CHARACTERIZATION,Candidate has observable request/output contract but no stable oracle yet.
phpbb-C0977,phpbb,phpBB/includes/mcp/mcp_queue.php,sql_data_access,PASS,pending,NEEDS_MANUAL_ORACLE_REVIEW,No obvious web contract was extracted; existing tests or manual characterization must be mapped.
phpbb-C0978,phpbb,phpBB/includes/mcp/mcp_queue.php,long_method_or_region,PASS,pending,NEEDS_CHARACTERIZATION,Candidate has observable request/output contract but no stable oracle yet.
phpbb-C0979,phpbb,phpBB/includes/mcp/mcp_queue.php,sql_data_access,PASS,pending,NEEDS_CHARACTERIZATION,Candidate has observable request/output contract but no stable oracle yet.
phpbb-C0980,phpbb,phpBB/includes/mcp/mcp_queue.php,sql_data_access,PASS,pending,NEEDS_MANUAL_ORACLE_REVIEW,No obvious web contract was extracted; existing tests or manual characterization must be mapped.
phpbb-C0981,phpbb,phpBB/includes/mcp/mcp_reports.php,mixed_php_html_sql,PASS,pending,NEEDS_MANUAL_ORACLE_REVIEW,No obvious web contract was extracted; existing tests or manual characterization must be mapped.
phpbb-C0982,phpbb,phpBB/includes/mcp/mcp_reports.php,sql_data_access,PASS,pending,NEEDS_MANUAL_ORACLE_REVIEW,No obvious web contract was extracted; existing tests or manual characterization must be mapped.
phpbb-C0983,phpbb,phpBB/includes/mcp/mcp_reports.php,sql_data_access,PASS,pending,NEEDS_MANUAL_ORACLE_REVIEW,No obvious web contract was extracted; existing tests or manual characterization must be mapped.
phpbb-C0984,phpbb,phpBB/includes/mcp/mcp_topic.php,mixed_php_html_sql,PASS,pending,NEEDS_CHARACTERIZATION,Candidate has observable request/output contract but no stable oracle yet.
phpbb-C0985,phpbb,phpBB/includes/mcp/mcp_topic.php,sql_data_access,PASS,pending,NEEDS_CHARACTERIZATION,Candidate has observable request/output contract but no stable oracle yet.
phpbb-C0986,phpbb,phpBB/includes/mcp/mcp_topic.php,sql_data_access,PASS,pending,NEEDS_MANUAL_ORACLE_REVIEW,No obvious web contract was extracted; existing tests or manual characterization must be mapped.
phpbb-C0987,phpbb,phpBB/includes/mcp/mcp_topic.php,sql_data_access,PASS,pending,NEEDS_MANUAL_ORACLE_REVIEW,No obvious web contract was extracted; existing tests or manual characterization must be mapped.
phpbb-C0988,phpbb,phpBB/includes/mcp/mcp_warn.php,mixed_php_html_sql,PASS,pending,NEEDS_CHARACTERIZATION,Candidate has observable request/output contract but no stable oracle yet.
phpbb-C0989,phpbb,phpBB/includes/mcp/mcp_warn.php,sql_data_access,PASS,pending,NEEDS_MANUAL_ORACLE_REVIEW,No obvious web contract was extracted; existing tests or manual characterization must be mapped.
phpbb-C0990,phpbb,phpBB/includes/mcp/mcp_warn.php,sql_data_access,PASS,pending,NEEDS_CHARACTERIZATION,Candidate has observable request/output contract but no stable oracle yet.
phpbb-C0991,phpbb,phpBB/includes/mcp/mcp_warn.php,sql_data_access,PASS,pending,NEEDS_CHARACTERIZATION,Candidate has observable request/output contract but no stable oracle yet.
phpbb-C0992,phpbb,phpBB/includes/mcp/mcp_warn.php,sql_data_access,PASS,pending,NEEDS_MANUAL_ORACLE_REVIEW,No obvious web contract was extracted; existing tests or manual characterization must be mapped.
phpbb-C0993,phpbb,phpBB/includes/questionnaire/questionnaire.php,long_method_or_region,PASS,pending,NEEDS_MANUAL_ORACLE_REVIEW,No obvious web contract was extracted; existing tests or manual characterization must be mapped.
phpbb-C0994,phpbb,phpBB/includes/ucp/ucp_activate.php,sql_data_access,PASS,pending,NEEDS_MANUAL_ORACLE_REVIEW,No obvious web contract was extracted; existing tests or manual characterization must be mapped.
phpbb-C0995,phpbb,phpBB/includes/ucp/ucp_activate.php,sql_data_access,PASS,pending,NEEDS_MANUAL_ORACLE_REVIEW,No obvious web contract was extracted; existing tests or manual characterization must be mapped.
phpbb-C0996,phpbb,phpBB/includes/ucp/ucp_attachments.php,mixed_php_html_sql,PASS,pending,NEEDS_CHARACTERIZATION,Candidate has observable request/output contract but no stable oracle yet.
phpbb-C0997,phpbb,phpBB/includes/ucp/ucp_attachments.php,sql_data_access,PASS,pending,NEEDS_CHARACTERIZATION,Candidate has observable request/output contract but no stable oracle yet.
phpbb-C0998,phpbb,phpBB/includes/ucp/ucp_auth_link.php,long_method_or_region,PASS,pending,NEEDS_MANUAL_ORACLE_REVIEW,No obvious web contract was extracted; existing tests or manual characterization must be mapped.
phpbb-C0999,phpbb,phpBB/includes/ucp/ucp_groups.php,mixed_php_html_sql,PASS,pending,NEEDS_CHARACTERIZATION,Candidate has observable request/output contract but no stable oracle yet.
phpbb-C1000,phpbb,phpBB/includes/ucp/ucp_groups.php,sql_data_access,PASS,pending,NEEDS_CHARACTERIZATION,Candidate has observable request/output contract but no stable oracle yet.
phpbb-C1001,phpbb,phpBB/includes/ucp/ucp_login_link.php,mixed_php_html,PASS,pending,NEEDS_MANUAL_ORACLE_REVIEW,No obvious web contract was extracted; existing tests or manual characterization must be mapped.
phpbb-C1002,phpbb,phpBB/includes/ucp/ucp_login_link.php,long_method_or_region,PASS,pending,NEEDS_MANUAL_ORACLE_REVIEW,No obvious web contract was extracted; existing tests or manual characterization must be mapped.
phpbb-C1003,phpbb,phpBB/includes/ucp/ucp_login_link.php,long_method_or_region,PASS,pending,NEEDS_MANUAL_ORACLE_REVIEW,No obvious web contract was extracted; existing tests or manual characterization must be mapped.
phpbb-C1004,phpbb,phpBB/includes/ucp/ucp_main.php,mixed_php_html_sql,PASS,pending,NEEDS_CHARACTERIZATION,Candidate has observable request/output contract but no stable oracle yet.
phpbb-C1005,phpbb,phpBB/includes/ucp/ucp_main.php,sql_data_access,PASS,pending,NEEDS_CHARACTERIZATION,Candidate has observable request/output contract but no stable oracle yet.
phpbb-C1006,phpbb,phpBB/includes/ucp/ucp_main.php,long_method_or_region,PASS,pending,NEEDS_MANUAL_ORACLE_REVIEW,No obvious web contract was extracted; existing tests or manual characterization must be mapped.
phpbb-C1007,phpbb,phpBB/includes/ucp/ucp_notifications.php,mixed_php_html,PASS,pending,NEEDS_MANUAL_ORACLE_REVIEW,No obvious web contract was extracted; existing tests or manual characterization must be mapped.
phpbb-C1008,phpbb,phpBB/includes/ucp/ucp_notifications.php,long_method_or_region,PASS,pending,NEEDS_MANUAL_ORACLE_REVIEW,No obvious web contract was extracted; existing tests or manual characterization must be mapped.
phpbb-C1009,phpbb,phpBB/includes/ucp/ucp_pm.php,mixed_php_html_sql,PASS,pending,NEEDS_CHARACTERIZATION,Candidate has observable request/output contract but no stable oracle yet.
phpbb-C1010,phpbb,phpBB/includes/ucp/ucp_pm.php,sql_data_access,PASS,pending,NEEDS_CHARACTERIZATION,Candidate has observable request/output contract but no stable oracle yet.
phpbb-C1011,phpbb,phpBB/includes/ucp/ucp_pm_compose.php,mixed_php_html_sql,PASS,pending,NEEDS_CHARACTERIZATION,Candidate has observable request/output contract but no stable oracle yet.
phpbb-C1012,phpbb,phpBB/includes/ucp/ucp_pm_compose.php,sql_data_access,PASS,pending,NEEDS_CHARACTERIZATION,Candidate has observable request/output contract but no stable oracle yet.
phpbb-C1013,phpbb,phpBB/includes/ucp/ucp_pm_compose.php,sql_data_access,PASS,pending,NEEDS_MANUAL_ORACLE_REVIEW,No obvious web contract was extracted; existing tests or manual characterization must be mapped.
phpbb-C1014,phpbb,phpBB/includes/ucp/ucp_pm_options.php,mixed_php_html_sql,PASS,pending,NEEDS_CHARACTERIZATION,Candidate has observable request/output contract but no stable oracle yet.
phpbb-C1015,phpbb,phpBB/includes/ucp/ucp_pm_options.php,sql_data_access,PASS,pending,NEEDS_CHARACTERIZATION,Candidate has observable request/output contract but no stable oracle yet.
phpbb-C1016,phpbb,phpBB/includes/ucp/ucp_pm_options.php,long_method_or_region,PASS,pending,NEEDS_MANUAL_ORACLE_REVIEW,No obvious web contract was extracted; existing tests or manual characterization must be mapped.
phpbb-C1017,phpbb,phpBB/includes/ucp/ucp_pm_options.php,sql_data_access,PASS,pending,NEEDS_CHARACTERIZATION,Candidate has observable request/output contract but no stable oracle yet.
phpbb-C1018,phpbb,phpBB/includes/ucp/ucp_pm_viewfolder.php,sql_data_access,PASS,pending,NEEDS_CHARACTERIZATION,Candidate has observable request/output contract but no stable oracle yet.
phpbb-C1019,phpbb,phpBB/includes/ucp/ucp_pm_viewfolder.php,sql_data_access,PASS,pending,NEEDS_CHARACTERIZATION,Candidate has observable request/output contract but no stable oracle yet.
phpbb-C1020,phpbb,phpBB/includes/ucp/ucp_pm_viewfolder.php,sql_data_access,PASS,pending,NEEDS_CHARACTERIZATION,Candidate has observable request/output contract but no stable oracle yet.
phpbb-C1021,phpbb,phpBB/includes/ucp/ucp_pm_viewmessage.php,mixed_php_html_sql,PASS,pending,NEEDS_CHARACTERIZATION,Candidate has observable request/output contract but no stable oracle yet.
phpbb-C1022,phpbb,phpBB/includes/ucp/ucp_pm_viewmessage.php,sql_data_access,PASS,pending,NEEDS_CHARACTERIZATION,Candidate has observable request/output contract but no stable oracle yet.
phpbb-C1023,phpbb,phpBB/includes/ucp/ucp_pm_viewmessage.php,sql_data_access,PASS,pending,NEEDS_MANUAL_ORACLE_REVIEW,No obvious web contract was extracted; existing tests or manual characterization must be mapped.
phpbb-C1024,phpbb,phpBB/includes/ucp/ucp_prefs.php,mixed_php_html_sql,PASS,pending,NEEDS_CHARACTERIZATION,Candidate has observable request/output contract but no stable oracle yet.
phpbb-C1025,phpbb,phpBB/includes/ucp/ucp_prefs.php,sql_data_access,PASS,pending,NEEDS_CHARACTERIZATION,Candidate has observable request/output contract but no stable oracle yet.
phpbb-C1026,phpbb,phpBB/includes/ucp/ucp_profile.php,mixed_php_html_sql,PASS,pending,NEEDS_MANUAL_ORACLE_REVIEW,No obvious web contract was extracted; existing tests or manual characterization must be mapped.
phpbb-C1027,phpbb,phpBB/includes/ucp/ucp_profile.php,sql_data_access,PASS,pending,NEEDS_MANUAL_ORACLE_REVIEW,No obvious web contract was extracted; existing tests or manual characterization must be mapped.
phpbb-C1028,phpbb,phpBB/includes/ucp/ucp_register.php,mixed_php_html_sql,PASS,pending,NEEDS_MANUAL_ORACLE_REVIEW,No obvious web contract was extracted; existing tests or manual characterization must be mapped.
phpbb-C1029,phpbb,phpBB/includes/ucp/ucp_register.php,sql_data_access,PASS,pending,NEEDS_MANUAL_ORACLE_REVIEW,No obvious web contract was extracted; existing tests or manual characterization must be mapped.
phpbb-C1030,phpbb,phpBB/includes/ucp/ucp_remind.php,form_handling,PASS,pending,NEEDS_CHARACTERIZATION,Candidate has observable request/output contract but no stable oracle yet.
phpbb-C1031,phpbb,phpBB/includes/ucp/ucp_remind.php,long_method_or_region,PASS,pending,NEEDS_CHARACTERIZATION,Candidate has observable request/output contract but no stable oracle yet.
phpbb-C1032,phpbb,phpBB/includes/ucp/ucp_resend.php,mixed_php_html_sql,PASS,pending,NEEDS_CHARACTERIZATION,Candidate has observable request/output contract but no stable oracle yet.
phpbb-C1033,phpbb,phpBB/includes/ucp/ucp_resend.php,sql_data_access,PASS,pending,NEEDS_CHARACTERIZATION,Candidate has observable request/output contract but no stable oracle yet.
phpbb-C1034,phpbb,phpBB/includes/ucp/ucp_zebra.php,mixed_php_html_sql,PASS,pending,NEEDS_CHARACTERIZATION,Candidate has observable request/output contract but no stable oracle yet.
phpbb-C1035,phpbb,phpBB/includes/ucp/ucp_zebra.php,sql_data_access,PASS,pending,NEEDS_CHARACTERIZATION,Candidate has observable request/output contract but no stable oracle yet.
phpbb-C1036,phpbb,phpBB/includes/utf/utf_tools.php,long_method_or_region,PASS,pending,NEEDS_MANUAL_ORACLE_REVIEW,No obvious web contract was extracted; existing tests or manual characterization must be mapped.
phpbb-C1037,phpbb,phpBB/includes/utf/utf_tools.php,long_method_or_region,PASS,pending,NEEDS_MANUAL_ORACLE_REVIEW,No obvious web contract was extracted; existing tests or manual characterization must be mapped.
phpbb-C1038,phpbb,phpBB/includes/utf/utf_tools.php,long_method_or_region,PASS,pending,NEEDS_MANUAL_ORACLE_REVIEW,No obvious web contract was extracted; existing tests or manual characterization must be mapped.
phpbb-C1039,phpbb,phpBB/includes/utf/utf_tools.php,long_method_or_region,PASS,pending,NEEDS_MANUAL_ORACLE_REVIEW,No obvious web contract was extracted; existing tests or manual characterization must be mapped.
phpbb-C1040,phpbb,phpBB/includes/utf/data/recode_basic.php,long_method_or_region,PASS,pending,NEEDS_MANUAL_ORACLE_REVIEW,No obvious web contract was extracted; existing tests or manual characterization must be mapped.
phpbb-C1041,phpbb,phpBB/includes/utf/data/recode_basic.php,long_method_or_region,PASS,pending,NEEDS_MANUAL_ORACLE_REVIEW,No obvious web contract was extracted; existing tests or manual characterization must be mapped.
phpbb-C1042,phpbb,phpBB/includes/utf/data/recode_basic.php,long_method_or_region,PASS,pending,NEEDS_MANUAL_ORACLE_REVIEW,No obvious web contract was extracted; existing tests or manual characterization must be mapped.
phpbb-C1043,phpbb,phpBB/includes/utf/data/recode_basic.php,long_method_or_region,PASS,pending,NEEDS_MANUAL_ORACLE_REVIEW,No obvious web contract was extracted; existing tests or manual characterization must be mapped.
phpbb-C1044,phpbb,phpBB/includes/utf/data/recode_basic.php,long_method_or_region,PASS,pending,NEEDS_MANUAL_ORACLE_REVIEW,No obvious web contract was extracted; existing tests or manual characterization must be mapped.
phpbb-C1045,phpbb,phpBB/includes/utf/data/recode_basic.php,long_method_or_region,PASS,pending,NEEDS_MANUAL_ORACLE_REVIEW,No obvious web contract was extracted; existing tests or manual characterization must be mapped.
phpbb-C1046,phpbb,phpBB/includes/utf/data/recode_basic.php,long_method_or_region,PASS,pending,NEEDS_MANUAL_ORACLE_REVIEW,No obvious web contract was extracted; existing tests or manual characterization must be mapped.
phpbb-C1047,phpbb,phpBB/includes/utf/data/recode_basic.php,long_method_or_region,PASS,pending,NEEDS_MANUAL_ORACLE_REVIEW,No obvious web contract was extracted; existing tests or manual characterization must be mapped.
phpbb-C1048,phpbb,phpBB/includes/utf/data/recode_basic.php,long_method_or_region,PASS,pending,NEEDS_MANUAL_ORACLE_REVIEW,No obvious web contract was extracted; existing tests or manual characterization must be mapped.
phpbb-C1049,phpbb,phpBB/includes/utf/data/recode_basic.php,long_method_or_region,PASS,pending,NEEDS_MANUAL_ORACLE_REVIEW,No obvious web contract was extracted; existing tests or manual characterization must be mapped.
phpbb-C1050,phpbb,phpBB/includes/utf/data/recode_basic.php,long_method_or_region,PASS,pending,NEEDS_MANUAL_ORACLE_REVIEW,No obvious web contract was extracted; existing tests or manual characterization must be mapped.
phpbb-C1051,phpbb,phpBB/includes/utf/data/recode_cjk.php,long_method_or_region,PASS,pending,NEEDS_MANUAL_ORACLE_REVIEW,No obvious web contract was extracted; existing tests or manual characterization must be mapped.
phpbb-C1052,phpbb,phpBB/includes/utf/data/recode_cjk.php,long_method_or_region,PASS,pending,NEEDS_MANUAL_ORACLE_REVIEW,No obvious web contract was extracted; existing tests or manual characterization must be mapped.
phpbb-C1053,phpbb,phpBB/includes/utf/data/recode_cjk.php,long_method_or_region,PASS,pending,NEEDS_MANUAL_ORACLE_REVIEW,No obvious web contract was extracted; existing tests or manual characterization must be mapped.
phpbb-C1054,phpbb,phpBB/includes/utf/data/recode_cjk.php,long_method_or_region,PASS,pending,NEEDS_MANUAL_ORACLE_REVIEW,No obvious web contract was extracted; existing tests or manual characterization must be mapped.
phpbb-C1055,phpbb,build/code_sniffer/phpbb/Sniffs/Commenting/FileCommentSniff.php,long_method_or_region,PASS,pending,NEEDS_MANUAL_ORACLE_REVIEW,No obvious web contract was extracted; existing tests or manual characterization must be mapped.
phpbb-C1056,phpbb,build/code_sniffer/phpbb/Sniffs/ControlStructures/OpeningBraceBsdAllmanSniff.php,long_method_or_region,PASS,pending,NEEDS_MANUAL_ORACLE_REVIEW,No obvious web contract was extracted; existing tests or manual characterization must be mapped.
phpbb-C1057,phpbb,build/code_sniffer/phpbb/Sniffs/Namespaces/UnusedUseSniff.php,long_method_or_region,PASS,pending,NEEDS_MANUAL_ORACLE_REVIEW,No obvious web contract was extracted; existing tests or manual characterization must be mapped.
