candidate_id,project,file,candidate_type,syntax_status,oracle_status,screening_status,screening_reason
phpmyadmin-C0001,phpmyadmin,changelog.php,mixed_php_html,PASS,pending,NEEDS_MANUAL_ORACLE_REVIEW,No obvious web contract was extracted; existing tests or manual characterization must be mapped.
phpmyadmin-C0002,phpmyadmin,db_central_columns.php,form_handling,PASS,pending,NEEDS_CHARACTERIZATION,Candidate has observable request/output contract but no stable oracle yet.
phpmyadmin-C0003,phpmyadmin,db_datadict.php,mixed_php_html,PASS,pending,NEEDS_CHARACTERIZATION,Candidate has observable request/output contract but no stable oracle yet.
phpmyadmin-C0004,phpmyadmin,db_designer.php,form_handling,PASS,pending,NEEDS_CHARACTERIZATION,Candidate has observable request/output contract but no stable oracle yet.
phpmyadmin-C0005,phpmyadmin,db_export.php,form_handling,PASS,pending,NEEDS_CHARACTERIZATION,Candidate has observable request/output contract but no stable oracle yet.
phpmyadmin-C0006,phpmyadmin,db_operations.php,form_handling,PASS,pending,NEEDS_CHARACTERIZATION,Candidate has observable request/output contract but no stable oracle yet.
phpmyadmin-C0007,phpmyadmin,db_qbe.php,form_handling,PASS,pending,NEEDS_CHARACTERIZATION,Candidate has observable request/output contract but no stable oracle yet.
phpmyadmin-C0008,phpmyadmin,db_search.php,form_handling,PASS,pending,NEEDS_CHARACTERIZATION,Candidate has observable request/output contract but no stable oracle yet.
phpmyadmin-C0009,phpmyadmin,db_tracking.php,sql_data_access,PASS,pending,NEEDS_CHARACTERIZATION,Candidate has observable request/output contract but no stable oracle yet.
phpmyadmin-C0010,phpmyadmin,error_report.php,form_handling,PASS,pending,NEEDS_CHARACTERIZATION,Candidate has observable request/output contract but no stable oracle yet.
phpmyadmin-C0011,phpmyadmin,export.php,session_dependent_logic,PASS,pending,NEEDS_CHARACTERIZATION,Candidate has observable request/output contract but no stable oracle yet.
phpmyadmin-C0012,phpmyadmin,gis_data_editor.php,mixed_php_html_sql,PASS,pending,NEEDS_CHARACTERIZATION,Candidate has observable request/output contract but no stable oracle yet.
phpmyadmin-C0013,phpmyadmin,gis_data_editor.php,sql_data_access,PASS,pending,NEEDS_CHARACTERIZATION,Candidate has observable request/output contract but no stable oracle yet.
phpmyadmin-C0014,phpmyadmin,import.php,form_handling,PASS,pending,NEEDS_CHARACTERIZATION,Candidate has observable request/output contract but no stable oracle yet.
phpmyadmin-C0015,phpmyadmin,import_status.php,form_handling,PASS,pending,NEEDS_CHARACTERIZATION,Candidate has observable request/output contract but no stable oracle yet.
phpmyadmin-C0016,phpmyadmin,index.php,form_handling,PASS,pending,NEEDS_CHARACTERIZATION,Candidate has observable request/output contract but no stable oracle yet.
phpmyadmin-C0017,phpmyadmin,navigation.php,long_method_or_region,PASS,pending,NEEDS_CHARACTERIZATION,Candidate has observable request/output contract but no stable oracle yet.
phpmyadmin-C0018,phpmyadmin,normalization.php,long_method_or_region,PASS,pending,NEEDS_CHARACTERIZATION,Candidate has observable request/output contract but no stable oracle yet.
phpmyadmin-C0019,phpmyadmin,prefs_forms.php,form_handling,PASS,pending,NEEDS_CHARACTERIZATION,Candidate has observable request/output contract but no stable oracle yet.
phpmyadmin-C0020,phpmyadmin,prefs_manage.php,form_handling,PASS,pending,NEEDS_CHARACTERIZATION,Candidate has observable request/output contract but no stable oracle yet.
phpmyadmin-C0021,phpmyadmin,server_privileges.php,form_handling,PASS,pending,NEEDS_CHARACTERIZATION,Candidate has observable request/output contract but no stable oracle yet.
phpmyadmin-C0022,phpmyadmin,server_replication.php,form_handling,PASS,pending,NEEDS_CHARACTERIZATION,Candidate has observable request/output contract but no stable oracle yet.
phpmyadmin-C0023,phpmyadmin,server_status_monitor.php,form_handling,PASS,pending,NEEDS_CHARACTERIZATION,Candidate has observable request/output contract but no stable oracle yet.
phpmyadmin-C0024,phpmyadmin,server_status_processes.php,form_handling,PASS,pending,NEEDS_CHARACTERIZATION,Candidate has observable request/output contract but no stable oracle yet.
phpmyadmin-C0025,phpmyadmin,server_status_variables.php,form_handling,PASS,pending,NEEDS_CHARACTERIZATION,Candidate has observable request/output contract but no stable oracle yet.
phpmyadmin-C0026,phpmyadmin,server_user_groups.php,mixed_php_html_sql,PASS,pending,NEEDS_CHARACTERIZATION,Candidate has observable request/output contract but no stable oracle yet.
phpmyadmin-C0027,phpmyadmin,sql.php,long_method_or_region,PASS,pending,NEEDS_CHARACTERIZATION,Candidate has observable request/output contract but no stable oracle yet.
phpmyadmin-C0028,phpmyadmin,tbl_addfield.php,long_method_or_region,PASS,pending,NEEDS_CHARACTERIZATION,Candidate has observable request/output contract but no stable oracle yet.
phpmyadmin-C0029,phpmyadmin,tbl_change.php,mixed_php_html,PASS,pending,NEEDS_MANUAL_ORACLE_REVIEW,No obvious web contract was extracted; existing tests or manual characterization must be mapped.
phpmyadmin-C0030,phpmyadmin,tbl_create.php,long_method_or_region,PASS,pending,NEEDS_CHARACTERIZATION,Candidate has observable request/output contract but no stable oracle yet.
phpmyadmin-C0031,phpmyadmin,tbl_export.php,sql_data_access,PASS,pending,NEEDS_CHARACTERIZATION,Candidate has observable request/output contract but no stable oracle yet.
phpmyadmin-C0032,phpmyadmin,tbl_get_field.php,sql_data_access,PASS,pending,NEEDS_CHARACTERIZATION,Candidate has observable request/output contract but no stable oracle yet.
phpmyadmin-C0033,phpmyadmin,tbl_operations.php,long_method_or_region,PASS,pending,NEEDS_CHARACTERIZATION,Candidate has observable request/output contract but no stable oracle yet.
phpmyadmin-C0034,phpmyadmin,tbl_replace.php,sql_data_access,PASS,pending,NEEDS_CHARACTERIZATION,Candidate has observable request/output contract but no stable oracle yet.
phpmyadmin-C0035,phpmyadmin,tbl_row_action.php,long_method_or_region,PASS,pending,NEEDS_CHARACTERIZATION,Candidate has observable request/output contract but no stable oracle yet.
phpmyadmin-C0036,phpmyadmin,tbl_tracking.php,long_method_or_region,PASS,pending,NEEDS_CHARACTERIZATION,Candidate has observable request/output contract but no stable oracle yet.
phpmyadmin-C0037,phpmyadmin,transformation_overview.php,mixed_php_html,PASS,pending,NEEDS_MANUAL_ORACLE_REVIEW,No obvious web contract was extracted; existing tests or manual characterization must be mapped.
phpmyadmin-C0038,phpmyadmin,transformation_wrapper.php,sql_data_access,PASS,pending,NEEDS_CHARACTERIZATION,Candidate has observable request/output contract but no stable oracle yet.
phpmyadmin-C0039,phpmyadmin,url.php,form_handling,PASS,pending,NEEDS_CHARACTERIZATION,Candidate has observable request/output contract but no stable oracle yet.
phpmyadmin-C0040,phpmyadmin,user_password.php,long_method_or_region,PASS,pending,NEEDS_CHARACTERIZATION,Candidate has observable request/output contract but no stable oracle yet.
phpmyadmin-C0041,phpmyadmin,view_create.php,sql_data_access,PASS,pending,NEEDS_CHARACTERIZATION,Candidate has observable request/output contract but no stable oracle yet.
phpmyadmin-C0042,phpmyadmin,view_operations.php,form_handling,PASS,pending,NEEDS_CHARACTERIZATION,Candidate has observable request/output contract but no stable oracle yet.
phpmyadmin-C0043,phpmyadmin,examples/openid.php,form_handling,PASS,pending,NEEDS_CHARACTERIZATION,Candidate has observable request/output contract but no stable oracle yet.
phpmyadmin-C0044,phpmyadmin,examples/openid.php,mixed_php_html,PASS,pending,NEEDS_CHARACTERIZATION,Candidate has observable request/output contract but no stable oracle yet.
phpmyadmin-C0045,phpmyadmin,examples/openid.php,session_dependent_logic,PASS,pending,NEEDS_CHARACTERIZATION,Candidate has observable request/output contract but no stable oracle yet.
phpmyadmin-C0046,phpmyadmin,examples/signon.php,form_handling,PASS,pending,NEEDS_CHARACTERIZATION,Candidate has observable request/output contract but no stable oracle yet.
phpmyadmin-C0047,phpmyadmin,js/messages.php,mixed_php_html_sql,PASS,pending,NEEDS_CHARACTERIZATION,Candidate has observable request/output contract but no stable oracle yet.
phpmyadmin-C0048,phpmyadmin,libraries/common.inc.php,form_handling,PASS,pending,NEEDS_CHARACTERIZATION,Candidate has observable request/output contract but no stable oracle yet.
phpmyadmin-C0049,phpmyadmin,libraries/config.default.php,sql_data_access,PASS,pending,NEEDS_MANUAL_ORACLE_REVIEW,No obvious web contract was extracted; existing tests or manual characterization must be mapped.
phpmyadmin-C0050,phpmyadmin,libraries/db_common.inc.php,long_method_or_region,PASS,pending,NEEDS_CHARACTERIZATION,Candidate has observable request/output contract but no stable oracle yet.
phpmyadmin-C0051,phpmyadmin,libraries/db_table_exists.inc.php,sql_data_access,PASS,pending,NEEDS_MANUAL_ORACLE_REVIEW,No obvious web contract was extracted; existing tests or manual characterization must be mapped.
phpmyadmin-C0052,phpmyadmin,libraries/error.inc.php,mixed_php_html,PASS,pending,NEEDS_MANUAL_ORACLE_REVIEW,No obvious web contract was extracted; existing tests or manual characterization must be mapped.
phpmyadmin-C0053,phpmyadmin,libraries/mult_submits.inc.php,session_dependent_logic,PASS,pending,NEEDS_CHARACTERIZATION,Candidate has observable request/output contract but no stable oracle yet.
phpmyadmin-C0054,phpmyadmin,libraries/replication.inc.php,long_method_or_region,PASS,pending,NEEDS_CHARACTERIZATION,Candidate has observable request/output contract but no stable oracle yet.
phpmyadmin-C0055,phpmyadmin,libraries/tbl_columns_definition_form.inc.php,long_method_or_region,PASS,pending,NEEDS_CHARACTERIZATION,Candidate has observable request/output contract but no stable oracle yet.
phpmyadmin-C0056,phpmyadmin,libraries/tbl_partition_definition.inc.php,long_method_or_region,PASS,pending,NEEDS_CHARACTERIZATION,Candidate has observable request/output contract but no stable oracle yet.
phpmyadmin-C0057,phpmyadmin,libraries/user_preferences.inc.php,form_handling,PASS,pending,NEEDS_CHARACTERIZATION,Candidate has observable request/output contract but no stable oracle yet.
phpmyadmin-C0058,phpmyadmin,setup/config.php,session_dependent_logic,PASS,pending,NEEDS_CHARACTERIZATION,Candidate has observable request/output contract but no stable oracle yet.
phpmyadmin-C0059,phpmyadmin,setup/index.php,form_handling,PASS,pending,NEEDS_CHARACTERIZATION,Candidate has observable request/output contract but no stable oracle yet.
phpmyadmin-C0060,phpmyadmin,test/bootstrap-dist.php,session_dependent_logic,PASS,pending,NEEDS_MANUAL_ORACLE_REVIEW,No obvious web contract was extracted; existing tests or manual characterization must be mapped.
phpmyadmin-C0061,phpmyadmin,themes/svg_gradient.php,long_method_or_region,PASS,pending,NEEDS_CHARACTERIZATION,Candidate has observable request/output contract but no stable oracle yet.
phpmyadmin-C0062,phpmyadmin,test/classes/AdvisorTest.php,mixed_php_html,PASS,pending,NEEDS_MANUAL_ORACLE_REVIEW,No obvious web contract was extracted; existing tests or manual characterization must be mapped.
phpmyadmin-C0063,phpmyadmin,test/classes/AdvisorTest.php,long_method_or_region,PASS,pending,NEEDS_MANUAL_ORACLE_REVIEW,No obvious web contract was extracted; existing tests or manual characterization must be mapped.
phpmyadmin-C0064,phpmyadmin,test/classes/BrowseForeignersTest.php,form_handling,PASS,pending,NEEDS_CHARACTERIZATION,Candidate has observable request/output contract but no stable oracle yet.
phpmyadmin-C0065,phpmyadmin,test/classes/BrowseForeignersTest.php,long_method_or_region,PASS,pending,NEEDS_CHARACTERIZATION,Candidate has observable request/output contract but no stable oracle yet.
phpmyadmin-C0066,phpmyadmin,test/classes/CentralColumnsTest.php,mixed_php_html_sql,PASS,pending,NEEDS_CHARACTERIZATION,Candidate has observable request/output contract but no stable oracle yet.
phpmyadmin-C0067,phpmyadmin,test/classes/CentralColumnsTest.php,session_dependent_logic,PASS,pending,NEEDS_MANUAL_ORACLE_REVIEW,No obvious web contract was extracted; existing tests or manual characterization must be mapped.
phpmyadmin-C0068,phpmyadmin,test/classes/CentralColumnsTest.php,sql_data_access,PASS,pending,NEEDS_CHARACTERIZATION,Candidate has observable request/output contract but no stable oracle yet.
phpmyadmin-C0069,phpmyadmin,test/classes/CentralColumnsTest.php,sql_data_access,PASS,pending,NEEDS_MANUAL_ORACLE_REVIEW,No obvious web contract was extracted; existing tests or manual characterization must be mapped.
phpmyadmin-C0070,phpmyadmin,test/classes/CharsetsTest.php,long_method_or_region,PASS,pending,NEEDS_MANUAL_ORACLE_REVIEW,No obvious web contract was extracted; existing tests or manual characterization must be mapped.
phpmyadmin-C0071,phpmyadmin,test/classes/CheckUserPrivilegesTest.php,long_method_or_region,PASS,pending,NEEDS_MANUAL_ORACLE_REVIEW,No obvious web contract was extracted; existing tests or manual characterization must be mapped.
phpmyadmin-C0072,phpmyadmin,test/classes/CheckUserPrivilegesTest.php,long_method_or_region,PASS,pending,NEEDS_MANUAL_ORACLE_REVIEW,No obvious web contract was extracted; existing tests or manual characterization must be mapped.
phpmyadmin-C0073,phpmyadmin,test/classes/ConfigTest.php,form_handling,PASS,pending,NEEDS_CHARACTERIZATION,Candidate has observable request/output contract but no stable oracle yet.
phpmyadmin-C0074,phpmyadmin,test/classes/ConfigTest.php,long_method_or_region,PASS,pending,NEEDS_MANUAL_ORACLE_REVIEW,No obvious web contract was extracted; existing tests or manual characterization must be mapped.
phpmyadmin-C0075,phpmyadmin,test/classes/ConfigTest.php,session_dependent_logic,PASS,pending,NEEDS_MANUAL_ORACLE_REVIEW,No obvious web contract was extracted; existing tests or manual characterization must be mapped.
phpmyadmin-C0076,phpmyadmin,test/classes/ConfigTest.php,session_dependent_logic,PASS,pending,NEEDS_MANUAL_ORACLE_REVIEW,No obvious web contract was extracted; existing tests or manual characterization must be mapped.
phpmyadmin-C0077,phpmyadmin,test/classes/ConfigTest.php,session_dependent_logic,PASS,pending,NEEDS_MANUAL_ORACLE_REVIEW,No obvious web contract was extracted; existing tests or manual characterization must be mapped.
phpmyadmin-C0078,phpmyadmin,test/classes/ConfigTest.php,session_dependent_logic,PASS,pending,NEEDS_MANUAL_ORACLE_REVIEW,No obvious web contract was extracted; existing tests or manual characterization must be mapped.
phpmyadmin-C0079,phpmyadmin,test/classes/ConfigTest.php,session_dependent_logic,PASS,pending,NEEDS_MANUAL_ORACLE_REVIEW,No obvious web contract was extracted; existing tests or manual characterization must be mapped.
phpmyadmin-C0080,phpmyadmin,test/classes/CoreTest.php,mixed_php_html_sql,PASS,pending,NEEDS_MANUAL_ORACLE_REVIEW,No obvious web contract was extracted; existing tests or manual characterization must be mapped.
phpmyadmin-C0081,phpmyadmin,test/classes/DatabaseInterfaceTest.php,long_method_or_region,PASS,pending,NEEDS_MANUAL_ORACLE_REVIEW,No obvious web contract was extracted; existing tests or manual characterization must be mapped.
phpmyadmin-C0082,phpmyadmin,test/classes/EncodingTest.php,mixed_php_html,PASS,pending,NEEDS_CHARACTERIZATION,Candidate has observable request/output contract but no stable oracle yet.
phpmyadmin-C0083,phpmyadmin,test/classes/ErrorHandlerTest.php,session_dependent_logic,PASS,pending,NEEDS_MANUAL_ORACLE_REVIEW,No obvious web contract was extracted; existing tests or manual characterization must be mapped.
phpmyadmin-C0084,phpmyadmin,test/classes/ErrorTest.php,mixed_php_html,PASS,pending,NEEDS_CHARACTERIZATION,Candidate has observable request/output contract but no stable oracle yet.
phpmyadmin-C0085,phpmyadmin,test/classes/FontTest.php,long_method_or_region,PASS,pending,NEEDS_MANUAL_ORACLE_REVIEW,No obvious web contract was extracted; existing tests or manual characterization must be mapped.
phpmyadmin-C0086,phpmyadmin,test/classes/FooterTest.php,mixed_php_html_sql,PASS,pending,NEEDS_CHARACTERIZATION,Candidate has observable request/output contract but no stable oracle yet.
phpmyadmin-C0087,phpmyadmin,test/classes/ImportTest.php,sql_data_access,PASS,pending,NEEDS_MANUAL_ORACLE_REVIEW,No obvious web contract was extracted; existing tests or manual characterization must be mapped.
phpmyadmin-C0088,phpmyadmin,test/classes/ImportTest.php,sql_data_access,PASS,pending,NEEDS_MANUAL_ORACLE_REVIEW,No obvious web contract was extracted; existing tests or manual characterization must be mapped.
phpmyadmin-C0089,phpmyadmin,test/classes/ImportTest.php,sql_data_access,PASS,pending,NEEDS_MANUAL_ORACLE_REVIEW,No obvious web contract was extracted; existing tests or manual characterization must be mapped.
phpmyadmin-C0090,phpmyadmin,test/classes/ImportTest.php,sql_data_access,PASS,pending,NEEDS_MANUAL_ORACLE_REVIEW,No obvious web contract was extracted; existing tests or manual characterization must be mapped.
phpmyadmin-C0091,phpmyadmin,test/classes/InsertEditTest.php,mixed_php_html_sql,PASS,pending,NEEDS_CHARACTERIZATION,Candidate has observable request/output contract but no stable oracle yet.
phpmyadmin-C0092,phpmyadmin,test/classes/InsertEditTest.php,long_method_or_region,PASS,pending,NEEDS_CHARACTERIZATION,Candidate has observable request/output contract but no stable oracle yet.
phpmyadmin-C0093,phpmyadmin,test/classes/InsertEditTest.php,long_method_or_region,PASS,pending,NEEDS_CHARACTERIZATION,Candidate has observable request/output contract but no stable oracle yet.
phpmyadmin-C0094,phpmyadmin,test/classes/InsertEditTest.php,session_dependent_logic,PASS,pending,NEEDS_MANUAL_ORACLE_REVIEW,No obvious web contract was extracted; existing tests or manual characterization must be mapped.
phpmyadmin-C0095,phpmyadmin,test/classes/InsertEditTest.php,sql_data_access,PASS,pending,NEEDS_MANUAL_ORACLE_REVIEW,No obvious web contract was extracted; existing tests or manual characterization must be mapped.
phpmyadmin-C0096,phpmyadmin,test/classes/InsertEditTest.php,sql_data_access,PASS,pending,NEEDS_CHARACTERIZATION,Candidate has observable request/output contract but no stable oracle yet.
phpmyadmin-C0097,phpmyadmin,test/classes/InsertEditTest.php,sql_data_access,PASS,pending,NEEDS_CHARACTERIZATION,Candidate has observable request/output contract but no stable oracle yet.
phpmyadmin-C0098,phpmyadmin,test/classes/InsertEditTest.php,session_dependent_logic,PASS,pending,NEEDS_CHARACTERIZATION,Candidate has observable request/output contract but no stable oracle yet.
phpmyadmin-C0099,phpmyadmin,test/classes/InsertEditTest.php,long_method_or_region,PASS,pending,NEEDS_CHARACTERIZATION,Candidate has observable request/output contract but no stable oracle yet.
phpmyadmin-C0100,phpmyadmin,test/classes/LanguageTest.php,long_method_or_region,PASS,pending,NEEDS_CHARACTERIZATION,Candidate has observable request/output contract but no stable oracle yet.
phpmyadmin-C0101,phpmyadmin,test/classes/LinterTest.php,sql_data_access,PASS,pending,NEEDS_MANUAL_ORACLE_REVIEW,No obvious web contract was extracted; existing tests or manual characterization must be mapped.
phpmyadmin-C0102,phpmyadmin,test/classes/MessageTest.php,mixed_php_html,PASS,pending,NEEDS_CHARACTERIZATION,Candidate has observable request/output contract but no stable oracle yet.
phpmyadmin-C0103,phpmyadmin,test/classes/MultSubmitsTest.php,mixed_php_html_sql,PASS,pending,NEEDS_CHARACTERIZATION,Candidate has observable request/output contract but no stable oracle yet.
phpmyadmin-C0104,phpmyadmin,test/classes/MultSubmitsTest.php,session_dependent_logic,PASS,pending,NEEDS_MANUAL_ORACLE_REVIEW,No obvious web contract was extracted; existing tests or manual characterization must be mapped.
phpmyadmin-C0105,phpmyadmin,test/classes/MultSubmitsTest.php,sql_data_access,PASS,pending,NEEDS_MANUAL_ORACLE_REVIEW,No obvious web contract was extracted; existing tests or manual characterization must be mapped.
phpmyadmin-C0106,phpmyadmin,test/classes/MultSubmitsTest.php,sql_data_access,PASS,pending,NEEDS_MANUAL_ORACLE_REVIEW,No obvious web contract was extracted; existing tests or manual characterization must be mapped.
phpmyadmin-C0107,phpmyadmin,test/classes/MultSubmitsTest.php,session_dependent_logic,PASS,pending,NEEDS_CHARACTERIZATION,Candidate has observable request/output contract but no stable oracle yet.
phpmyadmin-C0108,phpmyadmin,test/classes/NormalizationTest.php,form_handling,PASS,pending,NEEDS_CHARACTERIZATION,Candidate has observable request/output contract but no stable oracle yet.
phpmyadmin-C0109,phpmyadmin,test/classes/NormalizationTest.php,session_dependent_logic,PASS,pending,NEEDS_CHARACTERIZATION,Candidate has observable request/output contract but no stable oracle yet.
phpmyadmin-C0110,phpmyadmin,test/classes/OperationsTest.php,mixed_php_html,PASS,pending,NEEDS_CHARACTERIZATION,Candidate has observable request/output contract but no stable oracle yet.
phpmyadmin-C0111,phpmyadmin,test/classes/RelationCleanupDbiMock.php,sql_data_access,PASS,pending,NEEDS_MANUAL_ORACLE_REVIEW,No obvious web contract was extracted; existing tests or manual characterization must be mapped.
phpmyadmin-C0112,phpmyadmin,test/classes/RelationCleanupTest.php,session_dependent_logic,PASS,pending,NEEDS_MANUAL_ORACLE_REVIEW,No obvious web contract was extracted; existing tests or manual characterization must be mapped.
phpmyadmin-C0113,phpmyadmin,test/classes/RelationTest.php,mixed_php_html_sql,PASS,pending,NEEDS_MANUAL_ORACLE_REVIEW,No obvious web contract was extracted; existing tests or manual characterization must be mapped.
phpmyadmin-C0114,phpmyadmin,test/classes/RelationTest.php,session_dependent_logic,PASS,pending,NEEDS_MANUAL_ORACLE_REVIEW,No obvious web contract was extracted; existing tests or manual characterization must be mapped.
phpmyadmin-C0115,phpmyadmin,test/classes/ReplicationGuiTest.php,form_handling,PASS,pending,NEEDS_CHARACTERIZATION,Candidate has observable request/output contract but no stable oracle yet.
phpmyadmin-C0116,phpmyadmin,test/classes/ReplicationGuiTest.php,session_dependent_logic,PASS,pending,NEEDS_CHARACTERIZATION,Candidate has observable request/output contract but no stable oracle yet.
phpmyadmin-C0117,phpmyadmin,test/classes/ReplicationGuiTest.php,long_method_or_region,PASS,pending,NEEDS_CHARACTERIZATION,Candidate has observable request/output contract but no stable oracle yet.
phpmyadmin-C0118,phpmyadmin,test/classes/SanitizeTest.php,form_handling,PASS,pending,NEEDS_CHARACTERIZATION,Candidate has observable request/output contract but no stable oracle yet.
phpmyadmin-C0119,phpmyadmin,test/classes/ScriptsTest.php,mixed_php_html,PASS,pending,NEEDS_MANUAL_ORACLE_REVIEW,No obvious web contract was extracted; existing tests or manual characterization must be mapped.
phpmyadmin-C0120,phpmyadmin,test/classes/SqlQueryFormTest.php,mixed_php_html_sql,PASS,pending,NEEDS_CHARACTERIZATION,Candidate has observable request/output contract but no stable oracle yet.
phpmyadmin-C0121,phpmyadmin,test/classes/SqlQueryFormTest.php,session_dependent_logic,PASS,pending,NEEDS_MANUAL_ORACLE_REVIEW,No obvious web contract was extracted; existing tests or manual characterization must be mapped.
phpmyadmin-C0122,phpmyadmin,test/classes/SqlQueryFormTest.php,sql_data_access,PASS,pending,NEEDS_CHARACTERIZATION,Candidate has observable request/output contract but no stable oracle yet.
phpmyadmin-C0123,phpmyadmin,test/classes/SqlQueryFormTest.php,sql_data_access,PASS,pending,NEEDS_CHARACTERIZATION,Candidate has observable request/output contract but no stable oracle yet.
phpmyadmin-C0124,phpmyadmin,test/classes/SqlTest.php,sql_data_access,PASS,pending,NEEDS_MANUAL_ORACLE_REVIEW,No obvious web contract was extracted; existing tests or manual characterization must be mapped.
phpmyadmin-C0125,phpmyadmin,test/classes/SqlTest.php,sql_data_access,PASS,pending,NEEDS_MANUAL_ORACLE_REVIEW,No obvious web contract was extracted; existing tests or manual characterization must be mapped.
phpmyadmin-C0126,phpmyadmin,test/classes/SystemDatabaseTest.php,session_dependent_logic,PASS,pending,NEEDS_MANUAL_ORACLE_REVIEW,No obvious web contract was extracted; existing tests or manual characterization must be mapped.
phpmyadmin-C0127,phpmyadmin,test/classes/SystemDatabaseTest.php,session_dependent_logic,PASS,pending,NEEDS_MANUAL_ORACLE_REVIEW,No obvious web contract was extracted; existing tests or manual characterization must be mapped.
phpmyadmin-C0128,phpmyadmin,test/classes/TableTest.php,sql_data_access,PASS,pending,NEEDS_CHARACTERIZATION,Candidate has observable request/output contract but no stable oracle yet.
phpmyadmin-C0129,phpmyadmin,test/classes/TableTest.php,sql_data_access,PASS,pending,NEEDS_MANUAL_ORACLE_REVIEW,No obvious web contract was extracted; existing tests or manual characterization must be mapped.
phpmyadmin-C0130,phpmyadmin,test/classes/TableTest.php,long_method_or_region,PASS,pending,NEEDS_MANUAL_ORACLE_REVIEW,No obvious web contract was extracted; existing tests or manual characterization must be mapped.
phpmyadmin-C0131,phpmyadmin,test/classes/TableTest.php,sql_data_access,PASS,pending,NEEDS_CHARACTERIZATION,Candidate has observable request/output contract but no stable oracle yet.
phpmyadmin-C0132,phpmyadmin,test/classes/TrackerTest.php,session_dependent_logic,PASS,pending,NEEDS_MANUAL_ORACLE_REVIEW,No obvious web contract was extracted; existing tests or manual characterization must be mapped.
phpmyadmin-C0133,phpmyadmin,test/classes/TrackerTest.php,session_dependent_logic,PASS,pending,NEEDS_MANUAL_ORACLE_REVIEW,No obvious web contract was extracted; existing tests or manual characterization must be mapped.
phpmyadmin-C0134,phpmyadmin,test/classes/TrackerTest.php,long_method_or_region,PASS,pending,NEEDS_MANUAL_ORACLE_REVIEW,No obvious web contract was extracted; existing tests or manual characterization must be mapped.
phpmyadmin-C0135,phpmyadmin,test/classes/TrackerTest.php,sql_data_access,PASS,pending,NEEDS_MANUAL_ORACLE_REVIEW,No obvious web contract was extracted; existing tests or manual characterization must be mapped.
phpmyadmin-C0136,phpmyadmin,test/classes/TrackerTest.php,sql_data_access,PASS,pending,NEEDS_MANUAL_ORACLE_REVIEW,No obvious web contract was extracted; existing tests or manual characterization must be mapped.
phpmyadmin-C0137,phpmyadmin,test/classes/TrackerTest.php,sql_data_access,PASS,pending,NEEDS_MANUAL_ORACLE_REVIEW,No obvious web contract was extracted; existing tests or manual characterization must be mapped.
phpmyadmin-C0138,phpmyadmin,test/classes/TrackingTest.php,mixed_php_html_sql,PASS,pending,NEEDS_CHARACTERIZATION,Candidate has observable request/output contract but no stable oracle yet.
phpmyadmin-C0139,phpmyadmin,test/classes/TrackingTest.php,session_dependent_logic,PASS,pending,NEEDS_MANUAL_ORACLE_REVIEW,No obvious web contract was extracted; existing tests or manual characterization must be mapped.
phpmyadmin-C0140,phpmyadmin,test/classes/TrackingTest.php,long_method_or_region,PASS,pending,NEEDS_MANUAL_ORACLE_REVIEW,No obvious web contract was extracted; existing tests or manual characterization must be mapped.
phpmyadmin-C0141,phpmyadmin,test/classes/TrackingTest.php,sql_data_access,PASS,pending,NEEDS_MANUAL_ORACLE_REVIEW,No obvious web contract was extracted; existing tests or manual characterization must be mapped.
phpmyadmin-C0142,phpmyadmin,test/classes/TrackingTest.php,sql_data_access,PASS,pending,NEEDS_MANUAL_ORACLE_REVIEW,No obvious web contract was extracted; existing tests or manual characterization must be mapped.
phpmyadmin-C0143,phpmyadmin,test/classes/TrackingTest.php,sql_data_access,PASS,pending,NEEDS_CHARACTERIZATION,Candidate has observable request/output contract but no stable oracle yet.
phpmyadmin-C0144,phpmyadmin,test/classes/TransformationsTest.php,session_dependent_logic,PASS,pending,NEEDS_MANUAL_ORACLE_REVIEW,No obvious web contract was extracted; existing tests or manual characterization must be mapped.
phpmyadmin-C0145,phpmyadmin,test/classes/TransformationsTest.php,session_dependent_logic,PASS,pending,NEEDS_MANUAL_ORACLE_REVIEW,No obvious web contract was extracted; existing tests or manual characterization must be mapped.
phpmyadmin-C0146,phpmyadmin,test/classes/TwoFactorTest.php,session_dependent_logic,PASS,pending,NEEDS_CHARACTERIZATION,Candidate has observable request/output contract but no stable oracle yet.
phpmyadmin-C0147,phpmyadmin,test/classes/TwoFactorTest.php,session_dependent_logic,PASS,pending,NEEDS_CHARACTERIZATION,Candidate has observable request/output contract but no stable oracle yet.
phpmyadmin-C0148,phpmyadmin,test/classes/TypesTest.php,long_method_or_region,PASS,pending,NEEDS_MANUAL_ORACLE_REVIEW,No obvious web contract was extracted; existing tests or manual characterization must be mapped.
phpmyadmin-C0149,phpmyadmin,test/classes/TypesTest.php,long_method_or_region,PASS,pending,NEEDS_MANUAL_ORACLE_REVIEW,No obvious web contract was extracted; existing tests or manual characterization must be mapped.
phpmyadmin-C0150,phpmyadmin,test/classes/UserPreferencesTest.php,mixed_php_html_sql,PASS,pending,NEEDS_CHARACTERIZATION,Candidate has observable request/output contract but no stable oracle yet.
phpmyadmin-C0151,phpmyadmin,test/classes/UserPreferencesTest.php,session_dependent_logic,PASS,pending,NEEDS_MANUAL_ORACLE_REVIEW,No obvious web contract was extracted; existing tests or manual characterization must be mapped.
phpmyadmin-C0152,phpmyadmin,test/classes/UserPreferencesTest.php,session_dependent_logic,PASS,pending,NEEDS_MANUAL_ORACLE_REVIEW,No obvious web contract was extracted; existing tests or manual characterization must be mapped.
phpmyadmin-C0153,phpmyadmin,test/classes/UserPreferencesTest.php,session_dependent_logic,PASS,pending,NEEDS_CHARACTERIZATION,Candidate has observable request/output contract but no stable oracle yet.
phpmyadmin-C0154,phpmyadmin,test/classes/UtilTest.php,mixed_php_html_sql,PASS,pending,NEEDS_CHARACTERIZATION,Candidate has observable request/output contract but no stable oracle yet.
phpmyadmin-C0155,phpmyadmin,test/classes/UtilTest.php,long_method_or_region,PASS,pending,NEEDS_MANUAL_ORACLE_REVIEW,No obvious web contract was extracted; existing tests or manual characterization must be mapped.
phpmyadmin-C0156,phpmyadmin,test/selenium/DbEventsTest.php,sql_data_access,PASS,pending,NEEDS_CHARACTERIZATION,Candidate has observable request/output contract but no stable oracle yet.
phpmyadmin-C0157,phpmyadmin,test/selenium/DbEventsTest.php,sql_data_access,PASS,pending,NEEDS_CHARACTERIZATION,Candidate has observable request/output contract but no stable oracle yet.
phpmyadmin-C0158,phpmyadmin,test/selenium/DbProceduresTest.php,sql_data_access,PASS,pending,NEEDS_CHARACTERIZATION,Candidate has observable request/output contract but no stable oracle yet.
phpmyadmin-C0159,phpmyadmin,test/selenium/DbTriggersTest.php,sql_data_access,PASS,pending,NEEDS_CHARACTERIZATION,Candidate has observable request/output contract but no stable oracle yet.
phpmyadmin-C0160,phpmyadmin,test/selenium/DbTriggersTest.php,sql_data_access,PASS,pending,NEEDS_CHARACTERIZATION,Candidate has observable request/output contract but no stable oracle yet.
phpmyadmin-C0161,phpmyadmin,test/selenium/ExportTest.php,sql_data_access,PASS,pending,NEEDS_MANUAL_ORACLE_REVIEW,No obvious web contract was extracted; existing tests or manual characterization must be mapped.
phpmyadmin-C0162,phpmyadmin,test/selenium/ExportTest.php,long_method_or_region,PASS,pending,NEEDS_MANUAL_ORACLE_REVIEW,No obvious web contract was extracted; existing tests or manual characterization must be mapped.
phpmyadmin-C0163,phpmyadmin,test/selenium/QueryByExampleTest.php,long_method_or_region,PASS,pending,NEEDS_MANUAL_ORACLE_REVIEW,No obvious web contract was extracted; existing tests or manual characterization must be mapped.
phpmyadmin-C0164,phpmyadmin,test/selenium/TableOperationsTest.php,sql_data_access,PASS,pending,NEEDS_CHARACTERIZATION,Candidate has observable request/output contract but no stable oracle yet.
phpmyadmin-C0165,phpmyadmin,test/selenium/TestBase.php,sql_data_access,PASS,pending,NEEDS_CHARACTERIZATION,Candidate has observable request/output contract but no stable oracle yet.
phpmyadmin-C0166,phpmyadmin,test/selenium/TestBase.php,long_method_or_region,PASS,pending,NEEDS_MANUAL_ORACLE_REVIEW,No obvious web contract was extracted; existing tests or manual characterization must be mapped.
phpmyadmin-C0167,phpmyadmin,test/selenium/TrackingTest.php,sql_data_access,PASS,pending,NEEDS_MANUAL_ORACLE_REVIEW,No obvious web contract was extracted; existing tests or manual characterization must be mapped.
phpmyadmin-C0168,phpmyadmin,test/libraries/common/PMA_checkbox_test.php,mixed_php_html,PASS,pending,NEEDS_CHARACTERIZATION,Candidate has observable request/output contract but no stable oracle yet.
phpmyadmin-C0169,phpmyadmin,test/classes/Config/ConfigFileTest.php,session_dependent_logic,PASS,pending,NEEDS_MANUAL_ORACLE_REVIEW,No obvious web contract was extracted; existing tests or manual characterization must be mapped.
phpmyadmin-C0170,phpmyadmin,test/classes/Config/FormDisplayTemplateTest.php,mixed_php_html,PASS,pending,NEEDS_CHARACTERIZATION,Candidate has observable request/output contract but no stable oracle yet.
phpmyadmin-C0171,phpmyadmin,test/classes/Config/FormDisplayTemplateTest.php,long_method_or_region,PASS,pending,NEEDS_CHARACTERIZATION,Candidate has observable request/output contract but no stable oracle yet.
phpmyadmin-C0172,phpmyadmin,test/classes/Config/FormDisplayTest.php,session_dependent_logic,PASS,pending,NEEDS_MANUAL_ORACLE_REVIEW,No obvious web contract was extracted; existing tests or manual characterization must be mapped.
phpmyadmin-C0173,phpmyadmin,test/classes/Config/FormDisplayTest.php,session_dependent_logic,PASS,pending,NEEDS_MANUAL_ORACLE_REVIEW,No obvious web contract was extracted; existing tests or manual characterization must be mapped.
phpmyadmin-C0174,phpmyadmin,test/classes/Config/FormDisplayTest.php,long_method_or_region,PASS,pending,NEEDS_MANUAL_ORACLE_REVIEW,No obvious web contract was extracted; existing tests or manual characterization must be mapped.
phpmyadmin-C0175,phpmyadmin,test/classes/Config/ServerConfigChecksTest.php,session_dependent_logic,PASS,pending,NEEDS_MANUAL_ORACLE_REVIEW,No obvious web contract was extracted; existing tests or manual characterization must be mapped.
phpmyadmin-C0176,phpmyadmin,test/classes/Database/DesignerTest.php,mixed_php_html_sql,PASS,pending,NEEDS_CHARACTERIZATION,Candidate has observable request/output contract but no stable oracle yet.
phpmyadmin-C0177,phpmyadmin,test/classes/Database/QbeTest.php,form_handling,PASS,pending,NEEDS_CHARACTERIZATION,Candidate has observable request/output contract but no stable oracle yet.
phpmyadmin-C0178,phpmyadmin,test/classes/Database/SearchTest.php,mixed_php_html_sql,PASS,pending,NEEDS_CHARACTERIZATION,Candidate has observable request/output contract but no stable oracle yet.
phpmyadmin-C0179,phpmyadmin,test/classes/Dbi/DbiMysqliTest.php,session_dependent_logic,PASS,pending,NEEDS_MANUAL_ORACLE_REVIEW,No obvious web contract was extracted; existing tests or manual characterization must be mapped.
phpmyadmin-C0180,phpmyadmin,test/classes/Dbi/DbiMysqliTest.php,sql_data_access,PASS,pending,NEEDS_MANUAL_ORACLE_REVIEW,No obvious web contract was extracted; existing tests or manual characterization must be mapped.
phpmyadmin-C0181,phpmyadmin,test/classes/Dbi/DbiMysqlTest.php,sql_data_access,PASS,pending,NEEDS_MANUAL_ORACLE_REVIEW,No obvious web contract was extracted; existing tests or manual characterization must be mapped.
phpmyadmin-C0182,phpmyadmin,test/classes/Dbi/DbiMysqlTest.php,sql_data_access,PASS,pending,NEEDS_MANUAL_ORACLE_REVIEW,No obvious web contract was extracted; existing tests or manual characterization must be mapped.
phpmyadmin-C0183,phpmyadmin,test/classes/Display/ExportTest.php,mixed_php_html,PASS,pending,NEEDS_CHARACTERIZATION,Candidate has observable request/output contract but no stable oracle yet.
phpmyadmin-C0184,phpmyadmin,test/classes/Display/ExportTest.php,session_dependent_logic,PASS,pending,NEEDS_MANUAL_ORACLE_REVIEW,No obvious web contract was extracted; existing tests or manual characterization must be mapped.
phpmyadmin-C0185,phpmyadmin,test/classes/Display/ExportTest.php,long_method_or_region,PASS,pending,NEEDS_CHARACTERIZATION,Candidate has observable request/output contract but no stable oracle yet.
phpmyadmin-C0186,phpmyadmin,test/classes/Display/ResultsTest.php,mixed_php_html_sql,PASS,pending,NEEDS_CHARACTERIZATION,Candidate has observable request/output contract but no stable oracle yet.
phpmyadmin-C0187,phpmyadmin,test/classes/Display/ResultsTest.php,sql_data_access,PASS,pending,NEEDS_CHARACTERIZATION,Candidate has observable request/output contract but no stable oracle yet.
phpmyadmin-C0188,phpmyadmin,test/classes/Display/ResultsTest.php,sql_data_access,PASS,pending,NEEDS_CHARACTERIZATION,Candidate has observable request/output contract but no stable oracle yet.
phpmyadmin-C0189,phpmyadmin,test/classes/Display/ResultsTest.php,long_method_or_region,PASS,pending,NEEDS_CHARACTERIZATION,Candidate has observable request/output contract but no stable oracle yet.
phpmyadmin-C0190,phpmyadmin,test/classes/Display/ResultsTest.php,sql_data_access,PASS,pending,NEEDS_CHARACTERIZATION,Candidate has observable request/output contract but no stable oracle yet.
phpmyadmin-C0191,phpmyadmin,test/classes/Display/ResultsTest.php,long_method_or_region,PASS,pending,NEEDS_CHARACTERIZATION,Candidate has observable request/output contract but no stable oracle yet.
phpmyadmin-C0192,phpmyadmin,test/classes/Display/ResultsTest.php,long_method_or_region,PASS,pending,NEEDS_CHARACTERIZATION,Candidate has observable request/output contract but no stable oracle yet.
phpmyadmin-C0193,phpmyadmin,test/classes/Display/ResultsTest.php,session_dependent_logic,PASS,pending,NEEDS_MANUAL_ORACLE_REVIEW,No obvious web contract was extracted; existing tests or manual characterization must be mapped.
phpmyadmin-C0194,phpmyadmin,test/classes/Engines/InnodbTest.php,mixed_php_html,PASS,pending,NEEDS_CHARACTERIZATION,Candidate has observable request/output contract but no stable oracle yet.
phpmyadmin-C0195,phpmyadmin,test/classes/Engines/InnodbTest.php,long_method_or_region,PASS,pending,NEEDS_MANUAL_ORACLE_REVIEW,No obvious web contract was extracted; existing tests or manual characterization must be mapped.
phpmyadmin-C0196,phpmyadmin,test/classes/Engines/PbxtTest.php,mixed_php_html,PASS,pending,NEEDS_MANUAL_ORACLE_REVIEW,No obvious web contract was extracted; existing tests or manual characterization must be mapped.
phpmyadmin-C0197,phpmyadmin,test/classes/Engines/PbxtTest.php,long_method_or_region,PASS,pending,NEEDS_MANUAL_ORACLE_REVIEW,No obvious web contract was extracted; existing tests or manual characterization must be mapped.
phpmyadmin-C0198,phpmyadmin,test/classes/Navigation/NavigationTest.php,mixed_php_html_sql,PASS,pending,NEEDS_CHARACTERIZATION,Candidate has observable request/output contract but no stable oracle yet.
phpmyadmin-C0199,phpmyadmin,test/classes/Navigation/NavigationTest.php,sql_data_access,PASS,pending,NEEDS_CHARACTERIZATION,Candidate has observable request/output contract but no stable oracle yet.
phpmyadmin-C0200,phpmyadmin,test/classes/Rte/EventsTest.php,form_handling,PASS,pending,NEEDS_MANUAL_ORACLE_REVIEW,No obvious web contract was extracted; existing tests or manual characterization must be mapped.
phpmyadmin-C0201,phpmyadmin,test/classes/Rte/EventsTest.php,long_method_or_region,PASS,pending,NEEDS_MANUAL_ORACLE_REVIEW,No obvious web contract was extracted; existing tests or manual characterization must be mapped.
phpmyadmin-C0202,phpmyadmin,test/classes/Rte/RoutinesTest.php,form_handling,PASS,pending,NEEDS_CHARACTERIZATION,Candidate has observable request/output contract but no stable oracle yet.
phpmyadmin-C0203,phpmyadmin,test/classes/Rte/RoutinesTest.php,long_method_or_region,PASS,pending,NEEDS_MANUAL_ORACLE_REVIEW,No obvious web contract was extracted; existing tests or manual characterization must be mapped.
phpmyadmin-C0204,phpmyadmin,test/classes/Rte/RoutinesTest.php,long_method_or_region,PASS,pending,NEEDS_MANUAL_ORACLE_REVIEW,No obvious web contract was extracted; existing tests or manual characterization must be mapped.
phpmyadmin-C0205,phpmyadmin,test/classes/Rte/RoutinesTest.php,long_method_or_region,PASS,pending,NEEDS_MANUAL_ORACLE_REVIEW,No obvious web contract was extracted; existing tests or manual characterization must be mapped.
phpmyadmin-C0206,phpmyadmin,test/classes/Rte/RoutinesTest.php,long_method_or_region,PASS,pending,NEEDS_MANUAL_ORACLE_REVIEW,No obvious web contract was extracted; existing tests or manual characterization must be mapped.
phpmyadmin-C0207,phpmyadmin,test/classes/Rte/RoutinesTest.php,long_method_or_region,PASS,pending,NEEDS_CHARACTERIZATION,Candidate has observable request/output contract but no stable oracle yet.
phpmyadmin-C0208,phpmyadmin,test/classes/Rte/RoutinesTest.php,long_method_or_region,PASS,pending,NEEDS_MANUAL_ORACLE_REVIEW,No obvious web contract was extracted; existing tests or manual characterization must be mapped.
phpmyadmin-C0209,phpmyadmin,test/classes/Rte/TriggersTest.php,long_method_or_region,PASS,pending,NEEDS_CHARACTERIZATION,Candidate has observable request/output contract but no stable oracle yet.
phpmyadmin-C0210,phpmyadmin,test/classes/Server/PrivilegesTest.php,mixed_php_html_sql,PASS,pending,NEEDS_CHARACTERIZATION,Candidate has observable request/output contract but no stable oracle yet.
phpmyadmin-C0211,phpmyadmin,test/classes/Server/PrivilegesTest.php,session_dependent_logic,PASS,pending,NEEDS_CHARACTERIZATION,Candidate has observable request/output contract but no stable oracle yet.
phpmyadmin-C0212,phpmyadmin,test/classes/Server/PrivilegesTest.php,long_method_or_region,PASS,pending,NEEDS_MANUAL_ORACLE_REVIEW,No obvious web contract was extracted; existing tests or manual characterization must be mapped.
phpmyadmin-C0213,phpmyadmin,test/classes/Server/PrivilegesTest.php,sql_data_access,PASS,pending,NEEDS_MANUAL_ORACLE_REVIEW,No obvious web contract was extracted; existing tests or manual characterization must be mapped.
phpmyadmin-C0214,phpmyadmin,test/classes/Server/PrivilegesTest.php,long_method_or_region,PASS,pending,NEEDS_CHARACTERIZATION,Candidate has observable request/output contract but no stable oracle yet.
phpmyadmin-C0215,phpmyadmin,test/classes/Server/PrivilegesTest.php,long_method_or_region,PASS,pending,NEEDS_CHARACTERIZATION,Candidate has observable request/output contract but no stable oracle yet.
phpmyadmin-C0216,phpmyadmin,test/classes/Server/SelectTest.php,session_dependent_logic,PASS,pending,NEEDS_CHARACTERIZATION,Candidate has observable request/output contract but no stable oracle yet.
phpmyadmin-C0217,phpmyadmin,test/classes/Server/StatusTest.php,mixed_php_html,PASS,pending,NEEDS_CHARACTERIZATION,Candidate has observable request/output contract but no stable oracle yet.
phpmyadmin-C0218,phpmyadmin,test/classes/Server/StatusTest.php,session_dependent_logic,PASS,pending,NEEDS_MANUAL_ORACLE_REVIEW,No obvious web contract was extracted; existing tests or manual characterization must be mapped.
phpmyadmin-C0219,phpmyadmin,test/classes/Server/StatusTest.php,long_method_or_region,PASS,pending,NEEDS_CHARACTERIZATION,Candidate has observable request/output contract but no stable oracle yet.
phpmyadmin-C0220,phpmyadmin,test/classes/Server/UserGroupsTest.php,mixed_php_html_sql,PASS,pending,NEEDS_CHARACTERIZATION,Candidate has observable request/output contract but no stable oracle yet.
phpmyadmin-C0221,phpmyadmin,test/classes/Server/UserGroupsTest.php,sql_data_access,PASS,pending,NEEDS_CHARACTERIZATION,Candidate has observable request/output contract but no stable oracle yet.
phpmyadmin-C0222,phpmyadmin,test/classes/Server/UserGroupsTest.php,sql_data_access,PASS,pending,NEEDS_CHARACTERIZATION,Candidate has observable request/output contract but no stable oracle yet.
phpmyadmin-C0223,phpmyadmin,test/classes/Setup/ConfigGeneratorTest.php,session_dependent_logic,PASS,pending,NEEDS_MANUAL_ORACLE_REVIEW,No obvious web contract was extracted; existing tests or manual characterization must be mapped.
phpmyadmin-C0224,phpmyadmin,test/classes/Setup/IndexTest.php,mixed_php_html,PASS,pending,NEEDS_CHARACTERIZATION,Candidate has observable request/output contract but no stable oracle yet.
phpmyadmin-C0225,phpmyadmin,test/classes/Setup/IndexTest.php,session_dependent_logic,PASS,pending,NEEDS_MANUAL_ORACLE_REVIEW,No obvious web contract was extracted; existing tests or manual characterization must be mapped.
phpmyadmin-C0226,phpmyadmin,test/classes/Server/Status/AdvisorTest.php,form_handling,PASS,pending,NEEDS_CHARACTERIZATION,Candidate has observable request/output contract but no stable oracle yet.
phpmyadmin-C0227,phpmyadmin,test/classes/Server/Status/AdvisorTest.php,session_dependent_logic,PASS,pending,NEEDS_CHARACTERIZATION,Candidate has observable request/output contract but no stable oracle yet.
phpmyadmin-C0228,phpmyadmin,test/classes/Server/Status/MonitorTest.php,form_handling,PASS,pending,NEEDS_CHARACTERIZATION,Candidate has observable request/output contract but no stable oracle yet.
phpmyadmin-C0229,phpmyadmin,test/classes/Server/Status/MonitorTest.php,session_dependent_logic,PASS,pending,NEEDS_MANUAL_ORACLE_REVIEW,No obvious web contract was extracted; existing tests or manual characterization must be mapped.
phpmyadmin-C0230,phpmyadmin,test/classes/Server/Status/MonitorTest.php,session_dependent_logic,PASS,pending,NEEDS_CHARACTERIZATION,Candidate has observable request/output contract but no stable oracle yet.
phpmyadmin-C0231,phpmyadmin,test/classes/Server/Status/ProcessesTest.php,form_handling,PASS,pending,NEEDS_CHARACTERIZATION,Candidate has observable request/output contract but no stable oracle yet.
phpmyadmin-C0232,phpmyadmin,test/classes/Server/Status/QueriesTest.php,mixed_php_html,PASS,pending,NEEDS_CHARACTERIZATION,Candidate has observable request/output contract but no stable oracle yet.
phpmyadmin-C0233,phpmyadmin,test/classes/Server/Status/QueriesTest.php,session_dependent_logic,PASS,pending,NEEDS_MANUAL_ORACLE_REVIEW,No obvious web contract was extracted; existing tests or manual characterization must be mapped.
phpmyadmin-C0234,phpmyadmin,test/classes/Server/Status/VariablesTest.php,mixed_php_html,PASS,pending,NEEDS_CHARACTERIZATION,Candidate has observable request/output contract but no stable oracle yet.
phpmyadmin-C0235,phpmyadmin,test/classes/Server/Status/VariablesTest.php,session_dependent_logic,PASS,pending,NEEDS_MANUAL_ORACLE_REVIEW,No obvious web contract was extracted; existing tests or manual characterization must be mapped.
phpmyadmin-C0236,phpmyadmin,test/classes/Plugins/Auth/AuthenticationCookieTest.php,mixed_php_html_sql,PASS,pending,NEEDS_CHARACTERIZATION,Candidate has observable request/output contract but no stable oracle yet.
phpmyadmin-C0237,phpmyadmin,test/classes/Plugins/Auth/AuthenticationCookieTest.php,session_dependent_logic,PASS,pending,NEEDS_CHARACTERIZATION,Candidate has observable request/output contract but no stable oracle yet.
phpmyadmin-C0238,phpmyadmin,test/classes/Plugins/Auth/AuthenticationCookieTest.php,long_method_or_region,PASS,pending,NEEDS_MANUAL_ORACLE_REVIEW,No obvious web contract was extracted; existing tests or manual characterization must be mapped.
phpmyadmin-C0239,phpmyadmin,test/classes/Plugins/Auth/AuthenticationHttpTest.php,long_method_or_region,PASS,pending,NEEDS_CHARACTERIZATION,Candidate has observable request/output contract but no stable oracle yet.
phpmyadmin-C0240,phpmyadmin,test/classes/Plugins/Auth/AuthenticationHttpTest.php,long_method_or_region,PASS,pending,NEEDS_MANUAL_ORACLE_REVIEW,No obvious web contract was extracted; existing tests or manual characterization must be mapped.
phpmyadmin-C0241,phpmyadmin,test/classes/Plugins/Auth/AuthenticationSignonTest.php,session_dependent_logic,PASS,pending,NEEDS_CHARACTERIZATION,Candidate has observable request/output contract but no stable oracle yet.
phpmyadmin-C0242,phpmyadmin,test/classes/Plugins/Auth/AuthenticationSignonTest.php,session_dependent_logic,PASS,pending,NEEDS_MANUAL_ORACLE_REVIEW,No obvious web contract was extracted; existing tests or manual characterization must be mapped.
phpmyadmin-C0243,phpmyadmin,test/classes/Plugins/Export/ExportCodegenTest.php,long_method_or_region,PASS,pending,NEEDS_MANUAL_ORACLE_REVIEW,No obvious web contract was extracted; existing tests or manual characterization must be mapped.
phpmyadmin-C0244,phpmyadmin,test/classes/Plugins/Export/ExportCsvTest.php,long_method_or_region,PASS,pending,NEEDS_MANUAL_ORACLE_REVIEW,No obvious web contract was extracted; existing tests or manual characterization must be mapped.
phpmyadmin-C0245,phpmyadmin,test/classes/Plugins/Export/ExportCsvTest.php,long_method_or_region,PASS,pending,NEEDS_MANUAL_ORACLE_REVIEW,No obvious web contract was extracted; existing tests or manual characterization must be mapped.
phpmyadmin-C0246,phpmyadmin,test/classes/Plugins/Export/ExportCsvTest.php,long_method_or_region,PASS,pending,NEEDS_MANUAL_ORACLE_REVIEW,No obvious web contract was extracted; existing tests or manual characterization must be mapped.
phpmyadmin-C0247,phpmyadmin,test/classes/Plugins/Export/ExportExcelTest.php,long_method_or_region,PASS,pending,NEEDS_MANUAL_ORACLE_REVIEW,No obvious web contract was extracted; existing tests or manual characterization must be mapped.
phpmyadmin-C0248,phpmyadmin,test/classes/Plugins/Export/ExportHtmlwordTest.php,mixed_php_html,PASS,pending,NEEDS_CHARACTERIZATION,Candidate has observable request/output contract but no stable oracle yet.
phpmyadmin-C0249,phpmyadmin,test/classes/Plugins/Export/ExportHtmlwordTest.php,long_method_or_region,PASS,pending,NEEDS_MANUAL_ORACLE_REVIEW,No obvious web contract was extracted; existing tests or manual characterization must be mapped.
phpmyadmin-C0250,phpmyadmin,test/classes/Plugins/Export/ExportHtmlwordTest.php,session_dependent_logic,PASS,pending,NEEDS_CHARACTERIZATION,Candidate has observable request/output contract but no stable oracle yet.
phpmyadmin-C0251,phpmyadmin,test/classes/Plugins/Export/ExportLatexTest.php,session_dependent_logic,PASS,pending,NEEDS_MANUAL_ORACLE_REVIEW,No obvious web contract was extracted; existing tests or manual characterization must be mapped.
phpmyadmin-C0252,phpmyadmin,test/classes/Plugins/Export/ExportLatexTest.php,long_method_or_region,PASS,pending,NEEDS_MANUAL_ORACLE_REVIEW,No obvious web contract was extracted; existing tests or manual characterization must be mapped.
phpmyadmin-C0253,phpmyadmin,test/classes/Plugins/Export/ExportLatexTest.php,long_method_or_region,PASS,pending,NEEDS_MANUAL_ORACLE_REVIEW,No obvious web contract was extracted; existing tests or manual characterization must be mapped.
phpmyadmin-C0254,phpmyadmin,test/classes/Plugins/Export/ExportLatexTest.php,session_dependent_logic,PASS,pending,NEEDS_MANUAL_ORACLE_REVIEW,No obvious web contract was extracted; existing tests or manual characterization must be mapped.
phpmyadmin-C0255,phpmyadmin,test/classes/Plugins/Export/ExportMediawikiTest.php,long_method_or_region,PASS,pending,NEEDS_MANUAL_ORACLE_REVIEW,No obvious web contract was extracted; existing tests or manual characterization must be mapped.
phpmyadmin-C0256,phpmyadmin,test/classes/Plugins/Export/ExportOdsTest.php,mixed_php_html,PASS,pending,NEEDS_MANUAL_ORACLE_REVIEW,No obvious web contract was extracted; existing tests or manual characterization must be mapped.
phpmyadmin-C0257,phpmyadmin,test/classes/Plugins/Export/ExportOdsTest.php,long_method_or_region,PASS,pending,NEEDS_MANUAL_ORACLE_REVIEW,No obvious web contract was extracted; existing tests or manual characterization must be mapped.
phpmyadmin-C0258,phpmyadmin,test/classes/Plugins/Export/ExportOdsTest.php,long_method_or_region,PASS,pending,NEEDS_MANUAL_ORACLE_REVIEW,No obvious web contract was extracted; existing tests or manual characterization must be mapped.
phpmyadmin-C0259,phpmyadmin,test/classes/Plugins/Export/ExportOdsTest.php,long_method_or_region,PASS,pending,NEEDS_MANUAL_ORACLE_REVIEW,No obvious web contract was extracted; existing tests or manual characterization must be mapped.
phpmyadmin-C0260,phpmyadmin,test/classes/Plugins/Export/ExportOdtTest.php,mixed_php_html,PASS,pending,NEEDS_MANUAL_ORACLE_REVIEW,No obvious web contract was extracted; existing tests or manual characterization must be mapped.
phpmyadmin-C0261,phpmyadmin,test/classes/Plugins/Export/ExportOdtTest.php,long_method_or_region,PASS,pending,NEEDS_MANUAL_ORACLE_REVIEW,No obvious web contract was extracted; existing tests or manual characterization must be mapped.
phpmyadmin-C0262,phpmyadmin,test/classes/Plugins/Export/ExportOdtTest.php,long_method_or_region,PASS,pending,NEEDS_MANUAL_ORACLE_REVIEW,No obvious web contract was extracted; existing tests or manual characterization must be mapped.
phpmyadmin-C0263,phpmyadmin,test/classes/Plugins/Export/ExportOdtTest.php,session_dependent_logic,PASS,pending,NEEDS_MANUAL_ORACLE_REVIEW,No obvious web contract was extracted; existing tests or manual characterization must be mapped.
phpmyadmin-C0264,phpmyadmin,test/classes/Plugins/Export/ExportOdtTest.php,long_method_or_region,PASS,pending,NEEDS_MANUAL_ORACLE_REVIEW,No obvious web contract was extracted; existing tests or manual characterization must be mapped.
phpmyadmin-C0265,phpmyadmin,test/classes/Plugins/Export/ExportPdfTest.php,long_method_or_region,PASS,pending,NEEDS_MANUAL_ORACLE_REVIEW,No obvious web contract was extracted; existing tests or manual characterization must be mapped.
phpmyadmin-C0266,phpmyadmin,test/classes/Plugins/Export/ExportSqlTest.php,session_dependent_logic,PASS,pending,NEEDS_MANUAL_ORACLE_REVIEW,No obvious web contract was extracted; existing tests or manual characterization must be mapped.
phpmyadmin-C0267,phpmyadmin,test/classes/Plugins/Export/ExportSqlTest.php,long_method_or_region,PASS,pending,NEEDS_MANUAL_ORACLE_REVIEW,No obvious web contract was extracted; existing tests or manual characterization must be mapped.
phpmyadmin-C0268,phpmyadmin,test/classes/Plugins/Export/ExportSqlTest.php,sql_data_access,PASS,pending,NEEDS_MANUAL_ORACLE_REVIEW,No obvious web contract was extracted; existing tests or manual characterization must be mapped.
phpmyadmin-C0269,phpmyadmin,test/classes/Plugins/Export/ExportSqlTest.php,long_method_or_region,PASS,pending,NEEDS_MANUAL_ORACLE_REVIEW,No obvious web contract was extracted; existing tests or manual characterization must be mapped.
phpmyadmin-C0270,phpmyadmin,test/classes/Plugins/Export/ExportSqlTest.php,session_dependent_logic,PASS,pending,NEEDS_MANUAL_ORACLE_REVIEW,No obvious web contract was extracted; existing tests or manual characterization must be mapped.
phpmyadmin-C0271,phpmyadmin,test/classes/Plugins/Export/ExportSqlTest.php,long_method_or_region,PASS,pending,NEEDS_MANUAL_ORACLE_REVIEW,No obvious web contract was extracted; existing tests or manual characterization must be mapped.
phpmyadmin-C0272,phpmyadmin,test/classes/Plugins/Export/ExportSqlTest.php,sql_data_access,PASS,pending,NEEDS_MANUAL_ORACLE_REVIEW,No obvious web contract was extracted; existing tests or manual characterization must be mapped.
phpmyadmin-C0273,phpmyadmin,test/classes/Plugins/Export/ExportSqlTest.php,sql_data_access,PASS,pending,NEEDS_MANUAL_ORACLE_REVIEW,No obvious web contract was extracted; existing tests or manual characterization must be mapped.
phpmyadmin-C0274,phpmyadmin,test/classes/Plugins/Export/ExportSqlTest.php,sql_data_access,PASS,pending,NEEDS_MANUAL_ORACLE_REVIEW,No obvious web contract was extracted; existing tests or manual characterization must be mapped.
phpmyadmin-C0275,phpmyadmin,test/classes/Plugins/Export/ExportTexytextTest.php,session_dependent_logic,PASS,pending,NEEDS_MANUAL_ORACLE_REVIEW,No obvious web contract was extracted; existing tests or manual characterization must be mapped.
phpmyadmin-C0276,phpmyadmin,test/classes/Plugins/Export/ExportTexytextTest.php,long_method_or_region,PASS,pending,NEEDS_MANUAL_ORACLE_REVIEW,No obvious web contract was extracted; existing tests or manual characterization must be mapped.
phpmyadmin-C0277,phpmyadmin,test/classes/Plugins/Export/ExportTexytextTest.php,session_dependent_logic,PASS,pending,NEEDS_MANUAL_ORACLE_REVIEW,No obvious web contract was extracted; existing tests or manual characterization must be mapped.
phpmyadmin-C0278,phpmyadmin,test/classes/Plugins/Export/ExportTexytextTest.php,long_method_or_region,PASS,pending,NEEDS_MANUAL_ORACLE_REVIEW,No obvious web contract was extracted; existing tests or manual characterization must be mapped.
phpmyadmin-C0279,phpmyadmin,test/classes/Plugins/Export/ExportXmlTest.php,mixed_php_html,PASS,pending,NEEDS_MANUAL_ORACLE_REVIEW,No obvious web contract was extracted; existing tests or manual characterization must be mapped.
phpmyadmin-C0280,phpmyadmin,test/classes/Plugins/Export/ExportXmlTest.php,long_method_or_region,PASS,pending,NEEDS_MANUAL_ORACLE_REVIEW,No obvious web contract was extracted; existing tests or manual characterization must be mapped.
phpmyadmin-C0281,phpmyadmin,test/classes/Plugins/Export/ExportXmlTest.php,long_method_or_region,PASS,pending,NEEDS_MANUAL_ORACLE_REVIEW,No obvious web contract was extracted; existing tests or manual characterization must be mapped.
phpmyadmin-C0282,phpmyadmin,test/classes/Plugins/Import/ImportCsvTest.php,session_dependent_logic,PASS,pending,NEEDS_MANUAL_ORACLE_REVIEW,No obvious web contract was extracted; existing tests or manual characterization must be mapped.
phpmyadmin-C0283,phpmyadmin,test/classes/Plugins/Import/ImportCsvTest.php,session_dependent_logic,PASS,pending,NEEDS_MANUAL_ORACLE_REVIEW,No obvious web contract was extracted; existing tests or manual characterization must be mapped.
phpmyadmin-C0284,phpmyadmin,test/classes/Plugins/Import/ImportOdsTest.php,sql_data_access,PASS,pending,NEEDS_CHARACTERIZATION,Candidate has observable request/output contract but no stable oracle yet.
phpmyadmin-C0285,phpmyadmin,test/classes/Plugins/Import/ImportOdsTest.php,sql_data_access,PASS,pending,NEEDS_MANUAL_ORACLE_REVIEW,No obvious web contract was extracted; existing tests or manual characterization must be mapped.
phpmyadmin-C0286,phpmyadmin,test/classes/Plugins/Import/ImportShpTest.php,sql_data_access,PASS,pending,NEEDS_MANUAL_ORACLE_REVIEW,No obvious web contract was extracted; existing tests or manual characterization must be mapped.
phpmyadmin-C0287,phpmyadmin,test/classes/Plugins/Import/ImportShpTest.php,sql_data_access,PASS,pending,NEEDS_MANUAL_ORACLE_REVIEW,No obvious web contract was extracted; existing tests or manual characterization must be mapped.
phpmyadmin-C0288,phpmyadmin,test/classes/Plugins/Schema/DiaRelationSchemaTest.php,session_dependent_logic,PASS,pending,NEEDS_CHARACTERIZATION,Candidate has observable request/output contract but no stable oracle yet.
phpmyadmin-C0289,phpmyadmin,test/classes/Plugins/Schema/DiaRelationSchemaTest.php,session_dependent_logic,PASS,pending,NEEDS_CHARACTERIZATION,Candidate has observable request/output contract but no stable oracle yet.
phpmyadmin-C0290,phpmyadmin,test/classes/Plugins/Schema/EpsRelationSchemaTest.php,session_dependent_logic,PASS,pending,NEEDS_CHARACTERIZATION,Candidate has observable request/output contract but no stable oracle yet.
phpmyadmin-C0291,phpmyadmin,test/classes/Plugins/Schema/EpsRelationSchemaTest.php,session_dependent_logic,PASS,pending,NEEDS_CHARACTERIZATION,Candidate has observable request/output contract but no stable oracle yet.
phpmyadmin-C0292,phpmyadmin,test/classes/Plugins/Schema/ExportRelationSchemaTest.php,long_method_or_region,PASS,pending,NEEDS_CHARACTERIZATION,Candidate has observable request/output contract but no stable oracle yet.
phpmyadmin-C0293,phpmyadmin,test/classes/Plugins/Schema/PdfRelationSchemaTest.php,session_dependent_logic,PASS,pending,NEEDS_CHARACTERIZATION,Candidate has observable request/output contract but no stable oracle yet.
phpmyadmin-C0294,phpmyadmin,test/classes/Plugins/Schema/PdfRelationSchemaTest.php,session_dependent_logic,PASS,pending,NEEDS_CHARACTERIZATION,Candidate has observable request/output contract but no stable oracle yet.
phpmyadmin-C0295,phpmyadmin,test/classes/Plugins/Schema/SvgRelationSchemaTest.php,session_dependent_logic,PASS,pending,NEEDS_CHARACTERIZATION,Candidate has observable request/output contract but no stable oracle yet.
phpmyadmin-C0296,phpmyadmin,test/classes/Plugins/Schema/SvgRelationSchemaTest.php,session_dependent_logic,PASS,pending,NEEDS_CHARACTERIZATION,Candidate has observable request/output contract but no stable oracle yet.
phpmyadmin-C0297,phpmyadmin,test/classes/Plugins/Transformations/TransformationPluginsTest.php,mixed_php_html,PASS,pending,NEEDS_CHARACTERIZATION,Candidate has observable request/output contract but no stable oracle yet.
phpmyadmin-C0298,phpmyadmin,test/classes/Plugins/Transformations/TransformationPluginsTest.php,long_method_or_region,PASS,pending,NEEDS_CHARACTERIZATION,Candidate has observable request/output contract but no stable oracle yet.
phpmyadmin-C0299,phpmyadmin,test/classes/Plugins/Transformations/TransformationPluginsTest.php,long_method_or_region,PASS,pending,NEEDS_CHARACTERIZATION,Candidate has observable request/output contract but no stable oracle yet.
phpmyadmin-C0300,phpmyadmin,test/classes/Navigation/Nodes/NodeDatabaseChildTest.php,mixed_php_html,PASS,pending,NEEDS_CHARACTERIZATION,Candidate has observable request/output contract but no stable oracle yet.
phpmyadmin-C0301,phpmyadmin,test/classes/Database/Designer/CommonTest.php,session_dependent_logic,PASS,pending,NEEDS_MANUAL_ORACLE_REVIEW,No obvious web contract was extracted; existing tests or manual characterization must be mapped.
phpmyadmin-C0302,phpmyadmin,test/classes/Controllers/Database/DatabaseStructureControllerTest.php,session_dependent_logic,PASS,pending,NEEDS_CHARACTERIZATION,Candidate has observable request/output contract but no stable oracle yet.
phpmyadmin-C0303,phpmyadmin,test/classes/Controllers/Database/DatabaseStructureControllerTest.php,session_dependent_logic,PASS,pending,NEEDS_CHARACTERIZATION,Candidate has observable request/output contract but no stable oracle yet.
phpmyadmin-C0304,phpmyadmin,test/classes/Controllers/Server/ServerBinlogControllerTest.php,form_handling,PASS,pending,NEEDS_CHARACTERIZATION,Candidate has observable request/output contract but no stable oracle yet.
phpmyadmin-C0305,phpmyadmin,test/classes/Controllers/Server/ServerBinlogControllerTest.php,session_dependent_logic,PASS,pending,NEEDS_CHARACTERIZATION,Candidate has observable request/output contract but no stable oracle yet.
phpmyadmin-C0306,phpmyadmin,test/classes/Controllers/Server/ServerBinlogControllerTest.php,long_method_or_region,PASS,pending,NEEDS_CHARACTERIZATION,Candidate has observable request/output contract but no stable oracle yet.
phpmyadmin-C0307,phpmyadmin,test/classes/Controllers/Server/ServerCollationsControllerTest.php,form_handling,PASS,pending,NEEDS_CHARACTERIZATION,Candidate has observable request/output contract but no stable oracle yet.
phpmyadmin-C0308,phpmyadmin,test/classes/Controllers/Server/ServerDatabasesControllerTest.php,form_handling,PASS,pending,NEEDS_CHARACTERIZATION,Candidate has observable request/output contract but no stable oracle yet.
phpmyadmin-C0309,phpmyadmin,test/classes/Controllers/Server/ServerDatabasesControllerTest.php,long_method_or_region,PASS,pending,NEEDS_CHARACTERIZATION,Candidate has observable request/output contract but no stable oracle yet.
phpmyadmin-C0310,phpmyadmin,test/classes/Controllers/Server/ServerVariablesControllerTest.php,form_handling,PASS,pending,NEEDS_CHARACTERIZATION,Candidate has observable request/output contract but no stable oracle yet.
phpmyadmin-C0311,phpmyadmin,test/classes/Controllers/Server/ServerVariablesControllerTest.php,session_dependent_logic,PASS,pending,NEEDS_CHARACTERIZATION,Candidate has observable request/output contract but no stable oracle yet.
phpmyadmin-C0312,phpmyadmin,test/classes/Controllers/Table/TableIndexesControllerTest.php,session_dependent_logic,PASS,pending,NEEDS_CHARACTERIZATION,Candidate has observable request/output contract but no stable oracle yet.
phpmyadmin-C0313,phpmyadmin,test/classes/Controllers/Table/TableIndexesControllerTest.php,session_dependent_logic,PASS,pending,NEEDS_MANUAL_ORACLE_REVIEW,No obvious web contract was extracted; existing tests or manual characterization must be mapped.
phpmyadmin-C0314,phpmyadmin,test/classes/Controllers/Table/TableRelationControllerTest.php,session_dependent_logic,PASS,pending,NEEDS_CHARACTERIZATION,Candidate has observable request/output contract but no stable oracle yet.
phpmyadmin-C0315,phpmyadmin,test/classes/Controllers/Table/TableRelationControllerTest.php,session_dependent_logic,PASS,pending,NEEDS_CHARACTERIZATION,Candidate has observable request/output contract but no stable oracle yet.
phpmyadmin-C0316,phpmyadmin,test/classes/Controllers/Table/TableSearchControllerTest.php,sql_data_access,PASS,pending,NEEDS_CHARACTERIZATION,Candidate has observable request/output contract but no stable oracle yet.
phpmyadmin-C0317,phpmyadmin,test/classes/Controllers/Table/TableSearchControllerTest.php,sql_data_access,PASS,pending,NEEDS_CHARACTERIZATION,Candidate has observable request/output contract but no stable oracle yet.
phpmyadmin-C0318,phpmyadmin,test/classes/Controllers/Table/TableStructureControllerTest.php,long_method_or_region,PASS,pending,NEEDS_MANUAL_ORACLE_REVIEW,No obvious web contract was extracted; existing tests or manual characterization must be mapped.
phpmyadmin-C0319,phpmyadmin,setup/frames/config.inc.php,form_handling,PASS,pending,NEEDS_CHARACTERIZATION,Candidate has observable request/output contract but no stable oracle yet.
phpmyadmin-C0320,phpmyadmin,setup/frames/index.inc.php,form_handling,PASS,pending,NEEDS_CHARACTERIZATION,Candidate has observable request/output contract but no stable oracle yet.
phpmyadmin-C0321,phpmyadmin,setup/frames/menu.inc.php,form_handling,PASS,pending,NEEDS_CHARACTERIZATION,Candidate has observable request/output contract but no stable oracle yet.
phpmyadmin-C0322,phpmyadmin,setup/lib/ConfigGenerator.php,session_dependent_logic,PASS,pending,NEEDS_MANUAL_ORACLE_REVIEW,No obvious web contract was extracted; existing tests or manual characterization must be mapped.
phpmyadmin-C0323,phpmyadmin,setup/lib/ConfigGenerator.php,session_dependent_logic,PASS,pending,NEEDS_MANUAL_ORACLE_REVIEW,No obvious web contract was extracted; existing tests or manual characterization must be mapped.
phpmyadmin-C0324,phpmyadmin,setup/lib/FormProcessing.php,form_handling,PASS,pending,NEEDS_CHARACTERIZATION,Candidate has observable request/output contract but no stable oracle yet.
phpmyadmin-C0325,phpmyadmin,setup/lib/FormProcessing.php,form_handling,PASS,pending,NEEDS_CHARACTERIZATION,Candidate has observable request/output contract but no stable oracle yet.
phpmyadmin-C0326,phpmyadmin,setup/lib/Index.php,mixed_php_html,PASS,pending,NEEDS_MANUAL_ORACLE_REVIEW,No obvious web contract was extracted; existing tests or manual characterization must be mapped.
phpmyadmin-C0327,phpmyadmin,libraries/classes/Advisor.php,mixed_php_html,PASS,pending,NEEDS_MANUAL_ORACLE_REVIEW,No obvious web contract was extracted; existing tests or manual characterization must be mapped.
phpmyadmin-C0328,phpmyadmin,libraries/classes/Advisor.php,long_method_or_region,PASS,pending,NEEDS_MANUAL_ORACLE_REVIEW,No obvious web contract was extracted; existing tests or manual characterization must be mapped.
phpmyadmin-C0329,phpmyadmin,libraries/classes/Advisor.php,long_method_or_region,PASS,pending,NEEDS_MANUAL_ORACLE_REVIEW,No obvious web contract was extracted; existing tests or manual characterization must be mapped.
phpmyadmin-C0330,phpmyadmin,libraries/classes/Bookmark.php,sql_data_access,PASS,pending,NEEDS_CHARACTERIZATION,Candidate has observable request/output contract but no stable oracle yet.
phpmyadmin-C0331,phpmyadmin,libraries/classes/Bookmark.php,sql_data_access,PASS,pending,NEEDS_MANUAL_ORACLE_REVIEW,No obvious web contract was extracted; existing tests or manual characterization must be mapped.
phpmyadmin-C0332,phpmyadmin,libraries/classes/Bookmark.php,sql_data_access,PASS,pending,NEEDS_MANUAL_ORACLE_REVIEW,No obvious web contract was extracted; existing tests or manual characterization must be mapped.
phpmyadmin-C0333,phpmyadmin,libraries/classes/BrowseForeigners.php,form_handling,PASS,pending,NEEDS_CHARACTERIZATION,Candidate has observable request/output contract but no stable oracle yet.
phpmyadmin-C0334,phpmyadmin,libraries/classes/BrowseForeigners.php,long_method_or_region,PASS,pending,NEEDS_CHARACTERIZATION,Candidate has observable request/output contract but no stable oracle yet.
phpmyadmin-C0335,phpmyadmin,libraries/classes/CentralColumns.php,mixed_php_html_sql,PASS,pending,NEEDS_CHARACTERIZATION,Candidate has observable request/output contract but no stable oracle yet.
phpmyadmin-C0336,phpmyadmin,libraries/classes/CentralColumns.php,sql_data_access,PASS,pending,NEEDS_MANUAL_ORACLE_REVIEW,No obvious web contract was extracted; existing tests or manual characterization must be mapped.
phpmyadmin-C0337,phpmyadmin,libraries/classes/CentralColumns.php,long_method_or_region,PASS,pending,NEEDS_CHARACTERIZATION,Candidate has observable request/output contract but no stable oracle yet.
phpmyadmin-C0338,phpmyadmin,libraries/classes/CentralColumns.php,sql_data_access,PASS,pending,NEEDS_CHARACTERIZATION,Candidate has observable request/output contract but no stable oracle yet.
phpmyadmin-C0339,phpmyadmin,libraries/classes/CentralColumns.php,long_method_or_region,PASS,pending,NEEDS_MANUAL_ORACLE_REVIEW,No obvious web contract was extracted; existing tests or manual characterization must be mapped.
phpmyadmin-C0340,phpmyadmin,libraries/classes/CentralColumns.php,sql_data_access,PASS,pending,NEEDS_MANUAL_ORACLE_REVIEW,No obvious web contract was extracted; existing tests or manual characterization must be mapped.
phpmyadmin-C0341,phpmyadmin,libraries/classes/CentralColumns.php,long_method_or_region,PASS,pending,NEEDS_CHARACTERIZATION,Candidate has observable request/output contract but no stable oracle yet.
phpmyadmin-C0342,phpmyadmin,libraries/classes/CentralColumns.php,long_method_or_region,PASS,pending,NEEDS_CHARACTERIZATION,Candidate has observable request/output contract but no stable oracle yet.
phpmyadmin-C0343,phpmyadmin,libraries/classes/CentralColumns.php,sql_data_access,PASS,pending,NEEDS_MANUAL_ORACLE_REVIEW,No obvious web contract was extracted; existing tests or manual characterization must be mapped.
phpmyadmin-C0344,phpmyadmin,libraries/classes/CentralColumns.php,long_method_or_region,PASS,pending,NEEDS_CHARACTERIZATION,Candidate has observable request/output contract but no stable oracle yet.
phpmyadmin-C0345,phpmyadmin,libraries/classes/Charsets.php,sql_data_access,PASS,pending,NEEDS_CHARACTERIZATION,Candidate has observable request/output contract but no stable oracle yet.
phpmyadmin-C0346,phpmyadmin,libraries/classes/Charsets.php,long_method_or_region,PASS,pending,NEEDS_CHARACTERIZATION,Candidate has observable request/output contract but no stable oracle yet.
phpmyadmin-C0347,phpmyadmin,libraries/classes/Charsets.php,long_method_or_region,PASS,pending,NEEDS_MANUAL_ORACLE_REVIEW,No obvious web contract was extracted; existing tests or manual characterization must be mapped.
phpmyadmin-C0348,phpmyadmin,libraries/classes/CheckUserPrivileges.php,long_method_or_region,PASS,pending,NEEDS_MANUAL_ORACLE_REVIEW,No obvious web contract was extracted; existing tests or manual characterization must be mapped.
phpmyadmin-C0349,phpmyadmin,libraries/classes/CheckUserPrivileges.php,long_method_or_region,PASS,pending,NEEDS_MANUAL_ORACLE_REVIEW,No obvious web contract was extracted; existing tests or manual characterization must be mapped.
phpmyadmin-C0350,phpmyadmin,libraries/classes/Config.php,mixed_php_html_sql,PASS,pending,NEEDS_CHARACTERIZATION,Candidate has observable request/output contract but no stable oracle yet.
phpmyadmin-C0351,phpmyadmin,libraries/classes/Config.php,long_method_or_region,PASS,pending,NEEDS_MANUAL_ORACLE_REVIEW,No obvious web contract was extracted; existing tests or manual characterization must be mapped.
phpmyadmin-C0352,phpmyadmin,libraries/classes/Config.php,session_dependent_logic,PASS,pending,NEEDS_MANUAL_ORACLE_REVIEW,No obvious web contract was extracted; existing tests or manual characterization must be mapped.
phpmyadmin-C0353,phpmyadmin,libraries/classes/Config.php,session_dependent_logic,PASS,pending,NEEDS_MANUAL_ORACLE_REVIEW,No obvious web contract was extracted; existing tests or manual characterization must be mapped.
phpmyadmin-C0354,phpmyadmin,libraries/classes/Config.php,session_dependent_logic,PASS,pending,NEEDS_CHARACTERIZATION,Candidate has observable request/output contract but no stable oracle yet.
phpmyadmin-C0355,phpmyadmin,libraries/classes/Config.php,long_method_or_region,PASS,pending,NEEDS_MANUAL_ORACLE_REVIEW,No obvious web contract was extracted; existing tests or manual characterization must be mapped.
phpmyadmin-C0356,phpmyadmin,libraries/classes/Config.php,long_method_or_region,PASS,pending,NEEDS_MANUAL_ORACLE_REVIEW,No obvious web contract was extracted; existing tests or manual characterization must be mapped.
phpmyadmin-C0357,phpmyadmin,libraries/classes/Config.php,long_method_or_region,PASS,pending,NEEDS_MANUAL_ORACLE_REVIEW,No obvious web contract was extracted; existing tests or manual characterization must be mapped.
phpmyadmin-C0358,phpmyadmin,libraries/classes/Core.php,form_handling,PASS,pending,NEEDS_CHARACTERIZATION,Candidate has observable request/output contract but no stable oracle yet.
phpmyadmin-C0359,phpmyadmin,libraries/classes/Core.php,long_method_or_region,PASS,pending,NEEDS_MANUAL_ORACLE_REVIEW,No obvious web contract was extracted; existing tests or manual characterization must be mapped.
phpmyadmin-C0360,phpmyadmin,libraries/classes/Core.php,long_method_or_region,PASS,pending,NEEDS_MANUAL_ORACLE_REVIEW,No obvious web contract was extracted; existing tests or manual characterization must be mapped.
phpmyadmin-C0361,phpmyadmin,libraries/classes/Core.php,long_method_or_region,PASS,pending,NEEDS_MANUAL_ORACLE_REVIEW,No obvious web contract was extracted; existing tests or manual characterization must be mapped.
phpmyadmin-C0362,phpmyadmin,libraries/classes/Core.php,long_method_or_region,PASS,pending,NEEDS_MANUAL_ORACLE_REVIEW,No obvious web contract was extracted; existing tests or manual characterization must be mapped.
phpmyadmin-C0363,phpmyadmin,libraries/classes/Core.php,long_method_or_region,PASS,pending,NEEDS_MANUAL_ORACLE_REVIEW,No obvious web contract was extracted; existing tests or manual characterization must be mapped.
phpmyadmin-C0364,phpmyadmin,libraries/classes/CreateAddField.php,long_method_or_region,PASS,pending,NEEDS_CHARACTERIZATION,Candidate has observable request/output contract but no stable oracle yet.
phpmyadmin-C0365,phpmyadmin,libraries/classes/CreateAddField.php,long_method_or_region,PASS,pending,NEEDS_CHARACTERIZATION,Candidate has observable request/output contract but no stable oracle yet.
phpmyadmin-C0366,phpmyadmin,libraries/classes/CreateAddField.php,long_method_or_region,PASS,pending,NEEDS_CHARACTERIZATION,Candidate has observable request/output contract but no stable oracle yet.
phpmyadmin-C0367,phpmyadmin,libraries/classes/CreateAddField.php,long_method_or_region,PASS,pending,NEEDS_CHARACTERIZATION,Candidate has observable request/output contract but no stable oracle yet.
phpmyadmin-C0368,phpmyadmin,libraries/classes/CreateAddField.php,long_method_or_region,PASS,pending,NEEDS_MANUAL_ORACLE_REVIEW,No obvious web contract was extracted; existing tests or manual characterization must be mapped.
phpmyadmin-C0369,phpmyadmin,libraries/classes/DatabaseInterface.php,mixed_php_html_sql,PASS,pending,NEEDS_CHARACTERIZATION,Candidate has observable request/output contract but no stable oracle yet.
phpmyadmin-C0370,phpmyadmin,libraries/classes/DatabaseInterface.php,sql_data_access,PASS,pending,NEEDS_MANUAL_ORACLE_REVIEW,No obvious web contract was extracted; existing tests or manual characterization must be mapped.
phpmyadmin-C0371,phpmyadmin,libraries/classes/DatabaseInterface.php,long_method_or_region,PASS,pending,NEEDS_MANUAL_ORACLE_REVIEW,No obvious web contract was extracted; existing tests or manual characterization must be mapped.
phpmyadmin-C0372,phpmyadmin,libraries/classes/DatabaseInterface.php,sql_data_access,PASS,pending,NEEDS_MANUAL_ORACLE_REVIEW,No obvious web contract was extracted; existing tests or manual characterization must be mapped.
phpmyadmin-C0373,phpmyadmin,libraries/classes/DatabaseInterface.php,sql_data_access,PASS,pending,NEEDS_MANUAL_ORACLE_REVIEW,No obvious web contract was extracted; existing tests or manual characterization must be mapped.
phpmyadmin-C0374,phpmyadmin,libraries/classes/DatabaseInterface.php,long_method_or_region,PASS,pending,NEEDS_MANUAL_ORACLE_REVIEW,No obvious web contract was extracted; existing tests or manual characterization must be mapped.
phpmyadmin-C0375,phpmyadmin,libraries/classes/DatabaseInterface.php,long_method_or_region,PASS,pending,NEEDS_MANUAL_ORACLE_REVIEW,No obvious web contract was extracted; existing tests or manual characterization must be mapped.
phpmyadmin-C0376,phpmyadmin,libraries/classes/DatabaseInterface.php,sql_data_access,PASS,pending,NEEDS_MANUAL_ORACLE_REVIEW,No obvious web contract was extracted; existing tests or manual characterization must be mapped.
phpmyadmin-C0377,phpmyadmin,libraries/classes/DatabaseInterface.php,sql_data_access,PASS,pending,NEEDS_MANUAL_ORACLE_REVIEW,No obvious web contract was extracted; existing tests or manual characterization must be mapped.
phpmyadmin-C0378,phpmyadmin,libraries/classes/DatabaseInterface.php,sql_data_access,PASS,pending,NEEDS_MANUAL_ORACLE_REVIEW,No obvious web contract was extracted; existing tests or manual characterization must be mapped.
phpmyadmin-C0379,phpmyadmin,libraries/classes/DatabaseInterface.php,long_method_or_region,PASS,pending,NEEDS_MANUAL_ORACLE_REVIEW,No obvious web contract was extracted; existing tests or manual characterization must be mapped.
phpmyadmin-C0380,phpmyadmin,libraries/classes/DatabaseInterface.php,long_method_or_region,PASS,pending,NEEDS_MANUAL_ORACLE_REVIEW,No obvious web contract was extracted; existing tests or manual characterization must be mapped.
phpmyadmin-C0381,phpmyadmin,libraries/classes/DatabaseInterface.php,sql_data_access,PASS,pending,NEEDS_MANUAL_ORACLE_REVIEW,No obvious web contract was extracted; existing tests or manual characterization must be mapped.
phpmyadmin-C0382,phpmyadmin,libraries/classes/DatabaseInterface.php,sql_data_access,PASS,pending,NEEDS_MANUAL_ORACLE_REVIEW,No obvious web contract was extracted; existing tests or manual characterization must be mapped.
phpmyadmin-C0383,phpmyadmin,libraries/classes/DatabaseInterface.php,long_method_or_region,PASS,pending,NEEDS_MANUAL_ORACLE_REVIEW,No obvious web contract was extracted; existing tests or manual characterization must be mapped.
phpmyadmin-C0384,phpmyadmin,libraries/classes/DatabaseInterface.php,long_method_or_region,PASS,pending,NEEDS_MANUAL_ORACLE_REVIEW,No obvious web contract was extracted; existing tests or manual characterization must be mapped.
phpmyadmin-C0385,phpmyadmin,libraries/classes/DatabaseInterface.php,session_dependent_logic,PASS,pending,NEEDS_MANUAL_ORACLE_REVIEW,No obvious web contract was extracted; existing tests or manual characterization must be mapped.
phpmyadmin-C0386,phpmyadmin,libraries/classes/Error.php,mixed_php_html,PASS,pending,NEEDS_MANUAL_ORACLE_REVIEW,No obvious web contract was extracted; existing tests or manual characterization must be mapped.
phpmyadmin-C0387,phpmyadmin,libraries/classes/ErrorHandler.php,mixed_php_html,PASS,pending,NEEDS_CHARACTERIZATION,Candidate has observable request/output contract but no stable oracle yet.
phpmyadmin-C0388,phpmyadmin,libraries/classes/ErrorHandler.php,long_method_or_region,PASS,pending,NEEDS_MANUAL_ORACLE_REVIEW,No obvious web contract was extracted; existing tests or manual characterization must be mapped.
phpmyadmin-C0389,phpmyadmin,libraries/classes/ErrorHandler.php,long_method_or_region,PASS,pending,NEEDS_CHARACTERIZATION,Candidate has observable request/output contract but no stable oracle yet.
phpmyadmin-C0390,phpmyadmin,libraries/classes/ErrorReport.php,session_dependent_logic,PASS,pending,NEEDS_CHARACTERIZATION,Candidate has observable request/output contract but no stable oracle yet.
phpmyadmin-C0391,phpmyadmin,libraries/classes/ErrorReport.php,session_dependent_logic,PASS,pending,NEEDS_CHARACTERIZATION,Candidate has observable request/output contract but no stable oracle yet.
phpmyadmin-C0392,phpmyadmin,libraries/classes/Export.php,mixed_php_html_sql,PASS,pending,NEEDS_CHARACTERIZATION,Candidate has observable request/output contract but no stable oracle yet.
phpmyadmin-C0393,phpmyadmin,libraries/classes/Export.php,long_method_or_region,PASS,pending,NEEDS_MANUAL_ORACLE_REVIEW,No obvious web contract was extracted; existing tests or manual characterization must be mapped.
phpmyadmin-C0394,phpmyadmin,libraries/classes/Export.php,long_method_or_region,PASS,pending,NEEDS_MANUAL_ORACLE_REVIEW,No obvious web contract was extracted; existing tests or manual characterization must be mapped.
phpmyadmin-C0395,phpmyadmin,libraries/classes/Export.php,sql_data_access,PASS,pending,NEEDS_CHARACTERIZATION,Candidate has observable request/output contract but no stable oracle yet.
phpmyadmin-C0396,phpmyadmin,libraries/classes/Export.php,long_method_or_region,PASS,pending,NEEDS_MANUAL_ORACLE_REVIEW,No obvious web contract was extracted; existing tests or manual characterization must be mapped.
phpmyadmin-C0397,phpmyadmin,libraries/classes/Export.php,sql_data_access,PASS,pending,NEEDS_MANUAL_ORACLE_REVIEW,No obvious web contract was extracted; existing tests or manual characterization must be mapped.
phpmyadmin-C0398,phpmyadmin,libraries/classes/Export.php,sql_data_access,PASS,pending,NEEDS_MANUAL_ORACLE_REVIEW,No obvious web contract was extracted; existing tests or manual characterization must be mapped.
phpmyadmin-C0399,phpmyadmin,libraries/classes/Export.php,long_method_or_region,PASS,pending,NEEDS_MANUAL_ORACLE_REVIEW,No obvious web contract was extracted; existing tests or manual characterization must be mapped.
phpmyadmin-C0400,phpmyadmin,libraries/classes/File.php,long_method_or_region,PASS,pending,NEEDS_CHARACTERIZATION,Candidate has observable request/output contract but no stable oracle yet.
phpmyadmin-C0401,phpmyadmin,libraries/classes/File.php,long_method_or_region,PASS,pending,NEEDS_MANUAL_ORACLE_REVIEW,No obvious web contract was extracted; existing tests or manual characterization must be mapped.
phpmyadmin-C0402,phpmyadmin,libraries/classes/File.php,long_method_or_region,PASS,pending,NEEDS_MANUAL_ORACLE_REVIEW,No obvious web contract was extracted; existing tests or manual characterization must be mapped.
phpmyadmin-C0403,phpmyadmin,libraries/classes/Font.php,long_method_or_region,PASS,pending,NEEDS_MANUAL_ORACLE_REVIEW,No obvious web contract was extracted; existing tests or manual characterization must be mapped.
phpmyadmin-C0404,phpmyadmin,libraries/classes/Footer.php,form_handling,PASS,pending,NEEDS_CHARACTERIZATION,Candidate has observable request/output contract but no stable oracle yet.
phpmyadmin-C0405,phpmyadmin,libraries/classes/Header.php,form_handling,PASS,pending,NEEDS_CHARACTERIZATION,Candidate has observable request/output contract but no stable oracle yet.
phpmyadmin-C0406,phpmyadmin,libraries/classes/Header.php,session_dependent_logic,PASS,pending,NEEDS_MANUAL_ORACLE_REVIEW,No obvious web contract was extracted; existing tests or manual characterization must be mapped.
phpmyadmin-C0407,phpmyadmin,libraries/classes/Header.php,long_method_or_region,PASS,pending,NEEDS_CHARACTERIZATION,Candidate has observable request/output contract but no stable oracle yet.
phpmyadmin-C0408,phpmyadmin,libraries/classes/Header.php,long_method_or_region,PASS,pending,NEEDS_MANUAL_ORACLE_REVIEW,No obvious web contract was extracted; existing tests or manual characterization must be mapped.
phpmyadmin-C0409,phpmyadmin,libraries/classes/Header.php,long_method_or_region,PASS,pending,NEEDS_CHARACTERIZATION,Candidate has observable request/output contract but no stable oracle yet.
phpmyadmin-C0410,phpmyadmin,libraries/classes/Import.php,mixed_php_html_sql,PASS,pending,NEEDS_CHARACTERIZATION,Candidate has observable request/output contract but no stable oracle yet.
phpmyadmin-C0411,phpmyadmin,libraries/classes/Import.php,sql_data_access,PASS,pending,NEEDS_MANUAL_ORACLE_REVIEW,No obvious web contract was extracted; existing tests or manual characterization must be mapped.
phpmyadmin-C0412,phpmyadmin,libraries/classes/Import.php,sql_data_access,PASS,pending,NEEDS_CHARACTERIZATION,Candidate has observable request/output contract but no stable oracle yet.
phpmyadmin-C0413,phpmyadmin,libraries/classes/Import.php,long_method_or_region,PASS,pending,NEEDS_MANUAL_ORACLE_REVIEW,No obvious web contract was extracted; existing tests or manual characterization must be mapped.
phpmyadmin-C0414,phpmyadmin,libraries/classes/Import.php,long_method_or_region,PASS,pending,NEEDS_MANUAL_ORACLE_REVIEW,No obvious web contract was extracted; existing tests or manual characterization must be mapped.
phpmyadmin-C0415,phpmyadmin,libraries/classes/Import.php,long_method_or_region,PASS,pending,NEEDS_MANUAL_ORACLE_REVIEW,No obvious web contract was extracted; existing tests or manual characterization must be mapped.
phpmyadmin-C0416,phpmyadmin,libraries/classes/Import.php,long_method_or_region,PASS,pending,NEEDS_MANUAL_ORACLE_REVIEW,No obvious web contract was extracted; existing tests or manual characterization must be mapped.
phpmyadmin-C0417,phpmyadmin,libraries/classes/Import.php,sql_data_access,PASS,pending,NEEDS_MANUAL_ORACLE_REVIEW,No obvious web contract was extracted; existing tests or manual characterization must be mapped.
phpmyadmin-C0418,phpmyadmin,libraries/classes/Import.php,long_method_or_region,PASS,pending,NEEDS_CHARACTERIZATION,Candidate has observable request/output contract but no stable oracle yet.
phpmyadmin-C0419,phpmyadmin,libraries/classes/Import.php,sql_data_access,PASS,pending,NEEDS_MANUAL_ORACLE_REVIEW,No obvious web contract was extracted; existing tests or manual characterization must be mapped.
phpmyadmin-C0420,phpmyadmin,libraries/classes/Import.php,sql_data_access,PASS,pending,NEEDS_MANUAL_ORACLE_REVIEW,No obvious web contract was extracted; existing tests or manual characterization must be mapped.
phpmyadmin-C0421,phpmyadmin,libraries/classes/Import.php,sql_data_access,PASS,pending,NEEDS_MANUAL_ORACLE_REVIEW,No obvious web contract was extracted; existing tests or manual characterization must be mapped.
phpmyadmin-C0422,phpmyadmin,libraries/classes/Index.php,mixed_php_html_sql,PASS,pending,NEEDS_CHARACTERIZATION,Candidate has observable request/output contract but no stable oracle yet.
phpmyadmin-C0423,phpmyadmin,libraries/classes/Index.php,long_method_or_region,PASS,pending,NEEDS_MANUAL_ORACLE_REVIEW,No obvious web contract was extracted; existing tests or manual characterization must be mapped.
phpmyadmin-C0424,phpmyadmin,libraries/classes/Index.php,long_method_or_region,PASS,pending,NEEDS_CHARACTERIZATION,Candidate has observable request/output contract but no stable oracle yet.
phpmyadmin-C0425,phpmyadmin,libraries/classes/InsertEdit.php,mixed_php_html_sql,PASS,pending,NEEDS_CHARACTERIZATION,Candidate has observable request/output contract but no stable oracle yet.
phpmyadmin-C0426,phpmyadmin,libraries/classes/InsertEdit.php,sql_data_access,PASS,pending,NEEDS_MANUAL_ORACLE_REVIEW,No obvious web contract was extracted; existing tests or manual characterization must be mapped.
phpmyadmin-C0427,phpmyadmin,libraries/classes/InsertEdit.php,long_method_or_region,PASS,pending,NEEDS_MANUAL_ORACLE_REVIEW,No obvious web contract was extracted; existing tests or manual characterization must be mapped.
phpmyadmin-C0428,phpmyadmin,libraries/classes/InsertEdit.php,long_method_or_region,PASS,pending,NEEDS_MANUAL_ORACLE_REVIEW,No obvious web contract was extracted; existing tests or manual characterization must be mapped.
phpmyadmin-C0429,phpmyadmin,libraries/classes/InsertEdit.php,long_method_or_region,PASS,pending,NEEDS_CHARACTERIZATION,Candidate has observable request/output contract but no stable oracle yet.
phpmyadmin-C0430,phpmyadmin,libraries/classes/InsertEdit.php,long_method_or_region,PASS,pending,NEEDS_CHARACTERIZATION,Candidate has observable request/output contract but no stable oracle yet.
phpmyadmin-C0431,phpmyadmin,libraries/classes/InsertEdit.php,long_method_or_region,PASS,pending,NEEDS_MANUAL_ORACLE_REVIEW,No obvious web contract was extracted; existing tests or manual characterization must be mapped.
phpmyadmin-C0432,phpmyadmin,libraries/classes/InsertEdit.php,long_method_or_region,PASS,pending,NEEDS_CHARACTERIZATION,Candidate has observable request/output contract but no stable oracle yet.
phpmyadmin-C0433,phpmyadmin,libraries/classes/InsertEdit.php,long_method_or_region,PASS,pending,NEEDS_CHARACTERIZATION,Candidate has observable request/output contract but no stable oracle yet.
phpmyadmin-C0434,phpmyadmin,libraries/classes/InsertEdit.php,long_method_or_region,PASS,pending,NEEDS_CHARACTERIZATION,Candidate has observable request/output contract but no stable oracle yet.
phpmyadmin-C0435,phpmyadmin,libraries/classes/InsertEdit.php,sql_data_access,PASS,pending,NEEDS_MANUAL_ORACLE_REVIEW,No obvious web contract was extracted; existing tests or manual characterization must be mapped.
phpmyadmin-C0436,phpmyadmin,libraries/classes/InsertEdit.php,session_dependent_logic,PASS,pending,NEEDS_MANUAL_ORACLE_REVIEW,No obvious web contract was extracted; existing tests or manual characterization must be mapped.
phpmyadmin-C0437,phpmyadmin,libraries/classes/InsertEdit.php,long_method_or_region,PASS,pending,NEEDS_MANUAL_ORACLE_REVIEW,No obvious web contract was extracted; existing tests or manual characterization must be mapped.
phpmyadmin-C0438,phpmyadmin,libraries/classes/InsertEdit.php,sql_data_access,PASS,pending,NEEDS_CHARACTERIZATION,Candidate has observable request/output contract but no stable oracle yet.
phpmyadmin-C0439,phpmyadmin,libraries/classes/InsertEdit.php,sql_data_access,PASS,pending,NEEDS_CHARACTERIZATION,Candidate has observable request/output contract but no stable oracle yet.
phpmyadmin-C0440,phpmyadmin,libraries/classes/InsertEdit.php,session_dependent_logic,PASS,pending,NEEDS_CHARACTERIZATION,Candidate has observable request/output contract but no stable oracle yet.
phpmyadmin-C0441,phpmyadmin,libraries/classes/InsertEdit.php,long_method_or_region,PASS,pending,NEEDS_CHARACTERIZATION,Candidate has observable request/output contract but no stable oracle yet.
phpmyadmin-C0442,phpmyadmin,libraries/classes/InsertEdit.php,long_method_or_region,PASS,pending,NEEDS_CHARACTERIZATION,Candidate has observable request/output contract but no stable oracle yet.
phpmyadmin-C0443,phpmyadmin,libraries/classes/IpAllowDeny.php,long_method_or_region,PASS,pending,NEEDS_MANUAL_ORACLE_REVIEW,No obvious web contract was extracted; existing tests or manual characterization must be mapped.
phpmyadmin-C0444,phpmyadmin,libraries/classes/IpAllowDeny.php,long_method_or_region,PASS,pending,NEEDS_MANUAL_ORACLE_REVIEW,No obvious web contract was extracted; existing tests or manual characterization must be mapped.
phpmyadmin-C0445,phpmyadmin,libraries/classes/IpAllowDeny.php,long_method_or_region,PASS,pending,NEEDS_MANUAL_ORACLE_REVIEW,No obvious web contract was extracted; existing tests or manual characterization must be mapped.
phpmyadmin-C0446,phpmyadmin,libraries/classes/LanguageManager.php,long_method_or_region,PASS,pending,NEEDS_CHARACTERIZATION,Candidate has observable request/output contract but no stable oracle yet.
phpmyadmin-C0447,phpmyadmin,libraries/classes/LanguageManager.php,long_method_or_region,PASS,pending,NEEDS_CHARACTERIZATION,Candidate has observable request/output contract but no stable oracle yet.
phpmyadmin-C0448,phpmyadmin,libraries/classes/Linter.php,long_method_or_region,PASS,pending,NEEDS_MANUAL_ORACLE_REVIEW,No obvious web contract was extracted; existing tests or manual characterization must be mapped.
phpmyadmin-C0449,phpmyadmin,libraries/classes/ListDatabase.php,sql_data_access,PASS,pending,NEEDS_MANUAL_ORACLE_REVIEW,No obvious web contract was extracted; existing tests or manual characterization must be mapped.
phpmyadmin-C0450,phpmyadmin,libraries/classes/ListDatabase.php,sql_data_access,PASS,pending,NEEDS_MANUAL_ORACLE_REVIEW,No obvious web contract was extracted; existing tests or manual characterization must be mapped.
phpmyadmin-C0451,phpmyadmin,libraries/classes/Menu.php,mixed_php_html_sql,PASS,pending,NEEDS_CHARACTERIZATION,Candidate has observable request/output contract but no stable oracle yet.
phpmyadmin-C0452,phpmyadmin,libraries/classes/Menu.php,sql_data_access,PASS,pending,NEEDS_MANUAL_ORACLE_REVIEW,No obvious web contract was extracted; existing tests or manual characterization must be mapped.
phpmyadmin-C0453,phpmyadmin,libraries/classes/Menu.php,long_method_or_region,PASS,pending,NEEDS_CHARACTERIZATION,Candidate has observable request/output contract but no stable oracle yet.
phpmyadmin-C0454,phpmyadmin,libraries/classes/Menu.php,long_method_or_region,PASS,pending,NEEDS_MANUAL_ORACLE_REVIEW,No obvious web contract was extracted; existing tests or manual characterization must be mapped.
phpmyadmin-C0455,phpmyadmin,libraries/classes/Menu.php,long_method_or_region,PASS,pending,NEEDS_MANUAL_ORACLE_REVIEW,No obvious web contract was extracted; existing tests or manual characterization must be mapped.
phpmyadmin-C0456,phpmyadmin,libraries/classes/Menu.php,long_method_or_region,PASS,pending,NEEDS_MANUAL_ORACLE_REVIEW,No obvious web contract was extracted; existing tests or manual characterization must be mapped.
phpmyadmin-C0457,phpmyadmin,libraries/classes/Message.php,mixed_php_html,PASS,pending,NEEDS_MANUAL_ORACLE_REVIEW,No obvious web contract was extracted; existing tests or manual characterization must be mapped.
phpmyadmin-C0458,phpmyadmin,libraries/classes/MultSubmits.php,mixed_php_html_sql,PASS,pending,NEEDS_CHARACTERIZATION,Candidate has observable request/output contract but no stable oracle yet.
phpmyadmin-C0459,phpmyadmin,libraries/classes/MultSubmits.php,sql_data_access,PASS,pending,NEEDS_MANUAL_ORACLE_REVIEW,No obvious web contract was extracted; existing tests or manual characterization must be mapped.
phpmyadmin-C0460,phpmyadmin,libraries/classes/MultSubmits.php,long_method_or_region,PASS,pending,NEEDS_CHARACTERIZATION,Candidate has observable request/output contract but no stable oracle yet.
phpmyadmin-C0461,phpmyadmin,libraries/classes/MultSubmits.php,long_method_or_region,PASS,pending,NEEDS_CHARACTERIZATION,Candidate has observable request/output contract but no stable oracle yet.
phpmyadmin-C0462,phpmyadmin,libraries/classes/MultSubmits.php,sql_data_access,PASS,pending,NEEDS_MANUAL_ORACLE_REVIEW,No obvious web contract was extracted; existing tests or manual characterization must be mapped.
phpmyadmin-C0463,phpmyadmin,libraries/classes/Normalization.php,mixed_php_html_sql,PASS,pending,NEEDS_CHARACTERIZATION,Candidate has observable request/output contract but no stable oracle yet.
phpmyadmin-C0464,phpmyadmin,libraries/classes/Normalization.php,sql_data_access,PASS,pending,NEEDS_MANUAL_ORACLE_REVIEW,No obvious web contract was extracted; existing tests or manual characterization must be mapped.
phpmyadmin-C0465,phpmyadmin,libraries/classes/Normalization.php,sql_data_access,PASS,pending,NEEDS_MANUAL_ORACLE_REVIEW,No obvious web contract was extracted; existing tests or manual characterization must be mapped.
phpmyadmin-C0466,phpmyadmin,libraries/classes/Normalization.php,sql_data_access,PASS,pending,NEEDS_MANUAL_ORACLE_REVIEW,No obvious web contract was extracted; existing tests or manual characterization must be mapped.
phpmyadmin-C0467,phpmyadmin,libraries/classes/Normalization.php,long_method_or_region,PASS,pending,NEEDS_CHARACTERIZATION,Candidate has observable request/output contract but no stable oracle yet.
phpmyadmin-C0468,phpmyadmin,libraries/classes/Normalization.php,sql_data_access,PASS,pending,NEEDS_CHARACTERIZATION,Candidate has observable request/output contract but no stable oracle yet.
phpmyadmin-C0469,phpmyadmin,libraries/classes/OpenDocument.php,long_method_or_region,PASS,pending,NEEDS_CHARACTERIZATION,Candidate has observable request/output contract but no stable oracle yet.
phpmyadmin-C0470,phpmyadmin,libraries/classes/Operations.php,mixed_php_html_sql,PASS,pending,NEEDS_CHARACTERIZATION,Candidate has observable request/output contract but no stable oracle yet.
phpmyadmin-C0471,phpmyadmin,libraries/classes/Operations.php,session_dependent_logic,PASS,pending,NEEDS_CHARACTERIZATION,Candidate has observable request/output contract but no stable oracle yet.
phpmyadmin-C0472,phpmyadmin,libraries/classes/Operations.php,long_method_or_region,PASS,pending,NEEDS_CHARACTERIZATION,Candidate has observable request/output contract but no stable oracle yet.
phpmyadmin-C0473,phpmyadmin,libraries/classes/Operations.php,sql_data_access,PASS,pending,NEEDS_MANUAL_ORACLE_REVIEW,No obvious web contract was extracted; existing tests or manual characterization must be mapped.
phpmyadmin-C0474,phpmyadmin,libraries/classes/Operations.php,long_method_or_region,PASS,pending,NEEDS_CHARACTERIZATION,Candidate has observable request/output contract but no stable oracle yet.
phpmyadmin-C0475,phpmyadmin,libraries/classes/Operations.php,session_dependent_logic,PASS,pending,NEEDS_CHARACTERIZATION,Candidate has observable request/output contract but no stable oracle yet.
phpmyadmin-C0476,phpmyadmin,libraries/classes/Operations.php,long_method_or_region,PASS,pending,NEEDS_MANUAL_ORACLE_REVIEW,No obvious web contract was extracted; existing tests or manual characterization must be mapped.
phpmyadmin-C0477,phpmyadmin,libraries/classes/Operations.php,sql_data_access,PASS,pending,NEEDS_MANUAL_ORACLE_REVIEW,No obvious web contract was extracted; existing tests or manual characterization must be mapped.
phpmyadmin-C0478,phpmyadmin,libraries/classes/Operations.php,long_method_or_region,PASS,pending,NEEDS_CHARACTERIZATION,Candidate has observable request/output contract but no stable oracle yet.
phpmyadmin-C0479,phpmyadmin,libraries/classes/Operations.php,sql_data_access,PASS,pending,NEEDS_MANUAL_ORACLE_REVIEW,No obvious web contract was extracted; existing tests or manual characterization must be mapped.
phpmyadmin-C0480,phpmyadmin,libraries/classes/Operations.php,long_method_or_region,PASS,pending,NEEDS_CHARACTERIZATION,Candidate has observable request/output contract but no stable oracle yet.
phpmyadmin-C0481,phpmyadmin,libraries/classes/ParseAnalyze.php,long_method_or_region,PASS,pending,NEEDS_MANUAL_ORACLE_REVIEW,No obvious web contract was extracted; existing tests or manual characterization must be mapped.
phpmyadmin-C0482,phpmyadmin,libraries/classes/Partition.php,sql_data_access,PASS,pending,NEEDS_MANUAL_ORACLE_REVIEW,No obvious web contract was extracted; existing tests or manual characterization must be mapped.
phpmyadmin-C0483,phpmyadmin,libraries/classes/Partition.php,sql_data_access,PASS,pending,NEEDS_MANUAL_ORACLE_REVIEW,No obvious web contract was extracted; existing tests or manual characterization must be mapped.
phpmyadmin-C0484,phpmyadmin,libraries/classes/Plugins.php,form_handling,PASS,pending,NEEDS_CHARACTERIZATION,Candidate has observable request/output contract but no stable oracle yet.
phpmyadmin-C0485,phpmyadmin,libraries/classes/Plugins.php,long_method_or_region,PASS,pending,NEEDS_MANUAL_ORACLE_REVIEW,No obvious web contract was extracted; existing tests or manual characterization must be mapped.
phpmyadmin-C0486,phpmyadmin,libraries/classes/Plugins.php,long_method_or_region,PASS,pending,NEEDS_MANUAL_ORACLE_REVIEW,No obvious web contract was extracted; existing tests or manual characterization must be mapped.
phpmyadmin-C0487,phpmyadmin,libraries/classes/Plugins.php,long_method_or_region,PASS,pending,NEEDS_CHARACTERIZATION,Candidate has observable request/output contract but no stable oracle yet.
phpmyadmin-C0488,phpmyadmin,libraries/classes/Plugins.php,long_method_or_region,PASS,pending,NEEDS_CHARACTERIZATION,Candidate has observable request/output contract but no stable oracle yet.
phpmyadmin-C0489,phpmyadmin,libraries/classes/Plugins.php,long_method_or_region,PASS,pending,NEEDS_CHARACTERIZATION,Candidate has observable request/output contract but no stable oracle yet.
phpmyadmin-C0490,phpmyadmin,libraries/classes/RecentFavoriteTable.php,mixed_php_html_sql,PASS,pending,NEEDS_CHARACTERIZATION,Candidate has observable request/output contract but no stable oracle yet.
phpmyadmin-C0491,phpmyadmin,libraries/classes/Relation.php,mixed_php_html_sql,PASS,pending,NEEDS_CHARACTERIZATION,Candidate has observable request/output contract but no stable oracle yet.
phpmyadmin-C0492,phpmyadmin,libraries/classes/Relation.php,long_method_or_region,PASS,pending,NEEDS_CHARACTERIZATION,Candidate has observable request/output contract but no stable oracle yet.
phpmyadmin-C0493,phpmyadmin,libraries/classes/Relation.php,long_method_or_region,PASS,pending,NEEDS_MANUAL_ORACLE_REVIEW,No obvious web contract was extracted; existing tests or manual characterization must be mapped.
phpmyadmin-C0494,phpmyadmin,libraries/classes/Relation.php,long_method_or_region,PASS,pending,NEEDS_MANUAL_ORACLE_REVIEW,No obvious web contract was extracted; existing tests or manual characterization must be mapped.
phpmyadmin-C0495,phpmyadmin,libraries/classes/Relation.php,sql_data_access,PASS,pending,NEEDS_MANUAL_ORACLE_REVIEW,No obvious web contract was extracted; existing tests or manual characterization must be mapped.
phpmyadmin-C0496,phpmyadmin,libraries/classes/Relation.php,sql_data_access,PASS,pending,NEEDS_MANUAL_ORACLE_REVIEW,No obvious web contract was extracted; existing tests or manual characterization must be mapped.
phpmyadmin-C0497,phpmyadmin,libraries/classes/Relation.php,sql_data_access,PASS,pending,NEEDS_MANUAL_ORACLE_REVIEW,No obvious web contract was extracted; existing tests or manual characterization must be mapped.
phpmyadmin-C0498,phpmyadmin,libraries/classes/Relation.php,session_dependent_logic,PASS,pending,NEEDS_MANUAL_ORACLE_REVIEW,No obvious web contract was extracted; existing tests or manual characterization must be mapped.
phpmyadmin-C0499,phpmyadmin,libraries/classes/Relation.php,session_dependent_logic,PASS,pending,NEEDS_MANUAL_ORACLE_REVIEW,No obvious web contract was extracted; existing tests or manual characterization must be mapped.
phpmyadmin-C0500,phpmyadmin,libraries/classes/Relation.php,sql_data_access,PASS,pending,NEEDS_MANUAL_ORACLE_REVIEW,No obvious web contract was extracted; existing tests or manual characterization must be mapped.
phpmyadmin-C0501,phpmyadmin,libraries/classes/Relation.php,long_method_or_region,PASS,pending,NEEDS_MANUAL_ORACLE_REVIEW,No obvious web contract was extracted; existing tests or manual characterization must be mapped.
phpmyadmin-C0502,phpmyadmin,libraries/classes/Relation.php,long_method_or_region,PASS,pending,NEEDS_MANUAL_ORACLE_REVIEW,No obvious web contract was extracted; existing tests or manual characterization must be mapped.
phpmyadmin-C0503,phpmyadmin,libraries/classes/Relation.php,sql_data_access,PASS,pending,NEEDS_MANUAL_ORACLE_REVIEW,No obvious web contract was extracted; existing tests or manual characterization must be mapped.
phpmyadmin-C0504,phpmyadmin,libraries/classes/Relation.php,sql_data_access,PASS,pending,NEEDS_MANUAL_ORACLE_REVIEW,No obvious web contract was extracted; existing tests or manual characterization must be mapped.
phpmyadmin-C0505,phpmyadmin,libraries/classes/Relation.php,long_method_or_region,PASS,pending,NEEDS_MANUAL_ORACLE_REVIEW,No obvious web contract was extracted; existing tests or manual characterization must be mapped.
phpmyadmin-C0506,phpmyadmin,libraries/classes/Relation.php,session_dependent_logic,PASS,pending,NEEDS_MANUAL_ORACLE_REVIEW,No obvious web contract was extracted; existing tests or manual characterization must be mapped.
phpmyadmin-C0507,phpmyadmin,libraries/classes/RelationCleanup.php,sql_data_access,PASS,pending,NEEDS_MANUAL_ORACLE_REVIEW,No obvious web contract was extracted; existing tests or manual characterization must be mapped.
phpmyadmin-C0508,phpmyadmin,libraries/classes/RelationCleanup.php,sql_data_access,PASS,pending,NEEDS_MANUAL_ORACLE_REVIEW,No obvious web contract was extracted; existing tests or manual characterization must be mapped.
phpmyadmin-C0509,phpmyadmin,libraries/classes/RelationCleanup.php,sql_data_access,PASS,pending,NEEDS_MANUAL_ORACLE_REVIEW,No obvious web contract was extracted; existing tests or manual characterization must be mapped.
phpmyadmin-C0510,phpmyadmin,libraries/classes/RelationCleanup.php,sql_data_access,PASS,pending,NEEDS_MANUAL_ORACLE_REVIEW,No obvious web contract was extracted; existing tests or manual characterization must be mapped.
phpmyadmin-C0511,phpmyadmin,libraries/classes/RelationCleanup.php,sql_data_access,PASS,pending,NEEDS_MANUAL_ORACLE_REVIEW,No obvious web contract was extracted; existing tests or manual characterization must be mapped.
phpmyadmin-C0512,phpmyadmin,libraries/classes/ReplicationGui.php,mixed_php_html_sql,PASS,pending,NEEDS_CHARACTERIZATION,Candidate has observable request/output contract but no stable oracle yet.
phpmyadmin-C0513,phpmyadmin,libraries/classes/ReplicationGui.php,long_method_or_region,PASS,pending,NEEDS_CHARACTERIZATION,Candidate has observable request/output contract but no stable oracle yet.
phpmyadmin-C0514,phpmyadmin,libraries/classes/ReplicationGui.php,long_method_or_region,PASS,pending,NEEDS_CHARACTERIZATION,Candidate has observable request/output contract but no stable oracle yet.
phpmyadmin-C0515,phpmyadmin,libraries/classes/ReplicationGui.php,long_method_or_region,PASS,pending,NEEDS_CHARACTERIZATION,Candidate has observable request/output contract but no stable oracle yet.
phpmyadmin-C0516,phpmyadmin,libraries/classes/ReplicationGui.php,session_dependent_logic,PASS,pending,NEEDS_CHARACTERIZATION,Candidate has observable request/output contract but no stable oracle yet.
phpmyadmin-C0517,phpmyadmin,libraries/classes/ReplicationGui.php,session_dependent_logic,PASS,pending,NEEDS_CHARACTERIZATION,Candidate has observable request/output contract but no stable oracle yet.
phpmyadmin-C0518,phpmyadmin,libraries/classes/Response.php,long_method_or_region,PASS,pending,NEEDS_CHARACTERIZATION,Candidate has observable request/output contract but no stable oracle yet.
phpmyadmin-C0519,phpmyadmin,libraries/classes/Response.php,long_method_or_region,PASS,pending,NEEDS_CHARACTERIZATION,Candidate has observable request/output contract but no stable oracle yet.
phpmyadmin-C0520,phpmyadmin,libraries/classes/Response.php,long_method_or_region,PASS,pending,NEEDS_MANUAL_ORACLE_REVIEW,No obvious web contract was extracted; existing tests or manual characterization must be mapped.
phpmyadmin-C0521,phpmyadmin,libraries/classes/Sanitize.php,form_handling,PASS,pending,NEEDS_MANUAL_ORACLE_REVIEW,No obvious web contract was extracted; existing tests or manual characterization must be mapped.
phpmyadmin-C0522,phpmyadmin,libraries/classes/Sanitize.php,long_method_or_region,PASS,pending,NEEDS_MANUAL_ORACLE_REVIEW,No obvious web contract was extracted; existing tests or manual characterization must be mapped.
phpmyadmin-C0523,phpmyadmin,libraries/classes/Sanitize.php,mixed_php_html,PASS,pending,NEEDS_MANUAL_ORACLE_REVIEW,No obvious web contract was extracted; existing tests or manual characterization must be mapped.
phpmyadmin-C0524,phpmyadmin,libraries/classes/Sanitize.php,long_method_or_region,PASS,pending,NEEDS_MANUAL_ORACLE_REVIEW,No obvious web contract was extracted; existing tests or manual characterization must be mapped.
phpmyadmin-C0525,phpmyadmin,libraries/classes/SavedSearches.php,sql_data_access,PASS,pending,NEEDS_CHARACTERIZATION,Candidate has observable request/output contract but no stable oracle yet.
phpmyadmin-C0526,phpmyadmin,libraries/classes/SavedSearches.php,sql_data_access,PASS,pending,NEEDS_MANUAL_ORACLE_REVIEW,No obvious web contract was extracted; existing tests or manual characterization must be mapped.
phpmyadmin-C0527,phpmyadmin,libraries/classes/Scripts.php,mixed_php_html,PASS,pending,NEEDS_MANUAL_ORACLE_REVIEW,No obvious web contract was extracted; existing tests or manual characterization must be mapped.
phpmyadmin-C0528,phpmyadmin,libraries/classes/Session.php,session_dependent_logic,PASS,pending,NEEDS_MANUAL_ORACLE_REVIEW,No obvious web contract was extracted; existing tests or manual characterization must be mapped.
phpmyadmin-C0529,phpmyadmin,libraries/classes/Session.php,session_dependent_logic,PASS,pending,NEEDS_MANUAL_ORACLE_REVIEW,No obvious web contract was extracted; existing tests or manual characterization must be mapped.
phpmyadmin-C0530,phpmyadmin,libraries/classes/Sql.php,mixed_php_html_sql,PASS,pending,NEEDS_CHARACTERIZATION,Candidate has observable request/output contract but no stable oracle yet.
phpmyadmin-C0531,phpmyadmin,libraries/classes/Sql.php,long_method_or_region,PASS,pending,NEEDS_MANUAL_ORACLE_REVIEW,No obvious web contract was extracted; existing tests or manual characterization must be mapped.
phpmyadmin-C0532,phpmyadmin,libraries/classes/Sql.php,sql_data_access,PASS,pending,NEEDS_MANUAL_ORACLE_REVIEW,No obvious web contract was extracted; existing tests or manual characterization must be mapped.
phpmyadmin-C0533,phpmyadmin,libraries/classes/Sql.php,session_dependent_logic,PASS,pending,NEEDS_MANUAL_ORACLE_REVIEW,No obvious web contract was extracted; existing tests or manual characterization must be mapped.
phpmyadmin-C0534,phpmyadmin,libraries/classes/Sql.php,session_dependent_logic,PASS,pending,NEEDS_CHARACTERIZATION,Candidate has observable request/output contract but no stable oracle yet.
phpmyadmin-C0535,phpmyadmin,libraries/classes/Sql.php,long_method_or_region,PASS,pending,NEEDS_CHARACTERIZATION,Candidate has observable request/output contract but no stable oracle yet.
phpmyadmin-C0536,phpmyadmin,libraries/classes/Sql.php,long_method_or_region,PASS,pending,NEEDS_CHARACTERIZATION,Candidate has observable request/output contract but no stable oracle yet.
phpmyadmin-C0537,phpmyadmin,libraries/classes/Sql.php,long_method_or_region,PASS,pending,NEEDS_MANUAL_ORACLE_REVIEW,No obvious web contract was extracted; existing tests or manual characterization must be mapped.
phpmyadmin-C0538,phpmyadmin,libraries/classes/Sql.php,session_dependent_logic,PASS,pending,NEEDS_CHARACTERIZATION,Candidate has observable request/output contract but no stable oracle yet.
phpmyadmin-C0539,phpmyadmin,libraries/classes/Sql.php,session_dependent_logic,PASS,pending,NEEDS_CHARACTERIZATION,Candidate has observable request/output contract but no stable oracle yet.
phpmyadmin-C0540,phpmyadmin,libraries/classes/Sql.php,session_dependent_logic,PASS,pending,NEEDS_CHARACTERIZATION,Candidate has observable request/output contract but no stable oracle yet.
phpmyadmin-C0541,phpmyadmin,libraries/classes/SqlQueryForm.php,mixed_php_html,PASS,pending,NEEDS_CHARACTERIZATION,Candidate has observable request/output contract but no stable oracle yet.
phpmyadmin-C0542,phpmyadmin,libraries/classes/SqlQueryForm.php,long_method_or_region,PASS,pending,NEEDS_CHARACTERIZATION,Candidate has observable request/output contract but no stable oracle yet.
phpmyadmin-C0543,phpmyadmin,libraries/classes/SqlQueryForm.php,long_method_or_region,PASS,pending,NEEDS_MANUAL_ORACLE_REVIEW,No obvious web contract was extracted; existing tests or manual characterization must be mapped.
phpmyadmin-C0544,phpmyadmin,libraries/classes/SqlQueryForm.php,long_method_or_region,PASS,pending,NEEDS_CHARACTERIZATION,Candidate has observable request/output contract but no stable oracle yet.
phpmyadmin-C0545,phpmyadmin,libraries/classes/StorageEngine.php,mixed_php_html,PASS,pending,NEEDS_CHARACTERIZATION,Candidate has observable request/output contract but no stable oracle yet.
phpmyadmin-C0546,phpmyadmin,libraries/classes/StorageEngine.php,long_method_or_region,PASS,pending,NEEDS_MANUAL_ORACLE_REVIEW,No obvious web contract was extracted; existing tests or manual characterization must be mapped.
phpmyadmin-C0547,phpmyadmin,libraries/classes/SystemDatabase.php,sql_data_access,PASS,pending,NEEDS_MANUAL_ORACLE_REVIEW,No obvious web contract was extracted; existing tests or manual characterization must be mapped.
phpmyadmin-C0548,phpmyadmin,libraries/classes/SystemDatabase.php,sql_data_access,PASS,pending,NEEDS_MANUAL_ORACLE_REVIEW,No obvious web contract was extracted; existing tests or manual characterization must be mapped.
phpmyadmin-C0549,phpmyadmin,libraries/classes/Table.php,session_dependent_logic,PASS,pending,NEEDS_CHARACTERIZATION,Candidate has observable request/output contract but no stable oracle yet.
phpmyadmin-C0550,phpmyadmin,libraries/classes/Table.php,session_dependent_logic,PASS,pending,NEEDS_MANUAL_ORACLE_REVIEW,No obvious web contract was extracted; existing tests or manual characterization must be mapped.
phpmyadmin-C0551,phpmyadmin,libraries/classes/Table.php,long_method_or_region,PASS,pending,NEEDS_MANUAL_ORACLE_REVIEW,No obvious web contract was extracted; existing tests or manual characterization must be mapped.
phpmyadmin-C0552,phpmyadmin,libraries/classes/Table.php,long_method_or_region,PASS,pending,NEEDS_MANUAL_ORACLE_REVIEW,No obvious web contract was extracted; existing tests or manual characterization must be mapped.
phpmyadmin-C0553,phpmyadmin,libraries/classes/Table.php,sql_data_access,PASS,pending,NEEDS_MANUAL_ORACLE_REVIEW,No obvious web contract was extracted; existing tests or manual characterization must be mapped.
phpmyadmin-C0554,phpmyadmin,libraries/classes/Table.php,sql_data_access,PASS,pending,NEEDS_MANUAL_ORACLE_REVIEW,No obvious web contract was extracted; existing tests or manual characterization must be mapped.
phpmyadmin-C0555,phpmyadmin,libraries/classes/Table.php,sql_data_access,PASS,pending,NEEDS_MANUAL_ORACLE_REVIEW,No obvious web contract was extracted; existing tests or manual characterization must be mapped.
phpmyadmin-C0556,phpmyadmin,libraries/classes/Table.php,sql_data_access,PASS,pending,NEEDS_CHARACTERIZATION,Candidate has observable request/output contract but no stable oracle yet.
phpmyadmin-C0557,phpmyadmin,libraries/classes/Table.php,long_method_or_region,PASS,pending,NEEDS_MANUAL_ORACLE_REVIEW,No obvious web contract was extracted; existing tests or manual characterization must be mapped.
phpmyadmin-C0558,phpmyadmin,libraries/classes/Table.php,sql_data_access,PASS,pending,NEEDS_MANUAL_ORACLE_REVIEW,No obvious web contract was extracted; existing tests or manual characterization must be mapped.
phpmyadmin-C0559,phpmyadmin,libraries/classes/Table.php,long_method_or_region,PASS,pending,NEEDS_CHARACTERIZATION,Candidate has observable request/output contract but no stable oracle yet.
phpmyadmin-C0560,phpmyadmin,libraries/classes/Table.php,long_method_or_region,PASS,pending,NEEDS_CHARACTERIZATION,Candidate has observable request/output contract but no stable oracle yet.
phpmyadmin-C0561,phpmyadmin,libraries/classes/Table.php,sql_data_access,PASS,pending,NEEDS_MANUAL_ORACLE_REVIEW,No obvious web contract was extracted; existing tests or manual characterization must be mapped.
phpmyadmin-C0562,phpmyadmin,libraries/classes/Table.php,sql_data_access,PASS,pending,NEEDS_MANUAL_ORACLE_REVIEW,No obvious web contract was extracted; existing tests or manual characterization must be mapped.
phpmyadmin-C0563,phpmyadmin,libraries/classes/Table.php,long_method_or_region,PASS,pending,NEEDS_CHARACTERIZATION,Candidate has observable request/output contract but no stable oracle yet.
phpmyadmin-C0564,phpmyadmin,libraries/classes/Table.php,sql_data_access,PASS,pending,NEEDS_MANUAL_ORACLE_REVIEW,No obvious web contract was extracted; existing tests or manual characterization must be mapped.
phpmyadmin-C0565,phpmyadmin,libraries/classes/Theme.php,long_method_or_region,PASS,pending,NEEDS_MANUAL_ORACLE_REVIEW,No obvious web contract was extracted; existing tests or manual characterization must be mapped.
phpmyadmin-C0566,phpmyadmin,libraries/classes/ThemeManager.php,mixed_php_html,PASS,pending,NEEDS_CHARACTERIZATION,Candidate has observable request/output contract but no stable oracle yet.
phpmyadmin-C0567,phpmyadmin,libraries/classes/Tracker.php,sql_data_access,PASS,pending,NEEDS_MANUAL_ORACLE_REVIEW,No obvious web contract was extracted; existing tests or manual characterization must be mapped.
phpmyadmin-C0568,phpmyadmin,libraries/classes/Tracker.php,sql_data_access,PASS,pending,NEEDS_MANUAL_ORACLE_REVIEW,No obvious web contract was extracted; existing tests or manual characterization must be mapped.
phpmyadmin-C0569,phpmyadmin,libraries/classes/Tracker.php,sql_data_access,PASS,pending,NEEDS_MANUAL_ORACLE_REVIEW,No obvious web contract was extracted; existing tests or manual characterization must be mapped.
phpmyadmin-C0570,phpmyadmin,libraries/classes/Tracker.php,sql_data_access,PASS,pending,NEEDS_MANUAL_ORACLE_REVIEW,No obvious web contract was extracted; existing tests or manual characterization must be mapped.
phpmyadmin-C0571,phpmyadmin,libraries/classes/Tracker.php,sql_data_access,PASS,pending,NEEDS_MANUAL_ORACLE_REVIEW,No obvious web contract was extracted; existing tests or manual characterization must be mapped.
phpmyadmin-C0572,phpmyadmin,libraries/classes/Tracker.php,long_method_or_region,PASS,pending,NEEDS_MANUAL_ORACLE_REVIEW,No obvious web contract was extracted; existing tests or manual characterization must be mapped.
phpmyadmin-C0573,phpmyadmin,libraries/classes/Tracking.php,mixed_php_html_sql,PASS,pending,NEEDS_CHARACTERIZATION,Candidate has observable request/output contract but no stable oracle yet.
phpmyadmin-C0574,phpmyadmin,libraries/classes/Tracking.php,long_method_or_region,PASS,pending,NEEDS_CHARACTERIZATION,Candidate has observable request/output contract but no stable oracle yet.
phpmyadmin-C0575,phpmyadmin,libraries/classes/Tracking.php,sql_data_access,PASS,pending,NEEDS_CHARACTERIZATION,Candidate has observable request/output contract but no stable oracle yet.
phpmyadmin-C0576,phpmyadmin,libraries/classes/Tracking.php,long_method_or_region,PASS,pending,NEEDS_CHARACTERIZATION,Candidate has observable request/output contract but no stable oracle yet.
phpmyadmin-C0577,phpmyadmin,libraries/classes/Tracking.php,sql_data_access,PASS,pending,NEEDS_CHARACTERIZATION,Candidate has observable request/output contract but no stable oracle yet.
phpmyadmin-C0578,phpmyadmin,libraries/classes/Tracking.php,long_method_or_region,PASS,pending,NEEDS_CHARACTERIZATION,Candidate has observable request/output contract but no stable oracle yet.
phpmyadmin-C0579,phpmyadmin,libraries/classes/Tracking.php,sql_data_access,PASS,pending,NEEDS_MANUAL_ORACLE_REVIEW,No obvious web contract was extracted; existing tests or manual characterization must be mapped.
phpmyadmin-C0580,phpmyadmin,libraries/classes/Transformations.php,sql_data_access,PASS,pending,NEEDS_MANUAL_ORACLE_REVIEW,No obvious web contract was extracted; existing tests or manual characterization must be mapped.
phpmyadmin-C0581,phpmyadmin,libraries/classes/Transformations.php,long_method_or_region,PASS,pending,NEEDS_MANUAL_ORACLE_REVIEW,No obvious web contract was extracted; existing tests or manual characterization must be mapped.
phpmyadmin-C0582,phpmyadmin,libraries/classes/Transformations.php,sql_data_access,PASS,pending,NEEDS_MANUAL_ORACLE_REVIEW,No obvious web contract was extracted; existing tests or manual characterization must be mapped.
phpmyadmin-C0583,phpmyadmin,libraries/classes/Transformations.php,sql_data_access,PASS,pending,NEEDS_MANUAL_ORACLE_REVIEW,No obvious web contract was extracted; existing tests or manual characterization must be mapped.
phpmyadmin-C0584,phpmyadmin,libraries/classes/TwoFactor.php,session_dependent_logic,PASS,pending,NEEDS_MANUAL_ORACLE_REVIEW,No obvious web contract was extracted; existing tests or manual characterization must be mapped.
phpmyadmin-C0585,phpmyadmin,libraries/classes/Types.php,long_method_or_region,PASS,pending,NEEDS_MANUAL_ORACLE_REVIEW,No obvious web contract was extracted; existing tests or manual characterization must be mapped.
phpmyadmin-C0586,phpmyadmin,libraries/classes/Types.php,long_method_or_region,PASS,pending,NEEDS_MANUAL_ORACLE_REVIEW,No obvious web contract was extracted; existing tests or manual characterization must be mapped.
phpmyadmin-C0587,phpmyadmin,libraries/classes/Types.php,long_method_or_region,PASS,pending,NEEDS_MANUAL_ORACLE_REVIEW,No obvious web contract was extracted; existing tests or manual characterization must be mapped.
phpmyadmin-C0588,phpmyadmin,libraries/classes/Url.php,mixed_php_html,PASS,pending,NEEDS_MANUAL_ORACLE_REVIEW,No obvious web contract was extracted; existing tests or manual characterization must be mapped.
phpmyadmin-C0589,phpmyadmin,libraries/classes/Url.php,long_method_or_region,PASS,pending,NEEDS_MANUAL_ORACLE_REVIEW,No obvious web contract was extracted; existing tests or manual characterization must be mapped.
phpmyadmin-C0590,phpmyadmin,libraries/classes/Url.php,session_dependent_logic,PASS,pending,NEEDS_MANUAL_ORACLE_REVIEW,No obvious web contract was extracted; existing tests or manual characterization must be mapped.
phpmyadmin-C0591,phpmyadmin,libraries/classes/UserPassword.php,mixed_php_html_sql,PASS,pending,NEEDS_CHARACTERIZATION,Candidate has observable request/output contract but no stable oracle yet.
phpmyadmin-C0592,phpmyadmin,libraries/classes/UserPassword.php,sql_data_access,PASS,pending,NEEDS_CHARACTERIZATION,Candidate has observable request/output contract but no stable oracle yet.
phpmyadmin-C0593,phpmyadmin,libraries/classes/UserPreferences.php,session_dependent_logic,PASS,pending,NEEDS_CHARACTERIZATION,Candidate has observable request/output contract but no stable oracle yet.
phpmyadmin-C0594,phpmyadmin,libraries/classes/UserPreferences.php,session_dependent_logic,PASS,pending,NEEDS_MANUAL_ORACLE_REVIEW,No obvious web contract was extracted; existing tests or manual characterization must be mapped.
phpmyadmin-C0595,phpmyadmin,libraries/classes/Util.php,mixed_php_html_sql,PASS,pending,NEEDS_CHARACTERIZATION,Candidate has observable request/output contract but no stable oracle yet.
phpmyadmin-C0596,phpmyadmin,libraries/classes/Util.php,long_method_or_region,PASS,pending,NEEDS_CHARACTERIZATION,Candidate has observable request/output contract but no stable oracle yet.
phpmyadmin-C0597,phpmyadmin,libraries/classes/Util.php,session_dependent_logic,PASS,pending,NEEDS_CHARACTERIZATION,Candidate has observable request/output contract but no stable oracle yet.
phpmyadmin-C0598,phpmyadmin,libraries/classes/Util.php,long_method_or_region,PASS,pending,NEEDS_MANUAL_ORACLE_REVIEW,No obvious web contract was extracted; existing tests or manual characterization must be mapped.
phpmyadmin-C0599,phpmyadmin,libraries/classes/Util.php,session_dependent_logic,PASS,pending,NEEDS_CHARACTERIZATION,Candidate has observable request/output contract but no stable oracle yet.
phpmyadmin-C0600,phpmyadmin,libraries/classes/Util.php,long_method_or_region,PASS,pending,NEEDS_MANUAL_ORACLE_REVIEW,No obvious web contract was extracted; existing tests or manual characterization must be mapped.
phpmyadmin-C0601,phpmyadmin,libraries/classes/Util.php,long_method_or_region,PASS,pending,NEEDS_MANUAL_ORACLE_REVIEW,No obvious web contract was extracted; existing tests or manual characterization must be mapped.
phpmyadmin-C0602,phpmyadmin,libraries/classes/Util.php,long_method_or_region,PASS,pending,NEEDS_CHARACTERIZATION,Candidate has observable request/output contract but no stable oracle yet.
phpmyadmin-C0603,phpmyadmin,libraries/classes/Util.php,long_method_or_region,PASS,pending,NEEDS_MANUAL_ORACLE_REVIEW,No obvious web contract was extracted; existing tests or manual characterization must be mapped.
phpmyadmin-C0604,phpmyadmin,libraries/classes/Util.php,sql_data_access,PASS,pending,NEEDS_MANUAL_ORACLE_REVIEW,No obvious web contract was extracted; existing tests or manual characterization must be mapped.
phpmyadmin-C0605,phpmyadmin,libraries/classes/Util.php,long_method_or_region,PASS,pending,NEEDS_CHARACTERIZATION,Candidate has observable request/output contract but no stable oracle yet.
phpmyadmin-C0606,phpmyadmin,libraries/classes/Util.php,long_method_or_region,PASS,pending,NEEDS_CHARACTERIZATION,Candidate has observable request/output contract but no stable oracle yet.
phpmyadmin-C0607,phpmyadmin,libraries/classes/Util.php,long_method_or_region,PASS,pending,NEEDS_MANUAL_ORACLE_REVIEW,No obvious web contract was extracted; existing tests or manual characterization must be mapped.
phpmyadmin-C0608,phpmyadmin,libraries/classes/Util.php,long_method_or_region,PASS,pending,NEEDS_MANUAL_ORACLE_REVIEW,No obvious web contract was extracted; existing tests or manual characterization must be mapped.
phpmyadmin-C0609,phpmyadmin,libraries/classes/Util.php,long_method_or_region,PASS,pending,NEEDS_MANUAL_ORACLE_REVIEW,No obvious web contract was extracted; existing tests or manual characterization must be mapped.
phpmyadmin-C0610,phpmyadmin,libraries/classes/Util.php,long_method_or_region,PASS,pending,NEEDS_CHARACTERIZATION,Candidate has observable request/output contract but no stable oracle yet.
phpmyadmin-C0611,phpmyadmin,libraries/classes/Util.php,long_method_or_region,PASS,pending,NEEDS_MANUAL_ORACLE_REVIEW,No obvious web contract was extracted; existing tests or manual characterization must be mapped.
phpmyadmin-C0612,phpmyadmin,libraries/classes/Util.php,long_method_or_region,PASS,pending,NEEDS_MANUAL_ORACLE_REVIEW,No obvious web contract was extracted; existing tests or manual characterization must be mapped.
phpmyadmin-C0613,phpmyadmin,libraries/classes/Util.php,long_method_or_region,PASS,pending,NEEDS_MANUAL_ORACLE_REVIEW,No obvious web contract was extracted; existing tests or manual characterization must be mapped.
phpmyadmin-C0614,phpmyadmin,libraries/classes/Util.php,long_method_or_region,PASS,pending,NEEDS_MANUAL_ORACLE_REVIEW,No obvious web contract was extracted; existing tests or manual characterization must be mapped.
phpmyadmin-C0615,phpmyadmin,libraries/classes/Util.php,sql_data_access,PASS,pending,NEEDS_MANUAL_ORACLE_REVIEW,No obvious web contract was extracted; existing tests or manual characterization must be mapped.
phpmyadmin-C0616,phpmyadmin,libraries/classes/Util.php,long_method_or_region,PASS,pending,NEEDS_MANUAL_ORACLE_REVIEW,No obvious web contract was extracted; existing tests or manual characterization must be mapped.
phpmyadmin-C0617,phpmyadmin,libraries/classes/Util.php,long_method_or_region,PASS,pending,NEEDS_MANUAL_ORACLE_REVIEW,No obvious web contract was extracted; existing tests or manual characterization must be mapped.
phpmyadmin-C0618,phpmyadmin,libraries/classes/Util.php,long_method_or_region,PASS,pending,NEEDS_MANUAL_ORACLE_REVIEW,No obvious web contract was extracted; existing tests or manual characterization must be mapped.
phpmyadmin-C0619,phpmyadmin,libraries/classes/Util.php,session_dependent_logic,PASS,pending,NEEDS_CHARACTERIZATION,Candidate has observable request/output contract but no stable oracle yet.
phpmyadmin-C0620,phpmyadmin,libraries/classes/Util.php,long_method_or_region,PASS,pending,NEEDS_CHARACTERIZATION,Candidate has observable request/output contract but no stable oracle yet.
phpmyadmin-C0621,phpmyadmin,libraries/classes/VersionInformation.php,session_dependent_logic,PASS,pending,NEEDS_MANUAL_ORACLE_REVIEW,No obvious web contract was extracted; existing tests or manual characterization must be mapped.
phpmyadmin-C0622,phpmyadmin,libraries/classes/VersionInformation.php,session_dependent_logic,PASS,pending,NEEDS_MANUAL_ORACLE_REVIEW,No obvious web contract was extracted; existing tests or manual characterization must be mapped.
phpmyadmin-C0623,phpmyadmin,libraries/classes/VersionInformation.php,long_method_or_region,PASS,pending,NEEDS_MANUAL_ORACLE_REVIEW,No obvious web contract was extracted; existing tests or manual characterization must be mapped.
phpmyadmin-C0624,phpmyadmin,libraries/classes/ZipExtension.php,long_method_or_region,PASS,pending,NEEDS_MANUAL_ORACLE_REVIEW,No obvious web contract was extracted; existing tests or manual characterization must be mapped.
phpmyadmin-C0625,phpmyadmin,libraries/classes/ZipExtension.php,long_method_or_region,PASS,pending,NEEDS_MANUAL_ORACLE_REVIEW,No obvious web contract was extracted; existing tests or manual characterization must be mapped.
phpmyadmin-C0626,phpmyadmin,libraries/rte/rte_main.inc.php,long_method_or_region,PASS,pending,NEEDS_CHARACTERIZATION,Candidate has observable request/output contract but no stable oracle yet.
phpmyadmin-C0627,phpmyadmin,libraries/classes/Config/ConfigFile.php,session_dependent_logic,PASS,pending,NEEDS_MANUAL_ORACLE_REVIEW,No obvious web contract was extracted; existing tests or manual characterization must be mapped.
phpmyadmin-C0628,phpmyadmin,libraries/classes/Config/ConfigFile.php,session_dependent_logic,PASS,pending,NEEDS_MANUAL_ORACLE_REVIEW,No obvious web contract was extracted; existing tests or manual characterization must be mapped.
phpmyadmin-C0629,phpmyadmin,libraries/classes/Config/Descriptions.php,sql_data_access,PASS,pending,NEEDS_MANUAL_ORACLE_REVIEW,No obvious web contract was extracted; existing tests or manual characterization must be mapped.
phpmyadmin-C0630,phpmyadmin,libraries/classes/Config/Descriptions.php,sql_data_access,PASS,pending,NEEDS_MANUAL_ORACLE_REVIEW,No obvious web contract was extracted; existing tests or manual characterization must be mapped.
phpmyadmin-C0631,phpmyadmin,libraries/classes/Config/Form.php,sql_data_access,PASS,pending,NEEDS_MANUAL_ORACLE_REVIEW,No obvious web contract was extracted; existing tests or manual characterization must be mapped.
phpmyadmin-C0632,phpmyadmin,libraries/classes/Config/Form.php,sql_data_access,PASS,pending,NEEDS_MANUAL_ORACLE_REVIEW,No obvious web contract was extracted; existing tests or manual characterization must be mapped.
phpmyadmin-C0633,phpmyadmin,libraries/classes/Config/FormDisplay.php,long_method_or_region,PASS,pending,NEEDS_CHARACTERIZATION,Candidate has observable request/output contract but no stable oracle yet.
phpmyadmin-C0634,phpmyadmin,libraries/classes/Config/FormDisplay.php,long_method_or_region,PASS,pending,NEEDS_MANUAL_ORACLE_REVIEW,No obvious web contract was extracted; existing tests or manual characterization must be mapped.
phpmyadmin-C0635,phpmyadmin,libraries/classes/Config/FormDisplay.php,long_method_or_region,PASS,pending,NEEDS_MANUAL_ORACLE_REVIEW,No obvious web contract was extracted; existing tests or manual characterization must be mapped.
phpmyadmin-C0636,phpmyadmin,libraries/classes/Config/FormDisplay.php,long_method_or_region,PASS,pending,NEEDS_MANUAL_ORACLE_REVIEW,No obvious web contract was extracted; existing tests or manual characterization must be mapped.
phpmyadmin-C0637,phpmyadmin,libraries/classes/Config/FormDisplay.php,long_method_or_region,PASS,pending,NEEDS_MANUAL_ORACLE_REVIEW,No obvious web contract was extracted; existing tests or manual characterization must be mapped.
phpmyadmin-C0638,phpmyadmin,libraries/classes/Config/FormDisplay.php,long_method_or_region,PASS,pending,NEEDS_MANUAL_ORACLE_REVIEW,No obvious web contract was extracted; existing tests or manual characterization must be mapped.
phpmyadmin-C0639,phpmyadmin,libraries/classes/Config/FormDisplayTemplate.php,mixed_php_html,PASS,pending,NEEDS_CHARACTERIZATION,Candidate has observable request/output contract but no stable oracle yet.
phpmyadmin-C0640,phpmyadmin,libraries/classes/Config/FormDisplayTemplate.php,long_method_or_region,PASS,pending,NEEDS_CHARACTERIZATION,Candidate has observable request/output contract but no stable oracle yet.
phpmyadmin-C0641,phpmyadmin,libraries/classes/Config/PageSettings.php,form_handling,PASS,pending,NEEDS_CHARACTERIZATION,Candidate has observable request/output contract but no stable oracle yet.
phpmyadmin-C0642,phpmyadmin,libraries/classes/Config/ServerConfigChecks.php,long_method_or_region,PASS,pending,NEEDS_MANUAL_ORACLE_REVIEW,No obvious web contract was extracted; existing tests or manual characterization must be mapped.
phpmyadmin-C0643,phpmyadmin,libraries/classes/Config/Validator.php,long_method_or_region,PASS,pending,NEEDS_MANUAL_ORACLE_REVIEW,No obvious web contract was extracted; existing tests or manual characterization must be mapped.
phpmyadmin-C0644,phpmyadmin,libraries/classes/Config/Validator.php,long_method_or_region,PASS,pending,NEEDS_MANUAL_ORACLE_REVIEW,No obvious web contract was extracted; existing tests or manual characterization must be mapped.
phpmyadmin-C0645,phpmyadmin,libraries/classes/Config/Validator.php,long_method_or_region,PASS,pending,NEEDS_MANUAL_ORACLE_REVIEW,No obvious web contract was extracted; existing tests or manual characterization must be mapped.
phpmyadmin-C0646,phpmyadmin,libraries/classes/Config/Validator.php,long_method_or_region,PASS,pending,NEEDS_MANUAL_ORACLE_REVIEW,No obvious web contract was extracted; existing tests or manual characterization must be mapped.
phpmyadmin-C0647,phpmyadmin,libraries/classes/Config/Validator.php,long_method_or_region,PASS,pending,NEEDS_MANUAL_ORACLE_REVIEW,No obvious web contract was extracted; existing tests or manual characterization must be mapped.
phpmyadmin-C0648,phpmyadmin,libraries/classes/Config/Validator.php,long_method_or_region,PASS,pending,NEEDS_MANUAL_ORACLE_REVIEW,No obvious web contract was extracted; existing tests or manual characterization must be mapped.
phpmyadmin-C0649,phpmyadmin,libraries/classes/Database/Designer.php,sql_data_access,PASS,pending,NEEDS_CHARACTERIZATION,Candidate has observable request/output contract but no stable oracle yet.
phpmyadmin-C0650,phpmyadmin,libraries/classes/Database/Qbe.php,mixed_php_html_sql,PASS,pending,NEEDS_CHARACTERIZATION,Candidate has observable request/output contract but no stable oracle yet.
phpmyadmin-C0651,phpmyadmin,libraries/classes/Database/Qbe.php,long_method_or_region,PASS,pending,NEEDS_CHARACTERIZATION,Candidate has observable request/output contract but no stable oracle yet.
phpmyadmin-C0652,phpmyadmin,libraries/classes/Database/Qbe.php,long_method_or_region,PASS,pending,NEEDS_CHARACTERIZATION,Candidate has observable request/output contract but no stable oracle yet.
phpmyadmin-C0653,phpmyadmin,libraries/classes/Database/Qbe.php,long_method_or_region,PASS,pending,NEEDS_CHARACTERIZATION,Candidate has observable request/output contract but no stable oracle yet.
phpmyadmin-C0654,phpmyadmin,libraries/classes/Database/Qbe.php,long_method_or_region,PASS,pending,NEEDS_MANUAL_ORACLE_REVIEW,No obvious web contract was extracted; existing tests or manual characterization must be mapped.
phpmyadmin-C0655,phpmyadmin,libraries/classes/Database/Qbe.php,long_method_or_region,PASS,pending,NEEDS_MANUAL_ORACLE_REVIEW,No obvious web contract was extracted; existing tests or manual characterization must be mapped.
phpmyadmin-C0656,phpmyadmin,libraries/classes/Database/Qbe.php,long_method_or_region,PASS,pending,NEEDS_MANUAL_ORACLE_REVIEW,No obvious web contract was extracted; existing tests or manual characterization must be mapped.
phpmyadmin-C0657,phpmyadmin,libraries/classes/Database/Qbe.php,long_method_or_region,PASS,pending,NEEDS_MANUAL_ORACLE_REVIEW,No obvious web contract was extracted; existing tests or manual characterization must be mapped.
phpmyadmin-C0658,phpmyadmin,libraries/classes/Database/Qbe.php,long_method_or_region,PASS,pending,NEEDS_MANUAL_ORACLE_REVIEW,No obvious web contract was extracted; existing tests or manual characterization must be mapped.
phpmyadmin-C0659,phpmyadmin,libraries/classes/Database/Search.php,long_method_or_region,PASS,pending,NEEDS_CHARACTERIZATION,Candidate has observable request/output contract but no stable oracle yet.
phpmyadmin-C0660,phpmyadmin,libraries/classes/Database/Search.php,long_method_or_region,PASS,pending,NEEDS_MANUAL_ORACLE_REVIEW,No obvious web contract was extracted; existing tests or manual characterization must be mapped.
phpmyadmin-C0661,phpmyadmin,libraries/classes/Dbi/DbiDummy.php,sql_data_access,PASS,pending,NEEDS_MANUAL_ORACLE_REVIEW,No obvious web contract was extracted; existing tests or manual characterization must be mapped.
phpmyadmin-C0662,phpmyadmin,libraries/classes/Dbi/DbiMysql.php,sql_data_access,PASS,pending,NEEDS_MANUAL_ORACLE_REVIEW,No obvious web contract was extracted; existing tests or manual characterization must be mapped.
phpmyadmin-C0663,phpmyadmin,libraries/classes/Dbi/DbiMysqli.php,sql_data_access,PASS,pending,NEEDS_MANUAL_ORACLE_REVIEW,No obvious web contract was extracted; existing tests or manual characterization must be mapped.
phpmyadmin-C0664,phpmyadmin,libraries/classes/Dbi/DbiMysqli.php,long_method_or_region,PASS,pending,NEEDS_MANUAL_ORACLE_REVIEW,No obvious web contract was extracted; existing tests or manual characterization must be mapped.
phpmyadmin-C0665,phpmyadmin,libraries/classes/Display/ChangePassword.php,mixed_php_html,PASS,pending,NEEDS_CHARACTERIZATION,Candidate has observable request/output contract but no stable oracle yet.
phpmyadmin-C0666,phpmyadmin,libraries/classes/Display/ChangePassword.php,long_method_or_region,PASS,pending,NEEDS_CHARACTERIZATION,Candidate has observable request/output contract but no stable oracle yet.
phpmyadmin-C0667,phpmyadmin,libraries/classes/Display/Export.php,mixed_php_html_sql,PASS,pending,NEEDS_CHARACTERIZATION,Candidate has observable request/output contract but no stable oracle yet.
phpmyadmin-C0668,phpmyadmin,libraries/classes/Display/Export.php,session_dependent_logic,PASS,pending,NEEDS_CHARACTERIZATION,Candidate has observable request/output contract but no stable oracle yet.
phpmyadmin-C0669,phpmyadmin,libraries/classes/Display/Export.php,session_dependent_logic,PASS,pending,NEEDS_CHARACTERIZATION,Candidate has observable request/output contract but no stable oracle yet.
phpmyadmin-C0670,phpmyadmin,libraries/classes/Display/Export.php,sql_data_access,PASS,pending,NEEDS_CHARACTERIZATION,Candidate has observable request/output contract but no stable oracle yet.
phpmyadmin-C0671,phpmyadmin,libraries/classes/Display/Import.php,session_dependent_logic,PASS,pending,NEEDS_CHARACTERIZATION,Candidate has observable request/output contract but no stable oracle yet.
phpmyadmin-C0672,phpmyadmin,libraries/classes/Display/Import.php,session_dependent_logic,PASS,pending,NEEDS_CHARACTERIZATION,Candidate has observable request/output contract but no stable oracle yet.
phpmyadmin-C0673,phpmyadmin,libraries/classes/Display/ImportAjax.php,session_dependent_logic,PASS,pending,NEEDS_MANUAL_ORACLE_REVIEW,No obvious web contract was extracted; existing tests or manual characterization must be mapped.
phpmyadmin-C0674,phpmyadmin,libraries/classes/Display/ImportAjax.php,session_dependent_logic,PASS,pending,NEEDS_MANUAL_ORACLE_REVIEW,No obvious web contract was extracted; existing tests or manual characterization must be mapped.
phpmyadmin-C0675,phpmyadmin,libraries/classes/Display/Results.php,mixed_php_html_sql,PASS,pending,NEEDS_CHARACTERIZATION,Candidate has observable request/output contract but no stable oracle yet.
phpmyadmin-C0676,phpmyadmin,libraries/classes/Display/Results.php,long_method_or_region,PASS,pending,NEEDS_MANUAL_ORACLE_REVIEW,No obvious web contract was extracted; existing tests or manual characterization must be mapped.
phpmyadmin-C0677,phpmyadmin,libraries/classes/Display/Results.php,long_method_or_region,PASS,pending,NEEDS_MANUAL_ORACLE_REVIEW,No obvious web contract was extracted; existing tests or manual characterization must be mapped.
phpmyadmin-C0678,phpmyadmin,libraries/classes/Display/Results.php,sql_data_access,PASS,pending,NEEDS_MANUAL_ORACLE_REVIEW,No obvious web contract was extracted; existing tests or manual characterization must be mapped.
phpmyadmin-C0679,phpmyadmin,libraries/classes/Display/Results.php,session_dependent_logic,PASS,pending,NEEDS_CHARACTERIZATION,Candidate has observable request/output contract but no stable oracle yet.
phpmyadmin-C0680,phpmyadmin,libraries/classes/Display/Results.php,session_dependent_logic,PASS,pending,NEEDS_CHARACTERIZATION,Candidate has observable request/output contract but no stable oracle yet.
phpmyadmin-C0681,phpmyadmin,libraries/classes/Display/Results.php,session_dependent_logic,PASS,pending,NEEDS_CHARACTERIZATION,Candidate has observable request/output contract but no stable oracle yet.
phpmyadmin-C0682,phpmyadmin,libraries/classes/Display/Results.php,session_dependent_logic,PASS,pending,NEEDS_MANUAL_ORACLE_REVIEW,No obvious web contract was extracted; existing tests or manual characterization must be mapped.
phpmyadmin-C0683,phpmyadmin,libraries/classes/Display/Results.php,session_dependent_logic,PASS,pending,NEEDS_CHARACTERIZATION,Candidate has observable request/output contract but no stable oracle yet.
phpmyadmin-C0684,phpmyadmin,libraries/classes/Display/Results.php,long_method_or_region,PASS,pending,NEEDS_CHARACTERIZATION,Candidate has observable request/output contract but no stable oracle yet.
phpmyadmin-C0685,phpmyadmin,libraries/classes/Display/Results.php,long_method_or_region,PASS,pending,NEEDS_CHARACTERIZATION,Candidate has observable request/output contract but no stable oracle yet.
phpmyadmin-C0686,phpmyadmin,libraries/classes/Display/Results.php,session_dependent_logic,PASS,pending,NEEDS_CHARACTERIZATION,Candidate has observable request/output contract but no stable oracle yet.
phpmyadmin-C0687,phpmyadmin,libraries/classes/Display/Results.php,sql_data_access,PASS,pending,NEEDS_MANUAL_ORACLE_REVIEW,No obvious web contract was extracted; existing tests or manual characterization must be mapped.
phpmyadmin-C0688,phpmyadmin,libraries/classes/Display/Results.php,long_method_or_region,PASS,pending,NEEDS_MANUAL_ORACLE_REVIEW,No obvious web contract was extracted; existing tests or manual characterization must be mapped.
phpmyadmin-C0689,phpmyadmin,libraries/classes/Display/Results.php,sql_data_access,PASS,pending,NEEDS_MANUAL_ORACLE_REVIEW,No obvious web contract was extracted; existing tests or manual characterization must be mapped.
phpmyadmin-C0690,phpmyadmin,libraries/classes/Display/Results.php,session_dependent_logic,PASS,pending,NEEDS_MANUAL_ORACLE_REVIEW,No obvious web contract was extracted; existing tests or manual characterization must be mapped.
phpmyadmin-C0691,phpmyadmin,libraries/classes/Display/Results.php,session_dependent_logic,PASS,pending,NEEDS_MANUAL_ORACLE_REVIEW,No obvious web contract was extracted; existing tests or manual characterization must be mapped.
phpmyadmin-C0692,phpmyadmin,libraries/classes/Display/Results.php,session_dependent_logic,PASS,pending,NEEDS_MANUAL_ORACLE_REVIEW,No obvious web contract was extracted; existing tests or manual characterization must be mapped.
phpmyadmin-C0693,phpmyadmin,libraries/classes/Display/Results.php,sql_data_access,PASS,pending,NEEDS_MANUAL_ORACLE_REVIEW,No obvious web contract was extracted; existing tests or manual characterization must be mapped.
phpmyadmin-C0694,phpmyadmin,libraries/classes/Display/Results.php,sql_data_access,PASS,pending,NEEDS_MANUAL_ORACLE_REVIEW,No obvious web contract was extracted; existing tests or manual characterization must be mapped.
phpmyadmin-C0695,phpmyadmin,libraries/classes/Display/Results.php,sql_data_access,PASS,pending,NEEDS_MANUAL_ORACLE_REVIEW,No obvious web contract was extracted; existing tests or manual characterization must be mapped.
phpmyadmin-C0696,phpmyadmin,libraries/classes/Display/Results.php,long_method_or_region,PASS,pending,NEEDS_CHARACTERIZATION,Candidate has observable request/output contract but no stable oracle yet.
phpmyadmin-C0697,phpmyadmin,libraries/classes/Display/Results.php,session_dependent_logic,PASS,pending,NEEDS_MANUAL_ORACLE_REVIEW,No obvious web contract was extracted; existing tests or manual characterization must be mapped.
phpmyadmin-C0698,phpmyadmin,libraries/classes/Display/Results.php,long_method_or_region,PASS,pending,NEEDS_MANUAL_ORACLE_REVIEW,No obvious web contract was extracted; existing tests or manual characterization must be mapped.
phpmyadmin-C0699,phpmyadmin,libraries/classes/Display/Results.php,session_dependent_logic,PASS,pending,NEEDS_CHARACTERIZATION,Candidate has observable request/output contract but no stable oracle yet.
phpmyadmin-C0700,phpmyadmin,libraries/classes/Display/Results.php,long_method_or_region,PASS,pending,NEEDS_MANUAL_ORACLE_REVIEW,No obvious web contract was extracted; existing tests or manual characterization must be mapped.
phpmyadmin-C0701,phpmyadmin,libraries/classes/Display/Results.php,session_dependent_logic,PASS,pending,NEEDS_MANUAL_ORACLE_REVIEW,No obvious web contract was extracted; existing tests or manual characterization must be mapped.
phpmyadmin-C0702,phpmyadmin,libraries/classes/Display/Results.php,long_method_or_region,PASS,pending,NEEDS_MANUAL_ORACLE_REVIEW,No obvious web contract was extracted; existing tests or manual characterization must be mapped.
phpmyadmin-C0703,phpmyadmin,libraries/classes/Display/Results.php,session_dependent_logic,PASS,pending,NEEDS_MANUAL_ORACLE_REVIEW,No obvious web contract was extracted; existing tests or manual characterization must be mapped.
phpmyadmin-C0704,phpmyadmin,libraries/classes/Display/Results.php,long_method_or_region,PASS,pending,NEEDS_MANUAL_ORACLE_REVIEW,No obvious web contract was extracted; existing tests or manual characterization must be mapped.
phpmyadmin-C0705,phpmyadmin,libraries/classes/Display/Results.php,long_method_or_region,PASS,pending,NEEDS_CHARACTERIZATION,Candidate has observable request/output contract but no stable oracle yet.
phpmyadmin-C0706,phpmyadmin,libraries/classes/Display/Results.php,sql_data_access,PASS,pending,NEEDS_CHARACTERIZATION,Candidate has observable request/output contract but no stable oracle yet.
phpmyadmin-C0707,phpmyadmin,libraries/classes/Display/Results.php,session_dependent_logic,PASS,pending,NEEDS_CHARACTERIZATION,Candidate has observable request/output contract but no stable oracle yet.
phpmyadmin-C0708,phpmyadmin,libraries/classes/Display/Results.php,sql_data_access,PASS,pending,NEEDS_MANUAL_ORACLE_REVIEW,No obvious web contract was extracted; existing tests or manual characterization must be mapped.
phpmyadmin-C0709,phpmyadmin,libraries/classes/Display/Results.php,session_dependent_logic,PASS,pending,NEEDS_MANUAL_ORACLE_REVIEW,No obvious web contract was extracted; existing tests or manual characterization must be mapped.
phpmyadmin-C0710,phpmyadmin,libraries/classes/Display/Results.php,long_method_or_region,PASS,pending,NEEDS_CHARACTERIZATION,Candidate has observable request/output contract but no stable oracle yet.
phpmyadmin-C0711,phpmyadmin,libraries/classes/Engines/Innodb.php,mixed_php_html,PASS,pending,NEEDS_CHARACTERIZATION,Candidate has observable request/output contract but no stable oracle yet.
phpmyadmin-C0712,phpmyadmin,libraries/classes/Engines/Innodb.php,long_method_or_region,PASS,pending,NEEDS_CHARACTERIZATION,Candidate has observable request/output contract but no stable oracle yet.
phpmyadmin-C0713,phpmyadmin,libraries/classes/Engines/Pbxt.php,long_method_or_region,PASS,pending,NEEDS_MANUAL_ORACLE_REVIEW,No obvious web contract was extracted; existing tests or manual characterization must be mapped.
phpmyadmin-C0714,phpmyadmin,libraries/classes/Gis/GisGeometryCollection.php,long_method_or_region,PASS,pending,NEEDS_MANUAL_ORACLE_REVIEW,No obvious web contract was extracted; existing tests or manual characterization must be mapped.
phpmyadmin-C0715,phpmyadmin,libraries/classes/Gis/GisMultiLineString.php,long_method_or_region,PASS,pending,NEEDS_MANUAL_ORACLE_REVIEW,No obvious web contract was extracted; existing tests or manual characterization must be mapped.
phpmyadmin-C0716,phpmyadmin,libraries/classes/Gis/GisMultiPolygon.php,long_method_or_region,PASS,pending,NEEDS_MANUAL_ORACLE_REVIEW,No obvious web contract was extracted; existing tests or manual characterization must be mapped.
phpmyadmin-C0717,phpmyadmin,libraries/classes/Gis/GisMultiPolygon.php,long_method_or_region,PASS,pending,NEEDS_MANUAL_ORACLE_REVIEW,No obvious web contract was extracted; existing tests or manual characterization must be mapped.
phpmyadmin-C0718,phpmyadmin,libraries/classes/Gis/GisMultiPolygon.php,long_method_or_region,PASS,pending,NEEDS_MANUAL_ORACLE_REVIEW,No obvious web contract was extracted; existing tests or manual characterization must be mapped.
phpmyadmin-C0719,phpmyadmin,libraries/classes/Gis/GisMultiPolygon.php,long_method_or_region,PASS,pending,NEEDS_MANUAL_ORACLE_REVIEW,No obvious web contract was extracted; existing tests or manual characterization must be mapped.
phpmyadmin-C0720,phpmyadmin,libraries/classes/Gis/GisPolygon.php,long_method_or_region,PASS,pending,NEEDS_MANUAL_ORACLE_REVIEW,No obvious web contract was extracted; existing tests or manual characterization must be mapped.
phpmyadmin-C0721,phpmyadmin,libraries/classes/Gis/GisVisualization.php,sql_data_access,PASS,pending,NEEDS_CHARACTERIZATION,Candidate has observable request/output contract but no stable oracle yet.
phpmyadmin-C0722,phpmyadmin,libraries/classes/Gis/GisVisualization.php,long_method_or_region,PASS,pending,NEEDS_MANUAL_ORACLE_REVIEW,No obvious web contract was extracted; existing tests or manual characterization must be mapped.
phpmyadmin-C0723,phpmyadmin,libraries/classes/Navigation/Navigation.php,mixed_php_html_sql,PASS,pending,NEEDS_CHARACTERIZATION,Candidate has observable request/output contract but no stable oracle yet.
phpmyadmin-C0724,phpmyadmin,libraries/classes/Navigation/Navigation.php,sql_data_access,PASS,pending,NEEDS_CHARACTERIZATION,Candidate has observable request/output contract but no stable oracle yet.
phpmyadmin-C0725,phpmyadmin,libraries/classes/Navigation/NavigationHeader.php,mixed_php_html,PASS,pending,NEEDS_CHARACTERIZATION,Candidate has observable request/output contract but no stable oracle yet.
phpmyadmin-C0726,phpmyadmin,libraries/classes/Navigation/NavigationHeader.php,long_method_or_region,PASS,pending,NEEDS_CHARACTERIZATION,Candidate has observable request/output contract but no stable oracle yet.
phpmyadmin-C0727,phpmyadmin,libraries/classes/Navigation/NavigationTree.php,mixed_php_html_sql,PASS,pending,NEEDS_CHARACTERIZATION,Candidate has observable request/output contract but no stable oracle yet.
phpmyadmin-C0728,phpmyadmin,libraries/classes/Navigation/NavigationTree.php,long_method_or_region,PASS,pending,NEEDS_CHARACTERIZATION,Candidate has observable request/output contract but no stable oracle yet.
phpmyadmin-C0729,phpmyadmin,libraries/classes/Navigation/NavigationTree.php,sql_data_access,PASS,pending,NEEDS_MANUAL_ORACLE_REVIEW,No obvious web contract was extracted; existing tests or manual characterization must be mapped.
phpmyadmin-C0730,phpmyadmin,libraries/classes/Navigation/NavigationTree.php,long_method_or_region,PASS,pending,NEEDS_MANUAL_ORACLE_REVIEW,No obvious web contract was extracted; existing tests or manual characterization must be mapped.
phpmyadmin-C0731,phpmyadmin,libraries/classes/Navigation/NavigationTree.php,long_method_or_region,PASS,pending,NEEDS_MANUAL_ORACLE_REVIEW,No obvious web contract was extracted; existing tests or manual characterization must be mapped.
phpmyadmin-C0732,phpmyadmin,libraries/classes/Navigation/NavigationTree.php,long_method_or_region,PASS,pending,NEEDS_MANUAL_ORACLE_REVIEW,No obvious web contract was extracted; existing tests or manual characterization must be mapped.
phpmyadmin-C0733,phpmyadmin,libraries/classes/Navigation/NavigationTree.php,long_method_or_region,PASS,pending,NEEDS_MANUAL_ORACLE_REVIEW,No obvious web contract was extracted; existing tests or manual characterization must be mapped.
phpmyadmin-C0734,phpmyadmin,libraries/classes/Navigation/NavigationTree.php,long_method_or_region,PASS,pending,NEEDS_CHARACTERIZATION,Candidate has observable request/output contract but no stable oracle yet.
phpmyadmin-C0735,phpmyadmin,libraries/classes/Navigation/NavigationTree.php,long_method_or_region,PASS,pending,NEEDS_CHARACTERIZATION,Candidate has observable request/output contract but no stable oracle yet.
phpmyadmin-C0736,phpmyadmin,libraries/classes/Navigation/NavigationTree.php,long_method_or_region,PASS,pending,NEEDS_CHARACTERIZATION,Candidate has observable request/output contract but no stable oracle yet.
phpmyadmin-C0737,phpmyadmin,libraries/classes/Plugins/AuthenticationPlugin.php,session_dependent_logic,PASS,pending,NEEDS_CHARACTERIZATION,Candidate has observable request/output contract but no stable oracle yet.
phpmyadmin-C0738,phpmyadmin,libraries/classes/Plugins/AuthenticationPlugin.php,session_dependent_logic,PASS,pending,NEEDS_MANUAL_ORACLE_REVIEW,No obvious web contract was extracted; existing tests or manual characterization must be mapped.
phpmyadmin-C0739,phpmyadmin,libraries/classes/Plugins/AuthenticationPlugin.php,long_method_or_region,PASS,pending,NEEDS_MANUAL_ORACLE_REVIEW,No obvious web contract was extracted; existing tests or manual characterization must be mapped.
phpmyadmin-C0740,phpmyadmin,libraries/classes/Plugins/ExportPlugin.php,long_method_or_region,PASS,pending,NEEDS_MANUAL_ORACLE_REVIEW,No obvious web contract was extracted; existing tests or manual characterization must be mapped.
phpmyadmin-C0741,phpmyadmin,libraries/classes/Rte/Events.php,mixed_php_html_sql,PASS,pending,NEEDS_CHARACTERIZATION,Candidate has observable request/output contract but no stable oracle yet.
phpmyadmin-C0742,phpmyadmin,libraries/classes/Rte/Events.php,long_method_or_region,PASS,pending,NEEDS_CHARACTERIZATION,Candidate has observable request/output contract but no stable oracle yet.
phpmyadmin-C0743,phpmyadmin,libraries/classes/Rte/Events.php,sql_data_access,PASS,pending,NEEDS_MANUAL_ORACLE_REVIEW,No obvious web contract was extracted; existing tests or manual characterization must be mapped.
phpmyadmin-C0744,phpmyadmin,libraries/classes/Rte/Events.php,sql_data_access,PASS,pending,NEEDS_CHARACTERIZATION,Candidate has observable request/output contract but no stable oracle yet.
phpmyadmin-C0745,phpmyadmin,libraries/classes/Rte/Events.php,long_method_or_region,PASS,pending,NEEDS_CHARACTERIZATION,Candidate has observable request/output contract but no stable oracle yet.
phpmyadmin-C0746,phpmyadmin,libraries/classes/Rte/Export.php,long_method_or_region,PASS,pending,NEEDS_CHARACTERIZATION,Candidate has observable request/output contract but no stable oracle yet.
phpmyadmin-C0747,phpmyadmin,libraries/classes/Rte/Footer.php,mixed_php_html,PASS,pending,NEEDS_CHARACTERIZATION,Candidate has observable request/output contract but no stable oracle yet.
phpmyadmin-C0748,phpmyadmin,libraries/classes/Rte/Routines.php,mixed_php_html_sql,PASS,pending,NEEDS_CHARACTERIZATION,Candidate has observable request/output contract but no stable oracle yet.
phpmyadmin-C0749,phpmyadmin,libraries/classes/Rte/Routines.php,long_method_or_region,PASS,pending,NEEDS_CHARACTERIZATION,Candidate has observable request/output contract but no stable oracle yet.
phpmyadmin-C0750,phpmyadmin,libraries/classes/Rte/Routines.php,long_method_or_region,PASS,pending,NEEDS_CHARACTERIZATION,Candidate has observable request/output contract but no stable oracle yet.
phpmyadmin-C0751,phpmyadmin,libraries/classes/Rte/Routines.php,sql_data_access,PASS,pending,NEEDS_CHARACTERIZATION,Candidate has observable request/output contract but no stable oracle yet.
phpmyadmin-C0752,phpmyadmin,libraries/classes/Rte/Routines.php,sql_data_access,PASS,pending,NEEDS_CHARACTERIZATION,Candidate has observable request/output contract but no stable oracle yet.
phpmyadmin-C0753,phpmyadmin,libraries/classes/Rte/Routines.php,long_method_or_region,PASS,pending,NEEDS_CHARACTERIZATION,Candidate has observable request/output contract but no stable oracle yet.
phpmyadmin-C0754,phpmyadmin,libraries/classes/Rte/Routines.php,sql_data_access,PASS,pending,NEEDS_MANUAL_ORACLE_REVIEW,No obvious web contract was extracted; existing tests or manual characterization must be mapped.
phpmyadmin-C0755,phpmyadmin,libraries/classes/Rte/Routines.php,long_method_or_region,PASS,pending,NEEDS_CHARACTERIZATION,Candidate has observable request/output contract but no stable oracle yet.
phpmyadmin-C0756,phpmyadmin,libraries/classes/Rte/Routines.php,sql_data_access,PASS,pending,NEEDS_CHARACTERIZATION,Candidate has observable request/output contract but no stable oracle yet.
phpmyadmin-C0757,phpmyadmin,libraries/classes/Rte/Routines.php,long_method_or_region,PASS,pending,NEEDS_CHARACTERIZATION,Candidate has observable request/output contract but no stable oracle yet.
phpmyadmin-C0758,phpmyadmin,libraries/classes/Rte/Routines.php,sql_data_access,PASS,pending,NEEDS_CHARACTERIZATION,Candidate has observable request/output contract but no stable oracle yet.
phpmyadmin-C0759,phpmyadmin,libraries/classes/Rte/Routines.php,long_method_or_region,PASS,pending,NEEDS_CHARACTERIZATION,Candidate has observable request/output contract but no stable oracle yet.
phpmyadmin-C0760,phpmyadmin,libraries/classes/Rte/RteList.php,mixed_php_html_sql,PASS,pending,NEEDS_CHARACTERIZATION,Candidate has observable request/output contract but no stable oracle yet.
phpmyadmin-C0761,phpmyadmin,libraries/classes/Rte/RteList.php,long_method_or_region,PASS,pending,NEEDS_CHARACTERIZATION,Candidate has observable request/output contract but no stable oracle yet.
phpmyadmin-C0762,phpmyadmin,libraries/classes/Rte/RteList.php,sql_data_access,PASS,pending,NEEDS_CHARACTERIZATION,Candidate has observable request/output contract but no stable oracle yet.
phpmyadmin-C0763,phpmyadmin,libraries/classes/Rte/Triggers.php,mixed_php_html_sql,PASS,pending,NEEDS_CHARACTERIZATION,Candidate has observable request/output contract but no stable oracle yet.
phpmyadmin-C0764,phpmyadmin,libraries/classes/Rte/Triggers.php,long_method_or_region,PASS,pending,NEEDS_CHARACTERIZATION,Candidate has observable request/output contract but no stable oracle yet.
phpmyadmin-C0765,phpmyadmin,libraries/classes/Rte/Triggers.php,sql_data_access,PASS,pending,NEEDS_CHARACTERIZATION,Candidate has observable request/output contract but no stable oracle yet.
phpmyadmin-C0766,phpmyadmin,libraries/classes/Rte/Triggers.php,long_method_or_region,PASS,pending,NEEDS_CHARACTERIZATION,Candidate has observable request/output contract but no stable oracle yet.
phpmyadmin-C0767,phpmyadmin,libraries/classes/Server/Privileges.php,mixed_php_html_sql,PASS,pending,NEEDS_CHARACTERIZATION,Candidate has observable request/output contract but no stable oracle yet.
phpmyadmin-C0768,phpmyadmin,libraries/classes/Server/Privileges.php,long_method_or_region,PASS,pending,NEEDS_CHARACTERIZATION,Candidate has observable request/output contract but no stable oracle yet.
phpmyadmin-C0769,phpmyadmin,libraries/classes/Server/Privileges.php,long_method_or_region,PASS,pending,NEEDS_MANUAL_ORACLE_REVIEW,No obvious web contract was extracted; existing tests or manual characterization must be mapped.
phpmyadmin-C0770,phpmyadmin,libraries/classes/Server/Privileges.php,sql_data_access,PASS,pending,NEEDS_MANUAL_ORACLE_REVIEW,No obvious web contract was extracted; existing tests or manual characterization must be mapped.
phpmyadmin-C0771,phpmyadmin,libraries/classes/Server/Privileges.php,sql_data_access,PASS,pending,NEEDS_MANUAL_ORACLE_REVIEW,No obvious web contract was extracted; existing tests or manual characterization must be mapped.
phpmyadmin-C0772,phpmyadmin,libraries/classes/Server/Privileges.php,long_method_or_region,PASS,pending,NEEDS_CHARACTERIZATION,Candidate has observable request/output contract but no stable oracle yet.
phpmyadmin-C0773,phpmyadmin,libraries/classes/Server/Privileges.php,long_method_or_region,PASS,pending,NEEDS_MANUAL_ORACLE_REVIEW,No obvious web contract was extracted; existing tests or manual characterization must be mapped.
phpmyadmin-C0774,phpmyadmin,libraries/classes/Server/Privileges.php,sql_data_access,PASS,pending,NEEDS_MANUAL_ORACLE_REVIEW,No obvious web contract was extracted; existing tests or manual characterization must be mapped.
phpmyadmin-C0775,phpmyadmin,libraries/classes/Server/Privileges.php,sql_data_access,PASS,pending,NEEDS_CHARACTERIZATION,Candidate has observable request/output contract but no stable oracle yet.
phpmyadmin-C0776,phpmyadmin,libraries/classes/Server/Privileges.php,long_method_or_region,PASS,pending,NEEDS_CHARACTERIZATION,Candidate has observable request/output contract but no stable oracle yet.
phpmyadmin-C0777,phpmyadmin,libraries/classes/Server/Privileges.php,long_method_or_region,PASS,pending,NEEDS_CHARACTERIZATION,Candidate has observable request/output contract but no stable oracle yet.
phpmyadmin-C0778,phpmyadmin,libraries/classes/Server/Privileges.php,sql_data_access,PASS,pending,NEEDS_MANUAL_ORACLE_REVIEW,No obvious web contract was extracted; existing tests or manual characterization must be mapped.
phpmyadmin-C0779,phpmyadmin,libraries/classes/Server/Privileges.php,sql_data_access,PASS,pending,NEEDS_CHARACTERIZATION,Candidate has observable request/output contract but no stable oracle yet.
phpmyadmin-C0780,phpmyadmin,libraries/classes/Server/Privileges.php,long_method_or_region,PASS,pending,NEEDS_CHARACTERIZATION,Candidate has observable request/output contract but no stable oracle yet.
phpmyadmin-C0781,phpmyadmin,libraries/classes/Server/Privileges.php,long_method_or_region,PASS,pending,NEEDS_CHARACTERIZATION,Candidate has observable request/output contract but no stable oracle yet.
phpmyadmin-C0782,phpmyadmin,libraries/classes/Server/Privileges.php,sql_data_access,PASS,pending,NEEDS_CHARACTERIZATION,Candidate has observable request/output contract but no stable oracle yet.
phpmyadmin-C0783,phpmyadmin,libraries/classes/Server/Privileges.php,sql_data_access,PASS,pending,NEEDS_CHARACTERIZATION,Candidate has observable request/output contract but no stable oracle yet.
phpmyadmin-C0784,phpmyadmin,libraries/classes/Server/Privileges.php,long_method_or_region,PASS,pending,NEEDS_CHARACTERIZATION,Candidate has observable request/output contract but no stable oracle yet.
phpmyadmin-C0785,phpmyadmin,libraries/classes/Server/Privileges.php,long_method_or_region,PASS,pending,NEEDS_CHARACTERIZATION,Candidate has observable request/output contract but no stable oracle yet.
phpmyadmin-C0786,phpmyadmin,libraries/classes/Server/Privileges.php,sql_data_access,PASS,pending,NEEDS_CHARACTERIZATION,Candidate has observable request/output contract but no stable oracle yet.
phpmyadmin-C0787,phpmyadmin,libraries/classes/Server/Privileges.php,sql_data_access,PASS,pending,NEEDS_MANUAL_ORACLE_REVIEW,No obvious web contract was extracted; existing tests or manual characterization must be mapped.
phpmyadmin-C0788,phpmyadmin,libraries/classes/Server/Privileges.php,long_method_or_region,PASS,pending,NEEDS_MANUAL_ORACLE_REVIEW,No obvious web contract was extracted; existing tests or manual characterization must be mapped.
phpmyadmin-C0789,phpmyadmin,libraries/classes/Server/Privileges.php,sql_data_access,PASS,pending,NEEDS_CHARACTERIZATION,Candidate has observable request/output contract but no stable oracle yet.
phpmyadmin-C0790,phpmyadmin,libraries/classes/Server/Privileges.php,sql_data_access,PASS,pending,NEEDS_CHARACTERIZATION,Candidate has observable request/output contract but no stable oracle yet.
phpmyadmin-C0791,phpmyadmin,libraries/classes/Server/Privileges.php,sql_data_access,PASS,pending,NEEDS_CHARACTERIZATION,Candidate has observable request/output contract but no stable oracle yet.
phpmyadmin-C0792,phpmyadmin,libraries/classes/Server/Privileges.php,long_method_or_region,PASS,pending,NEEDS_CHARACTERIZATION,Candidate has observable request/output contract but no stable oracle yet.
phpmyadmin-C0793,phpmyadmin,libraries/classes/Server/Privileges.php,sql_data_access,PASS,pending,NEEDS_CHARACTERIZATION,Candidate has observable request/output contract but no stable oracle yet.
phpmyadmin-C0794,phpmyadmin,libraries/classes/Server/Privileges.php,sql_data_access,PASS,pending,NEEDS_CHARACTERIZATION,Candidate has observable request/output contract but no stable oracle yet.
phpmyadmin-C0795,phpmyadmin,libraries/classes/Server/Privileges.php,long_method_or_region,PASS,pending,NEEDS_CHARACTERIZATION,Candidate has observable request/output contract but no stable oracle yet.
phpmyadmin-C0796,phpmyadmin,libraries/classes/Server/Privileges.php,sql_data_access,PASS,pending,NEEDS_CHARACTERIZATION,Candidate has observable request/output contract but no stable oracle yet.
phpmyadmin-C0797,phpmyadmin,libraries/classes/Server/Privileges.php,sql_data_access,PASS,pending,NEEDS_CHARACTERIZATION,Candidate has observable request/output contract but no stable oracle yet.
phpmyadmin-C0798,phpmyadmin,libraries/classes/Server/Privileges.php,sql_data_access,PASS,pending,NEEDS_CHARACTERIZATION,Candidate has observable request/output contract but no stable oracle yet.
phpmyadmin-C0799,phpmyadmin,libraries/classes/Server/Privileges.php,sql_data_access,PASS,pending,NEEDS_CHARACTERIZATION,Candidate has observable request/output contract but no stable oracle yet.
phpmyadmin-C0800,phpmyadmin,libraries/classes/Server/Privileges.php,long_method_or_region,PASS,pending,NEEDS_CHARACTERIZATION,Candidate has observable request/output contract but no stable oracle yet.
phpmyadmin-C0801,phpmyadmin,libraries/classes/Server/Privileges.php,long_method_or_region,PASS,pending,NEEDS_CHARACTERIZATION,Candidate has observable request/output contract but no stable oracle yet.
phpmyadmin-C0802,phpmyadmin,libraries/classes/Server/Select.php,mixed_php_html,PASS,pending,NEEDS_CHARACTERIZATION,Candidate has observable request/output contract but no stable oracle yet.
phpmyadmin-C0803,phpmyadmin,libraries/classes/Server/Select.php,long_method_or_region,PASS,pending,NEEDS_CHARACTERIZATION,Candidate has observable request/output contract but no stable oracle yet.
phpmyadmin-C0804,phpmyadmin,libraries/classes/Server/Status.php,mixed_php_html,PASS,pending,NEEDS_CHARACTERIZATION,Candidate has observable request/output contract but no stable oracle yet.
phpmyadmin-C0805,phpmyadmin,libraries/classes/Server/Status.php,long_method_or_region,PASS,pending,NEEDS_CHARACTERIZATION,Candidate has observable request/output contract but no stable oracle yet.
phpmyadmin-C0806,phpmyadmin,libraries/classes/Server/UserGroups.php,mixed_php_html_sql,PASS,pending,NEEDS_CHARACTERIZATION,Candidate has observable request/output contract but no stable oracle yet.
phpmyadmin-C0807,phpmyadmin,libraries/classes/Server/UserGroups.php,sql_data_access,PASS,pending,NEEDS_MANUAL_ORACLE_REVIEW,No obvious web contract was extracted; existing tests or manual characterization must be mapped.
phpmyadmin-C0808,phpmyadmin,libraries/classes/Server/UserGroups.php,sql_data_access,PASS,pending,NEEDS_CHARACTERIZATION,Candidate has observable request/output contract but no stable oracle yet.
phpmyadmin-C0809,phpmyadmin,libraries/classes/Server/UserGroups.php,sql_data_access,PASS,pending,NEEDS_CHARACTERIZATION,Candidate has observable request/output contract but no stable oracle yet.
phpmyadmin-C0810,phpmyadmin,libraries/classes/Twig/UtilExtension.php,long_method_or_region,PASS,pending,NEEDS_MANUAL_ORACLE_REVIEW,No obvious web contract was extracted; existing tests or manual characterization must be mapped.
phpmyadmin-C0811,phpmyadmin,libraries/classes/Utils/HttpRequest.php,long_method_or_region,PASS,pending,NEEDS_MANUAL_ORACLE_REVIEW,No obvious web contract was extracted; existing tests or manual characterization must be mapped.
phpmyadmin-C0812,phpmyadmin,libraries/classes/Twig/I18n/NodeTrans.php,long_method_or_region,PASS,pending,NEEDS_MANUAL_ORACLE_REVIEW,No obvious web contract was extracted; existing tests or manual characterization must be mapped.
phpmyadmin-C0813,phpmyadmin,libraries/classes/Server/Status/Data.php,mixed_php_html,PASS,pending,NEEDS_CHARACTERIZATION,Candidate has observable request/output contract but no stable oracle yet.
phpmyadmin-C0814,phpmyadmin,libraries/classes/Server/Status/Monitor.php,mixed_php_html_sql,PASS,pending,NEEDS_CHARACTERIZATION,Candidate has observable request/output contract but no stable oracle yet.
phpmyadmin-C0815,phpmyadmin,libraries/classes/Server/Status/Monitor.php,sql_data_access,PASS,pending,NEEDS_CHARACTERIZATION,Candidate has observable request/output contract but no stable oracle yet.
phpmyadmin-C0816,phpmyadmin,libraries/classes/Server/Status/Monitor.php,long_method_or_region,PASS,pending,NEEDS_MANUAL_ORACLE_REVIEW,No obvious web contract was extracted; existing tests or manual characterization must be mapped.
phpmyadmin-C0817,phpmyadmin,libraries/classes/Server/Status/Monitor.php,sql_data_access,PASS,pending,NEEDS_CHARACTERIZATION,Candidate has observable request/output contract but no stable oracle yet.
phpmyadmin-C0818,phpmyadmin,libraries/classes/Server/Status/Monitor.php,sql_data_access,PASS,pending,NEEDS_CHARACTERIZATION,Candidate has observable request/output contract but no stable oracle yet.
phpmyadmin-C0819,phpmyadmin,libraries/classes/Server/Status/Processes.php,mixed_php_html_sql,PASS,pending,NEEDS_CHARACTERIZATION,Candidate has observable request/output contract but no stable oracle yet.
phpmyadmin-C0820,phpmyadmin,libraries/classes/Server/Status/Processes.php,sql_data_access,PASS,pending,NEEDS_CHARACTERIZATION,Candidate has observable request/output contract but no stable oracle yet.
phpmyadmin-C0821,phpmyadmin,libraries/classes/Server/Status/Variables.php,mixed_php_html_sql,PASS,pending,NEEDS_CHARACTERIZATION,Candidate has observable request/output contract but no stable oracle yet.
phpmyadmin-C0822,phpmyadmin,libraries/classes/Server/Status/Variables.php,long_method_or_region,PASS,pending,NEEDS_CHARACTERIZATION,Candidate has observable request/output contract but no stable oracle yet.
phpmyadmin-C0823,phpmyadmin,libraries/classes/Server/Status/Variables.php,long_method_or_region,PASS,pending,NEEDS_CHARACTERIZATION,Candidate has observable request/output contract but no stable oracle yet.
phpmyadmin-C0824,phpmyadmin,libraries/classes/Server/Status/Variables.php,sql_data_access,PASS,pending,NEEDS_MANUAL_ORACLE_REVIEW,No obvious web contract was extracted; existing tests or manual characterization must be mapped.
phpmyadmin-C0825,phpmyadmin,libraries/classes/Plugins/Auth/AuthenticationConfig.php,mixed_php_html,PASS,pending,NEEDS_CHARACTERIZATION,Candidate has observable request/output contract but no stable oracle yet.
phpmyadmin-C0826,phpmyadmin,libraries/classes/Plugins/Auth/AuthenticationConfig.php,long_method_or_region,PASS,pending,NEEDS_CHARACTERIZATION,Candidate has observable request/output contract but no stable oracle yet.
phpmyadmin-C0827,phpmyadmin,libraries/classes/Plugins/Auth/AuthenticationCookie.php,mixed_php_html_sql,PASS,pending,NEEDS_CHARACTERIZATION,Candidate has observable request/output contract but no stable oracle yet.
phpmyadmin-C0828,phpmyadmin,libraries/classes/Plugins/Auth/AuthenticationCookie.php,long_method_or_region,PASS,pending,NEEDS_CHARACTERIZATION,Candidate has observable request/output contract but no stable oracle yet.
phpmyadmin-C0829,phpmyadmin,libraries/classes/Plugins/Auth/AuthenticationCookie.php,session_dependent_logic,PASS,pending,NEEDS_CHARACTERIZATION,Candidate has observable request/output contract but no stable oracle yet.
phpmyadmin-C0830,phpmyadmin,libraries/classes/Plugins/Auth/AuthenticationCookie.php,long_method_or_region,PASS,pending,NEEDS_CHARACTERIZATION,Candidate has observable request/output contract but no stable oracle yet.
phpmyadmin-C0831,phpmyadmin,libraries/classes/Plugins/Auth/AuthenticationHttp.php,long_method_or_region,PASS,pending,NEEDS_CHARACTERIZATION,Candidate has observable request/output contract but no stable oracle yet.
phpmyadmin-C0832,phpmyadmin,libraries/classes/Plugins/Auth/AuthenticationHttp.php,long_method_or_region,PASS,pending,NEEDS_CHARACTERIZATION,Candidate has observable request/output contract but no stable oracle yet.
phpmyadmin-C0833,phpmyadmin,libraries/classes/Plugins/Auth/AuthenticationSignon.php,session_dependent_logic,PASS,pending,NEEDS_MANUAL_ORACLE_REVIEW,No obvious web contract was extracted; existing tests or manual characterization must be mapped.
phpmyadmin-C0834,phpmyadmin,libraries/classes/Plugins/Auth/AuthenticationSignon.php,long_method_or_region,PASS,pending,NEEDS_MANUAL_ORACLE_REVIEW,No obvious web contract was extracted; existing tests or manual characterization must be mapped.
phpmyadmin-C0835,phpmyadmin,libraries/classes/Plugins/Auth/AuthenticationSignon.php,session_dependent_logic,PASS,pending,NEEDS_MANUAL_ORACLE_REVIEW,No obvious web contract was extracted; existing tests or manual characterization must be mapped.
phpmyadmin-C0836,phpmyadmin,libraries/classes/Plugins/Export/ExportCodegen.php,long_method_or_region,PASS,pending,NEEDS_MANUAL_ORACLE_REVIEW,No obvious web contract was extracted; existing tests or manual characterization must be mapped.
phpmyadmin-C0837,phpmyadmin,libraries/classes/Plugins/Export/ExportCsv.php,long_method_or_region,PASS,pending,NEEDS_MANUAL_ORACLE_REVIEW,No obvious web contract was extracted; existing tests or manual characterization must be mapped.
phpmyadmin-C0838,phpmyadmin,libraries/classes/Plugins/Export/ExportHtmlword.php,mixed_php_html,PASS,pending,NEEDS_CHARACTERIZATION,Candidate has observable request/output contract but no stable oracle yet.
phpmyadmin-C0839,phpmyadmin,libraries/classes/Plugins/Export/ExportHtmlword.php,long_method_or_region,PASS,pending,NEEDS_CHARACTERIZATION,Candidate has observable request/output contract but no stable oracle yet.
phpmyadmin-C0840,phpmyadmin,libraries/classes/Plugins/Export/ExportHtmlword.php,long_method_or_region,PASS,pending,NEEDS_CHARACTERIZATION,Candidate has observable request/output contract but no stable oracle yet.
phpmyadmin-C0841,phpmyadmin,libraries/classes/Plugins/Export/ExportHtmlword.php,long_method_or_region,PASS,pending,NEEDS_MANUAL_ORACLE_REVIEW,No obvious web contract was extracted; existing tests or manual characterization must be mapped.
phpmyadmin-C0842,phpmyadmin,libraries/classes/Plugins/Export/ExportJson.php,long_method_or_region,PASS,pending,NEEDS_MANUAL_ORACLE_REVIEW,No obvious web contract was extracted; existing tests or manual characterization must be mapped.
phpmyadmin-C0843,phpmyadmin,libraries/classes/Plugins/Export/ExportLatex.php,long_method_or_region,PASS,pending,NEEDS_MANUAL_ORACLE_REVIEW,No obvious web contract was extracted; existing tests or manual characterization must be mapped.
phpmyadmin-C0844,phpmyadmin,libraries/classes/Plugins/Export/ExportLatex.php,long_method_or_region,PASS,pending,NEEDS_MANUAL_ORACLE_REVIEW,No obvious web contract was extracted; existing tests or manual characterization must be mapped.
phpmyadmin-C0845,phpmyadmin,libraries/classes/Plugins/Export/ExportLatex.php,long_method_or_region,PASS,pending,NEEDS_MANUAL_ORACLE_REVIEW,No obvious web contract was extracted; existing tests or manual characterization must be mapped.
phpmyadmin-C0846,phpmyadmin,libraries/classes/Plugins/Export/ExportMediawiki.php,long_method_or_region,PASS,pending,NEEDS_MANUAL_ORACLE_REVIEW,No obvious web contract was extracted; existing tests or manual characterization must be mapped.
phpmyadmin-C0847,phpmyadmin,libraries/classes/Plugins/Export/ExportMediawiki.php,long_method_or_region,PASS,pending,NEEDS_MANUAL_ORACLE_REVIEW,No obvious web contract was extracted; existing tests or manual characterization must be mapped.
phpmyadmin-C0848,phpmyadmin,libraries/classes/Plugins/Export/ExportOds.php,mixed_php_html,PASS,pending,NEEDS_MANUAL_ORACLE_REVIEW,No obvious web contract was extracted; existing tests or manual characterization must be mapped.
phpmyadmin-C0849,phpmyadmin,libraries/classes/Plugins/Export/ExportOds.php,long_method_or_region,PASS,pending,NEEDS_MANUAL_ORACLE_REVIEW,No obvious web contract was extracted; existing tests or manual characterization must be mapped.
phpmyadmin-C0850,phpmyadmin,libraries/classes/Plugins/Export/ExportOdt.php,mixed_php_html,PASS,pending,NEEDS_MANUAL_ORACLE_REVIEW,No obvious web contract was extracted; existing tests or manual characterization must be mapped.
phpmyadmin-C0851,phpmyadmin,libraries/classes/Plugins/Export/ExportOdt.php,long_method_or_region,PASS,pending,NEEDS_MANUAL_ORACLE_REVIEW,No obvious web contract was extracted; existing tests or manual characterization must be mapped.
phpmyadmin-C0852,phpmyadmin,libraries/classes/Plugins/Export/ExportOdt.php,long_method_or_region,PASS,pending,NEEDS_MANUAL_ORACLE_REVIEW,No obvious web contract was extracted; existing tests or manual characterization must be mapped.
phpmyadmin-C0853,phpmyadmin,libraries/classes/Plugins/Export/ExportOdt.php,long_method_or_region,PASS,pending,NEEDS_MANUAL_ORACLE_REVIEW,No obvious web contract was extracted; existing tests or manual characterization must be mapped.
phpmyadmin-C0854,phpmyadmin,libraries/classes/Plugins/Export/ExportOdt.php,long_method_or_region,PASS,pending,NEEDS_MANUAL_ORACLE_REVIEW,No obvious web contract was extracted; existing tests or manual characterization must be mapped.
phpmyadmin-C0855,phpmyadmin,libraries/classes/Plugins/Export/ExportPdf.php,long_method_or_region,PASS,pending,NEEDS_CHARACTERIZATION,Candidate has observable request/output contract but no stable oracle yet.
phpmyadmin-C0856,phpmyadmin,libraries/classes/Plugins/Export/ExportPhparray.php,long_method_or_region,PASS,pending,NEEDS_MANUAL_ORACLE_REVIEW,No obvious web contract was extracted; existing tests or manual characterization must be mapped.
phpmyadmin-C0857,phpmyadmin,libraries/classes/Plugins/Export/ExportSql.php,sql_data_access,PASS,pending,NEEDS_MANUAL_ORACLE_REVIEW,No obvious web contract was extracted; existing tests or manual characterization must be mapped.
phpmyadmin-C0858,phpmyadmin,libraries/classes/Plugins/Export/ExportSql.php,sql_data_access,PASS,pending,NEEDS_MANUAL_ORACLE_REVIEW,No obvious web contract was extracted; existing tests or manual characterization must be mapped.
phpmyadmin-C0859,phpmyadmin,libraries/classes/Plugins/Export/ExportSql.php,sql_data_access,PASS,pending,NEEDS_MANUAL_ORACLE_REVIEW,No obvious web contract was extracted; existing tests or manual characterization must be mapped.
phpmyadmin-C0860,phpmyadmin,libraries/classes/Plugins/Export/ExportSql.php,sql_data_access,PASS,pending,NEEDS_MANUAL_ORACLE_REVIEW,No obvious web contract was extracted; existing tests or manual characterization must be mapped.
phpmyadmin-C0861,phpmyadmin,libraries/classes/Plugins/Export/ExportSql.php,sql_data_access,PASS,pending,NEEDS_MANUAL_ORACLE_REVIEW,No obvious web contract was extracted; existing tests or manual characterization must be mapped.
phpmyadmin-C0862,phpmyadmin,libraries/classes/Plugins/Export/ExportSql.php,long_method_or_region,PASS,pending,NEEDS_MANUAL_ORACLE_REVIEW,No obvious web contract was extracted; existing tests or manual characterization must be mapped.
phpmyadmin-C0863,phpmyadmin,libraries/classes/Plugins/Export/ExportSql.php,long_method_or_region,PASS,pending,NEEDS_MANUAL_ORACLE_REVIEW,No obvious web contract was extracted; existing tests or manual characterization must be mapped.
phpmyadmin-C0864,phpmyadmin,libraries/classes/Plugins/Export/ExportSql.php,long_method_or_region,PASS,pending,NEEDS_MANUAL_ORACLE_REVIEW,No obvious web contract was extracted; existing tests or manual characterization must be mapped.
phpmyadmin-C0865,phpmyadmin,libraries/classes/Plugins/Export/ExportSql.php,long_method_or_region,PASS,pending,NEEDS_MANUAL_ORACLE_REVIEW,No obvious web contract was extracted; existing tests or manual characterization must be mapped.
phpmyadmin-C0866,phpmyadmin,libraries/classes/Plugins/Export/ExportSql.php,long_method_or_region,PASS,pending,NEEDS_MANUAL_ORACLE_REVIEW,No obvious web contract was extracted; existing tests or manual characterization must be mapped.
phpmyadmin-C0867,phpmyadmin,libraries/classes/Plugins/Export/ExportSql.php,long_method_or_region,PASS,pending,NEEDS_MANUAL_ORACLE_REVIEW,No obvious web contract was extracted; existing tests or manual characterization must be mapped.
phpmyadmin-C0868,phpmyadmin,libraries/classes/Plugins/Export/ExportSql.php,long_method_or_region,PASS,pending,NEEDS_MANUAL_ORACLE_REVIEW,No obvious web contract was extracted; existing tests or manual characterization must be mapped.
phpmyadmin-C0869,phpmyadmin,libraries/classes/Plugins/Export/ExportTexytext.php,long_method_or_region,PASS,pending,NEEDS_MANUAL_ORACLE_REVIEW,No obvious web contract was extracted; existing tests or manual characterization must be mapped.
phpmyadmin-C0870,phpmyadmin,libraries/classes/Plugins/Export/ExportTexytext.php,long_method_or_region,PASS,pending,NEEDS_MANUAL_ORACLE_REVIEW,No obvious web contract was extracted; existing tests or manual characterization must be mapped.
phpmyadmin-C0871,phpmyadmin,libraries/classes/Plugins/Export/ExportTexytext.php,long_method_or_region,PASS,pending,NEEDS_MANUAL_ORACLE_REVIEW,No obvious web contract was extracted; existing tests or manual characterization must be mapped.
phpmyadmin-C0872,phpmyadmin,libraries/classes/Plugins/Export/ExportXml.php,mixed_php_html_sql,PASS,pending,NEEDS_MANUAL_ORACLE_REVIEW,No obvious web contract was extracted; existing tests or manual characterization must be mapped.
phpmyadmin-C0873,phpmyadmin,libraries/classes/Plugins/Export/ExportXml.php,sql_data_access,PASS,pending,NEEDS_MANUAL_ORACLE_REVIEW,No obvious web contract was extracted; existing tests or manual characterization must be mapped.
phpmyadmin-C0874,phpmyadmin,libraries/classes/Plugins/Export/ExportXml.php,long_method_or_region,PASS,pending,NEEDS_MANUAL_ORACLE_REVIEW,No obvious web contract was extracted; existing tests or manual characterization must be mapped.
phpmyadmin-C0875,phpmyadmin,libraries/classes/Plugins/Export/ExportYaml.php,long_method_or_region,PASS,pending,NEEDS_MANUAL_ORACLE_REVIEW,No obvious web contract was extracted; existing tests or manual characterization must be mapped.
phpmyadmin-C0876,phpmyadmin,libraries/classes/Plugins/Import/ImportCsv.php,long_method_or_region,PASS,pending,NEEDS_CHARACTERIZATION,Candidate has observable request/output contract but no stable oracle yet.
phpmyadmin-C0877,phpmyadmin,libraries/classes/Plugins/Import/ImportCsv.php,long_method_or_region,PASS,pending,NEEDS_CHARACTERIZATION,Candidate has observable request/output contract but no stable oracle yet.
phpmyadmin-C0878,phpmyadmin,libraries/classes/Plugins/Import/ImportLdi.php,long_method_or_region,PASS,pending,NEEDS_MANUAL_ORACLE_REVIEW,No obvious web contract was extracted; existing tests or manual characterization must be mapped.
phpmyadmin-C0879,phpmyadmin,libraries/classes/Plugins/Import/ImportMediawiki.php,long_method_or_region,PASS,pending,NEEDS_MANUAL_ORACLE_REVIEW,No obvious web contract was extracted; existing tests or manual characterization must be mapped.
phpmyadmin-C0880,phpmyadmin,libraries/classes/Plugins/Import/ImportMediawiki.php,long_method_or_region,PASS,pending,NEEDS_MANUAL_ORACLE_REVIEW,No obvious web contract was extracted; existing tests or manual characterization must be mapped.
phpmyadmin-C0881,phpmyadmin,libraries/classes/Plugins/Import/ImportOds.php,long_method_or_region,PASS,pending,NEEDS_CHARACTERIZATION,Candidate has observable request/output contract but no stable oracle yet.
phpmyadmin-C0882,phpmyadmin,libraries/classes/Plugins/Import/ImportOds.php,long_method_or_region,PASS,pending,NEEDS_CHARACTERIZATION,Candidate has observable request/output contract but no stable oracle yet.
phpmyadmin-C0883,phpmyadmin,libraries/classes/Plugins/Import/ImportShp.php,long_method_or_region,PASS,pending,NEEDS_MANUAL_ORACLE_REVIEW,No obvious web contract was extracted; existing tests or manual characterization must be mapped.
phpmyadmin-C0884,phpmyadmin,libraries/classes/Plugins/Import/ImportSql.php,long_method_or_region,PASS,pending,NEEDS_CHARACTERIZATION,Candidate has observable request/output contract but no stable oracle yet.
phpmyadmin-C0885,phpmyadmin,libraries/classes/Plugins/Import/ImportSql.php,long_method_or_region,PASS,pending,NEEDS_CHARACTERIZATION,Candidate has observable request/output contract but no stable oracle yet.
phpmyadmin-C0886,phpmyadmin,libraries/classes/Plugins/Import/ImportXml.php,sql_data_access,PASS,pending,NEEDS_MANUAL_ORACLE_REVIEW,No obvious web contract was extracted; existing tests or manual characterization must be mapped.
phpmyadmin-C0887,phpmyadmin,libraries/classes/Plugins/Import/ImportXml.php,sql_data_access,PASS,pending,NEEDS_MANUAL_ORACLE_REVIEW,No obvious web contract was extracted; existing tests or manual characterization must be mapped.
phpmyadmin-C0888,phpmyadmin,libraries/classes/Plugins/Schema/ExportRelationSchema.php,mixed_php_html_sql,PASS,pending,NEEDS_CHARACTERIZATION,Candidate has observable request/output contract but no stable oracle yet.
phpmyadmin-C0889,phpmyadmin,libraries/classes/Plugins/Schema/TableStats.php,long_method_or_region,PASS,pending,NEEDS_CHARACTERIZATION,Candidate has observable request/output contract but no stable oracle yet.
phpmyadmin-C0890,phpmyadmin,libraries/classes/Plugins/TwoFactor/Application.php,session_dependent_logic,PASS,pending,NEEDS_CHARACTERIZATION,Candidate has observable request/output contract but no stable oracle yet.
phpmyadmin-C0891,phpmyadmin,libraries/classes/Plugins/TwoFactor/Key.php,session_dependent_logic,PASS,pending,NEEDS_CHARACTERIZATION,Candidate has observable request/output contract but no stable oracle yet.
phpmyadmin-C0892,phpmyadmin,libraries/classes/Plugins/Transformations/Abs/DateFormatTransformationsPlugin.php,long_method_or_region,PASS,pending,NEEDS_MANUAL_ORACLE_REVIEW,No obvious web contract was extracted; existing tests or manual characterization must be mapped.
phpmyadmin-C0893,phpmyadmin,libraries/classes/Plugins/Transformations/Abs/ImageUploadTransformationsPlugin.php,mixed_php_html,PASS,pending,NEEDS_CHARACTERIZATION,Candidate has observable request/output contract but no stable oracle yet.
phpmyadmin-C0894,phpmyadmin,libraries/classes/Plugins/Transformations/Input/Text_Plain_Iptobinary.php,mixed_php_html,PASS,pending,NEEDS_CHARACTERIZATION,Candidate has observable request/output contract but no stable oracle yet.
phpmyadmin-C0895,phpmyadmin,libraries/classes/Plugins/Schema/Dia/DiaRelationSchema.php,long_method_or_region,PASS,pending,NEEDS_CHARACTERIZATION,Candidate has observable request/output contract but no stable oracle yet.
phpmyadmin-C0896,phpmyadmin,libraries/classes/Plugins/Schema/Dia/DiaRelationSchema.php,long_method_or_region,PASS,pending,NEEDS_CHARACTERIZATION,Candidate has observable request/output contract but no stable oracle yet.
phpmyadmin-C0897,phpmyadmin,libraries/classes/Plugins/Schema/Dia/RelationStatsDia.php,long_method_or_region,PASS,pending,NEEDS_MANUAL_ORACLE_REVIEW,No obvious web contract was extracted; existing tests or manual characterization must be mapped.
phpmyadmin-C0898,phpmyadmin,libraries/classes/Plugins/Schema/Dia/TableStatsDia.php,long_method_or_region,PASS,pending,NEEDS_MANUAL_ORACLE_REVIEW,No obvious web contract was extracted; existing tests or manual characterization must be mapped.
phpmyadmin-C0899,phpmyadmin,libraries/classes/Plugins/Schema/Eps/EpsRelationSchema.php,long_method_or_region,PASS,pending,NEEDS_CHARACTERIZATION,Candidate has observable request/output contract but no stable oracle yet.
phpmyadmin-C0900,phpmyadmin,libraries/classes/Plugins/Schema/Eps/EpsRelationSchema.php,long_method_or_region,PASS,pending,NEEDS_CHARACTERIZATION,Candidate has observable request/output contract but no stable oracle yet.
phpmyadmin-C0901,phpmyadmin,libraries/classes/Plugins/Schema/Pdf/Pdf.php,sql_data_access,PASS,pending,NEEDS_MANUAL_ORACLE_REVIEW,No obvious web contract was extracted; existing tests or manual characterization must be mapped.
phpmyadmin-C0902,phpmyadmin,libraries/classes/Plugins/Schema/Pdf/Pdf.php,long_method_or_region,PASS,pending,NEEDS_MANUAL_ORACLE_REVIEW,No obvious web contract was extracted; existing tests or manual characterization must be mapped.
phpmyadmin-C0903,phpmyadmin,libraries/classes/Plugins/Schema/Pdf/PdfRelationSchema.php,long_method_or_region,PASS,pending,NEEDS_CHARACTERIZATION,Candidate has observable request/output contract but no stable oracle yet.
phpmyadmin-C0904,phpmyadmin,libraries/classes/Plugins/Schema/Pdf/PdfRelationSchema.php,long_method_or_region,PASS,pending,NEEDS_CHARACTERIZATION,Candidate has observable request/output contract but no stable oracle yet.
phpmyadmin-C0905,phpmyadmin,libraries/classes/Plugins/Schema/Pdf/PdfRelationSchema.php,long_method_or_region,PASS,pending,NEEDS_MANUAL_ORACLE_REVIEW,No obvious web contract was extracted; existing tests or manual characterization must be mapped.
phpmyadmin-C0906,phpmyadmin,libraries/classes/Plugins/Schema/Svg/SvgRelationSchema.php,long_method_or_region,PASS,pending,NEEDS_CHARACTERIZATION,Candidate has observable request/output contract but no stable oracle yet.
phpmyadmin-C0907,phpmyadmin,libraries/classes/Plugins/Schema/Svg/SvgRelationSchema.php,long_method_or_region,PASS,pending,NEEDS_CHARACTERIZATION,Candidate has observable request/output contract but no stable oracle yet.
phpmyadmin-C0908,phpmyadmin,libraries/classes/Plugins/Import/Upload/UploadApc.php,session_dependent_logic,PASS,pending,NEEDS_MANUAL_ORACLE_REVIEW,No obvious web contract was extracted; existing tests or manual characterization must be mapped.
phpmyadmin-C0909,phpmyadmin,libraries/classes/Plugins/Import/Upload/UploadProgress.php,session_dependent_logic,PASS,pending,NEEDS_MANUAL_ORACLE_REVIEW,No obvious web contract was extracted; existing tests or manual characterization must be mapped.
phpmyadmin-C0910,phpmyadmin,libraries/classes/Plugins/Import/Upload/UploadSession.php,session_dependent_logic,PASS,pending,NEEDS_MANUAL_ORACLE_REVIEW,No obvious web contract was extracted; existing tests or manual characterization must be mapped.
phpmyadmin-C0911,phpmyadmin,libraries/classes/Plugins/Export/Helpers/Pdf.php,long_method_or_region,PASS,pending,NEEDS_MANUAL_ORACLE_REVIEW,No obvious web contract was extracted; existing tests or manual characterization must be mapped.
phpmyadmin-C0912,phpmyadmin,libraries/classes/Plugins/Export/Helpers/Pdf.php,long_method_or_region,PASS,pending,NEEDS_MANUAL_ORACLE_REVIEW,No obvious web contract was extracted; existing tests or manual characterization must be mapped.
phpmyadmin-C0913,phpmyadmin,libraries/classes/Plugins/Export/Helpers/Pdf.php,long_method_or_region,PASS,pending,NEEDS_MANUAL_ORACLE_REVIEW,No obvious web contract was extracted; existing tests or manual characterization must be mapped.
phpmyadmin-C0914,phpmyadmin,libraries/classes/Plugins/Export/Helpers/Pdf.php,long_method_or_region,PASS,pending,NEEDS_MANUAL_ORACLE_REVIEW,No obvious web contract was extracted; existing tests or manual characterization must be mapped.
phpmyadmin-C0915,phpmyadmin,libraries/classes/Plugins/Export/Helpers/Pdf.php,long_method_or_region,PASS,pending,NEEDS_MANUAL_ORACLE_REVIEW,No obvious web contract was extracted; existing tests or manual characterization must be mapped.
phpmyadmin-C0916,phpmyadmin,libraries/classes/Navigation/Nodes/Node.php,sql_data_access,PASS,pending,NEEDS_MANUAL_ORACLE_REVIEW,No obvious web contract was extracted; existing tests or manual characterization must be mapped.
phpmyadmin-C0917,phpmyadmin,libraries/classes/Navigation/Nodes/Node.php,long_method_or_region,PASS,pending,NEEDS_MANUAL_ORACLE_REVIEW,No obvious web contract was extracted; existing tests or manual characterization must be mapped.
phpmyadmin-C0918,phpmyadmin,libraries/classes/Navigation/Nodes/Node.php,long_method_or_region,PASS,pending,NEEDS_MANUAL_ORACLE_REVIEW,No obvious web contract was extracted; existing tests or manual characterization must be mapped.
phpmyadmin-C0919,phpmyadmin,libraries/classes/Navigation/Nodes/NodeDatabase.php,mixed_php_html_sql,PASS,pending,NEEDS_CHARACTERIZATION,Candidate has observable request/output contract but no stable oracle yet.
phpmyadmin-C0920,phpmyadmin,libraries/classes/Navigation/Nodes/NodeDatabase.php,sql_data_access,PASS,pending,NEEDS_MANUAL_ORACLE_REVIEW,No obvious web contract was extracted; existing tests or manual characterization must be mapped.
phpmyadmin-C0921,phpmyadmin,libraries/classes/Navigation/Nodes/NodeDatabase.php,sql_data_access,PASS,pending,NEEDS_MANUAL_ORACLE_REVIEW,No obvious web contract was extracted; existing tests or manual characterization must be mapped.
phpmyadmin-C0922,phpmyadmin,libraries/classes/Navigation/Nodes/NodeDatabase.php,long_method_or_region,PASS,pending,NEEDS_MANUAL_ORACLE_REVIEW,No obvious web contract was extracted; existing tests or manual characterization must be mapped.
phpmyadmin-C0923,phpmyadmin,libraries/classes/Navigation/Nodes/NodeDatabase.php,sql_data_access,PASS,pending,NEEDS_MANUAL_ORACLE_REVIEW,No obvious web contract was extracted; existing tests or manual characterization must be mapped.
phpmyadmin-C0924,phpmyadmin,libraries/classes/Navigation/Nodes/NodeDatabase.php,sql_data_access,PASS,pending,NEEDS_MANUAL_ORACLE_REVIEW,No obvious web contract was extracted; existing tests or manual characterization must be mapped.
phpmyadmin-C0925,phpmyadmin,libraries/classes/Navigation/Nodes/NodeTable.php,sql_data_access,PASS,pending,NEEDS_MANUAL_ORACLE_REVIEW,No obvious web contract was extracted; existing tests or manual characterization must be mapped.
phpmyadmin-C0926,phpmyadmin,libraries/classes/Navigation/Nodes/NodeTable.php,sql_data_access,PASS,pending,NEEDS_MANUAL_ORACLE_REVIEW,No obvious web contract was extracted; existing tests or manual characterization must be mapped.
phpmyadmin-C0927,phpmyadmin,libraries/classes/Navigation/Nodes/NodeTable.php,sql_data_access,PASS,pending,NEEDS_MANUAL_ORACLE_REVIEW,No obvious web contract was extracted; existing tests or manual characterization must be mapped.
phpmyadmin-C0928,phpmyadmin,libraries/classes/Database/Designer/Common.php,sql_data_access,PASS,pending,NEEDS_CHARACTERIZATION,Candidate has observable request/output contract but no stable oracle yet.
phpmyadmin-C0929,phpmyadmin,libraries/classes/Database/Designer/Common.php,long_method_or_region,PASS,pending,NEEDS_MANUAL_ORACLE_REVIEW,No obvious web contract was extracted; existing tests or manual characterization must be mapped.
phpmyadmin-C0930,phpmyadmin,libraries/classes/Database/Designer/Common.php,sql_data_access,PASS,pending,NEEDS_MANUAL_ORACLE_REVIEW,No obvious web contract was extracted; existing tests or manual characterization must be mapped.
phpmyadmin-C0931,phpmyadmin,libraries/classes/Database/Designer/Common.php,sql_data_access,PASS,pending,NEEDS_CHARACTERIZATION,Candidate has observable request/output contract but no stable oracle yet.
phpmyadmin-C0932,phpmyadmin,libraries/classes/Database/Designer/Common.php,sql_data_access,PASS,pending,NEEDS_MANUAL_ORACLE_REVIEW,No obvious web contract was extracted; existing tests or manual characterization must be mapped.
phpmyadmin-C0933,phpmyadmin,libraries/classes/Database/Designer/Common.php,sql_data_access,PASS,pending,NEEDS_MANUAL_ORACLE_REVIEW,No obvious web contract was extracted; existing tests or manual characterization must be mapped.
phpmyadmin-C0934,phpmyadmin,libraries/classes/Database/Designer/Common.php,sql_data_access,PASS,pending,NEEDS_MANUAL_ORACLE_REVIEW,No obvious web contract was extracted; existing tests or manual characterization must be mapped.
phpmyadmin-C0935,phpmyadmin,libraries/classes/Controllers/Database/DatabaseStructureController.php,form_handling,PASS,pending,NEEDS_CHARACTERIZATION,Candidate has observable request/output contract but no stable oracle yet.
phpmyadmin-C0936,phpmyadmin,libraries/classes/Controllers/Database/DatabaseStructureController.php,long_method_or_region,PASS,pending,NEEDS_CHARACTERIZATION,Candidate has observable request/output contract but no stable oracle yet.
phpmyadmin-C0937,phpmyadmin,libraries/classes/Controllers/Database/DatabaseStructureController.php,long_method_or_region,PASS,pending,NEEDS_CHARACTERIZATION,Candidate has observable request/output contract but no stable oracle yet.
phpmyadmin-C0938,phpmyadmin,libraries/classes/Controllers/Database/DatabaseStructureController.php,long_method_or_region,PASS,pending,NEEDS_CHARACTERIZATION,Candidate has observable request/output contract but no stable oracle yet.
phpmyadmin-C0939,phpmyadmin,libraries/classes/Controllers/Database/DatabaseStructureController.php,long_method_or_region,PASS,pending,NEEDS_MANUAL_ORACLE_REVIEW,No obvious web contract was extracted; existing tests or manual characterization must be mapped.
phpmyadmin-C0940,phpmyadmin,libraries/classes/Controllers/Server/ServerBinlogController.php,form_handling,PASS,pending,NEEDS_CHARACTERIZATION,Candidate has observable request/output contract but no stable oracle yet.
phpmyadmin-C0941,phpmyadmin,libraries/classes/Controllers/Server/ServerBinlogController.php,long_method_or_region,PASS,pending,NEEDS_MANUAL_ORACLE_REVIEW,No obvious web contract was extracted; existing tests or manual characterization must be mapped.
phpmyadmin-C0942,phpmyadmin,libraries/classes/Controllers/Server/ServerDatabasesController.php,long_method_or_region,PASS,pending,NEEDS_CHARACTERIZATION,Candidate has observable request/output contract but no stable oracle yet.
phpmyadmin-C0943,phpmyadmin,libraries/classes/Controllers/Server/ServerPluginsController.php,mixed_php_html_sql,PASS,pending,NEEDS_CHARACTERIZATION,Candidate has observable request/output contract but no stable oracle yet.
phpmyadmin-C0944,phpmyadmin,libraries/classes/Controllers/Server/ServerVariablesController.php,form_handling,PASS,pending,NEEDS_CHARACTERIZATION,Candidate has observable request/output contract but no stable oracle yet.
phpmyadmin-C0945,phpmyadmin,libraries/classes/Controllers/Server/ServerVariablesController.php,long_method_or_region,PASS,pending,NEEDS_MANUAL_ORACLE_REVIEW,No obvious web contract was extracted; existing tests or manual characterization must be mapped.
phpmyadmin-C0946,phpmyadmin,libraries/classes/Controllers/Server/ServerVariablesController.php,long_method_or_region,PASS,pending,NEEDS_MANUAL_ORACLE_REVIEW,No obvious web contract was extracted; existing tests or manual characterization must be mapped.
phpmyadmin-C0947,phpmyadmin,libraries/classes/Controllers/Table/TableChartController.php,long_method_or_region,PASS,pending,NEEDS_CHARACTERIZATION,Candidate has observable request/output contract but no stable oracle yet.
phpmyadmin-C0948,phpmyadmin,libraries/classes/Controllers/Table/TableChartController.php,long_method_or_region,PASS,pending,NEEDS_CHARACTERIZATION,Candidate has observable request/output contract but no stable oracle yet.
phpmyadmin-C0949,phpmyadmin,libraries/classes/Controllers/Table/TableGisVisualizationController.php,session_dependent_logic,PASS,pending,NEEDS_CHARACTERIZATION,Candidate has observable request/output contract but no stable oracle yet.
phpmyadmin-C0950,phpmyadmin,libraries/classes/Controllers/Table/TableGisVisualizationController.php,session_dependent_logic,PASS,pending,NEEDS_CHARACTERIZATION,Candidate has observable request/output contract but no stable oracle yet.
phpmyadmin-C0951,phpmyadmin,libraries/classes/Controllers/Table/TableIndexesController.php,long_method_or_region,PASS,pending,NEEDS_CHARACTERIZATION,Candidate has observable request/output contract but no stable oracle yet.
phpmyadmin-C0952,phpmyadmin,libraries/classes/Controllers/Table/TableIndexesController.php,long_method_or_region,PASS,pending,NEEDS_CHARACTERIZATION,Candidate has observable request/output contract but no stable oracle yet.
phpmyadmin-C0953,phpmyadmin,libraries/classes/Controllers/Table/TableRelationController.php,form_handling,PASS,pending,NEEDS_CHARACTERIZATION,Candidate has observable request/output contract but no stable oracle yet.
phpmyadmin-C0954,phpmyadmin,libraries/classes/Controllers/Table/TableRelationController.php,long_method_or_region,PASS,pending,NEEDS_CHARACTERIZATION,Candidate has observable request/output contract but no stable oracle yet.
phpmyadmin-C0955,phpmyadmin,libraries/classes/Controllers/Table/TableRelationController.php,long_method_or_region,PASS,pending,NEEDS_CHARACTERIZATION,Candidate has observable request/output contract but no stable oracle yet.
phpmyadmin-C0956,phpmyadmin,libraries/classes/Controllers/Table/TableSearchController.php,sql_data_access,PASS,pending,NEEDS_CHARACTERIZATION,Candidate has observable request/output contract but no stable oracle yet.
phpmyadmin-C0957,phpmyadmin,libraries/classes/Controllers/Table/TableSearchController.php,long_method_or_region,PASS,pending,NEEDS_CHARACTERIZATION,Candidate has observable request/output contract but no stable oracle yet.
phpmyadmin-C0958,phpmyadmin,libraries/classes/Controllers/Table/TableSearchController.php,sql_data_access,PASS,pending,NEEDS_MANUAL_ORACLE_REVIEW,No obvious web contract was extracted; existing tests or manual characterization must be mapped.
phpmyadmin-C0959,phpmyadmin,libraries/classes/Controllers/Table/TableSearchController.php,sql_data_access,PASS,pending,NEEDS_MANUAL_ORACLE_REVIEW,No obvious web contract was extracted; existing tests or manual characterization must be mapped.
phpmyadmin-C0960,phpmyadmin,libraries/classes/Controllers/Table/TableSearchController.php,sql_data_access,PASS,pending,NEEDS_CHARACTERIZATION,Candidate has observable request/output contract but no stable oracle yet.
phpmyadmin-C0961,phpmyadmin,libraries/classes/Controllers/Table/TableSearchController.php,long_method_or_region,PASS,pending,NEEDS_MANUAL_ORACLE_REVIEW,No obvious web contract was extracted; existing tests or manual characterization must be mapped.
phpmyadmin-C0962,phpmyadmin,libraries/classes/Controllers/Table/TableStructureController.php,mixed_php_html_sql,PASS,pending,NEEDS_CHARACTERIZATION,Candidate has observable request/output contract but no stable oracle yet.
phpmyadmin-C0963,phpmyadmin,libraries/classes/Controllers/Table/TableStructureController.php,long_method_or_region,PASS,pending,NEEDS_CHARACTERIZATION,Candidate has observable request/output contract but no stable oracle yet.
phpmyadmin-C0964,phpmyadmin,libraries/classes/Controllers/Table/TableStructureController.php,long_method_or_region,PASS,pending,NEEDS_CHARACTERIZATION,Candidate has observable request/output contract but no stable oracle yet.
phpmyadmin-C0965,phpmyadmin,libraries/classes/Controllers/Table/TableStructureController.php,long_method_or_region,PASS,pending,NEEDS_MANUAL_ORACLE_REVIEW,No obvious web contract was extracted; existing tests or manual characterization must be mapped.
phpmyadmin-C0966,phpmyadmin,libraries/classes/Controllers/Table/TableStructureController.php,sql_data_access,PASS,pending,NEEDS_CHARACTERIZATION,Candidate has observable request/output contract but no stable oracle yet.
phpmyadmin-C0967,phpmyadmin,libraries/classes/Controllers/Table/TableStructureController.php,long_method_or_region,PASS,pending,NEEDS_CHARACTERIZATION,Candidate has observable request/output contract but no stable oracle yet.
phpmyadmin-C0968,phpmyadmin,libraries/classes/Controllers/Table/TableStructureController.php,long_method_or_region,PASS,pending,NEEDS_MANUAL_ORACLE_REVIEW,No obvious web contract was extracted; existing tests or manual characterization must be mapped.
phpmyadmin-C0969,phpmyadmin,libraries/classes/Controllers/Table/TableStructureController.php,long_method_or_region,PASS,pending,NEEDS_MANUAL_ORACLE_REVIEW,No obvious web contract was extracted; existing tests or manual characterization must be mapped.
phpmyadmin-C0970,phpmyadmin,libraries/classes/Controllers/Table/TableStructureController.php,long_method_or_region,PASS,pending,NEEDS_MANUAL_ORACLE_REVIEW,No obvious web contract was extracted; existing tests or manual characterization must be mapped.
phpmyadmin-C0971,phpmyadmin,libraries/classes/Config/Forms/BaseFormList.php,long_method_or_region,PASS,pending,NEEDS_CHARACTERIZATION,Candidate has observable request/output contract but no stable oracle yet.
phpmyadmin-C0972,phpmyadmin,libraries/classes/Config/Forms/User/ExportForm.php,long_method_or_region,PASS,pending,NEEDS_MANUAL_ORACLE_REVIEW,No obvious web contract was extracted; existing tests or manual characterization must be mapped.
