project,file,php_version,image,status,message
dolibarr,dev/initdata/generate-invoice.php,5.6.40,php:5.6-cli,PASS,No syntax errors detected in /app/dev/initdata/generate-invoice.php
dolibarr,dev/initdata/generate-order.php,5.6.40,php:5.6-cli,PASS,No syntax errors detected in /app/dev/initdata/generate-order.php
dolibarr,dev/initdata/generate-product.php,5.6.40,php:5.6-cli,PASS,No syntax errors detected in /app/dev/initdata/generate-product.php
dolibarr,dev/initdata/generate-proposal.php,5.6.40,php:5.6-cli,PASS,No syntax errors detected in /app/dev/initdata/generate-proposal.php
dolibarr,dev/initdata/generate-thirdparty.php,5.6.40,php:5.6-cli,PASS,No syntax errors detected in /app/dev/initdata/generate-thirdparty.php
dolibarr,dev/initdata/purge-data.php,5.6.40,php:5.6-cli,PASS,No syntax errors detected in /app/dev/initdata/purge-data.php
dolibarr,dev/initdemo/updatedemo.php,5.6.40,php:5.6-cli,PASS,No syntax errors detected in /app/dev/initdemo/updatedemo.php
dolibarr,dev/translation/autotranslator.class.php,5.6.40,php:5.6-cli,PASS,No syntax errors detected in /app/dev/translation/autotranslator.class.php
dolibarr,dev/translation/sanity_check_en_langfiles.php,5.6.40,php:5.6-cli,PASS,No syntax errors detected in /app/dev/translation/sanity_check_en_langfiles.php
dolibarr,htdocs/accountancy/admin/account.php,5.6.40,php:5.6-cli,PASS,No syntax errors detected in /app/htdocs/accountancy/admin/account.php
dolibarr,htdocs/accountancy/admin/accountmodel.php,5.6.40,php:5.6-cli,PASS,No syntax errors detected in /app/htdocs/accountancy/admin/accountmodel.php
dolibarr,htdocs/accountancy/admin/card.php,5.6.40,php:5.6-cli,PASS,No syntax errors detected in /app/htdocs/accountancy/admin/card.php
dolibarr,htdocs/accountancy/admin/categories.php,5.6.40,php:5.6-cli,PASS,No syntax errors detected in /app/htdocs/accountancy/admin/categories.php
dolibarr,htdocs/accountancy/admin/categories_list.php,5.6.40,php:5.6-cli,PASS,No syntax errors detected in /app/htdocs/accountancy/admin/categories_list.php
dolibarr,htdocs/accountancy/admin/closure.php,5.6.40,php:5.6-cli,PASS,No syntax errors detected in /app/htdocs/accountancy/admin/closure.php
dolibarr,htdocs/accountancy/admin/defaultaccounts.php,5.6.40,php:5.6-cli,PASS,No syntax errors detected in /app/htdocs/accountancy/admin/defaultaccounts.php
dolibarr,htdocs/accountancy/admin/export.php,5.6.40,php:5.6-cli,PASS,No syntax errors detected in /app/htdocs/accountancy/admin/export.php
dolibarr,htdocs/accountancy/admin/fiscalyear.php,5.6.40,php:5.6-cli,PASS,No syntax errors detected in /app/htdocs/accountancy/admin/fiscalyear.php
dolibarr,htdocs/accountancy/admin/fiscalyear_card.php,5.6.40,php:5.6-cli,PASS,No syntax errors detected in /app/htdocs/accountancy/admin/fiscalyear_card.php
dolibarr,htdocs/accountancy/admin/index.php,5.6.40,php:5.6-cli,PASS,No syntax errors detected in /app/htdocs/accountancy/admin/index.php
dolibarr,htdocs/accountancy/admin/journals_list.php,5.6.40,php:5.6-cli,PASS,No syntax errors detected in /app/htdocs/accountancy/admin/journals_list.php
dolibarr,htdocs/accountancy/admin/productaccount.php,5.6.40,php:5.6-cli,PASS,No syntax errors detected in /app/htdocs/accountancy/admin/productaccount.php
dolibarr,htdocs/accountancy/bookkeeping/balance.php,5.6.40,php:5.6-cli,PASS,No syntax errors detected in /app/htdocs/accountancy/bookkeeping/balance.php
dolibarr,htdocs/accountancy/bookkeeping/balancebymonth.php,5.6.40,php:5.6-cli,PASS,No syntax errors detected in /app/htdocs/accountancy/bookkeeping/balancebymonth.php
dolibarr,htdocs/accountancy/bookkeeping/card.php,5.6.40,php:5.6-cli,PASS,No syntax errors detected in /app/htdocs/accountancy/bookkeeping/card.php
dolibarr,htdocs/accountancy/bookkeeping/list.php,5.6.40,php:5.6-cli,PASS,No syntax errors detected in /app/htdocs/accountancy/bookkeeping/list.php
dolibarr,htdocs/accountancy/bookkeeping/listbyaccount.php,5.6.40,php:5.6-cli,PASS,No syntax errors detected in /app/htdocs/accountancy/bookkeeping/listbyaccount.php
dolibarr,htdocs/accountancy/bookkeeping/thirdparty_lettering_customer.php,5.6.40,php:5.6-cli,PASS,No syntax errors detected in /app/htdocs/accountancy/bookkeeping/thirdparty_lettering_customer.php
dolibarr,htdocs/accountancy/bookkeeping/thirdparty_lettering_supplier.php,5.6.40,php:5.6-cli,PASS,No syntax errors detected in /app/htdocs/accountancy/bookkeeping/thirdparty_lettering_supplier.php
dolibarr,htdocs/accountancy/class/accountancycategory.class.php,5.6.40,php:5.6-cli,PASS,No syntax errors detected in /app/htdocs/accountancy/class/accountancycategory.class.php
dolibarr,htdocs/accountancy/class/accountancyexport.class.php,5.6.40,php:5.6-cli,PASS,No syntax errors detected in /app/htdocs/accountancy/class/accountancyexport.class.php
dolibarr,htdocs/accountancy/class/accountancysystem.class.php,5.6.40,php:5.6-cli,PASS,No syntax errors detected in /app/htdocs/accountancy/class/accountancysystem.class.php
dolibarr,htdocs/accountancy/class/accountingaccount.class.php,5.6.40,php:5.6-cli,PASS,No syntax errors detected in /app/htdocs/accountancy/class/accountingaccount.class.php
dolibarr,htdocs/accountancy/class/accountingjournal.class.php,5.6.40,php:5.6-cli,PASS,No syntax errors detected in /app/htdocs/accountancy/class/accountingjournal.class.php
dolibarr,htdocs/accountancy/class/bookkeeping.class.php,5.6.40,php:5.6-cli,PASS,No syntax errors detected in /app/htdocs/accountancy/class/bookkeeping.class.php
dolibarr,htdocs/accountancy/class/lettering.class.php,5.6.40,php:5.6-cli,PASS,No syntax errors detected in /app/htdocs/accountancy/class/lettering.class.php
dolibarr,htdocs/accountancy/customer/card.php,5.6.40,php:5.6-cli,PASS,No syntax errors detected in /app/htdocs/accountancy/customer/card.php
dolibarr,htdocs/accountancy/customer/index.php,5.6.40,php:5.6-cli,PASS,No syntax errors detected in /app/htdocs/accountancy/customer/index.php
dolibarr,htdocs/accountancy/customer/lines.php,5.6.40,php:5.6-cli,PASS,No syntax errors detected in /app/htdocs/accountancy/customer/lines.php
dolibarr,htdocs/accountancy/customer/list.php,5.6.40,php:5.6-cli,PASS,No syntax errors detected in /app/htdocs/accountancy/customer/list.php
dolibarr,htdocs/accountancy/expensereport/card.php,5.6.40,php:5.6-cli,PASS,No syntax errors detected in /app/htdocs/accountancy/expensereport/card.php
dolibarr,htdocs/accountancy/expensereport/index.php,5.6.40,php:5.6-cli,PASS,No syntax errors detected in /app/htdocs/accountancy/expensereport/index.php
dolibarr,htdocs/accountancy/expensereport/lines.php,5.6.40,php:5.6-cli,PASS,No syntax errors detected in /app/htdocs/accountancy/expensereport/lines.php
dolibarr,htdocs/accountancy/expensereport/list.php,5.6.40,php:5.6-cli,PASS,No syntax errors detected in /app/htdocs/accountancy/expensereport/list.php
dolibarr,htdocs/accountancy/index.php,5.6.40,php:5.6-cli,PASS,No syntax errors detected in /app/htdocs/accountancy/index.php
dolibarr,htdocs/accountancy/journal/bankjournal.php,5.6.40,php:5.6-cli,PASS,No syntax errors detected in /app/htdocs/accountancy/journal/bankjournal.php
dolibarr,htdocs/accountancy/journal/expensereportsjournal.php,5.6.40,php:5.6-cli,PASS,No syntax errors detected in /app/htdocs/accountancy/journal/expensereportsjournal.php
dolibarr,htdocs/accountancy/journal/purchasesjournal.php,5.6.40,php:5.6-cli,PASS,No syntax errors detected in /app/htdocs/accountancy/journal/purchasesjournal.php
dolibarr,htdocs/accountancy/journal/sellsjournal.php,5.6.40,php:5.6-cli,PASS,No syntax errors detected in /app/htdocs/accountancy/journal/sellsjournal.php
dolibarr,htdocs/accountancy/supplier/card.php,5.6.40,php:5.6-cli,PASS,No syntax errors detected in /app/htdocs/accountancy/supplier/card.php
dolibarr,htdocs/accountancy/supplier/index.php,5.6.40,php:5.6-cli,PASS,No syntax errors detected in /app/htdocs/accountancy/supplier/index.php
dolibarr,htdocs/accountancy/supplier/lines.php,5.6.40,php:5.6-cli,PASS,No syntax errors detected in /app/htdocs/accountancy/supplier/lines.php
dolibarr,htdocs/accountancy/supplier/list.php,5.6.40,php:5.6-cli,PASS,No syntax errors detected in /app/htdocs/accountancy/supplier/list.php
dolibarr,htdocs/adherents/admin/adherent.php,5.6.40,php:5.6-cli,PASS,No syntax errors detected in /app/htdocs/adherents/admin/adherent.php
dolibarr,htdocs/adherents/admin/adherent_emails.php,5.6.40,php:5.6-cli,PASS,No syntax errors detected in /app/htdocs/adherents/admin/adherent_emails.php
dolibarr,htdocs/adherents/admin/website.php,5.6.40,php:5.6-cli,PASS,No syntax errors detected in /app/htdocs/adherents/admin/website.php
dolibarr,htdocs/adherents/agenda.php,5.6.40,php:5.6-cli,PASS,No syntax errors detected in /app/htdocs/adherents/agenda.php
dolibarr,htdocs/adherents/canvas/actions_adherentcard_common.class.php,5.6.40,php:5.6-cli,PASS,No syntax errors detected in /app/htdocs/adherents/canvas/actions_adherentcard_common.class.php
dolibarr,htdocs/adherents/canvas/default/tpl/adherentcard_create.tpl.php,5.6.40,php:5.6-cli,PASS,No syntax errors detected in /app/htdocs/adherents/canvas/default/tpl/adherentcard_create.tpl.php
dolibarr,htdocs/adherents/canvas/default/tpl/adherentcard_edit.tpl.php,5.6.40,php:5.6-cli,PASS,No syntax errors detected in /app/htdocs/adherents/canvas/default/tpl/adherentcard_edit.tpl.php
dolibarr,htdocs/adherents/canvas/default/tpl/adherentcard_view.tpl.php,5.6.40,php:5.6-cli,PASS,No syntax errors detected in /app/htdocs/adherents/canvas/default/tpl/adherentcard_view.tpl.php
dolibarr,htdocs/adherents/card.php,5.6.40,php:5.6-cli,PASS,No syntax errors detected in /app/htdocs/adherents/card.php
dolibarr,htdocs/adherents/cartes/carte.php,5.6.40,php:5.6-cli,PASS,No syntax errors detected in /app/htdocs/adherents/cartes/carte.php
dolibarr,htdocs/adherents/class/adherent.class.php,5.6.40,php:5.6-cli,PASS,No syntax errors detected in /app/htdocs/adherents/class/adherent.class.php
dolibarr,htdocs/adherents/class/adherent_type.class.php,5.6.40,php:5.6-cli,PASS,No syntax errors detected in /app/htdocs/adherents/class/adherent_type.class.php
dolibarr,htdocs/adherents/class/adherentstats.class.php,5.6.40,php:5.6-cli,PASS,No syntax errors detected in /app/htdocs/adherents/class/adherentstats.class.php
dolibarr,htdocs/adherents/class/api_members.class.php,5.6.40,php:5.6-cli,PASS,No syntax errors detected in /app/htdocs/adherents/class/api_members.class.php
dolibarr,htdocs/adherents/class/api_memberstypes.class.php,5.6.40,php:5.6-cli,PASS,No syntax errors detected in /app/htdocs/adherents/class/api_memberstypes.class.php
dolibarr,htdocs/adherents/class/api_subscriptions.class.php,5.6.40,php:5.6-cli,PASS,No syntax errors detected in /app/htdocs/adherents/class/api_subscriptions.class.php
dolibarr,htdocs/adherents/class/subscription.class.php,5.6.40,php:5.6-cli,PASS,No syntax errors detected in /app/htdocs/adherents/class/subscription.class.php
dolibarr,htdocs/adherents/document.php,5.6.40,php:5.6-cli,PASS,No syntax errors detected in /app/htdocs/adherents/document.php
dolibarr,htdocs/adherents/index.php,5.6.40,php:5.6-cli,PASS,No syntax errors detected in /app/htdocs/adherents/index.php
dolibarr,htdocs/adherents/ldap.php,5.6.40,php:5.6-cli,PASS,No syntax errors detected in /app/htdocs/adherents/ldap.php
dolibarr,htdocs/adherents/list.php,5.6.40,php:5.6-cli,PASS,No syntax errors detected in /app/htdocs/adherents/list.php
dolibarr,htdocs/adherents/note.php,5.6.40,php:5.6-cli,PASS,No syntax errors detected in /app/htdocs/adherents/note.php
dolibarr,htdocs/adherents/stats/byproperties.php,5.6.40,php:5.6-cli,PASS,No syntax errors detected in /app/htdocs/adherents/stats/byproperties.php
dolibarr,htdocs/adherents/stats/geo.php,5.6.40,php:5.6-cli,PASS,No syntax errors detected in /app/htdocs/adherents/stats/geo.php
dolibarr,htdocs/adherents/stats/index.php,5.6.40,php:5.6-cli,PASS,No syntax errors detected in /app/htdocs/adherents/stats/index.php
dolibarr,htdocs/adherents/subscription.php,5.6.40,php:5.6-cli,PASS,No syntax errors detected in /app/htdocs/adherents/subscription.php
dolibarr,htdocs/adherents/subscription/card.php,5.6.40,php:5.6-cli,PASS,No syntax errors detected in /app/htdocs/adherents/subscription/card.php
dolibarr,htdocs/adherents/subscription/list.php,5.6.40,php:5.6-cli,PASS,No syntax errors detected in /app/htdocs/adherents/subscription/list.php
dolibarr,htdocs/adherents/tpl/linkedobjectblock.tpl.php,5.6.40,php:5.6-cli,PASS,No syntax errors detected in /app/htdocs/adherents/tpl/linkedobjectblock.tpl.php
dolibarr,htdocs/adherents/type.php,5.6.40,php:5.6-cli,PASS,No syntax errors detected in /app/htdocs/adherents/type.php
dolibarr,htdocs/adherents/type_ldap.php,5.6.40,php:5.6-cli,PASS,No syntax errors detected in /app/htdocs/adherents/type_ldap.php
dolibarr,htdocs/admin/accountant.php,5.6.40,php:5.6-cli,PASS,No syntax errors detected in /app/htdocs/admin/accountant.php
dolibarr,htdocs/admin/agenda.php,5.6.40,php:5.6-cli,PASS,No syntax errors detected in /app/htdocs/admin/agenda.php
dolibarr,htdocs/admin/agenda_extsites.php,5.6.40,php:5.6-cli,PASS,No syntax errors detected in /app/htdocs/admin/agenda_extsites.php
dolibarr,htdocs/admin/agenda_other.php,5.6.40,php:5.6-cli,PASS,No syntax errors detected in /app/htdocs/admin/agenda_other.php
dolibarr,htdocs/admin/agenda_reminder.php,5.6.40,php:5.6-cli,PASS,No syntax errors detected in /app/htdocs/admin/agenda_reminder.php
dolibarr,htdocs/admin/agenda_xcal.php,5.6.40,php:5.6-cli,PASS,No syntax errors detected in /app/htdocs/admin/agenda_xcal.php
dolibarr,htdocs/admin/bank.php,5.6.40,php:5.6-cli,PASS,No syntax errors detected in /app/htdocs/admin/bank.php
dolibarr,htdocs/admin/barcode.php,5.6.40,php:5.6-cli,PASS,No syntax errors detected in /app/htdocs/admin/barcode.php
dolibarr,htdocs/admin/bom.php,5.6.40,php:5.6-cli,PASS,No syntax errors detected in /app/htdocs/admin/bom.php
dolibarr,htdocs/admin/boxes.php,5.6.40,php:5.6-cli,PASS,No syntax errors detected in /app/htdocs/admin/boxes.php
dolibarr,htdocs/admin/chequereceipts.php,5.6.40,php:5.6-cli,PASS,No syntax errors detected in /app/htdocs/admin/chequereceipts.php
dolibarr,htdocs/admin/clicktodial.php,5.6.40,php:5.6-cli,PASS,No syntax errors detected in /app/htdocs/admin/clicktodial.php
dolibarr,htdocs/admin/commande.php,5.6.40,php:5.6-cli,PASS,No syntax errors detected in /app/htdocs/admin/commande.php
dolibarr,htdocs/admin/company.php,5.6.40,php:5.6-cli,PASS,No syntax errors detected in /app/htdocs/admin/company.php
dolibarr,htdocs/admin/compta.php,5.6.40,php:5.6-cli,PASS,No syntax errors detected in /app/htdocs/admin/compta.php
dolibarr,htdocs/admin/confexped.php,5.6.40,php:5.6-cli,PASS,No syntax errors detected in /app/htdocs/admin/confexped.php
dolibarr,htdocs/admin/const.php,5.6.40,php:5.6-cli,PASS,No syntax errors detected in /app/htdocs/admin/const.php
dolibarr,htdocs/admin/contract.php,5.6.40,php:5.6-cli,PASS,No syntax errors detected in /app/htdocs/admin/contract.php
dolibarr,htdocs/admin/dav.php,5.6.40,php:5.6-cli,PASS,No syntax errors detected in /app/htdocs/admin/dav.php
dolibarr,htdocs/admin/debugbar.php,5.6.40,php:5.6-cli,PASS,No syntax errors detected in /app/htdocs/admin/debugbar.php
dolibarr,htdocs/admin/defaultvalues.php,5.6.40,php:5.6-cli,PASS,No syntax errors detected in /app/htdocs/admin/defaultvalues.php
dolibarr,htdocs/admin/delais.php,5.6.40,php:5.6-cli,PASS,No syntax errors detected in /app/htdocs/admin/delais.php
dolibarr,htdocs/admin/dict.php,5.6.40,php:5.6-cli,PASS,No syntax errors detected in /app/htdocs/admin/dict.php
dolibarr,htdocs/admin/dolistore/class/PSWebServiceLibrary.class.php,5.6.40,php:5.6-cli,PASS,No syntax errors detected in /app/htdocs/admin/dolistore/class/PSWebServiceLibrary.class.php
dolibarr,htdocs/admin/dolistore/class/dolistore.class.php,5.6.40,php:5.6-cli,PASS,No syntax errors detected in /app/htdocs/admin/dolistore/class/dolistore.class.php
dolibarr,htdocs/admin/ecm.php,5.6.40,php:5.6-cli,PASS,No syntax errors detected in /app/htdocs/admin/ecm.php
dolibarr,htdocs/admin/emailcollector_card.php,5.6.40,php:5.6-cli,PASS,No syntax errors detected in /app/htdocs/admin/emailcollector_card.php
dolibarr,htdocs/admin/emailcollector_list.php,5.6.40,php:5.6-cli,PASS,No syntax errors detected in /app/htdocs/admin/emailcollector_list.php
dolibarr,htdocs/admin/events.php,5.6.40,php:5.6-cli,PASS,No syntax errors detected in /app/htdocs/admin/events.php
dolibarr,htdocs/admin/expedition.php,5.6.40,php:5.6-cli,PASS,No syntax errors detected in /app/htdocs/admin/expedition.php
dolibarr,htdocs/admin/expensereport.php,5.6.40,php:5.6-cli,PASS,No syntax errors detected in /app/htdocs/admin/expensereport.php
dolibarr,htdocs/admin/expensereport_ik.php,5.6.40,php:5.6-cli,PASS,No syntax errors detected in /app/htdocs/admin/expensereport_ik.php
dolibarr,htdocs/admin/expensereport_rules.php,5.6.40,php:5.6-cli,PASS,No syntax errors detected in /app/htdocs/admin/expensereport_rules.php
dolibarr,htdocs/admin/export.php,5.6.40,php:5.6-cli,PASS,No syntax errors detected in /app/htdocs/admin/export.php
dolibarr,htdocs/admin/external_rss.php,5.6.40,php:5.6-cli,PASS,No syntax errors detected in /app/htdocs/admin/external_rss.php
dolibarr,htdocs/admin/facture.php,5.6.40,php:5.6-cli,PASS,No syntax errors detected in /app/htdocs/admin/facture.php
dolibarr,htdocs/admin/fckeditor.php,5.6.40,php:5.6-cli,PASS,No syntax errors detected in /app/htdocs/admin/fckeditor.php
dolibarr,htdocs/admin/fichinter.php,5.6.40,php:5.6-cli,PASS,No syntax errors detected in /app/htdocs/admin/fichinter.php
dolibarr,htdocs/admin/geoipmaxmind.php,5.6.40,php:5.6-cli,PASS,No syntax errors detected in /app/htdocs/admin/geoipmaxmind.php
dolibarr,htdocs/admin/holiday.php,5.6.40,php:5.6-cli,PASS,No syntax errors detected in /app/htdocs/admin/holiday.php
dolibarr,htdocs/admin/ihm.php,5.6.40,php:5.6-cli,PASS,No syntax errors detected in /app/htdocs/admin/ihm.php
dolibarr,htdocs/admin/index.php,5.6.40,php:5.6-cli,PASS,No syntax errors detected in /app/htdocs/admin/index.php
dolibarr,htdocs/admin/ldap.php,5.6.40,php:5.6-cli,PASS,No syntax errors detected in /app/htdocs/admin/ldap.php
dolibarr,htdocs/admin/ldap_contacts.php,5.6.40,php:5.6-cli,PASS,No syntax errors detected in /app/htdocs/admin/ldap_contacts.php
dolibarr,htdocs/admin/ldap_groups.php,5.6.40,php:5.6-cli,PASS,No syntax errors detected in /app/htdocs/admin/ldap_groups.php
dolibarr,htdocs/admin/ldap_members.php,5.6.40,php:5.6-cli,PASS,No syntax errors detected in /app/htdocs/admin/ldap_members.php
dolibarr,htdocs/admin/ldap_members_types.php,5.6.40,php:5.6-cli,PASS,No syntax errors detected in /app/htdocs/admin/ldap_members_types.php
dolibarr,htdocs/admin/ldap_users.php,5.6.40,php:5.6-cli,PASS,No syntax errors detected in /app/htdocs/admin/ldap_users.php
dolibarr,htdocs/admin/limits.php,5.6.40,php:5.6-cli,PASS,No syntax errors detected in /app/htdocs/admin/limits.php
dolibarr,htdocs/admin/livraison.php,5.6.40,php:5.6-cli,PASS,No syntax errors detected in /app/htdocs/admin/livraison.php
dolibarr,htdocs/admin/loan.php,5.6.40,php:5.6-cli,PASS,No syntax errors detected in /app/htdocs/admin/loan.php
dolibarr,htdocs/admin/mailing.php,5.6.40,php:5.6-cli,PASS,No syntax errors detected in /app/htdocs/admin/mailing.php
dolibarr,htdocs/admin/mailman.php,5.6.40,php:5.6-cli,PASS,No syntax errors detected in /app/htdocs/admin/mailman.php
dolibarr,htdocs/admin/mails.php,5.6.40,php:5.6-cli,PASS,No syntax errors detected in /app/htdocs/admin/mails.php
dolibarr,htdocs/admin/mails_emailing.php,5.6.40,php:5.6-cli,PASS,No syntax errors detected in /app/htdocs/admin/mails_emailing.php
dolibarr,htdocs/admin/mails_senderprofile_list.php,5.6.40,php:5.6-cli,PASS,No syntax errors detected in /app/htdocs/admin/mails_senderprofile_list.php
dolibarr,htdocs/admin/mails_templates.php,5.6.40,php:5.6-cli,PASS,No syntax errors detected in /app/htdocs/admin/mails_templates.php
dolibarr,htdocs/admin/menus.php,5.6.40,php:5.6-cli,PASS,No syntax errors detected in /app/htdocs/admin/menus.php
dolibarr,htdocs/admin/menus/edit.php,5.6.40,php:5.6-cli,PASS,No syntax errors detected in /app/htdocs/admin/menus/edit.php
dolibarr,htdocs/admin/menus/index.php,5.6.40,php:5.6-cli,PASS,No syntax errors detected in /app/htdocs/admin/menus/index.php
dolibarr,htdocs/admin/modulehelp.php,5.6.40,php:5.6-cli,PASS,No syntax errors detected in /app/htdocs/admin/modulehelp.php
dolibarr,htdocs/admin/modules.php,5.6.40,php:5.6-cli,PASS,No syntax errors detected in /app/htdocs/admin/modules.php
dolibarr,htdocs/admin/multicurrency.php,5.6.40,php:5.6-cli,PASS,No syntax errors detected in /app/htdocs/admin/multicurrency.php
dolibarr,htdocs/admin/notification.php,5.6.40,php:5.6-cli,PASS,No syntax errors detected in /app/htdocs/admin/notification.php
dolibarr,htdocs/admin/oauth.php,5.6.40,php:5.6-cli,PASS,No syntax errors detected in /app/htdocs/admin/oauth.php
dolibarr,htdocs/admin/oauthlogintokens.php,5.6.40,php:5.6-cli,PASS,No syntax errors detected in /app/htdocs/admin/oauthlogintokens.php
dolibarr,htdocs/admin/openinghours.php,5.6.40,php:5.6-cli,PASS,No syntax errors detected in /app/htdocs/admin/openinghours.php
dolibarr,htdocs/admin/payment.php,5.6.40,php:5.6-cli,PASS,No syntax errors detected in /app/htdocs/admin/payment.php
dolibarr,htdocs/admin/pdf.php,5.6.40,php:5.6-cli,PASS,No syntax errors detected in /app/htdocs/admin/pdf.php
dolibarr,htdocs/admin/perms.php,5.6.40,php:5.6-cli,PASS,No syntax errors detected in /app/htdocs/admin/perms.php
dolibarr,htdocs/admin/prelevement.php,5.6.40,php:5.6-cli,PASS,No syntax errors detected in /app/htdocs/admin/prelevement.php
dolibarr,htdocs/admin/propal.php,5.6.40,php:5.6-cli,PASS,No syntax errors detected in /app/htdocs/admin/propal.php
dolibarr,htdocs/admin/proxy.php,5.6.40,php:5.6-cli,PASS,No syntax errors detected in /app/htdocs/admin/proxy.php
dolibarr,htdocs/admin/receiptprinter.php,5.6.40,php:5.6-cli,PASS,No syntax errors detected in /app/htdocs/admin/receiptprinter.php
dolibarr,htdocs/admin/reception_setup.php,5.6.40,php:5.6-cli,PASS,No syntax errors detected in /app/htdocs/admin/reception_setup.php
dolibarr,htdocs/admin/resource.php,5.6.40,php:5.6-cli,PASS,No syntax errors detected in /app/htdocs/admin/resource.php
dolibarr,htdocs/admin/salaries.php,5.6.40,php:5.6-cli,PASS,No syntax errors detected in /app/htdocs/admin/salaries.php
dolibarr,htdocs/admin/security.php,5.6.40,php:5.6-cli,PASS,No syntax errors detected in /app/htdocs/admin/security.php
dolibarr,htdocs/admin/security_file.php,5.6.40,php:5.6-cli,PASS,No syntax errors detected in /app/htdocs/admin/security_file.php
dolibarr,htdocs/admin/security_other.php,5.6.40,php:5.6-cli,PASS,No syntax errors detected in /app/htdocs/admin/security_other.php
dolibarr,htdocs/admin/sms.php,5.6.40,php:5.6-cli,PASS,No syntax errors detected in /app/htdocs/admin/sms.php
dolibarr,htdocs/admin/spip.php,5.6.40,php:5.6-cli,PASS,No syntax errors detected in /app/htdocs/admin/spip.php
dolibarr,htdocs/admin/stock.php,5.6.40,php:5.6-cli,PASS,No syntax errors detected in /app/htdocs/admin/stock.php
dolibarr,htdocs/admin/supplier_invoice.php,5.6.40,php:5.6-cli,PASS,No syntax errors detected in /app/htdocs/admin/supplier_invoice.php
dolibarr,htdocs/admin/supplier_order.php,5.6.40,php:5.6-cli,PASS,No syntax errors detected in /app/htdocs/admin/supplier_order.php
dolibarr,htdocs/admin/supplier_payment.php,5.6.40,php:5.6-cli,PASS,No syntax errors detected in /app/htdocs/admin/supplier_payment.php
dolibarr,htdocs/admin/supplier_proposal.php,5.6.40,php:5.6-cli,PASS,No syntax errors detected in /app/htdocs/admin/supplier_proposal.php
dolibarr,htdocs/admin/syslog.php,5.6.40,php:5.6-cli,PASS,No syntax errors detected in /app/htdocs/admin/syslog.php
dolibarr,htdocs/admin/system/about.php,5.6.40,php:5.6-cli,PASS,No syntax errors detected in /app/htdocs/admin/system/about.php
dolibarr,htdocs/admin/system/browser.php,5.6.40,php:5.6-cli,PASS,No syntax errors detected in /app/htdocs/admin/system/browser.php
dolibarr,htdocs/admin/system/constall.php,5.6.40,php:5.6-cli,PASS,No syntax errors detected in /app/htdocs/admin/system/constall.php
dolibarr,htdocs/admin/system/database-tables.php,5.6.40,php:5.6-cli,PASS,No syntax errors detected in /app/htdocs/admin/system/database-tables.php
dolibarr,htdocs/admin/system/database.php,5.6.40,php:5.6-cli,PASS,No syntax errors detected in /app/htdocs/admin/system/database.php
dolibarr,htdocs/admin/system/dbtable.php,5.6.40,php:5.6-cli,PASS,No syntax errors detected in /app/htdocs/admin/system/dbtable.php
dolibarr,htdocs/admin/system/dolibarr.php,5.6.40,php:5.6-cli,PASS,No syntax errors detected in /app/htdocs/admin/system/dolibarr.php
dolibarr,htdocs/admin/system/filecheck.php,5.6.40,php:5.6-cli,PASS,No syntax errors detected in /app/htdocs/admin/system/filecheck.php
dolibarr,htdocs/admin/system/modules.php,5.6.40,php:5.6-cli,PASS,No syntax errors detected in /app/htdocs/admin/system/modules.php
dolibarr,htdocs/admin/system/perf.php,5.6.40,php:5.6-cli,PASS,No syntax errors detected in /app/htdocs/admin/system/perf.php
dolibarr,htdocs/admin/system/phpinfo.php,5.6.40,php:5.6-cli,PASS,No syntax errors detected in /app/htdocs/admin/system/phpinfo.php
dolibarr,htdocs/admin/taxes.php,5.6.40,php:5.6-cli,PASS,No syntax errors detected in /app/htdocs/admin/taxes.php
dolibarr,htdocs/admin/ticket.php,5.6.40,php:5.6-cli,PASS,No syntax errors detected in /app/htdocs/admin/ticket.php
dolibarr,htdocs/admin/ticket_public.php,5.6.40,php:5.6-cli,PASS,No syntax errors detected in /app/htdocs/admin/ticket_public.php
dolibarr,htdocs/admin/tools/dolibarr_export.php,5.6.40,php:5.6-cli,PASS,No syntax errors detected in /app/htdocs/admin/tools/dolibarr_export.php
dolibarr,htdocs/admin/tools/dolibarr_import.php,5.6.40,php:5.6-cli,PASS,No syntax errors detected in /app/htdocs/admin/tools/dolibarr_import.php
dolibarr,htdocs/admin/tools/eaccelerator.php,5.6.40,php:5.6-cli,PASS,No syntax errors detected in /app/htdocs/admin/tools/eaccelerator.php
dolibarr,htdocs/admin/tools/export.php,5.6.40,php:5.6-cli,PASS,No syntax errors detected in /app/htdocs/admin/tools/export.php
dolibarr,htdocs/admin/tools/listevents.php,5.6.40,php:5.6-cli,PASS,No syntax errors detected in /app/htdocs/admin/tools/listevents.php
dolibarr,htdocs/admin/tools/listsessions.php,5.6.40,php:5.6-cli,PASS,No syntax errors detected in /app/htdocs/admin/tools/listsessions.php
dolibarr,htdocs/admin/tools/purge.php,5.6.40,php:5.6-cli,PASS,No syntax errors detected in /app/htdocs/admin/tools/purge.php
dolibarr,htdocs/admin/tools/update.php,5.6.40,php:5.6-cli,PASS,No syntax errors detected in /app/htdocs/admin/tools/update.php
dolibarr,htdocs/admin/translation.php,5.6.40,php:5.6-cli,PASS,No syntax errors detected in /app/htdocs/admin/translation.php
dolibarr,htdocs/admin/user.php,5.6.40,php:5.6-cli,PASS,No syntax errors detected in /app/htdocs/admin/user.php
dolibarr,htdocs/admin/usergroup.php,5.6.40,php:5.6-cli,PASS,No syntax errors detected in /app/htdocs/admin/usergroup.php
dolibarr,htdocs/admin/website.php,5.6.40,php:5.6-cli,PASS,No syntax errors detected in /app/htdocs/admin/website.php
dolibarr,htdocs/admin/website_options.php,5.6.40,php:5.6-cli,PASS,No syntax errors detected in /app/htdocs/admin/website_options.php
dolibarr,htdocs/admin/workflow.php,5.6.40,php:5.6-cli,PASS,No syntax errors detected in /app/htdocs/admin/workflow.php
dolibarr,htdocs/api/admin/explorer.php,5.6.40,php:5.6-cli,PASS,No syntax errors detected in /app/htdocs/api/admin/explorer.php
dolibarr,htdocs/api/admin/index.php,5.6.40,php:5.6-cli,PASS,No syntax errors detected in /app/htdocs/api/admin/index.php
dolibarr,htdocs/api/class/api.class.php,5.6.40,php:5.6-cli,PASS,No syntax errors detected in /app/htdocs/api/class/api.class.php
dolibarr,htdocs/api/class/api_access.class.php,5.6.40,php:5.6-cli,PASS,No syntax errors detected in /app/htdocs/api/class/api_access.class.php
dolibarr,htdocs/api/class/api_documents.class.php,5.6.40,php:5.6-cli,PASS,No syntax errors detected in /app/htdocs/api/class/api_documents.class.php
dolibarr,htdocs/api/class/api_login.class.php,5.6.40,php:5.6-cli,PASS,No syntax errors detected in /app/htdocs/api/class/api_login.class.php
dolibarr,htdocs/api/class/api_setup.class.php,5.6.40,php:5.6-cli,PASS,No syntax errors detected in /app/htdocs/api/class/api_setup.class.php
dolibarr,htdocs/asset/admin/setup.php,5.6.40,php:5.6-cli,PASS,No syntax errors detected in /app/htdocs/asset/admin/setup.php
dolibarr,htdocs/asset/card.php,5.6.40,php:5.6-cli,PASS,No syntax errors detected in /app/htdocs/asset/card.php
dolibarr,htdocs/asset/class/asset.class.php,5.6.40,php:5.6-cli,PASS,No syntax errors detected in /app/htdocs/asset/class/asset.class.php
dolibarr,htdocs/asset/class/asset_type.class.php,5.6.40,php:5.6-cli,PASS,No syntax errors detected in /app/htdocs/asset/class/asset_type.class.php
dolibarr,htdocs/asset/document.php,5.6.40,php:5.6-cli,PASS,No syntax errors detected in /app/htdocs/asset/document.php
dolibarr,htdocs/asset/list.php,5.6.40,php:5.6-cli,PASS,No syntax errors detected in /app/htdocs/asset/list.php
dolibarr,htdocs/asset/note.php,5.6.40,php:5.6-cli,PASS,No syntax errors detected in /app/htdocs/asset/note.php
dolibarr,htdocs/asset/type.php,5.6.40,php:5.6-cli,PASS,No syntax errors detected in /app/htdocs/asset/type.php
dolibarr,htdocs/asterisk/wrapper.php,5.6.40,php:5.6-cli,PASS,No syntax errors detected in /app/htdocs/asterisk/wrapper.php
dolibarr,htdocs/barcode/codeinit.php,5.6.40,php:5.6-cli,PASS,No syntax errors detected in /app/htdocs/barcode/codeinit.php
dolibarr,htdocs/barcode/printsheet.php,5.6.40,php:5.6-cli,PASS,No syntax errors detected in /app/htdocs/barcode/printsheet.php
dolibarr,htdocs/blockedlog/admin/blockedlog.php,5.6.40,php:5.6-cli,PASS,No syntax errors detected in /app/htdocs/blockedlog/admin/blockedlog.php
dolibarr,htdocs/blockedlog/admin/blockedlog_list.php,5.6.40,php:5.6-cli,PASS,No syntax errors detected in /app/htdocs/blockedlog/admin/blockedlog_list.php
dolibarr,htdocs/blockedlog/ajax/block-info.php,5.6.40,php:5.6-cli,PASS,No syntax errors detected in /app/htdocs/blockedlog/ajax/block-info.php
dolibarr,htdocs/blockedlog/class/authority.class.php,5.6.40,php:5.6-cli,PASS,No syntax errors detected in /app/htdocs/blockedlog/class/authority.class.php
dolibarr,htdocs/blockedlog/class/blockedlog.class.php,5.6.40,php:5.6-cli,PASS,No syntax errors detected in /app/htdocs/blockedlog/class/blockedlog.class.php
dolibarr,htdocs/bom/admin/setup.php,5.6.40,php:5.6-cli,PASS,No syntax errors detected in /app/htdocs/bom/admin/setup.php
dolibarr,htdocs/bom/bom_agenda.php,5.6.40,php:5.6-cli,PASS,No syntax errors detected in /app/htdocs/bom/bom_agenda.php
dolibarr,htdocs/bom/bom_card.php,5.6.40,php:5.6-cli,PASS,No syntax errors detected in /app/htdocs/bom/bom_card.php
dolibarr,htdocs/bom/bom_document.php,5.6.40,php:5.6-cli,PASS,No syntax errors detected in /app/htdocs/bom/bom_document.php
dolibarr,htdocs/bom/bom_list.php,5.6.40,php:5.6-cli,PASS,No syntax errors detected in /app/htdocs/bom/bom_list.php
dolibarr,htdocs/bom/bom_note.php,5.6.40,php:5.6-cli,PASS,No syntax errors detected in /app/htdocs/bom/bom_note.php
dolibarr,htdocs/bom/class/api_boms.class.php,5.6.40,php:5.6-cli,PASS,No syntax errors detected in /app/htdocs/bom/class/api_boms.class.php
dolibarr,htdocs/bom/class/bom.class.php,5.6.40,php:5.6-cli,PASS,No syntax errors detected in /app/htdocs/bom/class/bom.class.php
dolibarr,htdocs/bom/lib/bom.lib.php,5.6.40,php:5.6-cli,PASS,No syntax errors detected in /app/htdocs/bom/lib/bom.lib.php
dolibarr,htdocs/bom/tpl/objectline_create.tpl.php,5.6.40,php:5.6-cli,PASS,No syntax errors detected in /app/htdocs/bom/tpl/objectline_create.tpl.php
dolibarr,htdocs/bom/tpl/objectline_edit.tpl.php,5.6.40,php:5.6-cli,PASS,No syntax errors detected in /app/htdocs/bom/tpl/objectline_edit.tpl.php
dolibarr,htdocs/bom/tpl/objectline_view.tpl.php,5.6.40,php:5.6-cli,PASS,No syntax errors detected in /app/htdocs/bom/tpl/objectline_view.tpl.php
dolibarr,htdocs/bookmarks/admin/bookmark.php,5.6.40,php:5.6-cli,PASS,No syntax errors detected in /app/htdocs/bookmarks/admin/bookmark.php
dolibarr,htdocs/bookmarks/bookmarks.lib.php,5.6.40,php:5.6-cli,PASS,No syntax errors detected in /app/htdocs/bookmarks/bookmarks.lib.php
dolibarr,htdocs/bookmarks/card.php,5.6.40,php:5.6-cli,PASS,No syntax errors detected in /app/htdocs/bookmarks/card.php
dolibarr,htdocs/bookmarks/class/bookmark.class.php,5.6.40,php:5.6-cli,PASS,No syntax errors detected in /app/htdocs/bookmarks/class/bookmark.class.php
dolibarr,htdocs/bookmarks/list.php,5.6.40,php:5.6-cli,PASS,No syntax errors detected in /app/htdocs/bookmarks/list.php
dolibarr,htdocs/cashdesk/admin/cashdesk.php,5.6.40,php:5.6-cli,PASS,No syntax errors detected in /app/htdocs/cashdesk/admin/cashdesk.php
dolibarr,htdocs/cashdesk/affContenu.php,5.6.40,php:5.6-cli,PASS,No syntax errors detected in /app/htdocs/cashdesk/affContenu.php
dolibarr,htdocs/cashdesk/affIndex.php,5.6.40,php:5.6-cli,PASS,No syntax errors detected in /app/htdocs/cashdesk/affIndex.php
dolibarr,htdocs/cashdesk/class/Facturation.class.php,5.6.40,php:5.6-cli,PASS,No syntax errors detected in /app/htdocs/cashdesk/class/Facturation.class.php
dolibarr,htdocs/cashdesk/facturation.php,5.6.40,php:5.6-cli,PASS,No syntax errors detected in /app/htdocs/cashdesk/facturation.php
dolibarr,htdocs/cashdesk/facturation_dhtml.php,5.6.40,php:5.6-cli,PASS,No syntax errors detected in /app/htdocs/cashdesk/facturation_dhtml.php
dolibarr,htdocs/cashdesk/facturation_verif.php,5.6.40,php:5.6-cli,PASS,No syntax errors detected in /app/htdocs/cashdesk/facturation_verif.php
dolibarr,htdocs/cashdesk/include/environnement.php,5.6.40,php:5.6-cli,PASS,No syntax errors detected in /app/htdocs/cashdesk/include/environnement.php
dolibarr,htdocs/cashdesk/index.php,5.6.40,php:5.6-cli,PASS,No syntax errors detected in /app/htdocs/cashdesk/index.php
dolibarr,htdocs/cashdesk/index_verif.php,5.6.40,php:5.6-cli,PASS,No syntax errors detected in /app/htdocs/cashdesk/index_verif.php
dolibarr,htdocs/cashdesk/tpl/facturation1.tpl.php,5.6.40,php:5.6-cli,PASS,No syntax errors detected in /app/htdocs/cashdesk/tpl/facturation1.tpl.php
dolibarr,htdocs/cashdesk/tpl/liste_articles.tpl.php,5.6.40,php:5.6-cli,PASS,No syntax errors detected in /app/htdocs/cashdesk/tpl/liste_articles.tpl.php
dolibarr,htdocs/cashdesk/tpl/menu.tpl.php,5.6.40,php:5.6-cli,PASS,No syntax errors detected in /app/htdocs/cashdesk/tpl/menu.tpl.php
dolibarr,htdocs/cashdesk/tpl/ticket.tpl.php,5.6.40,php:5.6-cli,PASS,No syntax errors detected in /app/htdocs/cashdesk/tpl/ticket.tpl.php
dolibarr,htdocs/cashdesk/tpl/validation1.tpl.php,5.6.40,php:5.6-cli,PASS,No syntax errors detected in /app/htdocs/cashdesk/tpl/validation1.tpl.php
dolibarr,htdocs/cashdesk/tpl/validation2.tpl.php,5.6.40,php:5.6-cli,PASS,No syntax errors detected in /app/htdocs/cashdesk/tpl/validation2.tpl.php
dolibarr,htdocs/cashdesk/validation_verif.php,5.6.40,php:5.6-cli,PASS,No syntax errors detected in /app/htdocs/cashdesk/validation_verif.php
dolibarr,htdocs/categories/admin/categorie.php,5.6.40,php:5.6-cli,PASS,No syntax errors detected in /app/htdocs/categories/admin/categorie.php
dolibarr,htdocs/categories/card.php,5.6.40,php:5.6-cli,PASS,No syntax errors detected in /app/htdocs/categories/card.php
dolibarr,htdocs/categories/class/api_categories.class.php,5.6.40,php:5.6-cli,PASS,No syntax errors detected in /app/htdocs/categories/class/api_categories.class.php
dolibarr,htdocs/categories/class/categorie.class.php,5.6.40,php:5.6-cli,PASS,No syntax errors detected in /app/htdocs/categories/class/categorie.class.php
dolibarr,htdocs/categories/edit.php,5.6.40,php:5.6-cli,PASS,No syntax errors detected in /app/htdocs/categories/edit.php
dolibarr,htdocs/categories/index.php,5.6.40,php:5.6-cli,PASS,No syntax errors detected in /app/htdocs/categories/index.php
dolibarr,htdocs/categories/photos.php,5.6.40,php:5.6-cli,PASS,No syntax errors detected in /app/htdocs/categories/photos.php
dolibarr,htdocs/categories/traduction.php,5.6.40,php:5.6-cli,PASS,No syntax errors detected in /app/htdocs/categories/traduction.php
dolibarr,htdocs/categories/viewcat.php,5.6.40,php:5.6-cli,PASS,No syntax errors detected in /app/htdocs/categories/viewcat.php
dolibarr,htdocs/collab/index.php,5.6.40,php:5.6-cli,PASS,No syntax errors detected in /app/htdocs/collab/index.php
dolibarr,htdocs/comm/action/card.php,5.6.40,php:5.6-cli,PASS,No syntax errors detected in /app/htdocs/comm/action/card.php
dolibarr,htdocs/comm/action/class/actioncomm.class.php,5.6.40,php:5.6-cli,PASS,No syntax errors detected in /app/htdocs/comm/action/class/actioncomm.class.php
dolibarr,htdocs/comm/action/class/actioncommreminder.class.php,5.6.40,php:5.6-cli,PASS,No syntax errors detected in /app/htdocs/comm/action/class/actioncommreminder.class.php
dolibarr,htdocs/comm/action/class/api_agendaevents.class.php,5.6.40,php:5.6-cli,PASS,No syntax errors detected in /app/htdocs/comm/action/class/api_agendaevents.class.php
dolibarr,htdocs/comm/action/class/cactioncomm.class.php,5.6.40,php:5.6-cli,PASS,No syntax errors detected in /app/htdocs/comm/action/class/cactioncomm.class.php
dolibarr,htdocs/comm/action/class/ical.class.php,5.6.40,php:5.6-cli,PASS,No syntax errors detected in /app/htdocs/comm/action/class/ical.class.php
dolibarr,htdocs/comm/action/document.php,5.6.40,php:5.6-cli,PASS,No syntax errors detected in /app/htdocs/comm/action/document.php
dolibarr,htdocs/comm/action/index.php,5.6.40,php:5.6-cli,PASS,No syntax errors detected in /app/htdocs/comm/action/index.php
dolibarr,htdocs/comm/action/info.php,5.6.40,php:5.6-cli,PASS,No syntax errors detected in /app/htdocs/comm/action/info.php
dolibarr,htdocs/comm/action/list.php,5.6.40,php:5.6-cli,PASS,No syntax errors detected in /app/htdocs/comm/action/list.php
dolibarr,htdocs/comm/action/pertype.php,5.6.40,php:5.6-cli,PASS,No syntax errors detected in /app/htdocs/comm/action/pertype.php
dolibarr,htdocs/comm/action/peruser.php,5.6.40,php:5.6-cli,PASS,No syntax errors detected in /app/htdocs/comm/action/peruser.php
dolibarr,htdocs/comm/action/rapport/index.php,5.6.40,php:5.6-cli,PASS,No syntax errors detected in /app/htdocs/comm/action/rapport/index.php
dolibarr,htdocs/comm/card.php,5.6.40,php:5.6-cli,PASS,No syntax errors detected in /app/htdocs/comm/card.php
dolibarr,htdocs/comm/contact.php,5.6.40,php:5.6-cli,PASS,No syntax errors detected in /app/htdocs/comm/contact.php
dolibarr,htdocs/comm/index.php,5.6.40,php:5.6-cli,PASS,No syntax errors detected in /app/htdocs/comm/index.php
dolibarr,htdocs/comm/mailing/advtargetemailing.php,5.6.40,php:5.6-cli,PASS,No syntax errors detected in /app/htdocs/comm/mailing/advtargetemailing.php
dolibarr,htdocs/comm/mailing/card.php,5.6.40,php:5.6-cli,PASS,No syntax errors detected in /app/htdocs/comm/mailing/card.php
dolibarr,htdocs/comm/mailing/cibles.php,5.6.40,php:5.6-cli,PASS,No syntax errors detected in /app/htdocs/comm/mailing/cibles.php
dolibarr,htdocs/comm/mailing/class/advtargetemailing.class.php,5.6.40,php:5.6-cli,PASS,No syntax errors detected in /app/htdocs/comm/mailing/class/advtargetemailing.class.php
dolibarr,htdocs/comm/mailing/class/html.formadvtargetemailing.class.php,5.6.40,php:5.6-cli,PASS,No syntax errors detected in /app/htdocs/comm/mailing/class/html.formadvtargetemailing.class.php
dolibarr,htdocs/comm/mailing/class/mailing.class.php,5.6.40,php:5.6-cli,PASS,No syntax errors detected in /app/htdocs/comm/mailing/class/mailing.class.php
dolibarr,htdocs/comm/mailing/index.php,5.6.40,php:5.6-cli,PASS,No syntax errors detected in /app/htdocs/comm/mailing/index.php
dolibarr,htdocs/comm/mailing/list.php,5.6.40,php:5.6-cli,PASS,No syntax errors detected in /app/htdocs/comm/mailing/list.php
dolibarr,htdocs/comm/multiprix.php,5.6.40,php:5.6-cli,PASS,No syntax errors detected in /app/htdocs/comm/multiprix.php
dolibarr,htdocs/comm/propal/card.php,5.6.40,php:5.6-cli,PASS,No syntax errors detected in /app/htdocs/comm/propal/card.php
dolibarr,htdocs/comm/propal/class/api_proposals.class.php,5.6.40,php:5.6-cli,PASS,No syntax errors detected in /app/htdocs/comm/propal/class/api_proposals.class.php
dolibarr,htdocs/comm/propal/class/propal.class.php,5.6.40,php:5.6-cli,PASS,No syntax errors detected in /app/htdocs/comm/propal/class/propal.class.php
dolibarr,htdocs/comm/propal/class/propalestats.class.php,5.6.40,php:5.6-cli,PASS,No syntax errors detected in /app/htdocs/comm/propal/class/propalestats.class.php
dolibarr,htdocs/comm/propal/contact.php,5.6.40,php:5.6-cli,PASS,No syntax errors detected in /app/htdocs/comm/propal/contact.php
dolibarr,htdocs/comm/propal/document.php,5.6.40,php:5.6-cli,PASS,No syntax errors detected in /app/htdocs/comm/propal/document.php
dolibarr,htdocs/comm/propal/index.php,5.6.40,php:5.6-cli,PASS,No syntax errors detected in /app/htdocs/comm/propal/index.php
dolibarr,htdocs/comm/propal/info.php,5.6.40,php:5.6-cli,PASS,No syntax errors detected in /app/htdocs/comm/propal/info.php
dolibarr,htdocs/comm/propal/list.php,5.6.40,php:5.6-cli,PASS,No syntax errors detected in /app/htdocs/comm/propal/list.php
dolibarr,htdocs/comm/propal/note.php,5.6.40,php:5.6-cli,PASS,No syntax errors detected in /app/htdocs/comm/propal/note.php
dolibarr,htdocs/comm/propal/stats/index.php,5.6.40,php:5.6-cli,PASS,No syntax errors detected in /app/htdocs/comm/propal/stats/index.php
dolibarr,htdocs/comm/propal/tpl/linkedobjectblock.tpl.php,5.6.40,php:5.6-cli,PASS,No syntax errors detected in /app/htdocs/comm/propal/tpl/linkedobjectblock.tpl.php
dolibarr,htdocs/comm/prospect/index.php,5.6.40,php:5.6-cli,PASS,No syntax errors detected in /app/htdocs/comm/prospect/index.php
dolibarr,htdocs/comm/prospect/recap-prospect.php,5.6.40,php:5.6-cli,PASS,No syntax errors detected in /app/htdocs/comm/prospect/recap-prospect.php
dolibarr,htdocs/comm/recap-client.php,5.6.40,php:5.6-cli,PASS,No syntax errors detected in /app/htdocs/comm/recap-client.php
dolibarr,htdocs/comm/remise.php,5.6.40,php:5.6-cli,PASS,No syntax errors detected in /app/htdocs/comm/remise.php
dolibarr,htdocs/comm/remx.php,5.6.40,php:5.6-cli,PASS,No syntax errors detected in /app/htdocs/comm/remx.php
dolibarr,htdocs/commande/card.php,5.6.40,php:5.6-cli,PASS,No syntax errors detected in /app/htdocs/commande/card.php
dolibarr,htdocs/commande/class/api_orders.class.php,5.6.40,php:5.6-cli,PASS,No syntax errors detected in /app/htdocs/commande/class/api_orders.class.php
dolibarr,htdocs/commande/class/commande.class.php,5.6.40,php:5.6-cli,PASS,No syntax errors detected in /app/htdocs/commande/class/commande.class.php
dolibarr,htdocs/commande/class/commandestats.class.php,5.6.40,php:5.6-cli,PASS,No syntax errors detected in /app/htdocs/commande/class/commandestats.class.php
dolibarr,htdocs/commande/contact.php,5.6.40,php:5.6-cli,PASS,No syntax errors detected in /app/htdocs/commande/contact.php
dolibarr,htdocs/commande/customer.php,5.6.40,php:5.6-cli,PASS,No syntax errors detected in /app/htdocs/commande/customer.php
dolibarr,htdocs/commande/document.php,5.6.40,php:5.6-cli,PASS,No syntax errors detected in /app/htdocs/commande/document.php
dolibarr,htdocs/commande/index.php,5.6.40,php:5.6-cli,PASS,No syntax errors detected in /app/htdocs/commande/index.php
dolibarr,htdocs/commande/info.php,5.6.40,php:5.6-cli,PASS,No syntax errors detected in /app/htdocs/commande/info.php
dolibarr,htdocs/commande/list.php,5.6.40,php:5.6-cli,PASS,No syntax errors detected in /app/htdocs/commande/list.php
dolibarr,htdocs/commande/note.php,5.6.40,php:5.6-cli,PASS,No syntax errors detected in /app/htdocs/commande/note.php
dolibarr,htdocs/commande/orderstoinvoice.php,5.6.40,php:5.6-cli,PASS,No syntax errors detected in /app/htdocs/commande/orderstoinvoice.php
dolibarr,htdocs/commande/stats/index.php,5.6.40,php:5.6-cli,PASS,No syntax errors detected in /app/htdocs/commande/stats/index.php
dolibarr,htdocs/commande/tpl/linkedobjectblock.tpl.php,5.6.40,php:5.6-cli,PASS,No syntax errors detected in /app/htdocs/commande/tpl/linkedobjectblock.tpl.php
dolibarr,htdocs/compta/accounting-files.php,5.6.40,php:5.6-cli,PASS,No syntax errors detected in /app/htdocs/compta/accounting-files.php
dolibarr,htdocs/compta/ajaxpayment.php,5.6.40,php:5.6-cli,PASS,No syntax errors detected in /app/htdocs/compta/ajaxpayment.php
dolibarr,htdocs/compta/bank/annuel.php,5.6.40,php:5.6-cli,PASS,No syntax errors detected in /app/htdocs/compta/bank/annuel.php
dolibarr,htdocs/compta/bank/bankentries_list.php,5.6.40,php:5.6-cli,PASS,No syntax errors detected in /app/htdocs/compta/bank/bankentries_list.php
dolibarr,htdocs/compta/bank/bilan.php,5.6.40,php:5.6-cli,PASS,No syntax errors detected in /app/htdocs/compta/bank/bilan.php
dolibarr,htdocs/compta/bank/budget.php,5.6.40,php:5.6-cli,PASS,No syntax errors detected in /app/htdocs/compta/bank/budget.php
dolibarr,htdocs/compta/bank/card.php,5.6.40,php:5.6-cli,PASS,No syntax errors detected in /app/htdocs/compta/bank/card.php
dolibarr,htdocs/compta/bank/categ.php,5.6.40,php:5.6-cli,PASS,No syntax errors detected in /app/htdocs/compta/bank/categ.php
dolibarr,htdocs/compta/bank/class/account.class.php,5.6.40,php:5.6-cli,PASS,No syntax errors detected in /app/htdocs/compta/bank/class/account.class.php
dolibarr,htdocs/compta/bank/class/api_bankaccounts.class.php,5.6.40,php:5.6-cli,PASS,No syntax errors detected in /app/htdocs/compta/bank/class/api_bankaccounts.class.php
dolibarr,htdocs/compta/bank/class/bankcateg.class.php,5.6.40,php:5.6-cli,PASS,No syntax errors detected in /app/htdocs/compta/bank/class/bankcateg.class.php
dolibarr,htdocs/compta/bank/class/paymentvarious.class.php,5.6.40,php:5.6-cli,PASS,No syntax errors detected in /app/htdocs/compta/bank/class/paymentvarious.class.php
dolibarr,htdocs/compta/bank/document.php,5.6.40,php:5.6-cli,PASS,No syntax errors detected in /app/htdocs/compta/bank/document.php
dolibarr,htdocs/compta/bank/graph.php,5.6.40,php:5.6-cli,PASS,No syntax errors detected in /app/htdocs/compta/bank/graph.php
dolibarr,htdocs/compta/bank/ligne.php,5.6.40,php:5.6-cli,PASS,No syntax errors detected in /app/htdocs/compta/bank/ligne.php
dolibarr,htdocs/compta/bank/list.php,5.6.40,php:5.6-cli,PASS,No syntax errors detected in /app/htdocs/compta/bank/list.php
dolibarr,htdocs/compta/bank/releve.php,5.6.40,php:5.6-cli,PASS,No syntax errors detected in /app/htdocs/compta/bank/releve.php
dolibarr,htdocs/compta/bank/transfer.php,5.6.40,php:5.6-cli,PASS,No syntax errors detected in /app/htdocs/compta/bank/transfer.php
dolibarr,htdocs/compta/bank/treso.php,5.6.40,php:5.6-cli,PASS,No syntax errors detected in /app/htdocs/compta/bank/treso.php
dolibarr,htdocs/compta/bank/various_payment/card.php,5.6.40,php:5.6-cli,PASS,No syntax errors detected in /app/htdocs/compta/bank/various_payment/card.php
dolibarr,htdocs/compta/bank/various_payment/document.php,5.6.40,php:5.6-cli,PASS,No syntax errors detected in /app/htdocs/compta/bank/various_payment/document.php
dolibarr,htdocs/compta/bank/various_payment/info.php,5.6.40,php:5.6-cli,PASS,No syntax errors detected in /app/htdocs/compta/bank/various_payment/info.php
dolibarr,htdocs/compta/bank/various_payment/list.php,5.6.40,php:5.6-cli,PASS,No syntax errors detected in /app/htdocs/compta/bank/various_payment/list.php
dolibarr,htdocs/compta/cashcontrol/cashcontrol_card.php,5.6.40,php:5.6-cli,PASS,No syntax errors detected in /app/htdocs/compta/cashcontrol/cashcontrol_card.php
dolibarr,htdocs/compta/cashcontrol/cashcontrol_list.php,5.6.40,php:5.6-cli,PASS,No syntax errors detected in /app/htdocs/compta/cashcontrol/cashcontrol_list.php
dolibarr,htdocs/compta/cashcontrol/class/cashcontrol.class.php,5.6.40,php:5.6-cli,PASS,No syntax errors detected in /app/htdocs/compta/cashcontrol/class/cashcontrol.class.php
dolibarr,htdocs/compta/cashcontrol/report.php,5.6.40,php:5.6-cli,PASS,No syntax errors detected in /app/htdocs/compta/cashcontrol/report.php
dolibarr,htdocs/compta/charges/index.php,5.6.40,php:5.6-cli,PASS,No syntax errors detected in /app/htdocs/compta/charges/index.php
dolibarr,htdocs/compta/clients.php,5.6.40,php:5.6-cli,PASS,No syntax errors detected in /app/htdocs/compta/clients.php
dolibarr,htdocs/compta/deplacement/card.php,5.6.40,php:5.6-cli,PASS,No syntax errors detected in /app/htdocs/compta/deplacement/card.php
dolibarr,htdocs/compta/deplacement/class/deplacement.class.php,5.6.40,php:5.6-cli,PASS,No syntax errors detected in /app/htdocs/compta/deplacement/class/deplacement.class.php
dolibarr,htdocs/compta/deplacement/document.php,5.6.40,php:5.6-cli,PASS,No syntax errors detected in /app/htdocs/compta/deplacement/document.php
dolibarr,htdocs/compta/deplacement/index.php,5.6.40,php:5.6-cli,PASS,No syntax errors detected in /app/htdocs/compta/deplacement/index.php
dolibarr,htdocs/compta/deplacement/list.php,5.6.40,php:5.6-cli,PASS,No syntax errors detected in /app/htdocs/compta/deplacement/list.php
dolibarr,htdocs/compta/deplacement/stats/index.php,5.6.40,php:5.6-cli,PASS,No syntax errors detected in /app/htdocs/compta/deplacement/stats/index.php
dolibarr,htdocs/compta/facture/card.php,5.6.40,php:5.6-cli,PASS,No syntax errors detected in /app/htdocs/compta/facture/card.php
dolibarr,htdocs/compta/facture/class/api_invoices.class.php,5.6.40,php:5.6-cli,PASS,No syntax errors detected in /app/htdocs/compta/facture/class/api_invoices.class.php
dolibarr,htdocs/compta/facture/class/facture-rec.class.php,5.6.40,php:5.6-cli,PASS,No syntax errors detected in /app/htdocs/compta/facture/class/facture-rec.class.php
dolibarr,htdocs/compta/facture/class/facture.class.php,5.6.40,php:5.6-cli,PASS,No syntax errors detected in /app/htdocs/compta/facture/class/facture.class.php
dolibarr,htdocs/compta/facture/class/facturestats.class.php,5.6.40,php:5.6-cli,PASS,No syntax errors detected in /app/htdocs/compta/facture/class/facturestats.class.php
dolibarr,htdocs/compta/facture/class/paymentterm.class.php,5.6.40,php:5.6-cli,PASS,No syntax errors detected in /app/htdocs/compta/facture/class/paymentterm.class.php
dolibarr,htdocs/compta/facture/contact.php,5.6.40,php:5.6-cli,PASS,No syntax errors detected in /app/htdocs/compta/facture/contact.php
dolibarr,htdocs/compta/facture/document.php,5.6.40,php:5.6-cli,PASS,No syntax errors detected in /app/htdocs/compta/facture/document.php
dolibarr,htdocs/compta/facture/fiche-rec.php,5.6.40,php:5.6-cli,PASS,No syntax errors detected in /app/htdocs/compta/facture/fiche-rec.php
dolibarr,htdocs/compta/facture/info.php,5.6.40,php:5.6-cli,PASS,No syntax errors detected in /app/htdocs/compta/facture/info.php
dolibarr,htdocs/compta/facture/invoicetemplate_list.php,5.6.40,php:5.6-cli,PASS,No syntax errors detected in /app/htdocs/compta/facture/invoicetemplate_list.php
dolibarr,htdocs/compta/facture/list.php,5.6.40,php:5.6-cli,PASS,No syntax errors detected in /app/htdocs/compta/facture/list.php
dolibarr,htdocs/compta/facture/note.php,5.6.40,php:5.6-cli,PASS,No syntax errors detected in /app/htdocs/compta/facture/note.php
dolibarr,htdocs/compta/facture/prelevement.php,5.6.40,php:5.6-cli,PASS,No syntax errors detected in /app/htdocs/compta/facture/prelevement.php
dolibarr,htdocs/compta/facture/stats/index.php,5.6.40,php:5.6-cli,PASS,No syntax errors detected in /app/htdocs/compta/facture/stats/index.php
dolibarr,htdocs/compta/facture/tpl/linkedobjectblock.tpl.php,5.6.40,php:5.6-cli,PASS,No syntax errors detected in /app/htdocs/compta/facture/tpl/linkedobjectblock.tpl.php
dolibarr,htdocs/compta/facture/tpl/linkedobjectblockForRec.tpl.php,5.6.40,php:5.6-cli,PASS,No syntax errors detected in /app/htdocs/compta/facture/tpl/linkedobjectblockForRec.tpl.php
dolibarr,htdocs/compta/index.php,5.6.40,php:5.6-cli,PASS,No syntax errors detected in /app/htdocs/compta/index.php
dolibarr,htdocs/compta/journal/purchasesjournal.php,5.6.40,php:5.6-cli,PASS,No syntax errors detected in /app/htdocs/compta/journal/purchasesjournal.php
dolibarr,htdocs/compta/journal/sellsjournal.php,5.6.40,php:5.6-cli,PASS,No syntax errors detected in /app/htdocs/compta/journal/sellsjournal.php
dolibarr,htdocs/compta/localtax/card.php,5.6.40,php:5.6-cli,PASS,No syntax errors detected in /app/htdocs/compta/localtax/card.php
dolibarr,htdocs/compta/localtax/class/localtax.class.php,5.6.40,php:5.6-cli,PASS,No syntax errors detected in /app/htdocs/compta/localtax/class/localtax.class.php
dolibarr,htdocs/compta/localtax/clients.php,5.6.40,php:5.6-cli,PASS,No syntax errors detected in /app/htdocs/compta/localtax/clients.php
dolibarr,htdocs/compta/localtax/index.php,5.6.40,php:5.6-cli,PASS,No syntax errors detected in /app/htdocs/compta/localtax/index.php
dolibarr,htdocs/compta/localtax/list.php,5.6.40,php:5.6-cli,PASS,No syntax errors detected in /app/htdocs/compta/localtax/list.php
dolibarr,htdocs/compta/localtax/quadri_detail.php,5.6.40,php:5.6-cli,PASS,No syntax errors detected in /app/htdocs/compta/localtax/quadri_detail.php
dolibarr,htdocs/compta/paiement.php,5.6.40,php:5.6-cli,PASS,No syntax errors detected in /app/htdocs/compta/paiement.php
dolibarr,htdocs/compta/paiement/card.php,5.6.40,php:5.6-cli,PASS,No syntax errors detected in /app/htdocs/compta/paiement/card.php
dolibarr,htdocs/compta/paiement/cheque/card.php,5.6.40,php:5.6-cli,PASS,No syntax errors detected in /app/htdocs/compta/paiement/cheque/card.php
dolibarr,htdocs/compta/paiement/cheque/class/remisecheque.class.php,5.6.40,php:5.6-cli,PASS,No syntax errors detected in /app/htdocs/compta/paiement/cheque/class/remisecheque.class.php
dolibarr,htdocs/compta/paiement/cheque/index.php,5.6.40,php:5.6-cli,PASS,No syntax errors detected in /app/htdocs/compta/paiement/cheque/index.php
dolibarr,htdocs/compta/paiement/cheque/list.php,5.6.40,php:5.6-cli,PASS,No syntax errors detected in /app/htdocs/compta/paiement/cheque/list.php
dolibarr,htdocs/compta/paiement/class/cpaiement.class.php,5.6.40,php:5.6-cli,PASS,No syntax errors detected in /app/htdocs/compta/paiement/class/cpaiement.class.php
dolibarr,htdocs/compta/paiement/class/paiement.class.php,5.6.40,php:5.6-cli,PASS,No syntax errors detected in /app/htdocs/compta/paiement/class/paiement.class.php
dolibarr,htdocs/compta/paiement/list.php,5.6.40,php:5.6-cli,PASS,No syntax errors detected in /app/htdocs/compta/paiement/list.php
dolibarr,htdocs/compta/paiement/rapport.php,5.6.40,php:5.6-cli,PASS,No syntax errors detected in /app/htdocs/compta/paiement/rapport.php
dolibarr,htdocs/compta/paiement/tovalidate.php,5.6.40,php:5.6-cli,PASS,No syntax errors detected in /app/htdocs/compta/paiement/tovalidate.php
dolibarr,htdocs/compta/paiement_charge.php,5.6.40,php:5.6-cli,PASS,No syntax errors detected in /app/htdocs/compta/paiement_charge.php
dolibarr,htdocs/compta/payment_sc/card.php,5.6.40,php:5.6-cli,PASS,No syntax errors detected in /app/htdocs/compta/payment_sc/card.php
dolibarr,htdocs/compta/prelevement/bons.php,5.6.40,php:5.6-cli,PASS,No syntax errors detected in /app/htdocs/compta/prelevement/bons.php
dolibarr,htdocs/compta/prelevement/card.php,5.6.40,php:5.6-cli,PASS,No syntax errors detected in /app/htdocs/compta/prelevement/card.php
dolibarr,htdocs/compta/prelevement/class/bonprelevement.class.php,5.6.40,php:5.6-cli,PASS,No syntax errors detected in /app/htdocs/compta/prelevement/class/bonprelevement.class.php
dolibarr,htdocs/compta/prelevement/class/ligneprelevement.class.php,5.6.40,php:5.6-cli,PASS,No syntax errors detected in /app/htdocs/compta/prelevement/class/ligneprelevement.class.php
dolibarr,htdocs/compta/prelevement/class/rejetprelevement.class.php,5.6.40,php:5.6-cli,PASS,No syntax errors detected in /app/htdocs/compta/prelevement/class/rejetprelevement.class.php
dolibarr,htdocs/compta/prelevement/create.php,5.6.40,php:5.6-cli,PASS,No syntax errors detected in /app/htdocs/compta/prelevement/create.php
dolibarr,htdocs/compta/prelevement/demandes.php,5.6.40,php:5.6-cli,PASS,No syntax errors detected in /app/htdocs/compta/prelevement/demandes.php
dolibarr,htdocs/compta/prelevement/factures.php,5.6.40,php:5.6-cli,PASS,No syntax errors detected in /app/htdocs/compta/prelevement/factures.php
dolibarr,htdocs/compta/prelevement/fiche-rejet.php,5.6.40,php:5.6-cli,PASS,No syntax errors detected in /app/htdocs/compta/prelevement/fiche-rejet.php
dolibarr,htdocs/compta/prelevement/fiche-stat.php,5.6.40,php:5.6-cli,PASS,No syntax errors detected in /app/htdocs/compta/prelevement/fiche-stat.php
dolibarr,htdocs/compta/prelevement/index.php,5.6.40,php:5.6-cli,PASS,No syntax errors detected in /app/htdocs/compta/prelevement/index.php
dolibarr,htdocs/compta/prelevement/ligne.php,5.6.40,php:5.6-cli,PASS,No syntax errors detected in /app/htdocs/compta/prelevement/ligne.php
dolibarr,htdocs/compta/prelevement/list.php,5.6.40,php:5.6-cli,PASS,No syntax errors detected in /app/htdocs/compta/prelevement/list.php
dolibarr,htdocs/compta/prelevement/rejets.php,5.6.40,php:5.6-cli,PASS,No syntax errors detected in /app/htdocs/compta/prelevement/rejets.php
dolibarr,htdocs/compta/prelevement/stats.php,5.6.40,php:5.6-cli,PASS,No syntax errors detected in /app/htdocs/compta/prelevement/stats.php
dolibarr,htdocs/compta/recap-compta.php,5.6.40,php:5.6-cli,PASS,No syntax errors detected in /app/htdocs/compta/recap-compta.php
dolibarr,htdocs/compta/resultat/clientfourn.php,5.6.40,php:5.6-cli,PASS,No syntax errors detected in /app/htdocs/compta/resultat/clientfourn.php
dolibarr,htdocs/compta/resultat/index.php,5.6.40,php:5.6-cli,PASS,No syntax errors detected in /app/htdocs/compta/resultat/index.php
dolibarr,htdocs/compta/resultat/result.php,5.6.40,php:5.6-cli,PASS,No syntax errors detected in /app/htdocs/compta/resultat/result.php
dolibarr,htdocs/compta/salaries/card.php,5.6.40,php:5.6-cli,PASS,No syntax errors detected in /app/htdocs/compta/salaries/card.php
dolibarr,htdocs/compta/salaries/class/paymentsalary.class.php,5.6.40,php:5.6-cli,PASS,No syntax errors detected in /app/htdocs/compta/salaries/class/paymentsalary.class.php
dolibarr,htdocs/compta/salaries/document.php,5.6.40,php:5.6-cli,PASS,No syntax errors detected in /app/htdocs/compta/salaries/document.php
dolibarr,htdocs/compta/salaries/list.php,5.6.40,php:5.6-cli,PASS,No syntax errors detected in /app/htdocs/compta/salaries/list.php
dolibarr,htdocs/compta/salaries/stats/index.php,5.6.40,php:5.6-cli,PASS,No syntax errors detected in /app/htdocs/compta/salaries/stats/index.php
dolibarr,htdocs/compta/sociales/card.php,5.6.40,php:5.6-cli,PASS,No syntax errors detected in /app/htdocs/compta/sociales/card.php
dolibarr,htdocs/compta/sociales/class/cchargesociales.class.php,5.6.40,php:5.6-cli,PASS,No syntax errors detected in /app/htdocs/compta/sociales/class/cchargesociales.class.php
dolibarr,htdocs/compta/sociales/class/chargesociales.class.php,5.6.40,php:5.6-cli,PASS,No syntax errors detected in /app/htdocs/compta/sociales/class/chargesociales.class.php
dolibarr,htdocs/compta/sociales/class/paymentsocialcontribution.class.php,5.6.40,php:5.6-cli,PASS,No syntax errors detected in /app/htdocs/compta/sociales/class/paymentsocialcontribution.class.php
dolibarr,htdocs/compta/sociales/document.php,5.6.40,php:5.6-cli,PASS,No syntax errors detected in /app/htdocs/compta/sociales/document.php
dolibarr,htdocs/compta/sociales/info.php,5.6.40,php:5.6-cli,PASS,No syntax errors detected in /app/htdocs/compta/sociales/info.php
dolibarr,htdocs/compta/sociales/list.php,5.6.40,php:5.6-cli,PASS,No syntax errors detected in /app/htdocs/compta/sociales/list.php
dolibarr,htdocs/compta/sociales/payments.php,5.6.40,php:5.6-cli,PASS,No syntax errors detected in /app/htdocs/compta/sociales/payments.php
dolibarr,htdocs/compta/stats/byratecountry.php,5.6.40,php:5.6-cli,PASS,No syntax errors detected in /app/htdocs/compta/stats/byratecountry.php
dolibarr,htdocs/compta/stats/cabyprodserv.php,5.6.40,php:5.6-cli,PASS,No syntax errors detected in /app/htdocs/compta/stats/cabyprodserv.php
dolibarr,htdocs/compta/stats/cabyuser.php,5.6.40,php:5.6-cli,PASS,No syntax errors detected in /app/htdocs/compta/stats/cabyuser.php
dolibarr,htdocs/compta/stats/casoc.php,5.6.40,php:5.6-cli,PASS,No syntax errors detected in /app/htdocs/compta/stats/casoc.php
dolibarr,htdocs/compta/stats/index.php,5.6.40,php:5.6-cli,PASS,No syntax errors detected in /app/htdocs/compta/stats/index.php
dolibarr,htdocs/compta/tva/card.php,5.6.40,php:5.6-cli,PASS,No syntax errors detected in /app/htdocs/compta/tva/card.php
dolibarr,htdocs/compta/tva/class/tva.class.php,5.6.40,php:5.6-cli,PASS,No syntax errors detected in /app/htdocs/compta/tva/class/tva.class.php
dolibarr,htdocs/compta/tva/clients.php,5.6.40,php:5.6-cli,PASS,No syntax errors detected in /app/htdocs/compta/tva/clients.php
dolibarr,htdocs/compta/tva/document.php,5.6.40,php:5.6-cli,PASS,No syntax errors detected in /app/htdocs/compta/tva/document.php
dolibarr,htdocs/compta/tva/index.php,5.6.40,php:5.6-cli,PASS,No syntax errors detected in /app/htdocs/compta/tva/index.php
dolibarr,htdocs/compta/tva/list.php,5.6.40,php:5.6-cli,PASS,No syntax errors detected in /app/htdocs/compta/tva/list.php
dolibarr,htdocs/compta/tva/quadri_detail.php,5.6.40,php:5.6-cli,PASS,No syntax errors detected in /app/htdocs/compta/tva/quadri_detail.php
dolibarr,htdocs/contact/agenda.php,5.6.40,php:5.6-cli,PASS,No syntax errors detected in /app/htdocs/contact/agenda.php
dolibarr,htdocs/contact/canvas/actions_contactcard_common.class.php,5.6.40,php:5.6-cli,PASS,No syntax errors detected in /app/htdocs/contact/canvas/actions_contactcard_common.class.php
dolibarr,htdocs/contact/canvas/default/tpl/contactcard_create.tpl.php,5.6.40,php:5.6-cli,PASS,No syntax errors detected in /app/htdocs/contact/canvas/default/tpl/contactcard_create.tpl.php
dolibarr,htdocs/contact/canvas/default/tpl/contactcard_edit.tpl.php,5.6.40,php:5.6-cli,PASS,No syntax errors detected in /app/htdocs/contact/canvas/default/tpl/contactcard_edit.tpl.php
dolibarr,htdocs/contact/canvas/default/tpl/contactcard_view.tpl.php,5.6.40,php:5.6-cli,PASS,No syntax errors detected in /app/htdocs/contact/canvas/default/tpl/contactcard_view.tpl.php
dolibarr,htdocs/contact/card.php,5.6.40,php:5.6-cli,PASS,No syntax errors detected in /app/htdocs/contact/card.php
dolibarr,htdocs/contact/class/contact.class.php,5.6.40,php:5.6-cli,PASS,No syntax errors detected in /app/htdocs/contact/class/contact.class.php
dolibarr,htdocs/contact/consumption.php,5.6.40,php:5.6-cli,PASS,No syntax errors detected in /app/htdocs/contact/consumption.php
dolibarr,htdocs/contact/document.php,5.6.40,php:5.6-cli,PASS,No syntax errors detected in /app/htdocs/contact/document.php
dolibarr,htdocs/contact/ldap.php,5.6.40,php:5.6-cli,PASS,No syntax errors detected in /app/htdocs/contact/ldap.php
dolibarr,htdocs/contact/list.php,5.6.40,php:5.6-cli,PASS,No syntax errors detected in /app/htdocs/contact/list.php
dolibarr,htdocs/contact/note.php,5.6.40,php:5.6-cli,PASS,No syntax errors detected in /app/htdocs/contact/note.php
dolibarr,htdocs/contact/perso.php,5.6.40,php:5.6-cli,PASS,No syntax errors detected in /app/htdocs/contact/perso.php
dolibarr,htdocs/contrat/card.php,5.6.40,php:5.6-cli,PASS,No syntax errors detected in /app/htdocs/contrat/card.php
dolibarr,htdocs/contrat/class/api_contracts.class.php,5.6.40,php:5.6-cli,PASS,No syntax errors detected in /app/htdocs/contrat/class/api_contracts.class.php
dolibarr,htdocs/contrat/class/contrat.class.php,5.6.40,php:5.6-cli,PASS,No syntax errors detected in /app/htdocs/contrat/class/contrat.class.php
dolibarr,htdocs/contrat/contact.php,5.6.40,php:5.6-cli,PASS,No syntax errors detected in /app/htdocs/contrat/contact.php
dolibarr,htdocs/contrat/document.php,5.6.40,php:5.6-cli,PASS,No syntax errors detected in /app/htdocs/contrat/document.php
dolibarr,htdocs/contrat/index.php,5.6.40,php:5.6-cli,PASS,No syntax errors detected in /app/htdocs/contrat/index.php
dolibarr,htdocs/contrat/info.php,5.6.40,php:5.6-cli,PASS,No syntax errors detected in /app/htdocs/contrat/info.php
dolibarr,htdocs/contrat/list.php,5.6.40,php:5.6-cli,PASS,No syntax errors detected in /app/htdocs/contrat/list.php
dolibarr,htdocs/contrat/note.php,5.6.40,php:5.6-cli,PASS,No syntax errors detected in /app/htdocs/contrat/note.php
dolibarr,htdocs/contrat/services_list.php,5.6.40,php:5.6-cli,PASS,No syntax errors detected in /app/htdocs/contrat/services_list.php
dolibarr,htdocs/contrat/tpl/linkedobjectblock.tpl.php,5.6.40,php:5.6-cli,PASS,No syntax errors detected in /app/htdocs/contrat/tpl/linkedobjectblock.tpl.php
dolibarr,htdocs/core/actions_extrafields.inc.php,5.6.40,php:5.6-cli,PASS,No syntax errors detected in /app/htdocs/core/actions_extrafields.inc.php
dolibarr,htdocs/core/actions_linkedfiles.inc.php,5.6.40,php:5.6-cli,PASS,No syntax errors detected in /app/htdocs/core/actions_linkedfiles.inc.php
dolibarr,htdocs/core/actions_massactions.inc.php,5.6.40,php:5.6-cli,PASS,No syntax errors detected in /app/htdocs/core/actions_massactions.inc.php
dolibarr,htdocs/core/actions_sendmails.inc.php,5.6.40,php:5.6-cli,PASS,No syntax errors detected in /app/htdocs/core/actions_sendmails.inc.php
dolibarr,htdocs/core/actions_setmoduleoptions.inc.php,5.6.40,php:5.6-cli,PASS,No syntax errors detected in /app/htdocs/core/actions_setmoduleoptions.inc.php
dolibarr,htdocs/core/ajax/ajaxdirpreview.php,5.6.40,php:5.6-cli,PASS,No syntax errors detected in /app/htdocs/core/ajax/ajaxdirpreview.php
dolibarr,htdocs/core/ajax/ajaxdirtree.php,5.6.40,php:5.6-cli,PASS,No syntax errors detected in /app/htdocs/core/ajax/ajaxdirtree.php
dolibarr,htdocs/core/ajax/bankconciliate.php,5.6.40,php:5.6-cli,PASS,No syntax errors detected in /app/htdocs/core/ajax/bankconciliate.php
dolibarr,htdocs/core/ajax/check_notifications.php,5.6.40,php:5.6-cli,PASS,No syntax errors detected in /app/htdocs/core/ajax/check_notifications.php
dolibarr,htdocs/core/ajax/fileupload.php,5.6.40,php:5.6-cli,PASS,No syntax errors detected in /app/htdocs/core/ajax/fileupload.php
dolibarr,htdocs/core/ajax/row.php,5.6.40,php:5.6-cli,PASS,No syntax errors detected in /app/htdocs/core/ajax/row.php
dolibarr,htdocs/core/ajax/saveinplace.php,5.6.40,php:5.6-cli,PASS,No syntax errors detected in /app/htdocs/core/ajax/saveinplace.php
dolibarr,htdocs/core/ajax/security.php,5.6.40,php:5.6-cli,PASS,No syntax errors detected in /app/htdocs/core/ajax/security.php
dolibarr,htdocs/core/ajax/selectobject.php,5.6.40,php:5.6-cli,PASS,No syntax errors detected in /app/htdocs/core/ajax/selectobject.php
dolibarr,htdocs/core/ajax/selectsearchbox.php,5.6.40,php:5.6-cli,PASS,No syntax errors detected in /app/htdocs/core/ajax/selectsearchbox.php
dolibarr,htdocs/core/ajax/ziptown.php,5.6.40,php:5.6-cli,PASS,No syntax errors detected in /app/htdocs/core/ajax/ziptown.php
dolibarr,htdocs/core/boxes/box_actions.php,5.6.40,php:5.6-cli,PASS,No syntax errors detected in /app/htdocs/core/boxes/box_actions.php
dolibarr,htdocs/core/boxes/box_activity.php,5.6.40,php:5.6-cli,PASS,No syntax errors detected in /app/htdocs/core/boxes/box_activity.php
dolibarr,htdocs/core/boxes/box_birthdays.php,5.6.40,php:5.6-cli,PASS,No syntax errors detected in /app/htdocs/core/boxes/box_birthdays.php
dolibarr,htdocs/core/boxes/box_bookmarks.php,5.6.40,php:5.6-cli,PASS,No syntax errors detected in /app/htdocs/core/boxes/box_bookmarks.php
dolibarr,htdocs/core/boxes/box_clients.php,5.6.40,php:5.6-cli,PASS,No syntax errors detected in /app/htdocs/core/boxes/box_clients.php
dolibarr,htdocs/core/boxes/box_commandes.php,5.6.40,php:5.6-cli,PASS,No syntax errors detected in /app/htdocs/core/boxes/box_commandes.php
dolibarr,htdocs/core/boxes/box_comptes.php,5.6.40,php:5.6-cli,PASS,No syntax errors detected in /app/htdocs/core/boxes/box_comptes.php
dolibarr,htdocs/core/boxes/box_contacts.php,5.6.40,php:5.6-cli,PASS,No syntax errors detected in /app/htdocs/core/boxes/box_contacts.php
dolibarr,htdocs/core/boxes/box_contracts.php,5.6.40,php:5.6-cli,PASS,No syntax errors detected in /app/htdocs/core/boxes/box_contracts.php
dolibarr,htdocs/core/boxes/box_external_rss.php,5.6.40,php:5.6-cli,PASS,No syntax errors detected in /app/htdocs/core/boxes/box_external_rss.php
dolibarr,htdocs/core/boxes/box_factures.php,5.6.40,php:5.6-cli,PASS,No syntax errors detected in /app/htdocs/core/boxes/box_factures.php
dolibarr,htdocs/core/boxes/box_factures_fourn.php,5.6.40,php:5.6-cli,PASS,No syntax errors detected in /app/htdocs/core/boxes/box_factures_fourn.php
dolibarr,htdocs/core/boxes/box_factures_fourn_imp.php,5.6.40,php:5.6-cli,PASS,No syntax errors detected in /app/htdocs/core/boxes/box_factures_fourn_imp.php
dolibarr,htdocs/core/boxes/box_factures_imp.php,5.6.40,php:5.6-cli,PASS,No syntax errors detected in /app/htdocs/core/boxes/box_factures_imp.php
dolibarr,htdocs/core/boxes/box_ficheinter.php,5.6.40,php:5.6-cli,PASS,No syntax errors detected in /app/htdocs/core/boxes/box_ficheinter.php
dolibarr,htdocs/core/boxes/box_fournisseurs.php,5.6.40,php:5.6-cli,PASS,No syntax errors detected in /app/htdocs/core/boxes/box_fournisseurs.php
dolibarr,htdocs/core/boxes/box_goodcustomers.php,5.6.40,php:5.6-cli,PASS,No syntax errors detected in /app/htdocs/core/boxes/box_goodcustomers.php
dolibarr,htdocs/core/boxes/box_graph_invoices_permonth.php,5.6.40,php:5.6-cli,PASS,No syntax errors detected in /app/htdocs/core/boxes/box_graph_invoices_permonth.php
dolibarr,htdocs/core/boxes/box_graph_invoices_supplier_permonth.php,5.6.40,php:5.6-cli,PASS,No syntax errors detected in /app/htdocs/core/boxes/box_graph_invoices_supplier_permonth.php
dolibarr,htdocs/core/boxes/box_graph_orders_permonth.php,5.6.40,php:5.6-cli,PASS,No syntax errors detected in /app/htdocs/core/boxes/box_graph_orders_permonth.php
dolibarr,htdocs/core/boxes/box_graph_orders_supplier_permonth.php,5.6.40,php:5.6-cli,PASS,No syntax errors detected in /app/htdocs/core/boxes/box_graph_orders_supplier_permonth.php
dolibarr,htdocs/core/boxes/box_graph_product_distribution.php,5.6.40,php:5.6-cli,PASS,No syntax errors detected in /app/htdocs/core/boxes/box_graph_product_distribution.php
dolibarr,htdocs/core/boxes/box_graph_propales_permonth.php,5.6.40,php:5.6-cli,PASS,No syntax errors detected in /app/htdocs/core/boxes/box_graph_propales_permonth.php
dolibarr,htdocs/core/boxes/box_last_modified_ticket.php,5.6.40,php:5.6-cli,PASS,No syntax errors detected in /app/htdocs/core/boxes/box_last_modified_ticket.php
dolibarr,htdocs/core/boxes/box_last_ticket.php,5.6.40,php:5.6-cli,PASS,No syntax errors detected in /app/htdocs/core/boxes/box_last_ticket.php
dolibarr,htdocs/core/boxes/box_members.php,5.6.40,php:5.6-cli,PASS,No syntax errors detected in /app/htdocs/core/boxes/box_members.php
dolibarr,htdocs/core/boxes/box_produits.php,5.6.40,php:5.6-cli,PASS,No syntax errors detected in /app/htdocs/core/boxes/box_produits.php
dolibarr,htdocs/core/boxes/box_produits_alerte_stock.php,5.6.40,php:5.6-cli,PASS,No syntax errors detected in /app/htdocs/core/boxes/box_produits_alerte_stock.php
dolibarr,htdocs/core/boxes/box_project.php,5.6.40,php:5.6-cli,PASS,No syntax errors detected in /app/htdocs/core/boxes/box_project.php
dolibarr,htdocs/core/boxes/box_propales.php,5.6.40,php:5.6-cli,PASS,No syntax errors detected in /app/htdocs/core/boxes/box_propales.php
dolibarr,htdocs/core/boxes/box_prospect.php,5.6.40,php:5.6-cli,PASS,No syntax errors detected in /app/htdocs/core/boxes/box_prospect.php
dolibarr,htdocs/core/boxes/box_services_contracts.php,5.6.40,php:5.6-cli,PASS,No syntax errors detected in /app/htdocs/core/boxes/box_services_contracts.php
dolibarr,htdocs/core/boxes/box_services_expired.php,5.6.40,php:5.6-cli,PASS,No syntax errors detected in /app/htdocs/core/boxes/box_services_expired.php
dolibarr,htdocs/core/boxes/box_supplier_orders.php,5.6.40,php:5.6-cli,PASS,No syntax errors detected in /app/htdocs/core/boxes/box_supplier_orders.php
dolibarr,htdocs/core/boxes/box_task.php,5.6.40,php:5.6-cli,PASS,No syntax errors detected in /app/htdocs/core/boxes/box_task.php
dolibarr,htdocs/core/boxes/modules_boxes.php,5.6.40,php:5.6-cli,PASS,No syntax errors detected in /app/htdocs/core/boxes/modules_boxes.php
dolibarr,htdocs/core/class/CMailFile.class.php,5.6.40,php:5.6-cli,PASS,No syntax errors detected in /app/htdocs/core/class/CMailFile.class.php
dolibarr,htdocs/core/class/CSMSFile.class.php,5.6.40,php:5.6-cli,PASS,No syntax errors detected in /app/htdocs/core/class/CSMSFile.class.php
dolibarr,htdocs/core/class/canvas.class.php,5.6.40,php:5.6-cli,PASS,No syntax errors detected in /app/htdocs/core/class/canvas.class.php
dolibarr,htdocs/core/class/ccountry.class.php,5.6.40,php:5.6-cli,PASS,No syntax errors detected in /app/htdocs/core/class/ccountry.class.php
dolibarr,htdocs/core/class/comment.class.php,5.6.40,php:5.6-cli,PASS,No syntax errors detected in /app/htdocs/core/class/comment.class.php
dolibarr,htdocs/core/class/commondocgenerator.class.php,5.6.40,php:5.6-cli,PASS,No syntax errors detected in /app/htdocs/core/class/commondocgenerator.class.php
dolibarr,htdocs/core/class/commoninvoice.class.php,5.6.40,php:5.6-cli,PASS,No syntax errors detected in /app/htdocs/core/class/commoninvoice.class.php
dolibarr,htdocs/core/class/commonobject.class.php,5.6.40,php:5.6-cli,PASS,No syntax errors detected in /app/htdocs/core/class/commonobject.class.php
dolibarr,htdocs/core/class/commonobjectline.class.php,5.6.40,php:5.6-cli,PASS,No syntax errors detected in /app/htdocs/core/class/commonobjectline.class.php
dolibarr,htdocs/core/class/commonstickergenerator.class.php,5.6.40,php:5.6-cli,PASS,No syntax errors detected in /app/htdocs/core/class/commonstickergenerator.class.php
dolibarr,htdocs/core/class/conf.class.php,5.6.40,php:5.6-cli,PASS,No syntax errors detected in /app/htdocs/core/class/conf.class.php
dolibarr,htdocs/core/class/coreobject.class.php,5.6.40,php:5.6-cli,PASS,No syntax errors detected in /app/htdocs/core/class/coreobject.class.php
dolibarr,htdocs/core/class/cstate.class.php,5.6.40,php:5.6-cli,PASS,No syntax errors detected in /app/htdocs/core/class/cstate.class.php
dolibarr,htdocs/core/class/ctypent.class.php,5.6.40,php:5.6-cli,PASS,No syntax errors detected in /app/htdocs/core/class/ctypent.class.php
dolibarr,htdocs/core/class/ctyperesource.class.php,5.6.40,php:5.6-cli,PASS,No syntax errors detected in /app/htdocs/core/class/ctyperesource.class.php
dolibarr,htdocs/core/class/cunits.class.php,5.6.40,php:5.6-cli,PASS,No syntax errors detected in /app/htdocs/core/class/cunits.class.php
dolibarr,htdocs/core/class/discount.class.php,5.6.40,php:5.6-cli,PASS,No syntax errors detected in /app/htdocs/core/class/discount.class.php
dolibarr,htdocs/core/class/doleditor.class.php,5.6.40,php:5.6-cli,PASS,No syntax errors detected in /app/htdocs/core/class/doleditor.class.php
dolibarr,htdocs/core/class/dolgraph.class.php,5.6.40,php:5.6-cli,PASS,No syntax errors detected in /app/htdocs/core/class/dolgraph.class.php
dolibarr,htdocs/core/class/dolreceiptprinter.class.php,5.6.40,php:5.6-cli,PASS,No syntax errors detected in /app/htdocs/core/class/dolreceiptprinter.class.php
dolibarr,htdocs/core/class/emailsenderprofile.class.php,5.6.40,php:5.6-cli,PASS,No syntax errors detected in /app/htdocs/core/class/emailsenderprofile.class.php
dolibarr,htdocs/core/class/events.class.php,5.6.40,php:5.6-cli,PASS,No syntax errors detected in /app/htdocs/core/class/events.class.php
dolibarr,htdocs/core/class/extrafields.class.php,5.6.40,php:5.6-cli,PASS,No syntax errors detected in /app/htdocs/core/class/extrafields.class.php
dolibarr,htdocs/core/class/fileupload.class.php,5.6.40,php:5.6-cli,PASS,No syntax errors detected in /app/htdocs/core/class/fileupload.class.php
dolibarr,htdocs/core/class/fiscalyear.class.php,5.6.40,php:5.6-cli,PASS,No syntax errors detected in /app/htdocs/core/class/fiscalyear.class.php
dolibarr,htdocs/core/class/hookmanager.class.php,5.6.40,php:5.6-cli,PASS,No syntax errors detected in /app/htdocs/core/class/hookmanager.class.php
dolibarr,htdocs/core/class/html.form.class.php,5.6.40,php:5.6-cli,PASS,No syntax errors detected in /app/htdocs/core/class/html.form.class.php
dolibarr,htdocs/core/class/html.formaccounting.class.php,5.6.40,php:5.6-cli,PASS,No syntax errors detected in /app/htdocs/core/class/html.formaccounting.class.php
dolibarr,htdocs/core/class/html.formactions.class.php,5.6.40,php:5.6-cli,PASS,No syntax errors detected in /app/htdocs/core/class/html.formactions.class.php
dolibarr,htdocs/core/class/html.formadmin.class.php,5.6.40,php:5.6-cli,PASS,No syntax errors detected in /app/htdocs/core/class/html.formadmin.class.php
dolibarr,htdocs/core/class/html.formbarcode.class.php,5.6.40,php:5.6-cli,PASS,No syntax errors detected in /app/htdocs/core/class/html.formbarcode.class.php
dolibarr,htdocs/core/class/html.formcompany.class.php,5.6.40,php:5.6-cli,PASS,No syntax errors detected in /app/htdocs/core/class/html.formcompany.class.php
dolibarr,htdocs/core/class/html.formcontract.class.php,5.6.40,php:5.6-cli,PASS,No syntax errors detected in /app/htdocs/core/class/html.formcontract.class.php
dolibarr,htdocs/core/class/html.formfile.class.php,5.6.40,php:5.6-cli,PASS,No syntax errors detected in /app/htdocs/core/class/html.formfile.class.php
dolibarr,htdocs/core/class/html.formintervention.class.php,5.6.40,php:5.6-cli,PASS,No syntax errors detected in /app/htdocs/core/class/html.formintervention.class.php
dolibarr,htdocs/core/class/html.formmail.class.php,5.6.40,php:5.6-cli,PASS,No syntax errors detected in /app/htdocs/core/class/html.formmail.class.php
dolibarr,htdocs/core/class/html.formmargin.class.php,5.6.40,php:5.6-cli,PASS,No syntax errors detected in /app/htdocs/core/class/html.formmargin.class.php
dolibarr,htdocs/core/class/html.formother.class.php,5.6.40,php:5.6-cli,PASS,No syntax errors detected in /app/htdocs/core/class/html.formother.class.php
dolibarr,htdocs/core/class/html.formprojet.class.php,5.6.40,php:5.6-cli,PASS,No syntax errors detected in /app/htdocs/core/class/html.formprojet.class.php
dolibarr,htdocs/core/class/html.formpropal.class.php,5.6.40,php:5.6-cli,PASS,No syntax errors detected in /app/htdocs/core/class/html.formpropal.class.php
dolibarr,htdocs/core/class/html.formsms.class.php,5.6.40,php:5.6-cli,PASS,No syntax errors detected in /app/htdocs/core/class/html.formsms.class.php
dolibarr,htdocs/core/class/html.formsocialcontrib.class.php,5.6.40,php:5.6-cli,PASS,No syntax errors detected in /app/htdocs/core/class/html.formsocialcontrib.class.php
dolibarr,htdocs/core/class/html.formticket.class.php,5.6.40,php:5.6-cli,PASS,No syntax errors detected in /app/htdocs/core/class/html.formticket.class.php
dolibarr,htdocs/core/class/html.formwebsite.class.php,5.6.40,php:5.6-cli,PASS,No syntax errors detected in /app/htdocs/core/class/html.formwebsite.class.php
dolibarr,htdocs/core/class/infobox.class.php,5.6.40,php:5.6-cli,PASS,No syntax errors detected in /app/htdocs/core/class/infobox.class.php
dolibarr,htdocs/core/class/interfaces.class.php,5.6.40,php:5.6-cli,PASS,No syntax errors detected in /app/htdocs/core/class/interfaces.class.php
dolibarr,htdocs/core/class/ldap.class.php,5.6.40,php:5.6-cli,PASS,No syntax errors detected in /app/htdocs/core/class/ldap.class.php
dolibarr,htdocs/core/class/link.class.php,5.6.40,php:5.6-cli,PASS,No syntax errors detected in /app/htdocs/core/class/link.class.php
dolibarr,htdocs/core/class/menubase.class.php,5.6.40,php:5.6-cli,PASS,No syntax errors detected in /app/htdocs/core/class/menubase.class.php
dolibarr,htdocs/core/class/notify.class.php,5.6.40,php:5.6-cli,PASS,No syntax errors detected in /app/htdocs/core/class/notify.class.php
dolibarr,htdocs/core/class/openid.class.php,5.6.40,php:5.6-cli,PASS,No syntax errors detected in /app/htdocs/core/class/openid.class.php
dolibarr,htdocs/core/class/rssparser.class.php,5.6.40,php:5.6-cli,PASS,No syntax errors detected in /app/htdocs/core/class/rssparser.class.php
dolibarr,htdocs/core/class/smtps.class.php,5.6.40,php:5.6-cli,PASS,No syntax errors detected in /app/htdocs/core/class/smtps.class.php
dolibarr,htdocs/core/class/stats.class.php,5.6.40,php:5.6-cli,PASS,No syntax errors detected in /app/htdocs/core/class/stats.class.php
dolibarr,htdocs/core/class/translate.class.php,5.6.40,php:5.6-cli,PASS,No syntax errors detected in /app/htdocs/core/class/translate.class.php
dolibarr,htdocs/core/class/utils.class.php,5.6.40,php:5.6-cli,PASS,No syntax errors detected in /app/htdocs/core/class/utils.class.php
dolibarr,htdocs/core/datepicker.php,5.6.40,php:5.6-cli,PASS,No syntax errors detected in /app/htdocs/core/datepicker.php
dolibarr,htdocs/core/db/Database.interface.php,5.6.40,php:5.6-cli,PASS,No syntax errors detected in /app/htdocs/core/db/Database.interface.php
dolibarr,htdocs/core/db/DoliDB.class.php,5.6.40,php:5.6-cli,PASS,No syntax errors detected in /app/htdocs/core/db/DoliDB.class.php
dolibarr,htdocs/core/db/mssql.class.php,5.6.40,php:5.6-cli,PASS,No syntax errors detected in /app/htdocs/core/db/mssql.class.php
dolibarr,htdocs/core/db/mysqli.class.php,5.6.40,php:5.6-cli,PASS,No syntax errors detected in /app/htdocs/core/db/mysqli.class.php
dolibarr,htdocs/core/db/pgsql.class.php,5.6.40,php:5.6-cli,PASS,No syntax errors detected in /app/htdocs/core/db/pgsql.class.php
dolibarr,htdocs/core/db/sqlite3.class.php,5.6.40,php:5.6-cli,PASS,No syntax errors detected in /app/htdocs/core/db/sqlite3.class.php
dolibarr,htdocs/core/extrafieldsinexport.inc.php,5.6.40,php:5.6-cli,PASS,No syntax errors detected in /app/htdocs/core/extrafieldsinexport.inc.php
dolibarr,htdocs/core/filemanagerdol/browser/default/browser.php,5.6.40,php:5.6-cli,PASS,No syntax errors detected in /app/htdocs/core/filemanagerdol/browser/default/browser.php
dolibarr,htdocs/core/filemanagerdol/browser/default/frmactualfolder.php,5.6.40,php:5.6-cli,PASS,No syntax errors detected in /app/htdocs/core/filemanagerdol/browser/default/frmactualfolder.php
dolibarr,htdocs/core/filemanagerdol/browser/default/frmcreatefolder.php,5.6.40,php:5.6-cli,PASS,No syntax errors detected in /app/htdocs/core/filemanagerdol/browser/default/frmcreatefolder.php
dolibarr,htdocs/core/filemanagerdol/browser/default/frmfolders.php,5.6.40,php:5.6-cli,PASS,No syntax errors detected in /app/htdocs/core/filemanagerdol/browser/default/frmfolders.php
dolibarr,htdocs/core/filemanagerdol/browser/default/frmresourceslist.php,5.6.40,php:5.6-cli,PASS,No syntax errors detected in /app/htdocs/core/filemanagerdol/browser/default/frmresourceslist.php
dolibarr,htdocs/core/filemanagerdol/browser/default/frmupload.php,5.6.40,php:5.6-cli,PASS,No syntax errors detected in /app/htdocs/core/filemanagerdol/browser/default/frmupload.php
dolibarr,htdocs/core/filemanagerdol/connectors/php/commands.php,5.6.40,php:5.6-cli,PASS,No syntax errors detected in /app/htdocs/core/filemanagerdol/connectors/php/commands.php
dolibarr,htdocs/core/filemanagerdol/connectors/php/config.php,5.6.40,php:5.6-cli,PASS,No syntax errors detected in /app/htdocs/core/filemanagerdol/connectors/php/config.php
dolibarr,htdocs/core/filemanagerdol/connectors/php/connector.php,5.6.40,php:5.6-cli,PASS,No syntax errors detected in /app/htdocs/core/filemanagerdol/connectors/php/connector.php
dolibarr,htdocs/core/filemanagerdol/connectors/php/io.php,5.6.40,php:5.6-cli,PASS,No syntax errors detected in /app/htdocs/core/filemanagerdol/connectors/php/io.php
dolibarr,htdocs/core/filemanagerdol/connectors/php/util.php,5.6.40,php:5.6-cli,PASS,No syntax errors detected in /app/htdocs/core/filemanagerdol/connectors/php/util.php
dolibarr,htdocs/core/get_info.php,5.6.40,php:5.6-cli,PASS,No syntax errors detected in /app/htdocs/core/get_info.php
dolibarr,htdocs/core/get_menudiv.php,5.6.40,php:5.6-cli,PASS,No syntax errors detected in /app/htdocs/core/get_menudiv.php
dolibarr,htdocs/core/js/lib_foot.js.php,5.6.40,php:5.6-cli,PASS,No syntax errors detected in /app/htdocs/core/js/lib_foot.js.php
dolibarr,htdocs/core/js/lib_gravatar.js.php,5.6.40,php:5.6-cli,PASS,No syntax errors detected in /app/htdocs/core/js/lib_gravatar.js.php
dolibarr,htdocs/core/js/lib_head.js.php,5.6.40,php:5.6-cli,PASS,No syntax errors detected in /app/htdocs/core/js/lib_head.js.php
dolibarr,htdocs/core/js/lib_notification.js.php,5.6.40,php:5.6-cli,PASS,No syntax errors detected in /app/htdocs/core/js/lib_notification.js.php
dolibarr,htdocs/core/lib/accounting.lib.php,5.6.40,php:5.6-cli,PASS,No syntax errors detected in /app/htdocs/core/lib/accounting.lib.php
dolibarr,htdocs/core/lib/admin.lib.php,5.6.40,php:5.6-cli,PASS,No syntax errors detected in /app/htdocs/core/lib/admin.lib.php
dolibarr,htdocs/core/lib/agenda.lib.php,5.6.40,php:5.6-cli,PASS,No syntax errors detected in /app/htdocs/core/lib/agenda.lib.php
dolibarr,htdocs/core/lib/ajax.lib.php,5.6.40,php:5.6-cli,PASS,No syntax errors detected in /app/htdocs/core/lib/ajax.lib.php
dolibarr,htdocs/core/lib/asset.lib.php,5.6.40,php:5.6-cli,PASS,No syntax errors detected in /app/htdocs/core/lib/asset.lib.php
dolibarr,htdocs/core/lib/bank.lib.php,5.6.40,php:5.6-cli,PASS,No syntax errors detected in /app/htdocs/core/lib/bank.lib.php
dolibarr,htdocs/core/lib/barcode.lib.php,5.6.40,php:5.6-cli,PASS,No syntax errors detected in /app/htdocs/core/lib/barcode.lib.php
dolibarr,htdocs/core/lib/company.lib.php,5.6.40,php:5.6-cli,PASS,No syntax errors detected in /app/htdocs/core/lib/company.lib.php
dolibarr,htdocs/core/lib/contact.lib.php,5.6.40,php:5.6-cli,PASS,No syntax errors detected in /app/htdocs/core/lib/contact.lib.php
dolibarr,htdocs/core/lib/contract.lib.php,5.6.40,php:5.6-cli,PASS,No syntax errors detected in /app/htdocs/core/lib/contract.lib.php
dolibarr,htdocs/core/lib/cron.lib.php,5.6.40,php:5.6-cli,PASS,No syntax errors detected in /app/htdocs/core/lib/cron.lib.php
dolibarr,htdocs/core/lib/date.lib.php,5.6.40,php:5.6-cli,PASS,No syntax errors detected in /app/htdocs/core/lib/date.lib.php
dolibarr,htdocs/core/lib/doc.lib.php,5.6.40,php:5.6-cli,PASS,No syntax errors detected in /app/htdocs/core/lib/doc.lib.php
dolibarr,htdocs/core/lib/doleditor.lib.php,5.6.40,php:5.6-cli,PASS,No syntax errors detected in /app/htdocs/core/lib/doleditor.lib.php
dolibarr,htdocs/core/lib/donation.lib.php,5.6.40,php:5.6-cli,PASS,No syntax errors detected in /app/htdocs/core/lib/donation.lib.php
dolibarr,htdocs/core/lib/expensereport.lib.php,5.6.40,php:5.6-cli,PASS,No syntax errors detected in /app/htdocs/core/lib/expensereport.lib.php
dolibarr,htdocs/core/lib/fichinter.lib.php,5.6.40,php:5.6-cli,PASS,No syntax errors detected in /app/htdocs/core/lib/fichinter.lib.php
dolibarr,htdocs/core/lib/files.lib.php,5.6.40,php:5.6-cli,PASS,No syntax errors detected in /app/htdocs/core/lib/files.lib.php
dolibarr,htdocs/core/lib/fourn.lib.php,5.6.40,php:5.6-cli,PASS,No syntax errors detected in /app/htdocs/core/lib/fourn.lib.php
dolibarr,htdocs/core/lib/functions.lib.php,5.6.40,php:5.6-cli,PASS,No syntax errors detected in /app/htdocs/core/lib/functions.lib.php
dolibarr,htdocs/core/lib/functions2.lib.php,5.6.40,php:5.6-cli,PASS,No syntax errors detected in /app/htdocs/core/lib/functions2.lib.php
dolibarr,htdocs/core/lib/functions_ch.lib.php,5.6.40,php:5.6-cli,PASS,No syntax errors detected in /app/htdocs/core/lib/functions_ch.lib.php
dolibarr,htdocs/core/lib/functionsnumtoword.lib.php,5.6.40,php:5.6-cli,PASS,No syntax errors detected in /app/htdocs/core/lib/functionsnumtoword.lib.php
dolibarr,htdocs/core/lib/geturl.lib.php,5.6.40,php:5.6-cli,PASS,No syntax errors detected in /app/htdocs/core/lib/geturl.lib.php
dolibarr,htdocs/core/lib/images.lib.php,5.6.40,php:5.6-cli,PASS,No syntax errors detected in /app/htdocs/core/lib/images.lib.php
dolibarr,htdocs/core/lib/invoice.lib.php,5.6.40,php:5.6-cli,PASS,No syntax errors detected in /app/htdocs/core/lib/invoice.lib.php
dolibarr,htdocs/core/lib/invoice2.lib.php,5.6.40,php:5.6-cli,PASS,No syntax errors detected in /app/htdocs/core/lib/invoice2.lib.php
dolibarr,htdocs/core/lib/json.lib.php,5.6.40,php:5.6-cli,PASS,No syntax errors detected in /app/htdocs/core/lib/json.lib.php
dolibarr,htdocs/core/lib/ldap.lib.php,5.6.40,php:5.6-cli,PASS,No syntax errors detected in /app/htdocs/core/lib/ldap.lib.php
dolibarr,htdocs/core/lib/loan.lib.php,5.6.40,php:5.6-cli,PASS,No syntax errors detected in /app/htdocs/core/lib/loan.lib.php
dolibarr,htdocs/core/lib/member.lib.php,5.6.40,php:5.6-cli,PASS,No syntax errors detected in /app/htdocs/core/lib/member.lib.php
dolibarr,htdocs/core/lib/memory.lib.php,5.6.40,php:5.6-cli,PASS,No syntax errors detected in /app/htdocs/core/lib/memory.lib.php
dolibarr,htdocs/core/lib/modulebuilder.lib.php,5.6.40,php:5.6-cli,PASS,No syntax errors detected in /app/htdocs/core/lib/modulebuilder.lib.php
dolibarr,htdocs/core/lib/order.lib.php,5.6.40,php:5.6-cli,PASS,No syntax errors detected in /app/htdocs/core/lib/order.lib.php
dolibarr,htdocs/core/lib/payments.lib.php,5.6.40,php:5.6-cli,PASS,No syntax errors detected in /app/htdocs/core/lib/payments.lib.php
dolibarr,htdocs/core/lib/pdf.lib.php,5.6.40,php:5.6-cli,PASS,No syntax errors detected in /app/htdocs/core/lib/pdf.lib.php
dolibarr,htdocs/core/lib/price.lib.php,5.6.40,php:5.6-cli,PASS,No syntax errors detected in /app/htdocs/core/lib/price.lib.php
dolibarr,htdocs/core/lib/product.lib.php,5.6.40,php:5.6-cli,PASS,No syntax errors detected in /app/htdocs/core/lib/product.lib.php
dolibarr,htdocs/core/lib/project.lib.php,5.6.40,php:5.6-cli,PASS,No syntax errors detected in /app/htdocs/core/lib/project.lib.php
dolibarr,htdocs/core/lib/propal.lib.php,5.6.40,php:5.6-cli,PASS,No syntax errors detected in /app/htdocs/core/lib/propal.lib.php
dolibarr,htdocs/core/lib/reception.lib.php,5.6.40,php:5.6-cli,PASS,No syntax errors detected in /app/htdocs/core/lib/reception.lib.php
dolibarr,htdocs/core/lib/report.lib.php,5.6.40,php:5.6-cli,PASS,No syntax errors detected in /app/htdocs/core/lib/report.lib.php
dolibarr,htdocs/core/lib/resource.lib.php,5.6.40,php:5.6-cli,PASS,No syntax errors detected in /app/htdocs/core/lib/resource.lib.php
dolibarr,htdocs/core/lib/security.lib.php,5.6.40,php:5.6-cli,PASS,No syntax errors detected in /app/htdocs/core/lib/security.lib.php
dolibarr,htdocs/core/lib/security2.lib.php,5.6.40,php:5.6-cli,PASS,No syntax errors detected in /app/htdocs/core/lib/security2.lib.php
dolibarr,htdocs/core/lib/sendings.lib.php,5.6.40,php:5.6-cli,PASS,No syntax errors detected in /app/htdocs/core/lib/sendings.lib.php
dolibarr,htdocs/core/lib/signature.lib.php,5.6.40,php:5.6-cli,PASS,No syntax errors detected in /app/htdocs/core/lib/signature.lib.php
dolibarr,htdocs/core/lib/supplier_proposal.lib.php,5.6.40,php:5.6-cli,PASS,No syntax errors detected in /app/htdocs/core/lib/supplier_proposal.lib.php
dolibarr,htdocs/core/lib/tax.lib.php,5.6.40,php:5.6-cli,PASS,No syntax errors detected in /app/htdocs/core/lib/tax.lib.php
dolibarr,htdocs/core/lib/ticket.lib.php,5.6.40,php:5.6-cli,PASS,No syntax errors detected in /app/htdocs/core/lib/ticket.lib.php
dolibarr,htdocs/core/lib/treeview.lib.php,5.6.40,php:5.6-cli,PASS,No syntax errors detected in /app/htdocs/core/lib/treeview.lib.php
dolibarr,htdocs/core/lib/usergroups.lib.php,5.6.40,php:5.6-cli,PASS,No syntax errors detected in /app/htdocs/core/lib/usergroups.lib.php
dolibarr,htdocs/core/lib/website.lib.php,5.6.40,php:5.6-cli,PASS,No syntax errors detected in /app/htdocs/core/lib/website.lib.php
dolibarr,htdocs/core/lib/ws.lib.php,5.6.40,php:5.6-cli,PASS,No syntax errors detected in /app/htdocs/core/lib/ws.lib.php
dolibarr,htdocs/core/lib/xcal.lib.php,5.6.40,php:5.6-cli,PASS,No syntax errors detected in /app/htdocs/core/lib/xcal.lib.php
dolibarr,htdocs/core/login/functions_dolibarr.php,5.6.40,php:5.6-cli,PASS,No syntax errors detected in /app/htdocs/core/login/functions_dolibarr.php
dolibarr,htdocs/core/login/functions_googleoauth.php,5.6.40,php:5.6-cli,PASS,No syntax errors detected in /app/htdocs/core/login/functions_googleoauth.php
dolibarr,htdocs/core/login/functions_ldap.php,5.6.40,php:5.6-cli,PASS,No syntax errors detected in /app/htdocs/core/login/functions_ldap.php
dolibarr,htdocs/core/login/functions_openid.php,5.6.40,php:5.6-cli,PASS,No syntax errors detected in /app/htdocs/core/login/functions_openid.php
dolibarr,htdocs/core/menus/standard/auguria.lib.php,5.6.40,php:5.6-cli,PASS,No syntax errors detected in /app/htdocs/core/menus/standard/auguria.lib.php
dolibarr,htdocs/core/menus/standard/auguria_menu.php,5.6.40,php:5.6-cli,PASS,No syntax errors detected in /app/htdocs/core/menus/standard/auguria_menu.php
dolibarr,htdocs/core/menus/standard/eldy.lib.php,5.6.40,php:5.6-cli,PASS,No syntax errors detected in /app/htdocs/core/menus/standard/eldy.lib.php
dolibarr,htdocs/core/menus/standard/eldy_menu.php,5.6.40,php:5.6-cli,PASS,No syntax errors detected in /app/htdocs/core/menus/standard/eldy_menu.php
dolibarr,htdocs/core/menus/standard/empty.php,5.6.40,php:5.6-cli,PASS,No syntax errors detected in /app/htdocs/core/menus/standard/empty.php
dolibarr,htdocs/core/modules/DolibarrModules.class.php,5.6.40,php:5.6-cli,PASS,No syntax errors detected in /app/htdocs/core/modules/DolibarrModules.class.php
dolibarr,htdocs/core/modules/action/modules_action.php,5.6.40,php:5.6-cli,PASS,No syntax errors detected in /app/htdocs/core/modules/action/modules_action.php
dolibarr,htdocs/core/modules/action/rapport.pdf.php,5.6.40,php:5.6-cli,PASS,No syntax errors detected in /app/htdocs/core/modules/action/rapport.pdf.php
dolibarr,htdocs/core/modules/bank/doc/pdf_ban.modules.php,5.6.40,php:5.6-cli,PASS,No syntax errors detected in /app/htdocs/core/modules/bank/doc/pdf_ban.modules.php
dolibarr,htdocs/core/modules/bank/doc/pdf_sepamandate.modules.php,5.6.40,php:5.6-cli,PASS,No syntax errors detected in /app/htdocs/core/modules/bank/doc/pdf_sepamandate.modules.php
dolibarr,htdocs/core/modules/barcode/doc/phpbarcode.modules.php,5.6.40,php:5.6-cli,PASS,No syntax errors detected in /app/htdocs/core/modules/barcode/doc/phpbarcode.modules.php
dolibarr,htdocs/core/modules/barcode/doc/tcpdfbarcode.modules.php,5.6.40,php:5.6-cli,PASS,No syntax errors detected in /app/htdocs/core/modules/barcode/doc/tcpdfbarcode.modules.php
dolibarr,htdocs/core/modules/barcode/mod_barcode_product_standard.php,5.6.40,php:5.6-cli,PASS,No syntax errors detected in /app/htdocs/core/modules/barcode/mod_barcode_product_standard.php
dolibarr,htdocs/core/modules/barcode/modules_barcode.class.php,5.6.40,php:5.6-cli,PASS,No syntax errors detected in /app/htdocs/core/modules/barcode/modules_barcode.class.php
dolibarr,htdocs/core/modules/bom/mod_bom_advanced.php,5.6.40,php:5.6-cli,PASS,No syntax errors detected in /app/htdocs/core/modules/bom/mod_bom_advanced.php
dolibarr,htdocs/core/modules/bom/mod_bom_standard.php,5.6.40,php:5.6-cli,PASS,No syntax errors detected in /app/htdocs/core/modules/bom/mod_bom_standard.php
dolibarr,htdocs/core/modules/cheque/doc/pdf_blochet.class.php,5.6.40,php:5.6-cli,PASS,No syntax errors detected in /app/htdocs/core/modules/cheque/doc/pdf_blochet.class.php
dolibarr,htdocs/core/modules/cheque/mod_chequereceipt_mint.php,5.6.40,php:5.6-cli,PASS,No syntax errors detected in /app/htdocs/core/modules/cheque/mod_chequereceipt_mint.php
dolibarr,htdocs/core/modules/cheque/mod_chequereceipt_thyme.php,5.6.40,php:5.6-cli,PASS,No syntax errors detected in /app/htdocs/core/modules/cheque/mod_chequereceipt_thyme.php
dolibarr,htdocs/core/modules/commande/doc/doc_generic_order_odt.modules.php,5.6.40,php:5.6-cli,PASS,No syntax errors detected in /app/htdocs/core/modules/commande/doc/doc_generic_order_odt.modules.php
dolibarr,htdocs/core/modules/commande/doc/pdf_einstein.modules.php,5.6.40,php:5.6-cli,PASS,No syntax errors detected in /app/htdocs/core/modules/commande/doc/pdf_einstein.modules.php
dolibarr,htdocs/core/modules/commande/doc/pdf_eratosthene.modules.php,5.6.40,php:5.6-cli,PASS,No syntax errors detected in /app/htdocs/core/modules/commande/doc/pdf_eratosthene.modules.php
dolibarr,htdocs/core/modules/commande/mod_commande_marbre.php,5.6.40,php:5.6-cli,PASS,No syntax errors detected in /app/htdocs/core/modules/commande/mod_commande_marbre.php
dolibarr,htdocs/core/modules/commande/mod_commande_saphir.php,5.6.40,php:5.6-cli,PASS,No syntax errors detected in /app/htdocs/core/modules/commande/mod_commande_saphir.php
dolibarr,htdocs/core/modules/contract/doc/doc_generic_contract_odt.modules.php,5.6.40,php:5.6-cli,PASS,No syntax errors detected in /app/htdocs/core/modules/contract/doc/doc_generic_contract_odt.modules.php
dolibarr,htdocs/core/modules/contract/doc/pdf_strato.modules.php,5.6.40,php:5.6-cli,PASS,No syntax errors detected in /app/htdocs/core/modules/contract/doc/pdf_strato.modules.php
dolibarr,htdocs/core/modules/contract/mod_contract_magre.php,5.6.40,php:5.6-cli,PASS,No syntax errors detected in /app/htdocs/core/modules/contract/mod_contract_magre.php
dolibarr,htdocs/core/modules/contract/mod_contract_serpis.php,5.6.40,php:5.6-cli,PASS,No syntax errors detected in /app/htdocs/core/modules/contract/mod_contract_serpis.php
dolibarr,htdocs/core/modules/dons/html_cerfafr.modules.php,5.6.40,php:5.6-cli,PASS,No syntax errors detected in /app/htdocs/core/modules/dons/html_cerfafr.modules.php
dolibarr,htdocs/core/modules/expedition/doc/doc_generic_shipment_odt.modules.php,5.6.40,php:5.6-cli,PASS,No syntax errors detected in /app/htdocs/core/modules/expedition/doc/doc_generic_shipment_odt.modules.php
dolibarr,htdocs/core/modules/expedition/doc/pdf_espadon.modules.php,5.6.40,php:5.6-cli,PASS,No syntax errors detected in /app/htdocs/core/modules/expedition/doc/pdf_espadon.modules.php
dolibarr,htdocs/core/modules/expedition/doc/pdf_merou.modules.php,5.6.40,php:5.6-cli,PASS,No syntax errors detected in /app/htdocs/core/modules/expedition/doc/pdf_merou.modules.php
dolibarr,htdocs/core/modules/expedition/doc/pdf_rouget.modules.php,5.6.40,php:5.6-cli,PASS,No syntax errors detected in /app/htdocs/core/modules/expedition/doc/pdf_rouget.modules.php
dolibarr,htdocs/core/modules/expedition/mod_expedition_ribera.php,5.6.40,php:5.6-cli,PASS,No syntax errors detected in /app/htdocs/core/modules/expedition/mod_expedition_ribera.php
dolibarr,htdocs/core/modules/expedition/mod_expedition_safor.php,5.6.40,php:5.6-cli,PASS,No syntax errors detected in /app/htdocs/core/modules/expedition/mod_expedition_safor.php
dolibarr,htdocs/core/modules/expensereport/doc/pdf_standard.modules.php,5.6.40,php:5.6-cli,PASS,No syntax errors detected in /app/htdocs/core/modules/expensereport/doc/pdf_standard.modules.php
dolibarr,htdocs/core/modules/expensereport/mod_expensereport_jade.php,5.6.40,php:5.6-cli,PASS,No syntax errors detected in /app/htdocs/core/modules/expensereport/mod_expensereport_jade.php
dolibarr,htdocs/core/modules/expensereport/mod_expensereport_sand.php,5.6.40,php:5.6-cli,PASS,No syntax errors detected in /app/htdocs/core/modules/expensereport/mod_expensereport_sand.php
dolibarr,htdocs/core/modules/export/export_csv.modules.php,5.6.40,php:5.6-cli,PASS,No syntax errors detected in /app/htdocs/core/modules/export/export_csv.modules.php
dolibarr,htdocs/core/modules/export/export_excel.modules.php,5.6.40,php:5.6-cli,PASS,No syntax errors detected in /app/htdocs/core/modules/export/export_excel.modules.php
dolibarr,htdocs/core/modules/export/export_excel2007new.modules.php,5.6.40,php:5.6-cli,PASS,No syntax errors detected in /app/htdocs/core/modules/export/export_excel2007new.modules.php
dolibarr,htdocs/core/modules/export/export_tsv.modules.php,5.6.40,php:5.6-cli,PASS,No syntax errors detected in /app/htdocs/core/modules/export/export_tsv.modules.php
dolibarr,htdocs/core/modules/facture/doc/doc_generic_invoice_odt.modules.php,5.6.40,php:5.6-cli,PASS,No syntax errors detected in /app/htdocs/core/modules/facture/doc/doc_generic_invoice_odt.modules.php
dolibarr,htdocs/core/modules/facture/doc/pdf_crabe.modules.php,5.6.40,php:5.6-cli,PASS,No syntax errors detected in /app/htdocs/core/modules/facture/doc/pdf_crabe.modules.php
dolibarr,htdocs/core/modules/facture/doc/pdf_sponge.modules.php,5.6.40,php:5.6-cli,PASS,No syntax errors detected in /app/htdocs/core/modules/facture/doc/pdf_sponge.modules.php
dolibarr,htdocs/core/modules/facture/mod_facture_mars.php,5.6.40,php:5.6-cli,PASS,No syntax errors detected in /app/htdocs/core/modules/facture/mod_facture_mars.php
dolibarr,htdocs/core/modules/facture/mod_facture_mercure.php,5.6.40,php:5.6-cli,PASS,No syntax errors detected in /app/htdocs/core/modules/facture/mod_facture_mercure.php
dolibarr,htdocs/core/modules/facture/mod_facture_terre.php,5.6.40,php:5.6-cli,PASS,No syntax errors detected in /app/htdocs/core/modules/facture/mod_facture_terre.php
dolibarr,htdocs/core/modules/fichinter/doc/pdf_soleil.modules.php,5.6.40,php:5.6-cli,PASS,No syntax errors detected in /app/htdocs/core/modules/fichinter/doc/pdf_soleil.modules.php
dolibarr,htdocs/core/modules/fichinter/mod_arctic.php,5.6.40,php:5.6-cli,PASS,No syntax errors detected in /app/htdocs/core/modules/fichinter/mod_arctic.php
dolibarr,htdocs/core/modules/fichinter/mod_pacific.php,5.6.40,php:5.6-cli,PASS,No syntax errors detected in /app/htdocs/core/modules/fichinter/mod_pacific.php
dolibarr,htdocs/core/modules/fichinter/modules_fichinter.php,5.6.40,php:5.6-cli,PASS,No syntax errors detected in /app/htdocs/core/modules/fichinter/modules_fichinter.php
dolibarr,htdocs/core/modules/holiday/mod_holiday_immaculate.php,5.6.40,php:5.6-cli,PASS,No syntax errors detected in /app/htdocs/core/modules/holiday/mod_holiday_immaculate.php
dolibarr,htdocs/core/modules/holiday/mod_holiday_madonna.php,5.6.40,php:5.6-cli,PASS,No syntax errors detected in /app/htdocs/core/modules/holiday/mod_holiday_madonna.php
dolibarr,htdocs/core/modules/import/import_csv.modules.php,5.6.40,php:5.6-cli,PASS,No syntax errors detected in /app/htdocs/core/modules/import/import_csv.modules.php
dolibarr,htdocs/core/modules/import/import_xlsx.modules.php,5.6.40,php:5.6-cli,PASS,No syntax errors detected in /app/htdocs/core/modules/import/import_xlsx.modules.php
dolibarr,htdocs/core/modules/livraison/doc/pdf_typhon.modules.php,5.6.40,php:5.6-cli,PASS,No syntax errors detected in /app/htdocs/core/modules/livraison/doc/pdf_typhon.modules.php
dolibarr,htdocs/core/modules/livraison/mod_livraison_jade.php,5.6.40,php:5.6-cli,PASS,No syntax errors detected in /app/htdocs/core/modules/livraison/mod_livraison_jade.php
dolibarr,htdocs/core/modules/livraison/mod_livraison_saphir.php,5.6.40,php:5.6-cli,PASS,No syntax errors detected in /app/htdocs/core/modules/livraison/mod_livraison_saphir.php
dolibarr,htdocs/core/modules/mailings/advthirdparties.modules.php,5.6.40,php:5.6-cli,PASS,No syntax errors detected in /app/htdocs/core/modules/mailings/advthirdparties.modules.php
dolibarr,htdocs/core/modules/mailings/contacts1.modules.php,5.6.40,php:5.6-cli,PASS,No syntax errors detected in /app/htdocs/core/modules/mailings/contacts1.modules.php
dolibarr,htdocs/core/modules/mailings/example.modules.php,5.6.40,php:5.6-cli,PASS,No syntax errors detected in /app/htdocs/core/modules/mailings/example.modules.php
dolibarr,htdocs/core/modules/mailings/fraise.modules.php,5.6.40,php:5.6-cli,PASS,No syntax errors detected in /app/htdocs/core/modules/mailings/fraise.modules.php
dolibarr,htdocs/core/modules/mailings/modules_mailings.php,5.6.40,php:5.6-cli,PASS,No syntax errors detected in /app/htdocs/core/modules/mailings/modules_mailings.php
dolibarr,htdocs/core/modules/mailings/pomme.modules.php,5.6.40,php:5.6-cli,PASS,No syntax errors detected in /app/htdocs/core/modules/mailings/pomme.modules.php
dolibarr,htdocs/core/modules/mailings/thirdparties.modules.php,5.6.40,php:5.6-cli,PASS,No syntax errors detected in /app/htdocs/core/modules/mailings/thirdparties.modules.php
dolibarr,htdocs/core/modules/mailings/thirdparties_services_expired.modules.php,5.6.40,php:5.6-cli,PASS,No syntax errors detected in /app/htdocs/core/modules/mailings/thirdparties_services_expired.modules.php
dolibarr,htdocs/core/modules/mailings/xinputfile.modules.php,5.6.40,php:5.6-cli,PASS,No syntax errors detected in /app/htdocs/core/modules/mailings/xinputfile.modules.php
dolibarr,htdocs/core/modules/member/doc/pdf_standard.class.php,5.6.40,php:5.6-cli,PASS,No syntax errors detected in /app/htdocs/core/modules/member/doc/pdf_standard.class.php
dolibarr,htdocs/core/modules/member/modules_cards.php,5.6.40,php:5.6-cli,PASS,No syntax errors detected in /app/htdocs/core/modules/member/modules_cards.php
dolibarr,htdocs/core/modules/modAccounting.class.php,5.6.40,php:5.6-cli,PASS,No syntax errors detected in /app/htdocs/core/modules/modAccounting.class.php
dolibarr,htdocs/core/modules/modAdherent.class.php,5.6.40,php:5.6-cli,PASS,No syntax errors detected in /app/htdocs/core/modules/modAdherent.class.php
dolibarr,htdocs/core/modules/modAgenda.class.php,5.6.40,php:5.6-cli,PASS,No syntax errors detected in /app/htdocs/core/modules/modAgenda.class.php
dolibarr,htdocs/core/modules/modApi.class.php,5.6.40,php:5.6-cli,PASS,No syntax errors detected in /app/htdocs/core/modules/modApi.class.php
dolibarr,htdocs/core/modules/modAsset.class.php,5.6.40,php:5.6-cli,PASS,No syntax errors detected in /app/htdocs/core/modules/modAsset.class.php
dolibarr,htdocs/core/modules/modBanque.class.php,5.6.40,php:5.6-cli,PASS,No syntax errors detected in /app/htdocs/core/modules/modBanque.class.php
dolibarr,htdocs/core/modules/modBarcode.class.php,5.6.40,php:5.6-cli,PASS,No syntax errors detected in /app/htdocs/core/modules/modBarcode.class.php
dolibarr,htdocs/core/modules/modBlockedLog.class.php,5.6.40,php:5.6-cli,PASS,No syntax errors detected in /app/htdocs/core/modules/modBlockedLog.class.php
dolibarr,htdocs/core/modules/modBom.class.php,5.6.40,php:5.6-cli,PASS,No syntax errors detected in /app/htdocs/core/modules/modBom.class.php
dolibarr,htdocs/core/modules/modCashDesk.class.php,5.6.40,php:5.6-cli,PASS,No syntax errors detected in /app/htdocs/core/modules/modCashDesk.class.php
dolibarr,htdocs/core/modules/modCategorie.class.php,5.6.40,php:5.6-cli,PASS,No syntax errors detected in /app/htdocs/core/modules/modCategorie.class.php
dolibarr,htdocs/core/modules/modCollab.class.php,5.6.40,php:5.6-cli,PASS,No syntax errors detected in /app/htdocs/core/modules/modCollab.class.php
dolibarr,htdocs/core/modules/modCommande.class.php,5.6.40,php:5.6-cli,PASS,No syntax errors detected in /app/htdocs/core/modules/modCommande.class.php
dolibarr,htdocs/core/modules/modContrat.class.php,5.6.40,php:5.6-cli,PASS,No syntax errors detected in /app/htdocs/core/modules/modContrat.class.php
dolibarr,htdocs/core/modules/modCron.class.php,5.6.40,php:5.6-cli,PASS,No syntax errors detected in /app/htdocs/core/modules/modCron.class.php
dolibarr,htdocs/core/modules/modDataPolicy.class.php,5.6.40,php:5.6-cli,PASS,No syntax errors detected in /app/htdocs/core/modules/modDataPolicy.class.php
dolibarr,htdocs/core/modules/modDav.class.php,5.6.40,php:5.6-cli,PASS,No syntax errors detected in /app/htdocs/core/modules/modDav.class.php
dolibarr,htdocs/core/modules/modDeplacement.class.php,5.6.40,php:5.6-cli,PASS,No syntax errors detected in /app/htdocs/core/modules/modDeplacement.class.php
dolibarr,htdocs/core/modules/modDon.class.php,5.6.40,php:5.6-cli,PASS,No syntax errors detected in /app/htdocs/core/modules/modDon.class.php
dolibarr,htdocs/core/modules/modECM.class.php,5.6.40,php:5.6-cli,PASS,No syntax errors detected in /app/htdocs/core/modules/modECM.class.php
dolibarr,htdocs/core/modules/modEmailCollector.class.php,5.6.40,php:5.6-cli,PASS,No syntax errors detected in /app/htdocs/core/modules/modEmailCollector.class.php
dolibarr,htdocs/core/modules/modExpedition.class.php,5.6.40,php:5.6-cli,PASS,No syntax errors detected in /app/htdocs/core/modules/modExpedition.class.php
dolibarr,htdocs/core/modules/modExpenseReport.class.php,5.6.40,php:5.6-cli,PASS,No syntax errors detected in /app/htdocs/core/modules/modExpenseReport.class.php
dolibarr,htdocs/core/modules/modExternalRss.class.php,5.6.40,php:5.6-cli,PASS,No syntax errors detected in /app/htdocs/core/modules/modExternalRss.class.php
dolibarr,htdocs/core/modules/modFTP.class.php,5.6.40,php:5.6-cli,PASS,No syntax errors detected in /app/htdocs/core/modules/modFTP.class.php
dolibarr,htdocs/core/modules/modFacture.class.php,5.6.40,php:5.6-cli,PASS,No syntax errors detected in /app/htdocs/core/modules/modFacture.class.php
dolibarr,htdocs/core/modules/modFckeditor.class.php,5.6.40,php:5.6-cli,PASS,No syntax errors detected in /app/htdocs/core/modules/modFckeditor.class.php
dolibarr,htdocs/core/modules/modFicheinter.class.php,5.6.40,php:5.6-cli,PASS,No syntax errors detected in /app/htdocs/core/modules/modFicheinter.class.php
dolibarr,htdocs/core/modules/modFournisseur.class.php,5.6.40,php:5.6-cli,PASS,No syntax errors detected in /app/htdocs/core/modules/modFournisseur.class.php
dolibarr,htdocs/core/modules/modGravatar.class.php,5.6.40,php:5.6-cli,PASS,No syntax errors detected in /app/htdocs/core/modules/modGravatar.class.php
dolibarr,htdocs/core/modules/modHoliday.class.php,5.6.40,php:5.6-cli,PASS,No syntax errors detected in /app/htdocs/core/modules/modHoliday.class.php
dolibarr,htdocs/core/modules/modIncoterm.class.php,5.6.40,php:5.6-cli,PASS,No syntax errors detected in /app/htdocs/core/modules/modIncoterm.class.php
dolibarr,htdocs/core/modules/modLoan.class.php,5.6.40,php:5.6-cli,PASS,No syntax errors detected in /app/htdocs/core/modules/modLoan.class.php
dolibarr,htdocs/core/modules/modMailing.class.php,5.6.40,php:5.6-cli,PASS,No syntax errors detected in /app/htdocs/core/modules/modMailing.class.php
dolibarr,htdocs/core/modules/modMargin.class.php,5.6.40,php:5.6-cli,PASS,No syntax errors detected in /app/htdocs/core/modules/modMargin.class.php
dolibarr,htdocs/core/modules/modMultiCurrency.class.php,5.6.40,php:5.6-cli,PASS,No syntax errors detected in /app/htdocs/core/modules/modMultiCurrency.class.php
dolibarr,htdocs/core/modules/modOauth.class.php,5.6.40,php:5.6-cli,PASS,No syntax errors detected in /app/htdocs/core/modules/modOauth.class.php
dolibarr,htdocs/core/modules/modOpenSurvey.class.php,5.6.40,php:5.6-cli,PASS,No syntax errors detected in /app/htdocs/core/modules/modOpenSurvey.class.php
dolibarr,htdocs/core/modules/modPaybox.class.php,5.6.40,php:5.6-cli,PASS,No syntax errors detected in /app/htdocs/core/modules/modPaybox.class.php
dolibarr,htdocs/core/modules/modPaypal.class.php,5.6.40,php:5.6-cli,PASS,No syntax errors detected in /app/htdocs/core/modules/modPaypal.class.php
dolibarr,htdocs/core/modules/modPrelevement.class.php,5.6.40,php:5.6-cli,PASS,No syntax errors detected in /app/htdocs/core/modules/modPrelevement.class.php
dolibarr,htdocs/core/modules/modPrinting.class.php,5.6.40,php:5.6-cli,PASS,No syntax errors detected in /app/htdocs/core/modules/modPrinting.class.php
dolibarr,htdocs/core/modules/modProduct.class.php,5.6.40,php:5.6-cli,PASS,No syntax errors detected in /app/htdocs/core/modules/modProduct.class.php
dolibarr,htdocs/core/modules/modProjet.class.php,5.6.40,php:5.6-cli,PASS,No syntax errors detected in /app/htdocs/core/modules/modProjet.class.php
dolibarr,htdocs/core/modules/modPropale.class.php,5.6.40,php:5.6-cli,PASS,No syntax errors detected in /app/htdocs/core/modules/modPropale.class.php
dolibarr,htdocs/core/modules/modReceiptPrinter.class.php,5.6.40,php:5.6-cli,PASS,No syntax errors detected in /app/htdocs/core/modules/modReceiptPrinter.class.php
dolibarr,htdocs/core/modules/modReception.class.php,5.6.40,php:5.6-cli,PASS,No syntax errors detected in /app/htdocs/core/modules/modReception.class.php
dolibarr,htdocs/core/modules/modResource.class.php,5.6.40,php:5.6-cli,PASS,No syntax errors detected in /app/htdocs/core/modules/modResource.class.php
dolibarr,htdocs/core/modules/modSalaries.class.php,5.6.40,php:5.6-cli,PASS,No syntax errors detected in /app/htdocs/core/modules/modSalaries.class.php
dolibarr,htdocs/core/modules/modService.class.php,5.6.40,php:5.6-cli,PASS,No syntax errors detected in /app/htdocs/core/modules/modService.class.php
dolibarr,htdocs/core/modules/modSociete.class.php,5.6.40,php:5.6-cli,PASS,No syntax errors detected in /app/htdocs/core/modules/modSociete.class.php
dolibarr,htdocs/core/modules/modStock.class.php,5.6.40,php:5.6-cli,PASS,No syntax errors detected in /app/htdocs/core/modules/modStock.class.php
dolibarr,htdocs/core/modules/modStripe.class.php,5.6.40,php:5.6-cli,PASS,No syntax errors detected in /app/htdocs/core/modules/modStripe.class.php
dolibarr,htdocs/core/modules/modSupplierProposal.class.php,5.6.40,php:5.6-cli,PASS,No syntax errors detected in /app/htdocs/core/modules/modSupplierProposal.class.php
dolibarr,htdocs/core/modules/modTakePos.class.php,5.6.40,php:5.6-cli,PASS,No syntax errors detected in /app/htdocs/core/modules/modTakePos.class.php
dolibarr,htdocs/core/modules/modTax.class.php,5.6.40,php:5.6-cli,PASS,No syntax errors detected in /app/htdocs/core/modules/modTax.class.php
dolibarr,htdocs/core/modules/modTicket.class.php,5.6.40,php:5.6-cli,PASS,No syntax errors detected in /app/htdocs/core/modules/modTicket.class.php
dolibarr,htdocs/core/modules/modUser.class.php,5.6.40,php:5.6-cli,PASS,No syntax errors detected in /app/htdocs/core/modules/modUser.class.php
dolibarr,htdocs/core/modules/modVariants.class.php,5.6.40,php:5.6-cli,PASS,No syntax errors detected in /app/htdocs/core/modules/modVariants.class.php
dolibarr,htdocs/core/modules/modWebsite.class.php,5.6.40,php:5.6-cli,PASS,No syntax errors detected in /app/htdocs/core/modules/modWebsite.class.php
dolibarr,htdocs/core/modules/modWorkflow.class.php,5.6.40,php:5.6-cli,PASS,No syntax errors detected in /app/htdocs/core/modules/modWorkflow.class.php
dolibarr,htdocs/core/modules/oauth/github_oauthcallback.php,5.6.40,php:5.6-cli,PASS,No syntax errors detected in /app/htdocs/core/modules/oauth/github_oauthcallback.php
dolibarr,htdocs/core/modules/oauth/google_oauthcallback.php,5.6.40,php:5.6-cli,PASS,No syntax errors detected in /app/htdocs/core/modules/oauth/google_oauthcallback.php
dolibarr,htdocs/core/modules/oauth/stripelive_oauthcallback.php,5.6.40,php:5.6-cli,PASS,No syntax errors detected in /app/htdocs/core/modules/oauth/stripelive_oauthcallback.php
dolibarr,htdocs/core/modules/oauth/stripetest_oauthcallback.php,5.6.40,php:5.6-cli,PASS,No syntax errors detected in /app/htdocs/core/modules/oauth/stripetest_oauthcallback.php
dolibarr,htdocs/core/modules/payment/mod_payment_ant.php,5.6.40,php:5.6-cli,PASS,No syntax errors detected in /app/htdocs/core/modules/payment/mod_payment_ant.php
dolibarr,htdocs/core/modules/payment/mod_payment_cicada.php,5.6.40,php:5.6-cli,PASS,No syntax errors detected in /app/htdocs/core/modules/payment/mod_payment_cicada.php
dolibarr,htdocs/core/modules/printing/printgcp.modules.php,5.6.40,php:5.6-cli,PASS,No syntax errors detected in /app/htdocs/core/modules/printing/printgcp.modules.php
dolibarr,htdocs/core/modules/printing/printipp.modules.php,5.6.40,php:5.6-cli,PASS,No syntax errors detected in /app/htdocs/core/modules/printing/printipp.modules.php
dolibarr,htdocs/core/modules/printsheet/doc/pdf_standardlabel.class.php,5.6.40,php:5.6-cli,PASS,No syntax errors detected in /app/htdocs/core/modules/printsheet/doc/pdf_standardlabel.class.php
dolibarr,htdocs/core/modules/printsheet/doc/pdf_tcpdflabel.class.php,5.6.40,php:5.6-cli,PASS,No syntax errors detected in /app/htdocs/core/modules/printsheet/doc/pdf_tcpdflabel.class.php
dolibarr,htdocs/core/modules/printsheet/modules_labels.php,5.6.40,php:5.6-cli,PASS,No syntax errors detected in /app/htdocs/core/modules/printsheet/modules_labels.php
dolibarr,htdocs/core/modules/product/doc/doc_generic_product_odt.modules.php,5.6.40,php:5.6-cli,PASS,No syntax errors detected in /app/htdocs/core/modules/product/doc/doc_generic_product_odt.modules.php
dolibarr,htdocs/core/modules/product/doc/pdf_standard.modules.php,5.6.40,php:5.6-cli,PASS,No syntax errors detected in /app/htdocs/core/modules/product/doc/pdf_standard.modules.php
dolibarr,htdocs/core/modules/product/mod_codeproduct_elephant.php,5.6.40,php:5.6-cli,PASS,No syntax errors detected in /app/htdocs/core/modules/product/mod_codeproduct_elephant.php
dolibarr,htdocs/core/modules/product/modules_product.class.php,5.6.40,php:5.6-cli,PASS,No syntax errors detected in /app/htdocs/core/modules/product/modules_product.class.php
dolibarr,htdocs/core/modules/project/doc/doc_generic_project_odt.modules.php,5.6.40,php:5.6-cli,PASS,No syntax errors detected in /app/htdocs/core/modules/project/doc/doc_generic_project_odt.modules.php
dolibarr,htdocs/core/modules/project/doc/pdf_baleine.modules.php,5.6.40,php:5.6-cli,PASS,No syntax errors detected in /app/htdocs/core/modules/project/doc/pdf_baleine.modules.php
dolibarr,htdocs/core/modules/project/doc/pdf_beluga.modules.php,5.6.40,php:5.6-cli,PASS,No syntax errors detected in /app/htdocs/core/modules/project/doc/pdf_beluga.modules.php
dolibarr,htdocs/core/modules/project/doc/pdf_timespent.modules.php,5.6.40,php:5.6-cli,PASS,No syntax errors detected in /app/htdocs/core/modules/project/doc/pdf_timespent.modules.php
dolibarr,htdocs/core/modules/project/mod_project_simple.php,5.6.40,php:5.6-cli,PASS,No syntax errors detected in /app/htdocs/core/modules/project/mod_project_simple.php
dolibarr,htdocs/core/modules/project/mod_project_universal.php,5.6.40,php:5.6-cli,PASS,No syntax errors detected in /app/htdocs/core/modules/project/mod_project_universal.php
dolibarr,htdocs/core/modules/project/task/doc/doc_generic_task_odt.modules.php,5.6.40,php:5.6-cli,PASS,No syntax errors detected in /app/htdocs/core/modules/project/task/doc/doc_generic_task_odt.modules.php
dolibarr,htdocs/core/modules/project/task/mod_task_simple.php,5.6.40,php:5.6-cli,PASS,No syntax errors detected in /app/htdocs/core/modules/project/task/mod_task_simple.php
dolibarr,htdocs/core/modules/project/task/mod_task_universal.php,5.6.40,php:5.6-cli,PASS,No syntax errors detected in /app/htdocs/core/modules/project/task/mod_task_universal.php
dolibarr,htdocs/core/modules/propale/doc/doc_generic_proposal_odt.modules.php,5.6.40,php:5.6-cli,PASS,No syntax errors detected in /app/htdocs/core/modules/propale/doc/doc_generic_proposal_odt.modules.php
dolibarr,htdocs/core/modules/propale/doc/pdf_azur.modules.php,5.6.40,php:5.6-cli,PASS,No syntax errors detected in /app/htdocs/core/modules/propale/doc/pdf_azur.modules.php
dolibarr,htdocs/core/modules/propale/doc/pdf_cyan.modules.php,5.6.40,php:5.6-cli,PASS,No syntax errors detected in /app/htdocs/core/modules/propale/doc/pdf_cyan.modules.php
dolibarr,htdocs/core/modules/propale/mod_propale_marbre.php,5.6.40,php:5.6-cli,PASS,No syntax errors detected in /app/htdocs/core/modules/propale/mod_propale_marbre.php
dolibarr,htdocs/core/modules/propale/mod_propale_saphir.php,5.6.40,php:5.6-cli,PASS,No syntax errors detected in /app/htdocs/core/modules/propale/mod_propale_saphir.php
dolibarr,htdocs/core/modules/rapport/pdf_paiement.class.php,5.6.40,php:5.6-cli,PASS,No syntax errors detected in /app/htdocs/core/modules/rapport/pdf_paiement.class.php
dolibarr,htdocs/core/modules/reception/doc/doc_generic_reception_odt.modules.php,5.6.40,php:5.6-cli,PASS,No syntax errors detected in /app/htdocs/core/modules/reception/doc/doc_generic_reception_odt.modules.php
dolibarr,htdocs/core/modules/reception/doc/pdf_squille.modules.php,5.6.40,php:5.6-cli,PASS,No syntax errors detected in /app/htdocs/core/modules/reception/doc/pdf_squille.modules.php
dolibarr,htdocs/core/modules/reception/mod_reception_beryl.php,5.6.40,php:5.6-cli,PASS,No syntax errors detected in /app/htdocs/core/modules/reception/mod_reception_beryl.php
dolibarr,htdocs/core/modules/reception/mod_reception_moonstone.php,5.6.40,php:5.6-cli,PASS,No syntax errors detected in /app/htdocs/core/modules/reception/mod_reception_moonstone.php
dolibarr,htdocs/core/modules/societe/doc/doc_generic_odt.modules.php,5.6.40,php:5.6-cli,PASS,No syntax errors detected in /app/htdocs/core/modules/societe/doc/doc_generic_odt.modules.php
dolibarr,htdocs/core/modules/societe/mod_codeclient_elephant.php,5.6.40,php:5.6-cli,PASS,No syntax errors detected in /app/htdocs/core/modules/societe/mod_codeclient_elephant.php
dolibarr,htdocs/core/modules/societe/mod_codeclient_monkey.php,5.6.40,php:5.6-cli,PASS,No syntax errors detected in /app/htdocs/core/modules/societe/mod_codeclient_monkey.php
dolibarr,htdocs/core/modules/societe/mod_codecompta_aquarium.php,5.6.40,php:5.6-cli,PASS,No syntax errors detected in /app/htdocs/core/modules/societe/mod_codecompta_aquarium.php
dolibarr,htdocs/core/modules/societe/modules_societe.class.php,5.6.40,php:5.6-cli,PASS,No syntax errors detected in /app/htdocs/core/modules/societe/modules_societe.class.php
dolibarr,htdocs/core/modules/stock/doc/doc_generic_stock_odt.modules.php,5.6.40,php:5.6-cli,PASS,No syntax errors detected in /app/htdocs/core/modules/stock/doc/doc_generic_stock_odt.modules.php
dolibarr,htdocs/core/modules/stock/doc/pdf_standard.modules.php,5.6.40,php:5.6-cli,PASS,No syntax errors detected in /app/htdocs/core/modules/stock/doc/pdf_standard.modules.php
dolibarr,htdocs/core/modules/stock/doc/pdf_stdmovement.modules.php,5.6.40,php:5.6-cli,PASS,No syntax errors detected in /app/htdocs/core/modules/stock/doc/pdf_stdmovement.modules.php
dolibarr,htdocs/core/modules/supplier_invoice/mod_facture_fournisseur_cactus.php,5.6.40,php:5.6-cli,PASS,No syntax errors detected in /app/htdocs/core/modules/supplier_invoice/mod_facture_fournisseur_cactus.php
dolibarr,htdocs/core/modules/supplier_invoice/mod_facture_fournisseur_tulip.php,5.6.40,php:5.6-cli,PASS,No syntax errors detected in /app/htdocs/core/modules/supplier_invoice/mod_facture_fournisseur_tulip.php
dolibarr,htdocs/core/modules/supplier_invoice/pdf/pdf_canelle.modules.php,5.6.40,php:5.6-cli,PASS,No syntax errors detected in /app/htdocs/core/modules/supplier_invoice/pdf/pdf_canelle.modules.php
dolibarr,htdocs/core/modules/supplier_order/mod_commande_fournisseur_muguet.php,5.6.40,php:5.6-cli,PASS,No syntax errors detected in /app/htdocs/core/modules/supplier_order/mod_commande_fournisseur_muguet.php
dolibarr,htdocs/core/modules/supplier_order/mod_commande_fournisseur_orchidee.php,5.6.40,php:5.6-cli,PASS,No syntax errors detected in /app/htdocs/core/modules/supplier_order/mod_commande_fournisseur_orchidee.php
dolibarr,htdocs/core/modules/supplier_order/pdf/pdf_cornas.modules.php,5.6.40,php:5.6-cli,PASS,No syntax errors detected in /app/htdocs/core/modules/supplier_order/pdf/pdf_cornas.modules.php
dolibarr,htdocs/core/modules/supplier_order/pdf/pdf_muscadet.modules.php,5.6.40,php:5.6-cli,PASS,No syntax errors detected in /app/htdocs/core/modules/supplier_order/pdf/pdf_muscadet.modules.php
dolibarr,htdocs/core/modules/supplier_payment/doc/pdf_standard.modules.php,5.6.40,php:5.6-cli,PASS,No syntax errors detected in /app/htdocs/core/modules/supplier_payment/doc/pdf_standard.modules.php
dolibarr,htdocs/core/modules/supplier_payment/mod_supplier_payment_brodator.php,5.6.40,php:5.6-cli,PASS,No syntax errors detected in /app/htdocs/core/modules/supplier_payment/mod_supplier_payment_brodator.php
dolibarr,htdocs/core/modules/supplier_payment/mod_supplier_payment_bronan.php,5.6.40,php:5.6-cli,PASS,No syntax errors detected in /app/htdocs/core/modules/supplier_payment/mod_supplier_payment_bronan.php
dolibarr,htdocs/core/modules/supplier_proposal/doc/doc_generic_supplier_proposal_odt.modules.php,5.6.40,php:5.6-cli,PASS,No syntax errors detected in /app/htdocs/core/modules/supplier_proposal/doc/doc_generic_supplier_proposal_odt.modules.php
dolibarr,htdocs/core/modules/supplier_proposal/doc/pdf_aurore.modules.php,5.6.40,php:5.6-cli,PASS,No syntax errors detected in /app/htdocs/core/modules/supplier_proposal/doc/pdf_aurore.modules.php
dolibarr,htdocs/core/modules/supplier_proposal/mod_supplier_proposal_marbre.php,5.6.40,php:5.6-cli,PASS,No syntax errors detected in /app/htdocs/core/modules/supplier_proposal/mod_supplier_proposal_marbre.php
dolibarr,htdocs/core/modules/supplier_proposal/mod_supplier_proposal_saphir.php,5.6.40,php:5.6-cli,PASS,No syntax errors detected in /app/htdocs/core/modules/supplier_proposal/mod_supplier_proposal_saphir.php
dolibarr,htdocs/core/modules/syslog/mod_syslog_file.php,5.6.40,php:5.6-cli,PASS,No syntax errors detected in /app/htdocs/core/modules/syslog/mod_syslog_file.php
dolibarr,htdocs/core/modules/ticket/mod_ticket_simple.php,5.6.40,php:5.6-cli,PASS,No syntax errors detected in /app/htdocs/core/modules/ticket/mod_ticket_simple.php
dolibarr,htdocs/core/modules/ticket/mod_ticket_universal.php,5.6.40,php:5.6-cli,PASS,No syntax errors detected in /app/htdocs/core/modules/ticket/mod_ticket_universal.php
dolibarr,htdocs/core/modules/user/doc/doc_generic_user_odt.modules.php,5.6.40,php:5.6-cli,PASS,No syntax errors detected in /app/htdocs/core/modules/user/doc/doc_generic_user_odt.modules.php
dolibarr,htdocs/core/modules/usergroup/doc/doc_generic_usergroup_odt.modules.php,5.6.40,php:5.6-cli,PASS,No syntax errors detected in /app/htdocs/core/modules/usergroup/doc/doc_generic_usergroup_odt.modules.php
dolibarr,htdocs/core/photos_resize.php,5.6.40,php:5.6-cli,PASS,No syntax errors detected in /app/htdocs/core/photos_resize.php
dolibarr,htdocs/core/search_page.php,5.6.40,php:5.6-cli,PASS,No syntax errors detected in /app/htdocs/core/search_page.php
dolibarr,htdocs/core/tpl/admin_extrafields_add.tpl.php,5.6.40,php:5.6-cli,PASS,No syntax errors detected in /app/htdocs/core/tpl/admin_extrafields_add.tpl.php
dolibarr,htdocs/core/tpl/admin_extrafields_edit.tpl.php,5.6.40,php:5.6-cli,PASS,No syntax errors detected in /app/htdocs/core/tpl/admin_extrafields_edit.tpl.php
dolibarr,htdocs/core/tpl/admin_extrafields_view.tpl.php,5.6.40,php:5.6-cli,PASS,No syntax errors detected in /app/htdocs/core/tpl/admin_extrafields_view.tpl.php
dolibarr,htdocs/core/tpl/advtarget.tpl.php,5.6.40,php:5.6-cli,PASS,No syntax errors detected in /app/htdocs/core/tpl/advtarget.tpl.php
dolibarr,htdocs/core/tpl/ajax/fileupload_main.tpl.php,5.6.40,php:5.6-cli,PASS,No syntax errors detected in /app/htdocs/core/tpl/ajax/fileupload_main.tpl.php
dolibarr,htdocs/core/tpl/ajax/fileupload_view.tpl.php,5.6.40,php:5.6-cli,PASS,No syntax errors detected in /app/htdocs/core/tpl/ajax/fileupload_view.tpl.php
dolibarr,htdocs/core/tpl/ajax/objectlinked_lineimport.tpl.php,5.6.40,php:5.6-cli,PASS,No syntax errors detected in /app/htdocs/core/tpl/ajax/objectlinked_lineimport.tpl.php
dolibarr,htdocs/core/tpl/ajaxrow.tpl.php,5.6.40,php:5.6-cli,PASS,No syntax errors detected in /app/htdocs/core/tpl/ajaxrow.tpl.php
dolibarr,htdocs/core/tpl/bloc_comment.tpl.php,5.6.40,php:5.6-cli,PASS,No syntax errors detected in /app/htdocs/core/tpl/bloc_comment.tpl.php
dolibarr,htdocs/core/tpl/bloc_showhide.tpl.php,5.6.40,php:5.6-cli,PASS,No syntax errors detected in /app/htdocs/core/tpl/bloc_showhide.tpl.php
dolibarr,htdocs/core/tpl/card_presend.tpl.php,5.6.40,php:5.6-cli,PASS,No syntax errors detected in /app/htdocs/core/tpl/card_presend.tpl.php
dolibarr,htdocs/core/tpl/commonfields_view.tpl.php,5.6.40,php:5.6-cli,PASS,No syntax errors detected in /app/htdocs/core/tpl/commonfields_view.tpl.php
dolibarr,htdocs/core/tpl/contacts.tpl.php,5.6.40,php:5.6-cli,PASS,No syntax errors detected in /app/htdocs/core/tpl/contacts.tpl.php
dolibarr,htdocs/core/tpl/extrafields_list_search_input.tpl.php,5.6.40,php:5.6-cli,PASS,No syntax errors detected in /app/htdocs/core/tpl/extrafields_list_search_input.tpl.php
dolibarr,htdocs/core/tpl/extrafields_view.tpl.php,5.6.40,php:5.6-cli,PASS,No syntax errors detected in /app/htdocs/core/tpl/extrafields_view.tpl.php
dolibarr,htdocs/core/tpl/filemanager.tpl.php,5.6.40,php:5.6-cli,PASS,No syntax errors detected in /app/htdocs/core/tpl/filemanager.tpl.php
dolibarr,htdocs/core/tpl/login.tpl.php,5.6.40,php:5.6-cli,PASS,No syntax errors detected in /app/htdocs/core/tpl/login.tpl.php
dolibarr,htdocs/core/tpl/massactions_pre.tpl.php,5.6.40,php:5.6-cli,PASS,No syntax errors detected in /app/htdocs/core/tpl/massactions_pre.tpl.php
dolibarr,htdocs/core/tpl/notes.tpl.php,5.6.40,php:5.6-cli,PASS,No syntax errors detected in /app/htdocs/core/tpl/notes.tpl.php
dolibarr,htdocs/core/tpl/object_discounts.tpl.php,5.6.40,php:5.6-cli,PASS,No syntax errors detected in /app/htdocs/core/tpl/object_discounts.tpl.php
dolibarr,htdocs/core/tpl/objectline_create.tpl.php,5.6.40,php:5.6-cli,PASS,No syntax errors detected in /app/htdocs/core/tpl/objectline_create.tpl.php
dolibarr,htdocs/core/tpl/objectline_edit.tpl.php,5.6.40,php:5.6-cli,PASS,No syntax errors detected in /app/htdocs/core/tpl/objectline_edit.tpl.php
dolibarr,htdocs/core/tpl/objectline_title.tpl.php,5.6.40,php:5.6-cli,PASS,No syntax errors detected in /app/htdocs/core/tpl/objectline_title.tpl.php
dolibarr,htdocs/core/tpl/objectline_view.tpl.php,5.6.40,php:5.6-cli,PASS,No syntax errors detected in /app/htdocs/core/tpl/objectline_view.tpl.php
dolibarr,htdocs/core/tpl/onlinepaymentlinks.tpl.php,5.6.40,php:5.6-cli,PASS,No syntax errors detected in /app/htdocs/core/tpl/onlinepaymentlinks.tpl.php
dolibarr,htdocs/core/tpl/passwordforgotten.tpl.php,5.6.40,php:5.6-cli,PASS,No syntax errors detected in /app/htdocs/core/tpl/passwordforgotten.tpl.php
dolibarr,htdocs/core/tpl/resource_add.tpl.php,5.6.40,php:5.6-cli,PASS,No syntax errors detected in /app/htdocs/core/tpl/resource_add.tpl.php
dolibarr,htdocs/core/tpl/resource_view.tpl.php,5.6.40,php:5.6-cli,PASS,No syntax errors detected in /app/htdocs/core/tpl/resource_view.tpl.php
dolibarr,htdocs/core/triggers/interface_20_all_Logevents.class.php,5.6.40,php:5.6-cli,PASS,No syntax errors detected in /app/htdocs/core/triggers/interface_20_all_Logevents.class.php
dolibarr,htdocs/core/triggers/interface_20_modWorkflow_WorkflowManager.class.php,5.6.40,php:5.6-cli,PASS,No syntax errors detected in /app/htdocs/core/triggers/interface_20_modWorkflow_WorkflowManager.class.php
dolibarr,htdocs/core/triggers/interface_50_modAgenda_ActionsAuto.class.php,5.6.40,php:5.6-cli,PASS,No syntax errors detected in /app/htdocs/core/triggers/interface_50_modAgenda_ActionsAuto.class.php
dolibarr,htdocs/core/triggers/interface_50_modBlockedlog_ActionsBlockedLog.class.php,5.6.40,php:5.6-cli,PASS,No syntax errors detected in /app/htdocs/core/triggers/interface_50_modBlockedlog_ActionsBlockedLog.class.php
dolibarr,htdocs/core/triggers/interface_50_modLdap_Ldapsynchro.class.php,5.6.40,php:5.6-cli,PASS,No syntax errors detected in /app/htdocs/core/triggers/interface_50_modLdap_Ldapsynchro.class.php
dolibarr,htdocs/core/triggers/interface_50_modMailmanspip_Mailmanspipsynchro.class.php,5.6.40,php:5.6-cli,PASS,No syntax errors detected in /app/htdocs/core/triggers/interface_50_modMailmanspip_Mailmanspipsynchro.class.php
dolibarr,htdocs/core/triggers/interface_50_modNotification_Notification.class.php,5.6.40,php:5.6-cli,PASS,No syntax errors detected in /app/htdocs/core/triggers/interface_50_modNotification_Notification.class.php
dolibarr,htdocs/core/triggers/interface_50_modTicket_TicketEmail.class.php,5.6.40,php:5.6-cli,PASS,No syntax errors detected in /app/htdocs/core/triggers/interface_50_modTicket_TicketEmail.class.php
dolibarr,htdocs/core/triggers/interface_80_modStripe_Stripe.class.php,5.6.40,php:5.6-cli,PASS,No syntax errors detected in /app/htdocs/core/triggers/interface_80_modStripe_Stripe.class.php
dolibarr,htdocs/core/website.inc.php,5.6.40,php:5.6-cli,PASS,No syntax errors detected in /app/htdocs/core/website.inc.php
dolibarr,htdocs/cron/admin/cron.php,5.6.40,php:5.6-cli,PASS,No syntax errors detected in /app/htdocs/cron/admin/cron.php
dolibarr,htdocs/cron/card.php,5.6.40,php:5.6-cli,PASS,No syntax errors detected in /app/htdocs/cron/card.php
dolibarr,htdocs/cron/class/cronjob.class.php,5.6.40,php:5.6-cli,PASS,No syntax errors detected in /app/htdocs/cron/class/cronjob.class.php
dolibarr,htdocs/cron/list.php,5.6.40,php:5.6-cli,PASS,No syntax errors detected in /app/htdocs/cron/list.php
dolibarr,htdocs/datapolicy/admin/setup.php,5.6.40,php:5.6-cli,PASS,No syntax errors detected in /app/htdocs/datapolicy/admin/setup.php
dolibarr,htdocs/datapolicy/admin/setupmail.php,5.6.40,php:5.6-cli,PASS,No syntax errors detected in /app/htdocs/datapolicy/admin/setupmail.php
dolibarr,htdocs/datapolicy/class/actions_datapolicy.class.php,5.6.40,php:5.6-cli,PASS,No syntax errors detected in /app/htdocs/datapolicy/class/actions_datapolicy.class.php
dolibarr,htdocs/datapolicy/class/datapolicy.class.php,5.6.40,php:5.6-cli,PASS,No syntax errors detected in /app/htdocs/datapolicy/class/datapolicy.class.php
dolibarr,htdocs/datapolicy/class/datapolicycron.class.php,5.6.40,php:5.6-cli,PASS,No syntax errors detected in /app/htdocs/datapolicy/class/datapolicycron.class.php
dolibarr,htdocs/datapolicy/public/index.php,5.6.40,php:5.6-cli,PASS,No syntax errors detected in /app/htdocs/datapolicy/public/index.php
dolibarr,htdocs/dav/dav.class.php,5.6.40,php:5.6-cli,PASS,No syntax errors detected in /app/htdocs/dav/dav.class.php
dolibarr,htdocs/debugbar/class/TraceableDB.php,5.6.40,php:5.6-cli,PASS,No syntax errors detected in /app/htdocs/debugbar/class/TraceableDB.php
dolibarr,htdocs/document.php,5.6.40,php:5.6-cli,PASS,No syntax errors detected in /app/htdocs/document.php
dolibarr,htdocs/don/admin/donation.php,5.6.40,php:5.6-cli,PASS,No syntax errors detected in /app/htdocs/don/admin/donation.php
dolibarr,htdocs/don/card.php,5.6.40,php:5.6-cli,PASS,No syntax errors detected in /app/htdocs/don/card.php
dolibarr,htdocs/don/class/api_donations.class.php,5.6.40,php:5.6-cli,PASS,No syntax errors detected in /app/htdocs/don/class/api_donations.class.php
dolibarr,htdocs/don/class/don.class.php,5.6.40,php:5.6-cli,PASS,No syntax errors detected in /app/htdocs/don/class/don.class.php
dolibarr,htdocs/don/class/paymentdonation.class.php,5.6.40,php:5.6-cli,PASS,No syntax errors detected in /app/htdocs/don/class/paymentdonation.class.php
dolibarr,htdocs/don/document.php,5.6.40,php:5.6-cli,PASS,No syntax errors detected in /app/htdocs/don/document.php
dolibarr,htdocs/don/index.php,5.6.40,php:5.6-cli,PASS,No syntax errors detected in /app/htdocs/don/index.php
dolibarr,htdocs/don/info.php,5.6.40,php:5.6-cli,PASS,No syntax errors detected in /app/htdocs/don/info.php
dolibarr,htdocs/don/list.php,5.6.40,php:5.6-cli,PASS,No syntax errors detected in /app/htdocs/don/list.php
dolibarr,htdocs/don/note.php,5.6.40,php:5.6-cli,PASS,No syntax errors detected in /app/htdocs/don/note.php
dolibarr,htdocs/don/payment/card.php,5.6.40,php:5.6-cli,PASS,No syntax errors detected in /app/htdocs/don/payment/card.php
dolibarr,htdocs/don/payment/payment.php,5.6.40,php:5.6-cli,PASS,No syntax errors detected in /app/htdocs/don/payment/payment.php
dolibarr,htdocs/don/stats/index.php,5.6.40,php:5.6-cli,PASS,No syntax errors detected in /app/htdocs/don/stats/index.php
dolibarr,htdocs/ecm/ajax/ecmdatabase.php,5.6.40,php:5.6-cli,PASS,No syntax errors detected in /app/htdocs/ecm/ajax/ecmdatabase.php
dolibarr,htdocs/ecm/class/ecmdirectory.class.php,5.6.40,php:5.6-cli,PASS,No syntax errors detected in /app/htdocs/ecm/class/ecmdirectory.class.php
dolibarr,htdocs/ecm/class/ecmfiles.class.php,5.6.40,php:5.6-cli,PASS,No syntax errors detected in /app/htdocs/ecm/class/ecmfiles.class.php
dolibarr,htdocs/ecm/class/htmlecm.form.class.php,5.6.40,php:5.6-cli,PASS,No syntax errors detected in /app/htdocs/ecm/class/htmlecm.form.class.php
dolibarr,htdocs/ecm/dir_add_card.php,5.6.40,php:5.6-cli,PASS,No syntax errors detected in /app/htdocs/ecm/dir_add_card.php
dolibarr,htdocs/ecm/dir_card.php,5.6.40,php:5.6-cli,PASS,No syntax errors detected in /app/htdocs/ecm/dir_card.php
dolibarr,htdocs/ecm/file_card.php,5.6.40,php:5.6-cli,PASS,No syntax errors detected in /app/htdocs/ecm/file_card.php
dolibarr,htdocs/ecm/index.php,5.6.40,php:5.6-cli,PASS,No syntax errors detected in /app/htdocs/ecm/index.php
dolibarr,htdocs/ecm/index_auto.php,5.6.40,php:5.6-cli,PASS,No syntax errors detected in /app/htdocs/ecm/index_auto.php
dolibarr,htdocs/ecm/search.php,5.6.40,php:5.6-cli,PASS,No syntax errors detected in /app/htdocs/ecm/search.php
dolibarr,htdocs/ecm/tpl/enablefiletreeajax.tpl.php,5.6.40,php:5.6-cli,PASS,No syntax errors detected in /app/htdocs/ecm/tpl/enablefiletreeajax.tpl.php
dolibarr,htdocs/emailcollector/class/emailcollector.class.php,5.6.40,php:5.6-cli,PASS,No syntax errors detected in /app/htdocs/emailcollector/class/emailcollector.class.php
dolibarr,htdocs/emailcollector/class/emailcollectoraction.class.php,5.6.40,php:5.6-cli,PASS,No syntax errors detected in /app/htdocs/emailcollector/class/emailcollectoraction.class.php
dolibarr,htdocs/emailcollector/class/emailcollectorfilter.class.php,5.6.40,php:5.6-cli,PASS,No syntax errors detected in /app/htdocs/emailcollector/class/emailcollectorfilter.class.php
dolibarr,htdocs/emailcollector/lib/emailcollector.lib.php,5.6.40,php:5.6-cli,PASS,No syntax errors detected in /app/htdocs/emailcollector/lib/emailcollector.lib.php
dolibarr,htdocs/expedition/card.php,5.6.40,php:5.6-cli,PASS,No syntax errors detected in /app/htdocs/expedition/card.php
dolibarr,htdocs/expedition/class/api_shipments.class.php,5.6.40,php:5.6-cli,PASS,No syntax errors detected in /app/htdocs/expedition/class/api_shipments.class.php
dolibarr,htdocs/expedition/class/expedition.class.php,5.6.40,php:5.6-cli,PASS,No syntax errors detected in /app/htdocs/expedition/class/expedition.class.php
dolibarr,htdocs/expedition/class/expeditionbatch.class.php,5.6.40,php:5.6-cli,PASS,No syntax errors detected in /app/htdocs/expedition/class/expeditionbatch.class.php
dolibarr,htdocs/expedition/class/expeditionstats.class.php,5.6.40,php:5.6-cli,PASS,No syntax errors detected in /app/htdocs/expedition/class/expeditionstats.class.php
dolibarr,htdocs/expedition/contact.php,5.6.40,php:5.6-cli,PASS,No syntax errors detected in /app/htdocs/expedition/contact.php
dolibarr,htdocs/expedition/document.php,5.6.40,php:5.6-cli,PASS,No syntax errors detected in /app/htdocs/expedition/document.php
dolibarr,htdocs/expedition/index.php,5.6.40,php:5.6-cli,PASS,No syntax errors detected in /app/htdocs/expedition/index.php
dolibarr,htdocs/expedition/list.php,5.6.40,php:5.6-cli,PASS,No syntax errors detected in /app/htdocs/expedition/list.php
dolibarr,htdocs/expedition/note.php,5.6.40,php:5.6-cli,PASS,No syntax errors detected in /app/htdocs/expedition/note.php
dolibarr,htdocs/expedition/shipment.php,5.6.40,php:5.6-cli,PASS,No syntax errors detected in /app/htdocs/expedition/shipment.php
dolibarr,htdocs/expedition/stats/index.php,5.6.40,php:5.6-cli,PASS,No syntax errors detected in /app/htdocs/expedition/stats/index.php
dolibarr,htdocs/expedition/tpl/linkedobjectblock.tpl.php,5.6.40,php:5.6-cli,PASS,No syntax errors detected in /app/htdocs/expedition/tpl/linkedobjectblock.tpl.php
dolibarr,htdocs/expensereport/ajax/ajaxik.php,5.6.40,php:5.6-cli,PASS,No syntax errors detected in /app/htdocs/expensereport/ajax/ajaxik.php
dolibarr,htdocs/expensereport/ajax/ajaxprojet.php,5.6.40,php:5.6-cli,PASS,No syntax errors detected in /app/htdocs/expensereport/ajax/ajaxprojet.php
dolibarr,htdocs/expensereport/card.php,5.6.40,php:5.6-cli,PASS,No syntax errors detected in /app/htdocs/expensereport/card.php
dolibarr,htdocs/expensereport/class/api_expensereports.class.php,5.6.40,php:5.6-cli,PASS,No syntax errors detected in /app/htdocs/expensereport/class/api_expensereports.class.php
dolibarr,htdocs/expensereport/class/expensereport.class.php,5.6.40,php:5.6-cli,PASS,No syntax errors detected in /app/htdocs/expensereport/class/expensereport.class.php
dolibarr,htdocs/expensereport/class/expensereport_ik.class.php,5.6.40,php:5.6-cli,PASS,No syntax errors detected in /app/htdocs/expensereport/class/expensereport_ik.class.php
dolibarr,htdocs/expensereport/class/expensereport_rule.class.php,5.6.40,php:5.6-cli,PASS,No syntax errors detected in /app/htdocs/expensereport/class/expensereport_rule.class.php
dolibarr,htdocs/expensereport/class/paymentexpensereport.class.php,5.6.40,php:5.6-cli,PASS,No syntax errors detected in /app/htdocs/expensereport/class/paymentexpensereport.class.php
dolibarr,htdocs/expensereport/document.php,5.6.40,php:5.6-cli,PASS,No syntax errors detected in /app/htdocs/expensereport/document.php
dolibarr,htdocs/expensereport/export_csv.php,5.6.40,php:5.6-cli,PASS,No syntax errors detected in /app/htdocs/expensereport/export_csv.php
dolibarr,htdocs/expensereport/index.php,5.6.40,php:5.6-cli,PASS,No syntax errors detected in /app/htdocs/expensereport/index.php
dolibarr,htdocs/expensereport/list.php,5.6.40,php:5.6-cli,PASS,No syntax errors detected in /app/htdocs/expensereport/list.php
dolibarr,htdocs/expensereport/payment/card.php,5.6.40,php:5.6-cli,PASS,No syntax errors detected in /app/htdocs/expensereport/payment/card.php
dolibarr,htdocs/expensereport/payment/payment.php,5.6.40,php:5.6-cli,PASS,No syntax errors detected in /app/htdocs/expensereport/payment/payment.php
dolibarr,htdocs/expensereport/stats/index.php,5.6.40,php:5.6-cli,PASS,No syntax errors detected in /app/htdocs/expensereport/stats/index.php
dolibarr,htdocs/expensereport/tpl/expensereport_linktofile.tpl.php,5.6.40,php:5.6-cli,PASS,No syntax errors detected in /app/htdocs/expensereport/tpl/expensereport_linktofile.tpl.php
dolibarr,htdocs/expensereport/tpl/linkedobjectblock.tpl.php,5.6.40,php:5.6-cli,PASS,No syntax errors detected in /app/htdocs/expensereport/tpl/linkedobjectblock.tpl.php
dolibarr,htdocs/exports/class/export.class.php,5.6.40,php:5.6-cli,PASS,No syntax errors detected in /app/htdocs/exports/class/export.class.php
dolibarr,htdocs/exports/export.php,5.6.40,php:5.6-cli,PASS,No syntax errors detected in /app/htdocs/exports/export.php
dolibarr,htdocs/externalsite/admin/externalsite.php,5.6.40,php:5.6-cli,PASS,No syntax errors detected in /app/htdocs/externalsite/admin/externalsite.php
dolibarr,htdocs/externalsite/frames.php,5.6.40,php:5.6-cli,PASS,No syntax errors detected in /app/htdocs/externalsite/frames.php
dolibarr,htdocs/fichinter/card-rec.php,5.6.40,php:5.6-cli,PASS,No syntax errors detected in /app/htdocs/fichinter/card-rec.php
dolibarr,htdocs/fichinter/card.php,5.6.40,php:5.6-cli,PASS,No syntax errors detected in /app/htdocs/fichinter/card.php
dolibarr,htdocs/fichinter/class/api_interventions.class.php,5.6.40,php:5.6-cli,PASS,No syntax errors detected in /app/htdocs/fichinter/class/api_interventions.class.php
dolibarr,htdocs/fichinter/class/fichinter.class.php,5.6.40,php:5.6-cli,PASS,No syntax errors detected in /app/htdocs/fichinter/class/fichinter.class.php
dolibarr,htdocs/fichinter/class/fichinterstats.class.php,5.6.40,php:5.6-cli,PASS,No syntax errors detected in /app/htdocs/fichinter/class/fichinterstats.class.php
dolibarr,htdocs/fichinter/contact.php,5.6.40,php:5.6-cli,PASS,No syntax errors detected in /app/htdocs/fichinter/contact.php
dolibarr,htdocs/fichinter/document.php,5.6.40,php:5.6-cli,PASS,No syntax errors detected in /app/htdocs/fichinter/document.php
dolibarr,htdocs/fichinter/index.php,5.6.40,php:5.6-cli,PASS,No syntax errors detected in /app/htdocs/fichinter/index.php
dolibarr,htdocs/fichinter/info.php,5.6.40,php:5.6-cli,PASS,No syntax errors detected in /app/htdocs/fichinter/info.php
dolibarr,htdocs/fichinter/list.php,5.6.40,php:5.6-cli,PASS,No syntax errors detected in /app/htdocs/fichinter/list.php
dolibarr,htdocs/fichinter/note.php,5.6.40,php:5.6-cli,PASS,No syntax errors detected in /app/htdocs/fichinter/note.php
dolibarr,htdocs/fichinter/stats/index.php,5.6.40,php:5.6-cli,PASS,No syntax errors detected in /app/htdocs/fichinter/stats/index.php
dolibarr,htdocs/fichinter/tpl/linkedobjectblock.tpl.php,5.6.40,php:5.6-cli,PASS,No syntax errors detected in /app/htdocs/fichinter/tpl/linkedobjectblock.tpl.php
dolibarr,htdocs/filefunc.inc.php,5.6.40,php:5.6-cli,PASS,No syntax errors detected in /app/htdocs/filefunc.inc.php
dolibarr,htdocs/fourn/card.php,5.6.40,php:5.6-cli,PASS,No syntax errors detected in /app/htdocs/fourn/card.php
dolibarr,htdocs/fourn/class/api_supplier_invoices.class.php,5.6.40,php:5.6-cli,PASS,No syntax errors detected in /app/htdocs/fourn/class/api_supplier_invoices.class.php
dolibarr,htdocs/fourn/class/api_supplier_orders.class.php,5.6.40,php:5.6-cli,PASS,No syntax errors detected in /app/htdocs/fourn/class/api_supplier_orders.class.php
dolibarr,htdocs/fourn/class/fournisseur.class.php,5.6.40,php:5.6-cli,PASS,No syntax errors detected in /app/htdocs/fourn/class/fournisseur.class.php
dolibarr,htdocs/fourn/class/fournisseur.commande.class.php,5.6.40,php:5.6-cli,PASS,No syntax errors detected in /app/htdocs/fourn/class/fournisseur.commande.class.php
dolibarr,htdocs/fourn/class/fournisseur.commande.dispatch.class.php,5.6.40,php:5.6-cli,PASS,No syntax errors detected in /app/htdocs/fourn/class/fournisseur.commande.dispatch.class.php
dolibarr,htdocs/fourn/class/fournisseur.facture.class.php,5.6.40,php:5.6-cli,PASS,No syntax errors detected in /app/htdocs/fourn/class/fournisseur.facture.class.php
dolibarr,htdocs/fourn/class/fournisseur.product.class.php,5.6.40,php:5.6-cli,PASS,No syntax errors detected in /app/htdocs/fourn/class/fournisseur.product.class.php
dolibarr,htdocs/fourn/class/paiementfourn.class.php,5.6.40,php:5.6-cli,PASS,No syntax errors detected in /app/htdocs/fourn/class/paiementfourn.class.php
dolibarr,htdocs/fourn/commande/card.php,5.6.40,php:5.6-cli,PASS,No syntax errors detected in /app/htdocs/fourn/commande/card.php
dolibarr,htdocs/fourn/commande/contact.php,5.6.40,php:5.6-cli,PASS,No syntax errors detected in /app/htdocs/fourn/commande/contact.php
dolibarr,htdocs/fourn/commande/dispatch.php,5.6.40,php:5.6-cli,PASS,No syntax errors detected in /app/htdocs/fourn/commande/dispatch.php
dolibarr,htdocs/fourn/commande/document.php,5.6.40,php:5.6-cli,PASS,No syntax errors detected in /app/htdocs/fourn/commande/document.php
dolibarr,htdocs/fourn/commande/index.php,5.6.40,php:5.6-cli,PASS,No syntax errors detected in /app/htdocs/fourn/commande/index.php
dolibarr,htdocs/fourn/commande/info.php,5.6.40,php:5.6-cli,PASS,No syntax errors detected in /app/htdocs/fourn/commande/info.php
dolibarr,htdocs/fourn/commande/list.php,5.6.40,php:5.6-cli,PASS,No syntax errors detected in /app/htdocs/fourn/commande/list.php
dolibarr,htdocs/fourn/commande/note.php,5.6.40,php:5.6-cli,PASS,No syntax errors detected in /app/htdocs/fourn/commande/note.php
dolibarr,htdocs/fourn/commande/orderstoinvoice.php,5.6.40,php:5.6-cli,PASS,No syntax errors detected in /app/htdocs/fourn/commande/orderstoinvoice.php
dolibarr,htdocs/fourn/commande/tpl/linkedobjectblock.tpl.php,5.6.40,php:5.6-cli,PASS,No syntax errors detected in /app/htdocs/fourn/commande/tpl/linkedobjectblock.tpl.php
dolibarr,htdocs/fourn/contact.php,5.6.40,php:5.6-cli,PASS,No syntax errors detected in /app/htdocs/fourn/contact.php
dolibarr,htdocs/fourn/facture/card.php,5.6.40,php:5.6-cli,PASS,No syntax errors detected in /app/htdocs/fourn/facture/card.php
dolibarr,htdocs/fourn/facture/contact.php,5.6.40,php:5.6-cli,PASS,No syntax errors detected in /app/htdocs/fourn/facture/contact.php
dolibarr,htdocs/fourn/facture/document.php,5.6.40,php:5.6-cli,PASS,No syntax errors detected in /app/htdocs/fourn/facture/document.php
dolibarr,htdocs/fourn/facture/impayees.php,5.6.40,php:5.6-cli,PASS,No syntax errors detected in /app/htdocs/fourn/facture/impayees.php
dolibarr,htdocs/fourn/facture/info.php,5.6.40,php:5.6-cli,PASS,No syntax errors detected in /app/htdocs/fourn/facture/info.php
dolibarr,htdocs/fourn/facture/list.php,5.6.40,php:5.6-cli,PASS,No syntax errors detected in /app/htdocs/fourn/facture/list.php
dolibarr,htdocs/fourn/facture/note.php,5.6.40,php:5.6-cli,PASS,No syntax errors detected in /app/htdocs/fourn/facture/note.php
dolibarr,htdocs/fourn/facture/paiement.php,5.6.40,php:5.6-cli,PASS,No syntax errors detected in /app/htdocs/fourn/facture/paiement.php
dolibarr,htdocs/fourn/facture/rapport.php,5.6.40,php:5.6-cli,PASS,No syntax errors detected in /app/htdocs/fourn/facture/rapport.php
dolibarr,htdocs/fourn/facture/tpl/linkedobjectblock.tpl.php,5.6.40,php:5.6-cli,PASS,No syntax errors detected in /app/htdocs/fourn/facture/tpl/linkedobjectblock.tpl.php
dolibarr,htdocs/fourn/index.php,5.6.40,php:5.6-cli,PASS,No syntax errors detected in /app/htdocs/fourn/index.php
dolibarr,htdocs/fourn/paiement/card.php,5.6.40,php:5.6-cli,PASS,No syntax errors detected in /app/htdocs/fourn/paiement/card.php
dolibarr,htdocs/fourn/product/list.php,5.6.40,php:5.6-cli,PASS,No syntax errors detected in /app/htdocs/fourn/product/list.php
dolibarr,htdocs/fourn/recap-fourn.php,5.6.40,php:5.6-cli,PASS,No syntax errors detected in /app/htdocs/fourn/recap-fourn.php
dolibarr,htdocs/ftp/admin/ftpclient.php,5.6.40,php:5.6-cli,PASS,No syntax errors detected in /app/htdocs/ftp/admin/ftpclient.php
dolibarr,htdocs/ftp/index.php,5.6.40,php:5.6-cli,PASS,No syntax errors detected in /app/htdocs/ftp/index.php
dolibarr,htdocs/holiday/card.php,5.6.40,php:5.6-cli,PASS,No syntax errors detected in /app/htdocs/holiday/card.php
dolibarr,htdocs/holiday/class/holiday.class.php,5.6.40,php:5.6-cli,PASS,No syntax errors detected in /app/htdocs/holiday/class/holiday.class.php
dolibarr,htdocs/holiday/define_holiday.php,5.6.40,php:5.6-cli,PASS,No syntax errors detected in /app/htdocs/holiday/define_holiday.php
dolibarr,htdocs/holiday/document.php,5.6.40,php:5.6-cli,PASS,No syntax errors detected in /app/htdocs/holiday/document.php
dolibarr,htdocs/holiday/list.php,5.6.40,php:5.6-cli,PASS,No syntax errors detected in /app/htdocs/holiday/list.php
dolibarr,htdocs/holiday/month_report.php,5.6.40,php:5.6-cli,PASS,No syntax errors detected in /app/htdocs/holiday/month_report.php
dolibarr,htdocs/holiday/view_log.php,5.6.40,php:5.6-cli,PASS,No syntax errors detected in /app/htdocs/holiday/view_log.php
dolibarr,htdocs/hrm/admin/admin_establishment.php,5.6.40,php:5.6-cli,PASS,No syntax errors detected in /app/htdocs/hrm/admin/admin_establishment.php
dolibarr,htdocs/hrm/admin/admin_hrm.php,5.6.40,php:5.6-cli,PASS,No syntax errors detected in /app/htdocs/hrm/admin/admin_hrm.php
dolibarr,htdocs/hrm/class/establishment.class.php,5.6.40,php:5.6-cli,PASS,No syntax errors detected in /app/htdocs/hrm/class/establishment.class.php
dolibarr,htdocs/hrm/establishment/card.php,5.6.40,php:5.6-cli,PASS,No syntax errors detected in /app/htdocs/hrm/establishment/card.php
dolibarr,htdocs/hrm/index.php,5.6.40,php:5.6-cli,PASS,No syntax errors detected in /app/htdocs/hrm/index.php
dolibarr,htdocs/imports/class/import.class.php,5.6.40,php:5.6-cli,PASS,No syntax errors detected in /app/htdocs/imports/class/import.class.php
dolibarr,htdocs/imports/emptyexample.php,5.6.40,php:5.6-cli,PASS,No syntax errors detected in /app/htdocs/imports/emptyexample.php
dolibarr,htdocs/imports/import.php,5.6.40,php:5.6-cli,PASS,No syntax errors detected in /app/htdocs/imports/import.php
dolibarr,htdocs/imports/index.php,5.6.40,php:5.6-cli,PASS,No syntax errors detected in /app/htdocs/imports/index.php
dolibarr,htdocs/includes/DebugBar/DataCollector/PDO/TracedStatement.php,5.6.40,php:5.6-cli,PASS,No syntax errors detected in /app/htdocs/includes/DebugBar/DataCollector/PDO/TracedStatement.php
dolibarr,htdocs/includes/DebugBar/DataFormatter/DataFormatter.php,5.6.40,php:5.6-cli,PASS,No syntax errors detected in /app/htdocs/includes/DebugBar/DataFormatter/DataFormatter.php
dolibarr,htdocs/includes/DebugBar/DebugBar.php,5.6.40,php:5.6-cli,PASS,No syntax errors detected in /app/htdocs/includes/DebugBar/DebugBar.php
dolibarr,htdocs/includes/DebugBar/JavascriptRenderer.php,5.6.40,php:5.6-cli,PASS,No syntax errors detected in /app/htdocs/includes/DebugBar/JavascriptRenderer.php
dolibarr,htdocs/includes/DebugBar/OpenHandler.php,5.6.40,php:5.6-cli,PASS,No syntax errors detected in /app/htdocs/includes/DebugBar/OpenHandler.php
dolibarr,htdocs/includes/DebugBar/Storage/PdoStorage.php,5.6.40,php:5.6-cli,PASS,No syntax errors detected in /app/htdocs/includes/DebugBar/Storage/PdoStorage.php
dolibarr,htdocs/includes/OAuth/Common/Http/Client/CurlClient.php,5.6.40,php:5.6-cli,PASS,No syntax errors detected in /app/htdocs/includes/OAuth/Common/Http/Client/CurlClient.php
dolibarr,htdocs/includes/OAuth/Common/Http/Client/StreamClient.php,5.6.40,php:5.6-cli,PASS,No syntax errors detected in /app/htdocs/includes/OAuth/Common/Http/Client/StreamClient.php
dolibarr,htdocs/includes/OAuth/Common/Http/Uri/Uri.php,5.6.40,php:5.6-cli,PASS,No syntax errors detected in /app/htdocs/includes/OAuth/Common/Http/Uri/Uri.php
dolibarr,htdocs/includes/OAuth/Common/Storage/DoliStorage.php,5.6.40,php:5.6-cli,PASS,No syntax errors detected in /app/htdocs/includes/OAuth/Common/Storage/DoliStorage.php
dolibarr,htdocs/includes/OAuth/Common/Storage/Session.php,5.6.40,php:5.6-cli,PASS,No syntax errors detected in /app/htdocs/includes/OAuth/Common/Storage/Session.php
dolibarr,htdocs/includes/adodbtime/adodb-time.inc.php,5.6.40,php:5.6-cli,PASS,No syntax errors detected in /app/htdocs/includes/adodbtime/adodb-time.inc.php
dolibarr,htdocs/includes/evalmath/evalmath.class.php,5.6.40,php:5.6-cli,PASS,No syntax errors detected in /app/htdocs/includes/evalmath/evalmath.class.php
dolibarr,htdocs/includes/geoip/geoip.inc,5.6.40,php:5.6-cli,PASS,No syntax errors detected in /app/htdocs/includes/geoip/geoip.inc
dolibarr,htdocs/includes/geoip/geoipcity.inc,5.6.40,php:5.6-cli,PASS,No syntax errors detected in /app/htdocs/includes/geoip/geoipcity.inc
dolibarr,htdocs/includes/mike42/escpos-php/Escpos.php,5.6.40,php:5.6-cli,PASS,No syntax errors detected in /app/htdocs/includes/mike42/escpos-php/Escpos.php
dolibarr,htdocs/includes/mike42/escpos-php/src/EscposImage.php,5.6.40,php:5.6-cli,PASS,No syntax errors detected in /app/htdocs/includes/mike42/escpos-php/src/EscposImage.php
dolibarr,htdocs/includes/mike42/escpos-php/src/EscposPrintBuffer.php,5.6.40,php:5.6-cli,PASS,No syntax errors detected in /app/htdocs/includes/mike42/escpos-php/src/EscposPrintBuffer.php
dolibarr,htdocs/includes/mike42/escpos-php/src/WindowsPrintConnector.php,5.6.40,php:5.6-cli,PASS,No syntax errors detected in /app/htdocs/includes/mike42/escpos-php/src/WindowsPrintConnector.php
dolibarr,htdocs/includes/mike42/escpos-php/test/unit/EscposPrintBufferTest.php,5.6.40,php:5.6-cli,PASS,No syntax errors detected in /app/htdocs/includes/mike42/escpos-php/test/unit/EscposPrintBufferTest.php
dolibarr,htdocs/includes/mobiledetect/mobiledetectlib/Mobile_Detect.php,5.6.40,php:5.6-cli,PASS,No syntax errors detected in /app/htdocs/includes/mobiledetect/mobiledetectlib/Mobile_Detect.php
dolibarr,htdocs/includes/nusoap/lib/Mail/mime.php,5.6.40,php:5.6-cli,PASS,No syntax errors detected in /app/htdocs/includes/nusoap/lib/Mail/mime.php
dolibarr,htdocs/includes/nusoap/lib/Mail/mimePart.php,5.6.40,php:5.6-cli,PASS,No syntax errors detected in /app/htdocs/includes/nusoap/lib/Mail/mimePart.php
dolibarr,htdocs/includes/nusoap/lib/class.nusoap_base.php,5.6.40,php:5.6-cli,PASS,No syntax errors detected in /app/htdocs/includes/nusoap/lib/class.nusoap_base.php
dolibarr,htdocs/includes/nusoap/lib/class.soap_parser.php,5.6.40,php:5.6-cli,PASS,No syntax errors detected in /app/htdocs/includes/nusoap/lib/class.soap_parser.php
dolibarr,htdocs/includes/nusoap/lib/class.soap_server.php,5.6.40,php:5.6-cli,PASS,No syntax errors detected in /app/htdocs/includes/nusoap/lib/class.soap_server.php
dolibarr,htdocs/includes/nusoap/lib/class.soap_transport_http.php,5.6.40,php:5.6-cli,PASS,No syntax errors detected in /app/htdocs/includes/nusoap/lib/class.soap_transport_http.php
dolibarr,htdocs/includes/nusoap/lib/class.soapclient.php,5.6.40,php:5.6-cli,PASS,No syntax errors detected in /app/htdocs/includes/nusoap/lib/class.soapclient.php
dolibarr,htdocs/includes/nusoap/lib/class.wsdl.php,5.6.40,php:5.6-cli,PASS,No syntax errors detected in /app/htdocs/includes/nusoap/lib/class.wsdl.php
dolibarr,htdocs/includes/nusoap/lib/class.wsdlcache.php,5.6.40,php:5.6-cli,PASS,No syntax errors detected in /app/htdocs/includes/nusoap/lib/class.wsdlcache.php
dolibarr,htdocs/includes/nusoap/lib/class.xmlschema.php,5.6.40,php:5.6-cli,PASS,No syntax errors detected in /app/htdocs/includes/nusoap/lib/class.xmlschema.php
dolibarr,htdocs/includes/nusoap/lib/nusoap.php,5.6.40,php:5.6-cli,PASS,No syntax errors detected in /app/htdocs/includes/nusoap/lib/nusoap.php
dolibarr,htdocs/includes/nusoap/lib/nusoapmime.php,5.6.40,php:5.6-cli,PASS,No syntax errors detected in /app/htdocs/includes/nusoap/lib/nusoapmime.php
dolibarr,htdocs/includes/odtphp/Segment.php,5.6.40,php:5.6-cli,PASS,No syntax errors detected in /app/htdocs/includes/odtphp/Segment.php
dolibarr,htdocs/includes/odtphp/odf.php,5.6.40,php:5.6-cli,PASS,No syntax errors detected in /app/htdocs/includes/odtphp/odf.php
dolibarr,htdocs/includes/odtphp/zip/pclzip/pclzip.lib.php,5.6.40,php:5.6-cli,PASS,No syntax errors detected in /app/htdocs/includes/odtphp/zip/pclzip/pclzip.lib.php
dolibarr,htdocs/includes/parsedown/Parsedown.php,5.6.40,php:5.6-cli,PASS,No syntax errors detected in /app/htdocs/includes/parsedown/Parsedown.php
dolibarr,htdocs/includes/php-iban/php-iban.php,5.6.40,php:5.6-cli,PASS,No syntax errors detected in /app/htdocs/includes/php-iban/php-iban.php
dolibarr,htdocs/includes/phpoffice/PhpSpreadsheet/Calculation/Calculation.php,5.6.40,php:5.6-cli,PASS,No syntax errors detected in /app/htdocs/includes/phpoffice/PhpSpreadsheet/Calculation/Calculation.php
dolibarr,htdocs/includes/phpoffice/PhpSpreadsheet/Calculation/Database.php,5.6.40,php:5.6-cli,PASS,No syntax errors detected in /app/htdocs/includes/phpoffice/PhpSpreadsheet/Calculation/Database.php
dolibarr,htdocs/includes/phpoffice/PhpSpreadsheet/Calculation/DateTime.php,5.6.40,php:5.6-cli,PASS,No syntax errors detected in /app/htdocs/includes/phpoffice/PhpSpreadsheet/Calculation/DateTime.php
dolibarr,htdocs/includes/phpoffice/PhpSpreadsheet/Calculation/Engineering.php,5.6.40,php:5.6-cli,PASS,No syntax errors detected in /app/htdocs/includes/phpoffice/PhpSpreadsheet/Calculation/Engineering.php
dolibarr,htdocs/includes/phpoffice/PhpSpreadsheet/Calculation/Financial.php,5.6.40,php:5.6-cli,PASS,No syntax errors detected in /app/htdocs/includes/phpoffice/PhpSpreadsheet/Calculation/Financial.php
dolibarr,htdocs/includes/phpoffice/PhpSpreadsheet/Calculation/FormulaParser.php,5.6.40,php:5.6-cli,PASS,No syntax errors detected in /app/htdocs/includes/phpoffice/PhpSpreadsheet/Calculation/FormulaParser.php
dolibarr,htdocs/includes/phpoffice/PhpSpreadsheet/Calculation/Functions.php,5.6.40,php:5.6-cli,PASS,No syntax errors detected in /app/htdocs/includes/phpoffice/PhpSpreadsheet/Calculation/Functions.php
dolibarr,htdocs/includes/phpoffice/PhpSpreadsheet/Calculation/Logical.php,5.6.40,php:5.6-cli,PASS,No syntax errors detected in /app/htdocs/includes/phpoffice/PhpSpreadsheet/Calculation/Logical.php
dolibarr,htdocs/includes/phpoffice/PhpSpreadsheet/Calculation/LookupRef.php,5.6.40,php:5.6-cli,PASS,No syntax errors detected in /app/htdocs/includes/phpoffice/PhpSpreadsheet/Calculation/LookupRef.php
dolibarr,htdocs/includes/phpoffice/PhpSpreadsheet/Calculation/MathTrig.php,5.6.40,php:5.6-cli,PASS,No syntax errors detected in /app/htdocs/includes/phpoffice/PhpSpreadsheet/Calculation/MathTrig.php
dolibarr,htdocs/includes/phpoffice/PhpSpreadsheet/Calculation/Statistical.php,5.6.40,php:5.6-cli,PASS,No syntax errors detected in /app/htdocs/includes/phpoffice/PhpSpreadsheet/Calculation/Statistical.php
dolibarr,htdocs/includes/phpoffice/PhpSpreadsheet/Calculation/TextData.php,5.6.40,php:5.6-cli,PASS,No syntax errors detected in /app/htdocs/includes/phpoffice/PhpSpreadsheet/Calculation/TextData.php
dolibarr,htdocs/includes/phpoffice/PhpSpreadsheet/Cell/AdvancedValueBinder.php,5.6.40,php:5.6-cli,PASS,No syntax errors detected in /app/htdocs/includes/phpoffice/PhpSpreadsheet/Cell/AdvancedValueBinder.php
dolibarr,htdocs/includes/phpoffice/PhpSpreadsheet/Cell/Cell.php,5.6.40,php:5.6-cli,PASS,No syntax errors detected in /app/htdocs/includes/phpoffice/PhpSpreadsheet/Cell/Cell.php
dolibarr,htdocs/includes/phpoffice/PhpSpreadsheet/Cell/Coordinate.php,5.6.40,php:5.6-cli,PASS,No syntax errors detected in /app/htdocs/includes/phpoffice/PhpSpreadsheet/Cell/Coordinate.php
dolibarr,htdocs/includes/phpoffice/PhpSpreadsheet/Cell/DefaultValueBinder.php,5.6.40,php:5.6-cli,PASS,No syntax errors detected in /app/htdocs/includes/phpoffice/PhpSpreadsheet/Cell/DefaultValueBinder.php
dolibarr,htdocs/includes/phpoffice/PhpSpreadsheet/Chart/Axis.php,5.6.40,php:5.6-cli,PASS,No syntax errors detected in /app/htdocs/includes/phpoffice/PhpSpreadsheet/Chart/Axis.php
dolibarr,htdocs/includes/phpoffice/PhpSpreadsheet/Chart/GridLines.php,5.6.40,php:5.6-cli,PASS,No syntax errors detected in /app/htdocs/includes/phpoffice/PhpSpreadsheet/Chart/GridLines.php
dolibarr,htdocs/includes/phpoffice/PhpSpreadsheet/Chart/Properties.php,5.6.40,php:5.6-cli,PASS,No syntax errors detected in /app/htdocs/includes/phpoffice/PhpSpreadsheet/Chart/Properties.php
dolibarr,htdocs/includes/phpoffice/PhpSpreadsheet/Chart/Renderer/JpGraph.php,5.6.40,php:5.6-cli,PASS,No syntax errors detected in /app/htdocs/includes/phpoffice/PhpSpreadsheet/Chart/Renderer/JpGraph.php
dolibarr,htdocs/includes/phpoffice/PhpSpreadsheet/Collection/Cells.php,5.6.40,php:5.6-cli,PASS,No syntax errors detected in /app/htdocs/includes/phpoffice/PhpSpreadsheet/Collection/Cells.php
dolibarr,htdocs/includes/phpoffice/PhpSpreadsheet/Document/Properties.php,5.6.40,php:5.6-cli,PASS,No syntax errors detected in /app/htdocs/includes/phpoffice/PhpSpreadsheet/Document/Properties.php
dolibarr,htdocs/includes/phpoffice/PhpSpreadsheet/Helper/Html.php,5.6.40,php:5.6-cli,PASS,No syntax errors detected in /app/htdocs/includes/phpoffice/PhpSpreadsheet/Helper/Html.php
dolibarr,htdocs/includes/phpoffice/PhpSpreadsheet/Helper/Migrator.php,5.6.40,php:5.6-cli,PASS,No syntax errors detected in /app/htdocs/includes/phpoffice/PhpSpreadsheet/Helper/Migrator.php
dolibarr,htdocs/includes/phpoffice/PhpSpreadsheet/IOFactory.php,5.6.40,php:5.6-cli,PASS,No syntax errors detected in /app/htdocs/includes/phpoffice/PhpSpreadsheet/IOFactory.php
dolibarr,htdocs/includes/phpoffice/PhpSpreadsheet/Reader/Csv.php,5.6.40,php:5.6-cli,PASS,No syntax errors detected in /app/htdocs/includes/phpoffice/PhpSpreadsheet/Reader/Csv.php
dolibarr,htdocs/includes/phpoffice/PhpSpreadsheet/Reader/Gnumeric.php,5.6.40,php:5.6-cli,PASS,No syntax errors detected in /app/htdocs/includes/phpoffice/PhpSpreadsheet/Reader/Gnumeric.php
dolibarr,htdocs/includes/phpoffice/PhpSpreadsheet/Reader/Html.php,5.6.40,php:5.6-cli,PASS,No syntax errors detected in /app/htdocs/includes/phpoffice/PhpSpreadsheet/Reader/Html.php
dolibarr,htdocs/includes/phpoffice/PhpSpreadsheet/Reader/Ods.php,5.6.40,php:5.6-cli,PASS,No syntax errors detected in /app/htdocs/includes/phpoffice/PhpSpreadsheet/Reader/Ods.php
dolibarr,htdocs/includes/phpoffice/PhpSpreadsheet/Reader/Security/XmlScanner.php,5.6.40,php:5.6-cli,PASS,No syntax errors detected in /app/htdocs/includes/phpoffice/PhpSpreadsheet/Reader/Security/XmlScanner.php
dolibarr,htdocs/includes/phpoffice/PhpSpreadsheet/Reader/Slk.php,5.6.40,php:5.6-cli,PASS,No syntax errors detected in /app/htdocs/includes/phpoffice/PhpSpreadsheet/Reader/Slk.php
dolibarr,htdocs/includes/phpoffice/PhpSpreadsheet/Reader/Xls.php,5.6.40,php:5.6-cli,PASS,No syntax errors detected in /app/htdocs/includes/phpoffice/PhpSpreadsheet/Reader/Xls.php
dolibarr,htdocs/includes/phpoffice/PhpSpreadsheet/Reader/Xls/Escher.php,5.6.40,php:5.6-cli,PASS,No syntax errors detected in /app/htdocs/includes/phpoffice/PhpSpreadsheet/Reader/Xls/Escher.php
dolibarr,htdocs/includes/phpoffice/PhpSpreadsheet/Reader/Xlsx.php,5.6.40,php:5.6-cli,PASS,No syntax errors detected in /app/htdocs/includes/phpoffice/PhpSpreadsheet/Reader/Xlsx.php
dolibarr,htdocs/includes/phpoffice/PhpSpreadsheet/Reader/Xlsx/Chart.php,5.6.40,php:5.6-cli,PASS,No syntax errors detected in /app/htdocs/includes/phpoffice/PhpSpreadsheet/Reader/Xlsx/Chart.php
dolibarr,htdocs/includes/phpoffice/PhpSpreadsheet/Reader/Xml.php,5.6.40,php:5.6-cli,PASS,No syntax errors detected in /app/htdocs/includes/phpoffice/PhpSpreadsheet/Reader/Xml.php
dolibarr,htdocs/includes/phpoffice/PhpSpreadsheet/ReferenceHelper.php,5.6.40,php:5.6-cli,PASS,No syntax errors detected in /app/htdocs/includes/phpoffice/PhpSpreadsheet/ReferenceHelper.php
dolibarr,htdocs/includes/phpoffice/PhpSpreadsheet/Shared/CodePage.php,5.6.40,php:5.6-cli,PASS,No syntax errors detected in /app/htdocs/includes/phpoffice/PhpSpreadsheet/Shared/CodePage.php
dolibarr,htdocs/includes/phpoffice/PhpSpreadsheet/Shared/Date.php,5.6.40,php:5.6-cli,PASS,No syntax errors detected in /app/htdocs/includes/phpoffice/PhpSpreadsheet/Shared/Date.php
dolibarr,htdocs/includes/phpoffice/PhpSpreadsheet/Shared/Drawing.php,5.6.40,php:5.6-cli,PASS,No syntax errors detected in /app/htdocs/includes/phpoffice/PhpSpreadsheet/Shared/Drawing.php
dolibarr,htdocs/includes/phpoffice/PhpSpreadsheet/Shared/Font.php,5.6.40,php:5.6-cli,PASS,No syntax errors detected in /app/htdocs/includes/phpoffice/PhpSpreadsheet/Shared/Font.php
dolibarr,htdocs/includes/phpoffice/PhpSpreadsheet/Shared/JAMA/CholeskyDecomposition.php,5.6.40,php:5.6-cli,PASS,No syntax errors detected in /app/htdocs/includes/phpoffice/PhpSpreadsheet/Shared/JAMA/CholeskyDecomposition.php
dolibarr,htdocs/includes/phpoffice/PhpSpreadsheet/Shared/JAMA/EigenvalueDecomposition.php,5.6.40,php:5.6-cli,PASS,No syntax errors detected in /app/htdocs/includes/phpoffice/PhpSpreadsheet/Shared/JAMA/EigenvalueDecomposition.php
dolibarr,htdocs/includes/phpoffice/PhpSpreadsheet/Shared/JAMA/LUDecomposition.php,5.6.40,php:5.6-cli,PASS,No syntax errors detected in /app/htdocs/includes/phpoffice/PhpSpreadsheet/Shared/JAMA/LUDecomposition.php
dolibarr,htdocs/includes/phpoffice/PhpSpreadsheet/Shared/JAMA/Matrix.php,5.6.40,php:5.6-cli,PASS,No syntax errors detected in /app/htdocs/includes/phpoffice/PhpSpreadsheet/Shared/JAMA/Matrix.php
dolibarr,htdocs/includes/phpoffice/PhpSpreadsheet/Shared/JAMA/QRDecomposition.php,5.6.40,php:5.6-cli,PASS,No syntax errors detected in /app/htdocs/includes/phpoffice/PhpSpreadsheet/Shared/JAMA/QRDecomposition.php
dolibarr,htdocs/includes/phpoffice/PhpSpreadsheet/Shared/JAMA/SingularValueDecomposition.php,5.6.40,php:5.6-cli,PASS,No syntax errors detected in /app/htdocs/includes/phpoffice/PhpSpreadsheet/Shared/JAMA/SingularValueDecomposition.php
dolibarr,htdocs/includes/phpoffice/PhpSpreadsheet/Shared/OLE.php,5.6.40,php:5.6-cli,PASS,No syntax errors detected in /app/htdocs/includes/phpoffice/PhpSpreadsheet/Shared/OLE.php
dolibarr,htdocs/includes/phpoffice/PhpSpreadsheet/Shared/OLE/ChainedBlockStream.php,5.6.40,php:5.6-cli,PASS,No syntax errors detected in /app/htdocs/includes/phpoffice/PhpSpreadsheet/Shared/OLE/ChainedBlockStream.php
dolibarr,htdocs/includes/phpoffice/PhpSpreadsheet/Shared/OLE/PPS/Root.php,5.6.40,php:5.6-cli,PASS,No syntax errors detected in /app/htdocs/includes/phpoffice/PhpSpreadsheet/Shared/OLE/PPS/Root.php
dolibarr,htdocs/includes/phpoffice/PhpSpreadsheet/Shared/OLERead.php,5.6.40,php:5.6-cli,PASS,No syntax errors detected in /app/htdocs/includes/phpoffice/PhpSpreadsheet/Shared/OLERead.php
dolibarr,htdocs/includes/phpoffice/PhpSpreadsheet/Shared/StringHelper.php,5.6.40,php:5.6-cli,PASS,No syntax errors detected in /app/htdocs/includes/phpoffice/PhpSpreadsheet/Shared/StringHelper.php
dolibarr,htdocs/includes/phpoffice/PhpSpreadsheet/Shared/Trend/PolynomialBestFit.php,5.6.40,php:5.6-cli,PASS,No syntax errors detected in /app/htdocs/includes/phpoffice/PhpSpreadsheet/Shared/Trend/PolynomialBestFit.php
dolibarr,htdocs/includes/phpoffice/PhpSpreadsheet/Shared/Trend/PowerBestFit.php,5.6.40,php:5.6-cli,PASS,No syntax errors detected in /app/htdocs/includes/phpoffice/PhpSpreadsheet/Shared/Trend/PowerBestFit.php
dolibarr,htdocs/includes/phpoffice/PhpSpreadsheet/Shared/Trend/Trend.php,5.6.40,php:5.6-cli,PASS,No syntax errors detected in /app/htdocs/includes/phpoffice/PhpSpreadsheet/Shared/Trend/Trend.php
dolibarr,htdocs/includes/phpoffice/PhpSpreadsheet/Shared/Xls.php,5.6.40,php:5.6-cli,PASS,No syntax errors detected in /app/htdocs/includes/phpoffice/PhpSpreadsheet/Shared/Xls.php
dolibarr,htdocs/includes/phpoffice/PhpSpreadsheet/Spreadsheet.php,5.6.40,php:5.6-cli,PASS,No syntax errors detected in /app/htdocs/includes/phpoffice/PhpSpreadsheet/Spreadsheet.php
dolibarr,htdocs/includes/phpoffice/PhpSpreadsheet/Style/Border.php,5.6.40,php:5.6-cli,PASS,No syntax errors detected in /app/htdocs/includes/phpoffice/PhpSpreadsheet/Style/Border.php
dolibarr,htdocs/includes/phpoffice/PhpSpreadsheet/Style/Color.php,5.6.40,php:5.6-cli,PASS,No syntax errors detected in /app/htdocs/includes/phpoffice/PhpSpreadsheet/Style/Color.php
dolibarr,htdocs/includes/phpoffice/PhpSpreadsheet/Style/Font.php,5.6.40,php:5.6-cli,PASS,No syntax errors detected in /app/htdocs/includes/phpoffice/PhpSpreadsheet/Style/Font.php
dolibarr,htdocs/includes/phpoffice/PhpSpreadsheet/Style/NumberFormat.php,5.6.40,php:5.6-cli,PASS,No syntax errors detected in /app/htdocs/includes/phpoffice/PhpSpreadsheet/Style/NumberFormat.php
dolibarr,htdocs/includes/phpoffice/PhpSpreadsheet/Style/Style.php,5.6.40,php:5.6-cli,PASS,No syntax errors detected in /app/htdocs/includes/phpoffice/PhpSpreadsheet/Style/Style.php
dolibarr,htdocs/includes/phpoffice/PhpSpreadsheet/Worksheet/AutoFilter.php,5.6.40,php:5.6-cli,PASS,No syntax errors detected in /app/htdocs/includes/phpoffice/PhpSpreadsheet/Worksheet/AutoFilter.php
dolibarr,htdocs/includes/phpoffice/PhpSpreadsheet/Worksheet/PageSetup.php,5.6.40,php:5.6-cli,PASS,No syntax errors detected in /app/htdocs/includes/phpoffice/PhpSpreadsheet/Worksheet/PageSetup.php
dolibarr,htdocs/includes/phpoffice/PhpSpreadsheet/Worksheet/Worksheet.php,5.6.40,php:5.6-cli,PASS,No syntax errors detected in /app/htdocs/includes/phpoffice/PhpSpreadsheet/Worksheet/Worksheet.php
dolibarr,htdocs/includes/phpoffice/PhpSpreadsheet/Writer/Html.php,5.6.40,php:5.6-cli,PASS,No syntax errors detected in /app/htdocs/includes/phpoffice/PhpSpreadsheet/Writer/Html.php
dolibarr,htdocs/includes/phpoffice/PhpSpreadsheet/Writer/Ods/Content.php,5.6.40,php:5.6-cli,PASS,No syntax errors detected in /app/htdocs/includes/phpoffice/PhpSpreadsheet/Writer/Ods/Content.php
dolibarr,htdocs/includes/phpoffice/PhpSpreadsheet/Writer/Pdf/Dompdf.php,5.6.40,php:5.6-cli,PASS,No syntax errors detected in /app/htdocs/includes/phpoffice/PhpSpreadsheet/Writer/Pdf/Dompdf.php
dolibarr,htdocs/includes/phpoffice/PhpSpreadsheet/Writer/Pdf/Mpdf.php,5.6.40,php:5.6-cli,PASS,No syntax errors detected in /app/htdocs/includes/phpoffice/PhpSpreadsheet/Writer/Pdf/Mpdf.php
dolibarr,htdocs/includes/phpoffice/PhpSpreadsheet/Writer/Xls.php,5.6.40,php:5.6-cli,PASS,No syntax errors detected in /app/htdocs/includes/phpoffice/PhpSpreadsheet/Writer/Xls.php
dolibarr,htdocs/includes/phpoffice/PhpSpreadsheet/Writer/Xls/Escher.php,5.6.40,php:5.6-cli,PASS,No syntax errors detected in /app/htdocs/includes/phpoffice/PhpSpreadsheet/Writer/Xls/Escher.php
dolibarr,htdocs/includes/phpoffice/PhpSpreadsheet/Writer/Xls/Parser.php,5.6.40,php:5.6-cli,PASS,No syntax errors detected in /app/htdocs/includes/phpoffice/PhpSpreadsheet/Writer/Xls/Parser.php
dolibarr,htdocs/includes/phpoffice/PhpSpreadsheet/Writer/Xls/Workbook.php,5.6.40,php:5.6-cli,PASS,No syntax errors detected in /app/htdocs/includes/phpoffice/PhpSpreadsheet/Writer/Xls/Workbook.php
dolibarr,htdocs/includes/phpoffice/PhpSpreadsheet/Writer/Xls/Worksheet.php,5.6.40,php:5.6-cli,PASS,No syntax errors detected in /app/htdocs/includes/phpoffice/PhpSpreadsheet/Writer/Xls/Worksheet.php
dolibarr,htdocs/includes/phpoffice/PhpSpreadsheet/Writer/Xls/Xf.php,5.6.40,php:5.6-cli,PASS,No syntax errors detected in /app/htdocs/includes/phpoffice/PhpSpreadsheet/Writer/Xls/Xf.php
dolibarr,htdocs/includes/phpoffice/PhpSpreadsheet/Writer/Xlsx.php,5.6.40,php:5.6-cli,PASS,No syntax errors detected in /app/htdocs/includes/phpoffice/PhpSpreadsheet/Writer/Xlsx.php
dolibarr,htdocs/includes/phpoffice/PhpSpreadsheet/Writer/Xlsx/Chart.php,5.6.40,php:5.6-cli,PASS,No syntax errors detected in /app/htdocs/includes/phpoffice/PhpSpreadsheet/Writer/Xlsx/Chart.php
dolibarr,htdocs/includes/phpoffice/PhpSpreadsheet/Writer/Xlsx/ContentTypes.php,5.6.40,php:5.6-cli,PASS,No syntax errors detected in /app/htdocs/includes/phpoffice/PhpSpreadsheet/Writer/Xlsx/ContentTypes.php
dolibarr,htdocs/includes/phpoffice/PhpSpreadsheet/Writer/Xlsx/DocProps.php,5.6.40,php:5.6-cli,PASS,No syntax errors detected in /app/htdocs/includes/phpoffice/PhpSpreadsheet/Writer/Xlsx/DocProps.php
dolibarr,htdocs/includes/phpoffice/PhpSpreadsheet/Writer/Xlsx/Drawing.php,5.6.40,php:5.6-cli,PASS,No syntax errors detected in /app/htdocs/includes/phpoffice/PhpSpreadsheet/Writer/Xlsx/Drawing.php
dolibarr,htdocs/includes/phpoffice/PhpSpreadsheet/Writer/Xlsx/Rels.php,5.6.40,php:5.6-cli,PASS,No syntax errors detected in /app/htdocs/includes/phpoffice/PhpSpreadsheet/Writer/Xlsx/Rels.php
dolibarr,htdocs/includes/phpoffice/PhpSpreadsheet/Writer/Xlsx/StringTable.php,5.6.40,php:5.6-cli,PASS,No syntax errors detected in /app/htdocs/includes/phpoffice/PhpSpreadsheet/Writer/Xlsx/StringTable.php
dolibarr,htdocs/includes/phpoffice/PhpSpreadsheet/Writer/Xlsx/Style.php,5.6.40,php:5.6-cli,PASS,No syntax errors detected in /app/htdocs/includes/phpoffice/PhpSpreadsheet/Writer/Xlsx/Style.php
dolibarr,htdocs/includes/phpoffice/PhpSpreadsheet/Writer/Xlsx/Theme.php,5.6.40,php:5.6-cli,PASS,No syntax errors detected in /app/htdocs/includes/phpoffice/PhpSpreadsheet/Writer/Xlsx/Theme.php
dolibarr,htdocs/includes/phpoffice/PhpSpreadsheet/Writer/Xlsx/Worksheet.php,5.6.40,php:5.6-cli,PASS,No syntax errors detected in /app/htdocs/includes/phpoffice/PhpSpreadsheet/Writer/Xlsx/Worksheet.php
dolibarr,htdocs/includes/phpoffice/phpexcel/Classes/PHPExcel.php,5.6.40,php:5.6-cli,PASS,No syntax errors detected in /app/htdocs/includes/phpoffice/phpexcel/Classes/PHPExcel.php
dolibarr,htdocs/includes/phpoffice/phpexcel/Classes/PHPExcel/CachedObjectStorage/APC.php,5.6.40,php:5.6-cli,PASS,No syntax errors detected in /app/htdocs/includes/phpoffice/phpexcel/Classes/PHPExcel/CachedObjectStorage/APC.php
dolibarr,htdocs/includes/phpoffice/phpexcel/Classes/PHPExcel/CachedObjectStorage/DiscISAM.php,5.6.40,php:5.6-cli,PASS,No syntax errors detected in /app/htdocs/includes/phpoffice/phpexcel/Classes/PHPExcel/CachedObjectStorage/DiscISAM.php
dolibarr,htdocs/includes/phpoffice/phpexcel/Classes/PHPExcel/CachedObjectStorage/Igbinary.php,5.6.40,php:5.6-cli,PASS,No syntax errors detected in /app/htdocs/includes/phpoffice/phpexcel/Classes/PHPExcel/CachedObjectStorage/Igbinary.php
dolibarr,htdocs/includes/phpoffice/phpexcel/Classes/PHPExcel/CachedObjectStorage/Memcache.php,5.6.40,php:5.6-cli,PASS,No syntax errors detected in /app/htdocs/includes/phpoffice/phpexcel/Classes/PHPExcel/CachedObjectStorage/Memcache.php
dolibarr,htdocs/includes/phpoffice/phpexcel/Classes/PHPExcel/CachedObjectStorage/MemoryGZip.php,5.6.40,php:5.6-cli,PASS,No syntax errors detected in /app/htdocs/includes/phpoffice/phpexcel/Classes/PHPExcel/CachedObjectStorage/MemoryGZip.php
dolibarr,htdocs/includes/phpoffice/phpexcel/Classes/PHPExcel/CachedObjectStorage/MemorySerialized.php,5.6.40,php:5.6-cli,PASS,No syntax errors detected in /app/htdocs/includes/phpoffice/phpexcel/Classes/PHPExcel/CachedObjectStorage/MemorySerialized.php
dolibarr,htdocs/includes/phpoffice/phpexcel/Classes/PHPExcel/CachedObjectStorage/PHPTemp.php,5.6.40,php:5.6-cli,PASS,No syntax errors detected in /app/htdocs/includes/phpoffice/phpexcel/Classes/PHPExcel/CachedObjectStorage/PHPTemp.php
dolibarr,htdocs/includes/phpoffice/phpexcel/Classes/PHPExcel/CachedObjectStorage/SQLite.php,5.6.40,php:5.6-cli,PASS,No syntax errors detected in /app/htdocs/includes/phpoffice/phpexcel/Classes/PHPExcel/CachedObjectStorage/SQLite.php
dolibarr,htdocs/includes/phpoffice/phpexcel/Classes/PHPExcel/CachedObjectStorage/SQLite3.php,5.6.40,php:5.6-cli,PASS,No syntax errors detected in /app/htdocs/includes/phpoffice/phpexcel/Classes/PHPExcel/CachedObjectStorage/SQLite3.php
dolibarr,htdocs/includes/phpoffice/phpexcel/Classes/PHPExcel/CachedObjectStorage/Wincache.php,5.6.40,php:5.6-cli,PASS,No syntax errors detected in /app/htdocs/includes/phpoffice/phpexcel/Classes/PHPExcel/CachedObjectStorage/Wincache.php
dolibarr,htdocs/includes/phpoffice/phpexcel/Classes/PHPExcel/Calculation.php,5.6.40,php:5.6-cli,PASS,No syntax errors detected in /app/htdocs/includes/phpoffice/phpexcel/Classes/PHPExcel/Calculation.php
dolibarr,htdocs/includes/phpoffice/phpexcel/Classes/PHPExcel/Calculation/Database.php,5.6.40,php:5.6-cli,PASS,No syntax errors detected in /app/htdocs/includes/phpoffice/phpexcel/Classes/PHPExcel/Calculation/Database.php
dolibarr,htdocs/includes/phpoffice/phpexcel/Classes/PHPExcel/Calculation/DateTime.php,5.6.40,php:5.6-cli,PASS,No syntax errors detected in /app/htdocs/includes/phpoffice/phpexcel/Classes/PHPExcel/Calculation/DateTime.php
dolibarr,htdocs/includes/phpoffice/phpexcel/Classes/PHPExcel/Calculation/Engineering.php,5.6.40,php:5.6-cli,PASS,No syntax errors detected in /app/htdocs/includes/phpoffice/phpexcel/Classes/PHPExcel/Calculation/Engineering.php
dolibarr,htdocs/includes/phpoffice/phpexcel/Classes/PHPExcel/Calculation/Financial.php,5.6.40,php:5.6-cli,PASS,No syntax errors detected in /app/htdocs/includes/phpoffice/phpexcel/Classes/PHPExcel/Calculation/Financial.php
dolibarr,htdocs/includes/phpoffice/phpexcel/Classes/PHPExcel/Calculation/FormulaParser.php,5.6.40,php:5.6-cli,PASS,No syntax errors detected in /app/htdocs/includes/phpoffice/phpexcel/Classes/PHPExcel/Calculation/FormulaParser.php
dolibarr,htdocs/includes/phpoffice/phpexcel/Classes/PHPExcel/Calculation/Functions.php,5.6.40,php:5.6-cli,PASS,No syntax errors detected in /app/htdocs/includes/phpoffice/phpexcel/Classes/PHPExcel/Calculation/Functions.php
dolibarr,htdocs/includes/phpoffice/phpexcel/Classes/PHPExcel/Calculation/LookupRef.php,5.6.40,php:5.6-cli,PASS,No syntax errors detected in /app/htdocs/includes/phpoffice/phpexcel/Classes/PHPExcel/Calculation/LookupRef.php
dolibarr,htdocs/includes/phpoffice/phpexcel/Classes/PHPExcel/Calculation/MathTrig.php,5.6.40,php:5.6-cli,PASS,No syntax errors detected in /app/htdocs/includes/phpoffice/phpexcel/Classes/PHPExcel/Calculation/MathTrig.php
dolibarr,htdocs/includes/phpoffice/phpexcel/Classes/PHPExcel/Calculation/Statistical.php,5.6.40,php:5.6-cli,PASS,No syntax errors detected in /app/htdocs/includes/phpoffice/phpexcel/Classes/PHPExcel/Calculation/Statistical.php
dolibarr,htdocs/includes/phpoffice/phpexcel/Classes/PHPExcel/Cell.php,5.6.40,php:5.6-cli,PASS,No syntax errors detected in /app/htdocs/includes/phpoffice/phpexcel/Classes/PHPExcel/Cell.php
dolibarr,htdocs/includes/phpoffice/phpexcel/Classes/PHPExcel/Cell/AdvancedValueBinder.php,5.6.40,php:5.6-cli,PASS,No syntax errors detected in /app/htdocs/includes/phpoffice/phpexcel/Classes/PHPExcel/Cell/AdvancedValueBinder.php
dolibarr,htdocs/includes/phpoffice/phpexcel/Classes/PHPExcel/Cell/DefaultValueBinder.php,5.6.40,php:5.6-cli,PASS,No syntax errors detected in /app/htdocs/includes/phpoffice/phpexcel/Classes/PHPExcel/Cell/DefaultValueBinder.php
dolibarr,htdocs/includes/phpoffice/phpexcel/Classes/PHPExcel/Chart/Axis.php,5.6.40,php:5.6-cli,PASS,No syntax errors detected in /app/htdocs/includes/phpoffice/phpexcel/Classes/PHPExcel/Chart/Axis.php
dolibarr,htdocs/includes/phpoffice/phpexcel/Classes/PHPExcel/Chart/DataSeriesValues.php,5.6.40,php:5.6-cli,PASS,No syntax errors detected in /app/htdocs/includes/phpoffice/phpexcel/Classes/PHPExcel/Chart/DataSeriesValues.php
dolibarr,htdocs/includes/phpoffice/phpexcel/Classes/PHPExcel/Chart/GridLines.php,5.6.40,php:5.6-cli,PASS,No syntax errors detected in /app/htdocs/includes/phpoffice/phpexcel/Classes/PHPExcel/Chart/GridLines.php
dolibarr,htdocs/includes/phpoffice/phpexcel/Classes/PHPExcel/Chart/Properties.php,5.6.40,php:5.6-cli,PASS,No syntax errors detected in /app/htdocs/includes/phpoffice/phpexcel/Classes/PHPExcel/Chart/Properties.php
dolibarr,htdocs/includes/phpoffice/phpexcel/Classes/PHPExcel/Chart/Renderer/jpgraph.php,5.6.40,php:5.6-cli,PASS,No syntax errors detected in /app/htdocs/includes/phpoffice/phpexcel/Classes/PHPExcel/Chart/Renderer/jpgraph.php
dolibarr,htdocs/includes/phpoffice/phpexcel/Classes/PHPExcel/DocumentProperties.php,5.6.40,php:5.6-cli,PASS,No syntax errors detected in /app/htdocs/includes/phpoffice/phpexcel/Classes/PHPExcel/DocumentProperties.php
dolibarr,htdocs/includes/phpoffice/phpexcel/Classes/PHPExcel/Helper/HTML.php,5.6.40,php:5.6-cli,PASS,No syntax errors detected in /app/htdocs/includes/phpoffice/phpexcel/Classes/PHPExcel/Helper/HTML.php
dolibarr,htdocs/includes/phpoffice/phpexcel/Classes/PHPExcel/IOFactory.php,5.6.40,php:5.6-cli,PASS,No syntax errors detected in /app/htdocs/includes/phpoffice/phpexcel/Classes/PHPExcel/IOFactory.php
dolibarr,htdocs/includes/phpoffice/phpexcel/Classes/PHPExcel/Reader/CSV.php,5.6.40,php:5.6-cli,PASS,No syntax errors detected in /app/htdocs/includes/phpoffice/phpexcel/Classes/PHPExcel/Reader/CSV.php
dolibarr,htdocs/includes/phpoffice/phpexcel/Classes/PHPExcel/Reader/Excel2003XML.php,5.6.40,php:5.6-cli,PASS,No syntax errors detected in /app/htdocs/includes/phpoffice/phpexcel/Classes/PHPExcel/Reader/Excel2003XML.php
dolibarr,htdocs/includes/phpoffice/phpexcel/Classes/PHPExcel/Reader/Excel2007.php,5.6.40,php:5.6-cli,PASS,No syntax errors detected in /app/htdocs/includes/phpoffice/phpexcel/Classes/PHPExcel/Reader/Excel2007.php
dolibarr,htdocs/includes/phpoffice/phpexcel/Classes/PHPExcel/Reader/Excel2007/Chart.php,5.6.40,php:5.6-cli,PASS,No syntax errors detected in /app/htdocs/includes/phpoffice/phpexcel/Classes/PHPExcel/Reader/Excel2007/Chart.php
dolibarr,htdocs/includes/phpoffice/phpexcel/Classes/PHPExcel/Reader/Excel5.php,5.6.40,php:5.6-cli,PASS,No syntax errors detected in /app/htdocs/includes/phpoffice/phpexcel/Classes/PHPExcel/Reader/Excel5.php
dolibarr,htdocs/includes/phpoffice/phpexcel/Classes/PHPExcel/Reader/Excel5/Escher.php,5.6.40,php:5.6-cli,PASS,No syntax errors detected in /app/htdocs/includes/phpoffice/phpexcel/Classes/PHPExcel/Reader/Excel5/Escher.php
dolibarr,htdocs/includes/phpoffice/phpexcel/Classes/PHPExcel/Reader/Gnumeric.php,5.6.40,php:5.6-cli,PASS,No syntax errors detected in /app/htdocs/includes/phpoffice/phpexcel/Classes/PHPExcel/Reader/Gnumeric.php
dolibarr,htdocs/includes/phpoffice/phpexcel/Classes/PHPExcel/Reader/HTML.php,5.6.40,php:5.6-cli,PASS,No syntax errors detected in /app/htdocs/includes/phpoffice/phpexcel/Classes/PHPExcel/Reader/HTML.php
dolibarr,htdocs/includes/phpoffice/phpexcel/Classes/PHPExcel/Reader/OOCalc.php,5.6.40,php:5.6-cli,PASS,No syntax errors detected in /app/htdocs/includes/phpoffice/phpexcel/Classes/PHPExcel/Reader/OOCalc.php
dolibarr,htdocs/includes/phpoffice/phpexcel/Classes/PHPExcel/Reader/SYLK.php,5.6.40,php:5.6-cli,PASS,No syntax errors detected in /app/htdocs/includes/phpoffice/phpexcel/Classes/PHPExcel/Reader/SYLK.php
dolibarr,htdocs/includes/phpoffice/phpexcel/Classes/PHPExcel/ReferenceHelper.php,5.6.40,php:5.6-cli,PASS,No syntax errors detected in /app/htdocs/includes/phpoffice/phpexcel/Classes/PHPExcel/ReferenceHelper.php
dolibarr,htdocs/includes/phpoffice/phpexcel/Classes/PHPExcel/Shared/CodePage.php,5.6.40,php:5.6-cli,PASS,No syntax errors detected in /app/htdocs/includes/phpoffice/phpexcel/Classes/PHPExcel/Shared/CodePage.php
dolibarr,htdocs/includes/phpoffice/phpexcel/Classes/PHPExcel/Shared/Date.php,5.6.40,php:5.6-cli,PASS,No syntax errors detected in /app/htdocs/includes/phpoffice/phpexcel/Classes/PHPExcel/Shared/Date.php
dolibarr,htdocs/includes/phpoffice/phpexcel/Classes/PHPExcel/Shared/Drawing.php,5.6.40,php:5.6-cli,PASS,No syntax errors detected in /app/htdocs/includes/phpoffice/phpexcel/Classes/PHPExcel/Shared/Drawing.php
dolibarr,htdocs/includes/phpoffice/phpexcel/Classes/PHPExcel/Shared/Excel5.php,5.6.40,php:5.6-cli,PASS,No syntax errors detected in /app/htdocs/includes/phpoffice/phpexcel/Classes/PHPExcel/Shared/Excel5.php
dolibarr,htdocs/includes/phpoffice/phpexcel/Classes/PHPExcel/Shared/File.php,5.6.40,php:5.6-cli,PASS,No syntax errors detected in /app/htdocs/includes/phpoffice/phpexcel/Classes/PHPExcel/Shared/File.php
dolibarr,htdocs/includes/phpoffice/phpexcel/Classes/PHPExcel/Shared/Font.php,5.6.40,php:5.6-cli,PASS,No syntax errors detected in /app/htdocs/includes/phpoffice/phpexcel/Classes/PHPExcel/Shared/Font.php
dolibarr,htdocs/includes/phpoffice/phpexcel/Classes/PHPExcel/Shared/JAMA/CholeskyDecomposition.php,5.6.40,php:5.6-cli,PASS,No syntax errors detected in /app/htdocs/includes/phpoffice/phpexcel/Classes/PHPExcel/Shared/JAMA/CholeskyDecomposition.php
dolibarr,htdocs/includes/phpoffice/phpexcel/Classes/PHPExcel/Shared/JAMA/EigenvalueDecomposition.php,5.6.40,php:5.6-cli,PASS,No syntax errors detected in /app/htdocs/includes/phpoffice/phpexcel/Classes/PHPExcel/Shared/JAMA/EigenvalueDecomposition.php
dolibarr,htdocs/includes/phpoffice/phpexcel/Classes/PHPExcel/Shared/JAMA/LUDecomposition.php,5.6.40,php:5.6-cli,PASS,No syntax errors detected in /app/htdocs/includes/phpoffice/phpexcel/Classes/PHPExcel/Shared/JAMA/LUDecomposition.php
dolibarr,htdocs/includes/phpoffice/phpexcel/Classes/PHPExcel/Shared/JAMA/Matrix.php,5.6.40,php:5.6-cli,PASS,No syntax errors detected in /app/htdocs/includes/phpoffice/phpexcel/Classes/PHPExcel/Shared/JAMA/Matrix.php
dolibarr,htdocs/includes/phpoffice/phpexcel/Classes/PHPExcel/Shared/JAMA/QRDecomposition.php,5.6.40,php:5.6-cli,PASS,No syntax errors detected in /app/htdocs/includes/phpoffice/phpexcel/Classes/PHPExcel/Shared/JAMA/QRDecomposition.php
dolibarr,htdocs/includes/phpoffice/phpexcel/Classes/PHPExcel/Shared/JAMA/SingularValueDecomposition.php,5.6.40,php:5.6-cli,PASS,No syntax errors detected in /app/htdocs/includes/phpoffice/phpexcel/Classes/PHPExcel/Shared/JAMA/SingularValueDecomposition.php
dolibarr,htdocs/includes/phpoffice/phpexcel/Classes/PHPExcel/Shared/OLE.php,5.6.40,php:5.6-cli,PASS,No syntax errors detected in /app/htdocs/includes/phpoffice/phpexcel/Classes/PHPExcel/Shared/OLE.php
dolibarr,htdocs/includes/phpoffice/phpexcel/Classes/PHPExcel/Shared/OLE/ChainedBlockStream.php,5.6.40,php:5.6-cli,PASS,No syntax errors detected in /app/htdocs/includes/phpoffice/phpexcel/Classes/PHPExcel/Shared/OLE/ChainedBlockStream.php
dolibarr,htdocs/includes/phpoffice/phpexcel/Classes/PHPExcel/Shared/OLE/PPS/Root.php,5.6.40,php:5.6-cli,PASS,No syntax errors detected in /app/htdocs/includes/phpoffice/phpexcel/Classes/PHPExcel/Shared/OLE/PPS/Root.php
dolibarr,htdocs/includes/phpoffice/phpexcel/Classes/PHPExcel/Shared/OLERead.php,5.6.40,php:5.6-cli,PASS,No syntax errors detected in /app/htdocs/includes/phpoffice/phpexcel/Classes/PHPExcel/Shared/OLERead.php
dolibarr,htdocs/includes/phpoffice/phpexcel/Classes/PHPExcel/Shared/PCLZip/pclzip.lib.php,5.6.40,php:5.6-cli,PASS,No syntax errors detected in /app/htdocs/includes/phpoffice/phpexcel/Classes/PHPExcel/Shared/PCLZip/pclzip.lib.php
dolibarr,htdocs/includes/phpoffice/phpexcel/Classes/PHPExcel/Shared/String.php,5.6.40,php:5.6-cli,PASS,No syntax errors detected in /app/htdocs/includes/phpoffice/phpexcel/Classes/PHPExcel/Shared/String.php
dolibarr,htdocs/includes/phpoffice/phpexcel/Classes/PHPExcel/Shared/trend/trendClass.php,5.6.40,php:5.6-cli,PASS,No syntax errors detected in /app/htdocs/includes/phpoffice/phpexcel/Classes/PHPExcel/Shared/trend/trendClass.php
dolibarr,htdocs/includes/phpoffice/phpexcel/Classes/PHPExcel/Style.php,5.6.40,php:5.6-cli,PASS,No syntax errors detected in /app/htdocs/includes/phpoffice/phpexcel/Classes/PHPExcel/Style.php
dolibarr,htdocs/includes/phpoffice/phpexcel/Classes/PHPExcel/Style/Alignment.php,5.6.40,php:5.6-cli,PASS,No syntax errors detected in /app/htdocs/includes/phpoffice/phpexcel/Classes/PHPExcel/Style/Alignment.php
dolibarr,htdocs/includes/phpoffice/phpexcel/Classes/PHPExcel/Style/Border.php,5.6.40,php:5.6-cli,PASS,No syntax errors detected in /app/htdocs/includes/phpoffice/phpexcel/Classes/PHPExcel/Style/Border.php
dolibarr,htdocs/includes/phpoffice/phpexcel/Classes/PHPExcel/Style/Borders.php,5.6.40,php:5.6-cli,PASS,No syntax errors detected in /app/htdocs/includes/phpoffice/phpexcel/Classes/PHPExcel/Style/Borders.php
dolibarr,htdocs/includes/phpoffice/phpexcel/Classes/PHPExcel/Style/Color.php,5.6.40,php:5.6-cli,PASS,No syntax errors detected in /app/htdocs/includes/phpoffice/phpexcel/Classes/PHPExcel/Style/Color.php
dolibarr,htdocs/includes/phpoffice/phpexcel/Classes/PHPExcel/Style/Font.php,5.6.40,php:5.6-cli,PASS,No syntax errors detected in /app/htdocs/includes/phpoffice/phpexcel/Classes/PHPExcel/Style/Font.php
dolibarr,htdocs/includes/phpoffice/phpexcel/Classes/PHPExcel/Style/NumberFormat.php,5.6.40,php:5.6-cli,PASS,No syntax errors detected in /app/htdocs/includes/phpoffice/phpexcel/Classes/PHPExcel/Style/NumberFormat.php
dolibarr,htdocs/includes/phpoffice/phpexcel/Classes/PHPExcel/Worksheet.php,5.6.40,php:5.6-cli,PASS,No syntax errors detected in /app/htdocs/includes/phpoffice/phpexcel/Classes/PHPExcel/Worksheet.php
dolibarr,htdocs/includes/phpoffice/phpexcel/Classes/PHPExcel/Worksheet/AutoFilter.php,5.6.40,php:5.6-cli,PASS,No syntax errors detected in /app/htdocs/includes/phpoffice/phpexcel/Classes/PHPExcel/Worksheet/AutoFilter.php
dolibarr,htdocs/includes/phpoffice/phpexcel/Classes/PHPExcel/Worksheet/PageSetup.php,5.6.40,php:5.6-cli,PASS,No syntax errors detected in /app/htdocs/includes/phpoffice/phpexcel/Classes/PHPExcel/Worksheet/PageSetup.php
dolibarr,htdocs/includes/phpoffice/phpexcel/Classes/PHPExcel/Writer/Excel2007.php,5.6.40,php:5.6-cli,PASS,No syntax errors detected in /app/htdocs/includes/phpoffice/phpexcel/Classes/PHPExcel/Writer/Excel2007.php
dolibarr,htdocs/includes/phpoffice/phpexcel/Classes/PHPExcel/Writer/Excel2007/Chart.php,5.6.40,php:5.6-cli,PASS,No syntax errors detected in /app/htdocs/includes/phpoffice/phpexcel/Classes/PHPExcel/Writer/Excel2007/Chart.php
dolibarr,htdocs/includes/phpoffice/phpexcel/Classes/PHPExcel/Writer/Excel2007/ContentTypes.php,5.6.40,php:5.6-cli,PASS,No syntax errors detected in /app/htdocs/includes/phpoffice/phpexcel/Classes/PHPExcel/Writer/Excel2007/ContentTypes.php
dolibarr,htdocs/includes/phpoffice/phpexcel/Classes/PHPExcel/Writer/Excel2007/Drawing.php,5.6.40,php:5.6-cli,PASS,No syntax errors detected in /app/htdocs/includes/phpoffice/phpexcel/Classes/PHPExcel/Writer/Excel2007/Drawing.php
dolibarr,htdocs/includes/phpoffice/phpexcel/Classes/PHPExcel/Writer/Excel2007/Rels.php,5.6.40,php:5.6-cli,PASS,No syntax errors detected in /app/htdocs/includes/phpoffice/phpexcel/Classes/PHPExcel/Writer/Excel2007/Rels.php
dolibarr,htdocs/includes/phpoffice/phpexcel/Classes/PHPExcel/Writer/Excel2007/StringTable.php,5.6.40,php:5.6-cli,PASS,No syntax errors detected in /app/htdocs/includes/phpoffice/phpexcel/Classes/PHPExcel/Writer/Excel2007/StringTable.php
dolibarr,htdocs/includes/phpoffice/phpexcel/Classes/PHPExcel/Writer/Excel2007/Style.php,5.6.40,php:5.6-cli,PASS,No syntax errors detected in /app/htdocs/includes/phpoffice/phpexcel/Classes/PHPExcel/Writer/Excel2007/Style.php
dolibarr,htdocs/includes/phpoffice/phpexcel/Classes/PHPExcel/Writer/Excel2007/Theme.php,5.6.40,php:5.6-cli,PASS,No syntax errors detected in /app/htdocs/includes/phpoffice/phpexcel/Classes/PHPExcel/Writer/Excel2007/Theme.php
dolibarr,htdocs/includes/phpoffice/phpexcel/Classes/PHPExcel/Writer/Excel2007/Worksheet.php,5.6.40,php:5.6-cli,PASS,No syntax errors detected in /app/htdocs/includes/phpoffice/phpexcel/Classes/PHPExcel/Writer/Excel2007/Worksheet.php
dolibarr,htdocs/includes/phpoffice/phpexcel/Classes/PHPExcel/Writer/Excel5.php,5.6.40,php:5.6-cli,PASS,No syntax errors detected in /app/htdocs/includes/phpoffice/phpexcel/Classes/PHPExcel/Writer/Excel5.php
dolibarr,htdocs/includes/phpoffice/phpexcel/Classes/PHPExcel/Writer/Excel5/Escher.php,5.6.40,php:5.6-cli,PASS,No syntax errors detected in /app/htdocs/includes/phpoffice/phpexcel/Classes/PHPExcel/Writer/Excel5/Escher.php
dolibarr,htdocs/includes/phpoffice/phpexcel/Classes/PHPExcel/Writer/Excel5/Parser.php,5.6.40,php:5.6-cli,PASS,No syntax errors detected in /app/htdocs/includes/phpoffice/phpexcel/Classes/PHPExcel/Writer/Excel5/Parser.php
dolibarr,htdocs/includes/phpoffice/phpexcel/Classes/PHPExcel/Writer/Excel5/Workbook.php,5.6.40,php:5.6-cli,PASS,No syntax errors detected in /app/htdocs/includes/phpoffice/phpexcel/Classes/PHPExcel/Writer/Excel5/Workbook.php
dolibarr,htdocs/includes/phpoffice/phpexcel/Classes/PHPExcel/Writer/Excel5/Worksheet.php,5.6.40,php:5.6-cli,PASS,No syntax errors detected in /app/htdocs/includes/phpoffice/phpexcel/Classes/PHPExcel/Writer/Excel5/Worksheet.php
dolibarr,htdocs/includes/phpoffice/phpexcel/Classes/PHPExcel/Writer/Excel5/Xf.php,5.6.40,php:5.6-cli,PASS,No syntax errors detected in /app/htdocs/includes/phpoffice/phpexcel/Classes/PHPExcel/Writer/Excel5/Xf.php
dolibarr,htdocs/includes/phpoffice/phpexcel/Classes/PHPExcel/Writer/HTML.php,5.6.40,php:5.6-cli,PASS,No syntax errors detected in /app/htdocs/includes/phpoffice/phpexcel/Classes/PHPExcel/Writer/HTML.php
dolibarr,htdocs/includes/phpoffice/phpexcel/Classes/PHPExcel/Writer/OpenDocument/Content.php,5.6.40,php:5.6-cli,PASS,No syntax errors detected in /app/htdocs/includes/phpoffice/phpexcel/Classes/PHPExcel/Writer/OpenDocument/Content.php
dolibarr,htdocs/includes/phpoffice/phpexcel/Classes/PHPExcel/Writer/PDF/DomPDF.php,5.6.40,php:5.6-cli,PASS,No syntax errors detected in /app/htdocs/includes/phpoffice/phpexcel/Classes/PHPExcel/Writer/PDF/DomPDF.php
dolibarr,htdocs/includes/printipp/BasicIPP.php,5.6.40,php:5.6-cli,PASS,No syntax errors detected in /app/htdocs/includes/printipp/BasicIPP.php
dolibarr,htdocs/includes/printipp/CupsPrintIPP.php,5.6.40,php:5.6-cli,PASS,No syntax errors detected in /app/htdocs/includes/printipp/CupsPrintIPP.php
dolibarr,htdocs/includes/printipp/ExtendedPrintIPP.php,5.6.40,php:5.6-cli,PASS,No syntax errors detected in /app/htdocs/includes/printipp/ExtendedPrintIPP.php
dolibarr,htdocs/includes/printipp/PrintIPP.php,5.6.40,php:5.6-cli,PASS,No syntax errors detected in /app/htdocs/includes/printipp/PrintIPP.php
dolibarr,htdocs/includes/printipp/http_class.php,5.6.40,php:5.6-cli,PASS,No syntax errors detected in /app/htdocs/includes/printipp/http_class.php
dolibarr,htdocs/includes/restler/framework/Luracast/Restler/AutoLoader.php,5.6.40,php:5.6-cli,PASS,No syntax errors detected in /app/htdocs/includes/restler/framework/Luracast/Restler/AutoLoader.php
dolibarr,htdocs/includes/restler/framework/Luracast/Restler/CommentParser.php,5.6.40,php:5.6-cli,PASS,No syntax errors detected in /app/htdocs/includes/restler/framework/Luracast/Restler/CommentParser.php
dolibarr,htdocs/includes/restler/framework/Luracast/Restler/Data/Obj.php,5.6.40,php:5.6-cli,PASS,No syntax errors detected in /app/htdocs/includes/restler/framework/Luracast/Restler/Data/Obj.php
dolibarr,htdocs/includes/restler/framework/Luracast/Restler/Data/Validator.php,5.6.40,php:5.6-cli,PASS,No syntax errors detected in /app/htdocs/includes/restler/framework/Luracast/Restler/Data/Validator.php
dolibarr,htdocs/includes/restler/framework/Luracast/Restler/Defaults.php,5.6.40,php:5.6-cli,PASS,No syntax errors detected in /app/htdocs/includes/restler/framework/Luracast/Restler/Defaults.php
dolibarr,htdocs/includes/restler/framework/Luracast/Restler/Explorer.php,5.6.40,php:5.6-cli,PASS,No syntax errors detected in /app/htdocs/includes/restler/framework/Luracast/Restler/Explorer.php
dolibarr,htdocs/includes/restler/framework/Luracast/Restler/Filter/RateLimit.php,5.6.40,php:5.6-cli,PASS,No syntax errors detected in /app/htdocs/includes/restler/framework/Luracast/Restler/Filter/RateLimit.php
dolibarr,htdocs/includes/restler/framework/Luracast/Restler/Format/HtmlFormat.php,5.6.40,php:5.6-cli,PASS,No syntax errors detected in /app/htdocs/includes/restler/framework/Luracast/Restler/Format/HtmlFormat.php
dolibarr,htdocs/includes/restler/framework/Luracast/Restler/Format/JsonFormat.php,5.6.40,php:5.6-cli,PASS,No syntax errors detected in /app/htdocs/includes/restler/framework/Luracast/Restler/Format/JsonFormat.php
dolibarr,htdocs/includes/restler/framework/Luracast/Restler/Format/UploadFormat.php,5.6.40,php:5.6-cli,PASS,No syntax errors detected in /app/htdocs/includes/restler/framework/Luracast/Restler/Format/UploadFormat.php
dolibarr,htdocs/includes/restler/framework/Luracast/Restler/Format/XmlFormat.php,5.6.40,php:5.6-cli,PASS,No syntax errors detected in /app/htdocs/includes/restler/framework/Luracast/Restler/Format/XmlFormat.php
dolibarr,htdocs/includes/restler/framework/Luracast/Restler/PassThrough.php,5.6.40,php:5.6-cli,PASS,No syntax errors detected in /app/htdocs/includes/restler/framework/Luracast/Restler/PassThrough.php
dolibarr,htdocs/includes/restler/framework/Luracast/Restler/Resources.php,5.6.40,php:5.6-cli,PASS,No syntax errors detected in /app/htdocs/includes/restler/framework/Luracast/Restler/Resources.php
dolibarr,htdocs/includes/restler/framework/Luracast/Restler/Restler.php,5.6.40,php:5.6-cli,PASS,No syntax errors detected in /app/htdocs/includes/restler/framework/Luracast/Restler/Restler.php
dolibarr,htdocs/includes/restler/framework/Luracast/Restler/Routes.php,5.6.40,php:5.6-cli,PASS,No syntax errors detected in /app/htdocs/includes/restler/framework/Luracast/Restler/Routes.php
dolibarr,htdocs/includes/restler/framework/Luracast/Restler/Scope.php,5.6.40,php:5.6-cli,PASS,No syntax errors detected in /app/htdocs/includes/restler/framework/Luracast/Restler/Scope.php
dolibarr,htdocs/includes/restler/framework/Luracast/Restler/UI/Emmet.php,5.6.40,php:5.6-cli,PASS,No syntax errors detected in /app/htdocs/includes/restler/framework/Luracast/Restler/UI/Emmet.php
dolibarr,htdocs/includes/restler/framework/Luracast/Restler/UI/Forms.php,5.6.40,php:5.6-cli,PASS,No syntax errors detected in /app/htdocs/includes/restler/framework/Luracast/Restler/UI/Forms.php
dolibarr,htdocs/includes/restler/framework/Luracast/Restler/UI/Nav.php,5.6.40,php:5.6-cli,PASS,No syntax errors detected in /app/htdocs/includes/restler/framework/Luracast/Restler/UI/Nav.php
dolibarr,htdocs/includes/restler/framework/Luracast/Restler/UI/Tags.php,5.6.40,php:5.6-cli,PASS,No syntax errors detected in /app/htdocs/includes/restler/framework/Luracast/Restler/UI/Tags.php
dolibarr,htdocs/includes/restler/framework/Luracast/Restler/Util.php,5.6.40,php:5.6-cli,PASS,No syntax errors detected in /app/htdocs/includes/restler/framework/Luracast/Restler/Util.php
dolibarr,htdocs/includes/restler/framework/Luracast/Restler/views/debug.php,5.6.40,php:5.6-cli,PASS,No syntax errors detected in /app/htdocs/includes/restler/framework/Luracast/Restler/views/debug.php
dolibarr,htdocs/includes/sabre/composer/ClassLoader.php,5.6.40,php:5.6-cli,PASS,No syntax errors detected in /app/htdocs/includes/sabre/composer/ClassLoader.php
dolibarr,htdocs/includes/sabre/sabre/dav/bin/migrateto20.php,5.6.40,php:5.6-cli,PASS,No syntax errors detected in /app/htdocs/includes/sabre/sabre/dav/bin/migrateto20.php
dolibarr,htdocs/includes/sabre/sabre/dav/bin/migrateto21.php,5.6.40,php:5.6-cli,PASS,No syntax errors detected in /app/htdocs/includes/sabre/sabre/dav/bin/migrateto21.php
dolibarr,htdocs/includes/sabre/sabre/dav/bin/migrateto30.php,5.6.40,php:5.6-cli,PASS,No syntax errors detected in /app/htdocs/includes/sabre/sabre/dav/bin/migrateto30.php
dolibarr,htdocs/includes/sabre/sabre/dav/bin/migrateto32.php,5.6.40,php:5.6-cli,PASS,No syntax errors detected in /app/htdocs/includes/sabre/sabre/dav/bin/migrateto32.php
dolibarr,htdocs/includes/sabre/sabre/dav/lib/CalDAV/Backend/PDO.php,5.6.40,php:5.6-cli,PASS,No syntax errors detected in /app/htdocs/includes/sabre/sabre/dav/lib/CalDAV/Backend/PDO.php
dolibarr,htdocs/includes/sabre/sabre/dav/lib/CalDAV/Backend/SimplePDO.php,5.6.40,php:5.6-cli,PASS,No syntax errors detected in /app/htdocs/includes/sabre/sabre/dav/lib/CalDAV/Backend/SimplePDO.php
dolibarr,htdocs/includes/sabre/sabre/dav/lib/CalDAV/CalendarHome.php,5.6.40,php:5.6-cli,PASS,No syntax errors detected in /app/htdocs/includes/sabre/sabre/dav/lib/CalDAV/CalendarHome.php
dolibarr,htdocs/includes/sabre/sabre/dav/lib/CalDAV/CalendarQueryValidator.php,5.6.40,php:5.6-cli,PASS,No syntax errors detected in /app/htdocs/includes/sabre/sabre/dav/lib/CalDAV/CalendarQueryValidator.php
dolibarr,htdocs/includes/sabre/sabre/dav/lib/CalDAV/ICSExportPlugin.php,5.6.40,php:5.6-cli,PASS,No syntax errors detected in /app/htdocs/includes/sabre/sabre/dav/lib/CalDAV/ICSExportPlugin.php
dolibarr,htdocs/includes/sabre/sabre/dav/lib/CalDAV/Plugin.php,5.6.40,php:5.6-cli,PASS,No syntax errors detected in /app/htdocs/includes/sabre/sabre/dav/lib/CalDAV/Plugin.php
dolibarr,htdocs/includes/sabre/sabre/dav/lib/CalDAV/Schedule/IMipPlugin.php,5.6.40,php:5.6-cli,PASS,No syntax errors detected in /app/htdocs/includes/sabre/sabre/dav/lib/CalDAV/Schedule/IMipPlugin.php
dolibarr,htdocs/includes/sabre/sabre/dav/lib/CalDAV/Schedule/Plugin.php,5.6.40,php:5.6-cli,PASS,No syntax errors detected in /app/htdocs/includes/sabre/sabre/dav/lib/CalDAV/Schedule/Plugin.php
dolibarr,htdocs/includes/sabre/sabre/dav/lib/CalDAV/SharingPlugin.php,5.6.40,php:5.6-cli,PASS,No syntax errors detected in /app/htdocs/includes/sabre/sabre/dav/lib/CalDAV/SharingPlugin.php
dolibarr,htdocs/includes/sabre/sabre/dav/lib/CalDAV/Xml/Filter/CompFilter.php,5.6.40,php:5.6-cli,PASS,No syntax errors detected in /app/htdocs/includes/sabre/sabre/dav/lib/CalDAV/Xml/Filter/CompFilter.php
dolibarr,htdocs/includes/sabre/sabre/dav/lib/CalDAV/Xml/Filter/PropFilter.php,5.6.40,php:5.6-cli,PASS,No syntax errors detected in /app/htdocs/includes/sabre/sabre/dav/lib/CalDAV/Xml/Filter/PropFilter.php
dolibarr,htdocs/includes/sabre/sabre/dav/lib/CalDAV/Xml/Notification/Invite.php,5.6.40,php:5.6-cli,PASS,No syntax errors detected in /app/htdocs/includes/sabre/sabre/dav/lib/CalDAV/Xml/Notification/Invite.php
dolibarr,htdocs/includes/sabre/sabre/dav/lib/CalDAV/Xml/Property/Invite.php,5.6.40,php:5.6-cli,PASS,No syntax errors detected in /app/htdocs/includes/sabre/sabre/dav/lib/CalDAV/Xml/Property/Invite.php
dolibarr,htdocs/includes/sabre/sabre/dav/lib/CalDAV/Xml/Request/CalendarQueryReport.php,5.6.40,php:5.6-cli,PASS,No syntax errors detected in /app/htdocs/includes/sabre/sabre/dav/lib/CalDAV/Xml/Request/CalendarQueryReport.php
dolibarr,htdocs/includes/sabre/sabre/dav/lib/CalDAV/Xml/Request/InviteReply.php,5.6.40,php:5.6-cli,PASS,No syntax errors detected in /app/htdocs/includes/sabre/sabre/dav/lib/CalDAV/Xml/Request/InviteReply.php
dolibarr,htdocs/includes/sabre/sabre/dav/lib/CardDAV/Backend/PDO.php,5.6.40,php:5.6-cli,PASS,No syntax errors detected in /app/htdocs/includes/sabre/sabre/dav/lib/CardDAV/Backend/PDO.php
dolibarr,htdocs/includes/sabre/sabre/dav/lib/CardDAV/Plugin.php,5.6.40,php:5.6-cli,PASS,No syntax errors detected in /app/htdocs/includes/sabre/sabre/dav/lib/CardDAV/Plugin.php
dolibarr,htdocs/includes/sabre/sabre/dav/lib/CardDAV/VCFExportPlugin.php,5.6.40,php:5.6-cli,PASS,No syntax errors detected in /app/htdocs/includes/sabre/sabre/dav/lib/CardDAV/VCFExportPlugin.php
dolibarr,htdocs/includes/sabre/sabre/dav/lib/CardDAV/Xml/Filter/PropFilter.php,5.6.40,php:5.6-cli,PASS,No syntax errors detected in /app/htdocs/includes/sabre/sabre/dav/lib/CardDAV/Xml/Filter/PropFilter.php
dolibarr,htdocs/includes/sabre/sabre/dav/lib/CardDAV/Xml/Request/AddressBookQueryReport.php,5.6.40,php:5.6-cli,PASS,No syntax errors detected in /app/htdocs/includes/sabre/sabre/dav/lib/CardDAV/Xml/Request/AddressBookQueryReport.php
dolibarr,htdocs/includes/sabre/sabre/dav/lib/DAV/Browser/Plugin.php,5.6.40,php:5.6-cli,PASS,No syntax errors detected in /app/htdocs/includes/sabre/sabre/dav/lib/DAV/Browser/Plugin.php
dolibarr,htdocs/includes/sabre/sabre/dav/lib/DAV/Client.php,5.6.40,php:5.6-cli,PASS,No syntax errors detected in /app/htdocs/includes/sabre/sabre/dav/lib/DAV/Client.php
dolibarr,htdocs/includes/sabre/sabre/dav/lib/DAV/CorePlugin.php,5.6.40,php:5.6-cli,PASS,No syntax errors detected in /app/htdocs/includes/sabre/sabre/dav/lib/DAV/CorePlugin.php
dolibarr,htdocs/includes/sabre/sabre/dav/lib/DAV/Locks/Backend/File.php,5.6.40,php:5.6-cli,PASS,No syntax errors detected in /app/htdocs/includes/sabre/sabre/dav/lib/DAV/Locks/Backend/File.php
dolibarr,htdocs/includes/sabre/sabre/dav/lib/DAV/Locks/Backend/PDO.php,5.6.40,php:5.6-cli,PASS,No syntax errors detected in /app/htdocs/includes/sabre/sabre/dav/lib/DAV/Locks/Backend/PDO.php
dolibarr,htdocs/includes/sabre/sabre/dav/lib/DAV/Locks/Plugin.php,5.6.40,php:5.6-cli,PASS,No syntax errors detected in /app/htdocs/includes/sabre/sabre/dav/lib/DAV/Locks/Plugin.php
dolibarr,htdocs/includes/sabre/sabre/dav/lib/DAV/PartialUpdate/Plugin.php,5.6.40,php:5.6-cli,PASS,No syntax errors detected in /app/htdocs/includes/sabre/sabre/dav/lib/DAV/PartialUpdate/Plugin.php
dolibarr,htdocs/includes/sabre/sabre/dav/lib/DAV/PropPatch.php,5.6.40,php:5.6-cli,PASS,No syntax errors detected in /app/htdocs/includes/sabre/sabre/dav/lib/DAV/PropPatch.php
dolibarr,htdocs/includes/sabre/sabre/dav/lib/DAV/PropertyStorage/Backend/PDO.php,5.6.40,php:5.6-cli,PASS,No syntax errors detected in /app/htdocs/includes/sabre/sabre/dav/lib/DAV/PropertyStorage/Backend/PDO.php
dolibarr,htdocs/includes/sabre/sabre/dav/lib/DAV/Server.php,5.6.40,php:5.6-cli,PASS,No syntax errors detected in /app/htdocs/includes/sabre/sabre/dav/lib/DAV/Server.php
dolibarr,htdocs/includes/sabre/sabre/dav/lib/DAV/Sharing/Plugin.php,5.6.40,php:5.6-cli,PASS,No syntax errors detected in /app/htdocs/includes/sabre/sabre/dav/lib/DAV/Sharing/Plugin.php
dolibarr,htdocs/includes/sabre/sabre/dav/lib/DAV/StringUtil.php,5.6.40,php:5.6-cli,PASS,No syntax errors detected in /app/htdocs/includes/sabre/sabre/dav/lib/DAV/StringUtil.php
dolibarr,htdocs/includes/sabre/sabre/dav/lib/DAV/Xml/Element/Response.php,5.6.40,php:5.6-cli,PASS,No syntax errors detected in /app/htdocs/includes/sabre/sabre/dav/lib/DAV/Xml/Element/Response.php
dolibarr,htdocs/includes/sabre/sabre/dav/lib/DAVACL/Plugin.php,5.6.40,php:5.6-cli,PASS,No syntax errors detected in /app/htdocs/includes/sabre/sabre/dav/lib/DAVACL/Plugin.php
dolibarr,htdocs/includes/sabre/sabre/dav/lib/DAVACL/PrincipalBackend/PDO.php,5.6.40,php:5.6-cli,PASS,No syntax errors detected in /app/htdocs/includes/sabre/sabre/dav/lib/DAVACL/PrincipalBackend/PDO.php
dolibarr,htdocs/includes/sabre/sabre/dav/lib/DAVACL/Xml/Property/Acl.php,5.6.40,php:5.6-cli,PASS,No syntax errors detected in /app/htdocs/includes/sabre/sabre/dav/lib/DAVACL/Xml/Property/Acl.php
dolibarr,htdocs/includes/sabre/sabre/dav/tests/Sabre/CalDAV/Backend/AbstractPDOTest.php,5.6.40,php:5.6-cli,PASS,No syntax errors detected in /app/htdocs/includes/sabre/sabre/dav/tests/Sabre/CalDAV/Backend/AbstractPDOTest.php
dolibarr,htdocs/includes/sabre/sabre/dav/tests/Sabre/CalDAV/CalendarQueryValidatorTest.php,5.6.40,php:5.6-cli,PASS,No syntax errors detected in /app/htdocs/includes/sabre/sabre/dav/tests/Sabre/CalDAV/CalendarQueryValidatorTest.php
dolibarr,htdocs/includes/sabre/sabre/dav/tests/Sabre/CalDAV/PluginTest.php,5.6.40,php:5.6-cli,PASS,No syntax errors detected in /app/htdocs/includes/sabre/sabre/dav/tests/Sabre/CalDAV/PluginTest.php
dolibarr,htdocs/includes/sabre/sabre/dav/tests/Sabre/CalDAV/TestUtil.php,5.6.40,php:5.6-cli,PASS,No syntax errors detected in /app/htdocs/includes/sabre/sabre/dav/tests/Sabre/CalDAV/TestUtil.php
dolibarr,htdocs/includes/sabre/sabre/dav/tests/Sabre/CalDAV/Xml/Notification/SystemStatusTest.php,5.6.40,php:5.6-cli,PASS,No syntax errors detected in /app/htdocs/includes/sabre/sabre/dav/tests/Sabre/CalDAV/Xml/Notification/SystemStatusTest.php
dolibarr,htdocs/includes/sabre/sabre/dav/tests/Sabre/CalDAV/Xml/Request/CalendarQueryReportTest.php,5.6.40,php:5.6-cli,PASS,No syntax errors detected in /app/htdocs/includes/sabre/sabre/dav/tests/Sabre/CalDAV/Xml/Request/CalendarQueryReportTest.php
dolibarr,htdocs/includes/sabre/sabre/dav/tests/Sabre/CardDAV/ValidateFilterTest.php,5.6.40,php:5.6-cli,PASS,No syntax errors detected in /app/htdocs/includes/sabre/sabre/dav/tests/Sabre/CardDAV/ValidateFilterTest.php
dolibarr,htdocs/includes/sabre/sabre/dav/tests/Sabre/CardDAV/Xml/Request/AddressBookQueryReportTest.php,5.6.40,php:5.6-cli,PASS,No syntax errors detected in /app/htdocs/includes/sabre/sabre/dav/tests/Sabre/CardDAV/Xml/Request/AddressBookQueryReportTest.php
dolibarr,htdocs/includes/sabre/sabre/dav/tests/Sabre/DAV/DbTestHelperTrait.php,5.6.40,php:5.6-cli,PASS,No syntax errors detected in /app/htdocs/includes/sabre/sabre/dav/tests/Sabre/DAV/DbTestHelperTrait.php
dolibarr,htdocs/includes/sabre/sabre/dav/tests/Sabre/DAV/ServerMKCOLTest.php,5.6.40,php:5.6-cli,PASS,No syntax errors detected in /app/htdocs/includes/sabre/sabre/dav/tests/Sabre/DAV/ServerMKCOLTest.php
dolibarr,htdocs/includes/sabre/sabre/dav/tests/Sabre/DAV/Sync/MockSyncCollection.php,5.6.40,php:5.6-cli,PASS,No syntax errors detected in /app/htdocs/includes/sabre/sabre/dav/tests/Sabre/DAV/Sync/MockSyncCollection.php
dolibarr,htdocs/includes/sabre/sabre/dav/tests/Sabre/DAV/Xml/Property/HrefTest.php,5.6.40,php:5.6-cli,PASS,No syntax errors detected in /app/htdocs/includes/sabre/sabre/dav/tests/Sabre/DAV/Xml/Property/HrefTest.php
dolibarr,htdocs/includes/sabre/sabre/dav/tests/Sabre/DAVACL/Xml/Property/ACLTest.php,5.6.40,php:5.6-cli,PASS,No syntax errors detected in /app/htdocs/includes/sabre/sabre/dav/tests/Sabre/DAVACL/Xml/Property/ACLTest.php
dolibarr,htdocs/includes/sabre/sabre/dav/tests/Sabre/DAVServerTest.php,5.6.40,php:5.6-cli,PASS,No syntax errors detected in /app/htdocs/includes/sabre/sabre/dav/tests/Sabre/DAVServerTest.php
dolibarr,htdocs/includes/sabre/sabre/event/lib/Loop/Loop.php,5.6.40,php:5.6-cli,PASS,No syntax errors detected in /app/htdocs/includes/sabre/sabre/event/lib/Loop/Loop.php
dolibarr,htdocs/includes/sabre/sabre/event/lib/coroutine.php,5.6.40,php:5.6-cli,PASS,No syntax errors detected in /app/htdocs/includes/sabre/sabre/event/lib/coroutine.php
dolibarr,htdocs/includes/sabre/sabre/http/lib/Client.php,5.6.40,php:5.6-cli,PASS,No syntax errors detected in /app/htdocs/includes/sabre/sabre/http/lib/Client.php
dolibarr,htdocs/includes/sabre/sabre/http/lib/Request.php,5.6.40,php:5.6-cli,PASS,No syntax errors detected in /app/htdocs/includes/sabre/sabre/http/lib/Request.php
dolibarr,htdocs/includes/sabre/sabre/http/lib/Sapi.php,5.6.40,php:5.6-cli,PASS,No syntax errors detected in /app/htdocs/includes/sabre/sabre/http/lib/Sapi.php
dolibarr,htdocs/includes/sabre/sabre/http/lib/functions.php,5.6.40,php:5.6-cli,PASS,No syntax errors detected in /app/htdocs/includes/sabre/sabre/http/lib/functions.php
dolibarr,htdocs/includes/sabre/sabre/http/tests/HTTP/UtilTest.php,5.6.40,php:5.6-cli,PASS,No syntax errors detected in /app/htdocs/includes/sabre/sabre/http/tests/HTTP/UtilTest.php
dolibarr,htdocs/includes/sabre/sabre/uri/lib/functions.php,5.6.40,php:5.6-cli,PASS,No syntax errors detected in /app/htdocs/includes/sabre/sabre/uri/lib/functions.php
dolibarr,htdocs/includes/sabre/sabre/uri/tests/ParseTest.php,5.6.40,php:5.6-cli,PASS,No syntax errors detected in /app/htdocs/includes/sabre/sabre/uri/tests/ParseTest.php
dolibarr,htdocs/includes/sabre/sabre/uri/tests/ResolveTest.php,5.6.40,php:5.6-cli,PASS,No syntax errors detected in /app/htdocs/includes/sabre/sabre/uri/tests/ResolveTest.php
dolibarr,htdocs/includes/sabre/sabre/vobject/bin/mergeduplicates.php,5.6.40,php:5.6-cli,PASS,No syntax errors detected in /app/htdocs/includes/sabre/sabre/vobject/bin/mergeduplicates.php
dolibarr,htdocs/includes/sabre/sabre/vobject/lib/BirthdayCalendarGenerator.php,5.6.40,php:5.6-cli,PASS,No syntax errors detected in /app/htdocs/includes/sabre/sabre/vobject/lib/BirthdayCalendarGenerator.php
dolibarr,htdocs/includes/sabre/sabre/vobject/lib/Cli.php,5.6.40,php:5.6-cli,PASS,No syntax errors detected in /app/htdocs/includes/sabre/sabre/vobject/lib/Cli.php
dolibarr,htdocs/includes/sabre/sabre/vobject/lib/Component.php,5.6.40,php:5.6-cli,PASS,No syntax errors detected in /app/htdocs/includes/sabre/sabre/vobject/lib/Component.php
dolibarr,htdocs/includes/sabre/sabre/vobject/lib/Component/Available.php,5.6.40,php:5.6-cli,PASS,No syntax errors detected in /app/htdocs/includes/sabre/sabre/vobject/lib/Component/Available.php
dolibarr,htdocs/includes/sabre/sabre/vobject/lib/Component/VAlarm.php,5.6.40,php:5.6-cli,PASS,No syntax errors detected in /app/htdocs/includes/sabre/sabre/vobject/lib/Component/VAlarm.php
dolibarr,htdocs/includes/sabre/sabre/vobject/lib/Component/VAvailability.php,5.6.40,php:5.6-cli,PASS,No syntax errors detected in /app/htdocs/includes/sabre/sabre/vobject/lib/Component/VAvailability.php
dolibarr,htdocs/includes/sabre/sabre/vobject/lib/Component/VCalendar.php,5.6.40,php:5.6-cli,PASS,No syntax errors detected in /app/htdocs/includes/sabre/sabre/vobject/lib/Component/VCalendar.php
dolibarr,htdocs/includes/sabre/sabre/vobject/lib/Component/VCard.php,5.6.40,php:5.6-cli,PASS,No syntax errors detected in /app/htdocs/includes/sabre/sabre/vobject/lib/Component/VCard.php
dolibarr,htdocs/includes/sabre/sabre/vobject/lib/Component/VEvent.php,5.6.40,php:5.6-cli,PASS,No syntax errors detected in /app/htdocs/includes/sabre/sabre/vobject/lib/Component/VEvent.php
dolibarr,htdocs/includes/sabre/sabre/vobject/lib/Component/VJournal.php,5.6.40,php:5.6-cli,PASS,No syntax errors detected in /app/htdocs/includes/sabre/sabre/vobject/lib/Component/VJournal.php
dolibarr,htdocs/includes/sabre/sabre/vobject/lib/Component/VTodo.php,5.6.40,php:5.6-cli,PASS,No syntax errors detected in /app/htdocs/includes/sabre/sabre/vobject/lib/Component/VTodo.php
dolibarr,htdocs/includes/sabre/sabre/vobject/lib/DateTimeParser.php,5.6.40,php:5.6-cli,PASS,No syntax errors detected in /app/htdocs/includes/sabre/sabre/vobject/lib/DateTimeParser.php
dolibarr,htdocs/includes/sabre/sabre/vobject/lib/Document.php,5.6.40,php:5.6-cli,PASS,No syntax errors detected in /app/htdocs/includes/sabre/sabre/vobject/lib/Document.php
dolibarr,htdocs/includes/sabre/sabre/vobject/lib/FreeBusyData.php,5.6.40,php:5.6-cli,PASS,No syntax errors detected in /app/htdocs/includes/sabre/sabre/vobject/lib/FreeBusyData.php
dolibarr,htdocs/includes/sabre/sabre/vobject/lib/FreeBusyGenerator.php,5.6.40,php:5.6-cli,PASS,No syntax errors detected in /app/htdocs/includes/sabre/sabre/vobject/lib/FreeBusyGenerator.php
dolibarr,htdocs/includes/sabre/sabre/vobject/lib/ITip/Broker.php,5.6.40,php:5.6-cli,PASS,No syntax errors detected in /app/htdocs/includes/sabre/sabre/vobject/lib/ITip/Broker.php
dolibarr,htdocs/includes/sabre/sabre/vobject/lib/Parameter.php,5.6.40,php:5.6-cli,PASS,No syntax errors detected in /app/htdocs/includes/sabre/sabre/vobject/lib/Parameter.php
dolibarr,htdocs/includes/sabre/sabre/vobject/lib/Parser/MimeDir.php,5.6.40,php:5.6-cli,PASS,No syntax errors detected in /app/htdocs/includes/sabre/sabre/vobject/lib/Parser/MimeDir.php
dolibarr,htdocs/includes/sabre/sabre/vobject/lib/Parser/XML.php,5.6.40,php:5.6-cli,PASS,No syntax errors detected in /app/htdocs/includes/sabre/sabre/vobject/lib/Parser/XML.php
dolibarr,htdocs/includes/sabre/sabre/vobject/lib/Property.php,5.6.40,php:5.6-cli,PASS,No syntax errors detected in /app/htdocs/includes/sabre/sabre/vobject/lib/Property.php
dolibarr,htdocs/includes/sabre/sabre/vobject/lib/Property/ICalendar/Recur.php,5.6.40,php:5.6-cli,PASS,No syntax errors detected in /app/htdocs/includes/sabre/sabre/vobject/lib/Property/ICalendar/Recur.php
dolibarr,htdocs/includes/sabre/sabre/vobject/lib/Property/Text.php,5.6.40,php:5.6-cli,PASS,No syntax errors detected in /app/htdocs/includes/sabre/sabre/vobject/lib/Property/Text.php
dolibarr,htdocs/includes/sabre/sabre/vobject/lib/Property/Time.php,5.6.40,php:5.6-cli,PASS,No syntax errors detected in /app/htdocs/includes/sabre/sabre/vobject/lib/Property/Time.php
dolibarr,htdocs/includes/sabre/sabre/vobject/lib/Property/VCard/DateAndOrTime.php,5.6.40,php:5.6-cli,PASS,No syntax errors detected in /app/htdocs/includes/sabre/sabre/vobject/lib/Property/VCard/DateAndOrTime.php
dolibarr,htdocs/includes/sabre/sabre/vobject/lib/Recur/EventIterator.php,5.6.40,php:5.6-cli,PASS,No syntax errors detected in /app/htdocs/includes/sabre/sabre/vobject/lib/Recur/EventIterator.php
dolibarr,htdocs/includes/sabre/sabre/vobject/lib/Recur/RRuleIterator.php,5.6.40,php:5.6-cli,PASS,No syntax errors detected in /app/htdocs/includes/sabre/sabre/vobject/lib/Recur/RRuleIterator.php
dolibarr,htdocs/includes/sabre/sabre/vobject/lib/TimeZoneUtil.php,5.6.40,php:5.6-cli,PASS,No syntax errors detected in /app/htdocs/includes/sabre/sabre/vobject/lib/TimeZoneUtil.php
dolibarr,htdocs/includes/sabre/sabre/vobject/lib/VCardConverter.php,5.6.40,php:5.6-cli,PASS,No syntax errors detected in /app/htdocs/includes/sabre/sabre/vobject/lib/VCardConverter.php
dolibarr,htdocs/includes/sabre/sabre/vobject/tests/VObject/Component/VAlarmTest.php,5.6.40,php:5.6-cli,PASS,No syntax errors detected in /app/htdocs/includes/sabre/sabre/vobject/tests/VObject/Component/VAlarmTest.php
dolibarr,htdocs/includes/sabre/sabre/vobject/tests/VObject/Component/VCalendarTest.php,5.6.40,php:5.6-cli,PASS,No syntax errors detected in /app/htdocs/includes/sabre/sabre/vobject/tests/VObject/Component/VCalendarTest.php
dolibarr,htdocs/includes/sabre/sabre/vobject/tests/VObject/DateTimeParserTest.php,5.6.40,php:5.6-cli,PASS,No syntax errors detected in /app/htdocs/includes/sabre/sabre/vobject/tests/VObject/DateTimeParserTest.php
dolibarr,htdocs/includes/sabre/sabre/vobject/tests/VObject/ITip/BrokerAttendeeReplyTest.php,5.6.40,php:5.6-cli,PASS,No syntax errors detected in /app/htdocs/includes/sabre/sabre/vobject/tests/VObject/ITip/BrokerAttendeeReplyTest.php
dolibarr,htdocs/includes/sabre/sabre/vobject/tests/VObject/ITip/BrokerNewEventTest.php,5.6.40,php:5.6-cli,PASS,No syntax errors detected in /app/htdocs/includes/sabre/sabre/vobject/tests/VObject/ITip/BrokerNewEventTest.php
dolibarr,htdocs/includes/sabre/sabre/vobject/tests/VObject/ITip/BrokerUpdateEventTest.php,5.6.40,php:5.6-cli,PASS,No syntax errors detected in /app/htdocs/includes/sabre/sabre/vobject/tests/VObject/ITip/BrokerUpdateEventTest.php
dolibarr,htdocs/includes/sabre/sabre/vobject/tests/VObject/ITip/EvolutionTest.php,5.6.40,php:5.6-cli,PASS,No syntax errors detected in /app/htdocs/includes/sabre/sabre/vobject/tests/VObject/ITip/EvolutionTest.php
dolibarr,htdocs/includes/sabre/sabre/vobject/tests/VObject/JCalTest.php,5.6.40,php:5.6-cli,PASS,No syntax errors detected in /app/htdocs/includes/sabre/sabre/vobject/tests/VObject/JCalTest.php
dolibarr,htdocs/includes/sabre/sabre/vobject/tests/VObject/JCardTest.php,5.6.40,php:5.6-cli,PASS,No syntax errors detected in /app/htdocs/includes/sabre/sabre/vobject/tests/VObject/JCardTest.php
dolibarr,htdocs/includes/sabre/sabre/vobject/tests/VObject/Parser/JsonTest.php,5.6.40,php:5.6-cli,PASS,No syntax errors detected in /app/htdocs/includes/sabre/sabre/vobject/tests/VObject/Parser/JsonTest.php
dolibarr,htdocs/includes/sabre/sabre/vobject/tests/VObject/Parser/XmlTest.php,5.6.40,php:5.6-cli,PASS,No syntax errors detected in /app/htdocs/includes/sabre/sabre/vobject/tests/VObject/Parser/XmlTest.php
dolibarr,htdocs/includes/sabre/sabre/vobject/tests/VObject/Recur/EventIterator/Issue50Test.php,5.6.40,php:5.6-cli,PASS,No syntax errors detected in /app/htdocs/includes/sabre/sabre/vobject/tests/VObject/Recur/EventIterator/Issue50Test.php
dolibarr,htdocs/includes/sabre/sabre/vobject/tests/VObject/Splitter/ICalendarTest.php,5.6.40,php:5.6-cli,PASS,No syntax errors detected in /app/htdocs/includes/sabre/sabre/vobject/tests/VObject/Splitter/ICalendarTest.php
dolibarr,htdocs/includes/sabre/sabre/xml/lib/Element/XmlFragment.php,5.6.40,php:5.6-cli,PASS,No syntax errors detected in /app/htdocs/includes/sabre/sabre/xml/lib/Element/XmlFragment.php
dolibarr,htdocs/includes/sabre/sabre/xml/lib/Reader.php,5.6.40,php:5.6-cli,PASS,No syntax errors detected in /app/htdocs/includes/sabre/sabre/xml/lib/Reader.php
dolibarr,htdocs/includes/sabre/sabre/xml/lib/Serializer/functions.php,5.6.40,php:5.6-cli,PASS,No syntax errors detected in /app/htdocs/includes/sabre/sabre/xml/lib/Serializer/functions.php
dolibarr,htdocs/includes/stripe/lib/ApiRequestor.php,5.6.40,php:5.6-cli,PASS,No syntax errors detected in /app/htdocs/includes/stripe/lib/ApiRequestor.php
dolibarr,htdocs/includes/stripe/lib/HttpClient/CurlClient.php,5.6.40,php:5.6-cli,PASS,No syntax errors detected in /app/htdocs/includes/stripe/lib/HttpClient/CurlClient.php
dolibarr,htdocs/includes/stripe/lib/StripeObject.php,5.6.40,php:5.6-cli,PASS,No syntax errors detected in /app/htdocs/includes/stripe/lib/StripeObject.php
dolibarr,htdocs/includes/stripe/lib/Util/RequestOptions.php,5.6.40,php:5.6-cli,PASS,No syntax errors detected in /app/htdocs/includes/stripe/lib/Util/RequestOptions.php
dolibarr,htdocs/includes/stripe/lib/Util/Util.php,5.6.40,php:5.6-cli,PASS,No syntax errors detected in /app/htdocs/includes/stripe/lib/Util/Util.php
dolibarr,htdocs/includes/stripe/lib/WebhookSignature.php,5.6.40,php:5.6-cli,PASS,No syntax errors detected in /app/htdocs/includes/stripe/lib/WebhookSignature.php
dolibarr,htdocs/includes/swiftmailer/egulias/email-validator/EmailValidator/Parser/DomainPart.php,5.6.40,php:5.6-cli,PASS,No syntax errors detected in /app/htdocs/includes/swiftmailer/egulias/email-validator/EmailValidator/Parser/DomainPart.php
dolibarr,htdocs/includes/swiftmailer/egulias/email-validator/EmailValidator/Parser/LocalPart.php,5.6.40,php:5.6-cli,PASS,No syntax errors detected in /app/htdocs/includes/swiftmailer/egulias/email-validator/EmailValidator/Parser/LocalPart.php
dolibarr,htdocs/includes/swiftmailer/lib/classes/Swift/CharacterReader/Utf8Reader.php,5.6.40,php:5.6-cli,PASS,No syntax errors detected in /app/htdocs/includes/swiftmailer/lib/classes/Swift/CharacterReader/Utf8Reader.php
dolibarr,htdocs/includes/swiftmailer/lib/classes/Swift/CharacterReaderFactory/SimpleCharacterReaderFactory.php,5.6.40,php:5.6-cli,PASS,No syntax errors detected in /app/htdocs/includes/swiftmailer/lib/classes/Swift/CharacterReaderFactory/SimpleCharacterReaderFactory.php
dolibarr,htdocs/includes/swiftmailer/lib/classes/Swift/CharacterStream/ArrayCharacterStream.php,5.6.40,php:5.6-cli,PASS,No syntax errors detected in /app/htdocs/includes/swiftmailer/lib/classes/Swift/CharacterStream/ArrayCharacterStream.php
dolibarr,htdocs/includes/swiftmailer/lib/classes/Swift/CharacterStream/NgCharacterStream.php,5.6.40,php:5.6-cli,PASS,No syntax errors detected in /app/htdocs/includes/swiftmailer/lib/classes/Swift/CharacterStream/NgCharacterStream.php
dolibarr,htdocs/includes/swiftmailer/lib/classes/Swift/Encoder/QpEncoder.php,5.6.40,php:5.6-cli,PASS,No syntax errors detected in /app/htdocs/includes/swiftmailer/lib/classes/Swift/Encoder/QpEncoder.php
dolibarr,htdocs/includes/swiftmailer/lib/classes/Swift/FileSpool.php,5.6.40,php:5.6-cli,PASS,No syntax errors detected in /app/htdocs/includes/swiftmailer/lib/classes/Swift/FileSpool.php
dolibarr,htdocs/includes/swiftmailer/lib/classes/Swift/Mime/ContentEncoder/Base64ContentEncoder.php,5.6.40,php:5.6-cli,PASS,No syntax errors detected in /app/htdocs/includes/swiftmailer/lib/classes/Swift/Mime/ContentEncoder/Base64ContentEncoder.php
dolibarr,htdocs/includes/swiftmailer/lib/classes/Swift/Mime/ContentEncoder/QpContentEncoder.php,5.6.40,php:5.6-cli,PASS,No syntax errors detected in /app/htdocs/includes/swiftmailer/lib/classes/Swift/Mime/ContentEncoder/QpContentEncoder.php
dolibarr,htdocs/includes/swiftmailer/lib/classes/Swift/Mime/Headers/AbstractHeader.php,5.6.40,php:5.6-cli,PASS,No syntax errors detected in /app/htdocs/includes/swiftmailer/lib/classes/Swift/Mime/Headers/AbstractHeader.php
dolibarr,htdocs/includes/swiftmailer/lib/classes/Swift/Mime/Headers/ParameterizedHeader.php,5.6.40,php:5.6-cli,PASS,No syntax errors detected in /app/htdocs/includes/swiftmailer/lib/classes/Swift/Mime/Headers/ParameterizedHeader.php
dolibarr,htdocs/includes/swiftmailer/lib/classes/Swift/Mime/SimpleMimeEntity.php,5.6.40,php:5.6-cli,PASS,No syntax errors detected in /app/htdocs/includes/swiftmailer/lib/classes/Swift/Mime/SimpleMimeEntity.php
dolibarr,htdocs/includes/swiftmailer/lib/classes/Swift/Plugins/DecoratorPlugin.php,5.6.40,php:5.6-cli,PASS,No syntax errors detected in /app/htdocs/includes/swiftmailer/lib/classes/Swift/Plugins/DecoratorPlugin.php
dolibarr,htdocs/includes/swiftmailer/lib/classes/Swift/Signers/DKIMSigner.php,5.6.40,php:5.6-cli,PASS,No syntax errors detected in /app/htdocs/includes/swiftmailer/lib/classes/Swift/Signers/DKIMSigner.php
dolibarr,htdocs/includes/swiftmailer/lib/classes/Swift/Signers/DomainKeySigner.php,5.6.40,php:5.6-cli,PASS,No syntax errors detected in /app/htdocs/includes/swiftmailer/lib/classes/Swift/Signers/DomainKeySigner.php
dolibarr,htdocs/includes/swiftmailer/lib/classes/Swift/Signers/OpenDKIMSigner.php,5.6.40,php:5.6-cli,PASS,No syntax errors detected in /app/htdocs/includes/swiftmailer/lib/classes/Swift/Signers/OpenDKIMSigner.php
dolibarr,htdocs/includes/swiftmailer/lib/classes/Swift/Signers/SMimeSigner.php,5.6.40,php:5.6-cli,PASS,No syntax errors detected in /app/htdocs/includes/swiftmailer/lib/classes/Swift/Signers/SMimeSigner.php
dolibarr,htdocs/includes/swiftmailer/lib/classes/Swift/StreamFilters/ByteArrayReplacementFilter.php,5.6.40,php:5.6-cli,PASS,No syntax errors detected in /app/htdocs/includes/swiftmailer/lib/classes/Swift/StreamFilters/ByteArrayReplacementFilter.php
dolibarr,htdocs/includes/swiftmailer/lib/swiftmailer_generate_mimes_config.php,5.6.40,php:5.6-cli,PASS,No syntax errors detected in /app/htdocs/includes/swiftmailer/lib/swiftmailer_generate_mimes_config.php
dolibarr,htdocs/includes/tcpdi/fpdf_tpl.php,5.6.40,php:5.6-cli,PASS,No syntax errors detected in /app/htdocs/includes/tcpdi/fpdf_tpl.php
dolibarr,htdocs/includes/tcpdi/tcpdi.php,5.6.40,php:5.6-cli,PASS,No syntax errors detected in /app/htdocs/includes/tcpdi/tcpdi.php
dolibarr,htdocs/includes/tcpdi/tcpdi_parser.php,5.6.40,php:5.6-cli,PASS,No syntax errors detected in /app/htdocs/includes/tcpdi/tcpdi_parser.php
dolibarr,htdocs/includes/tecnickcom/tcpdf/include/barcodes/datamatrix.php,5.6.40,php:5.6-cli,PASS,No syntax errors detected in /app/htdocs/includes/tecnickcom/tcpdf/include/barcodes/datamatrix.php
dolibarr,htdocs/includes/tecnickcom/tcpdf/include/barcodes/pdf417.php,5.6.40,php:5.6-cli,PASS,No syntax errors detected in /app/htdocs/includes/tecnickcom/tcpdf/include/barcodes/pdf417.php
dolibarr,htdocs/includes/tecnickcom/tcpdf/include/barcodes/qrcode.php,5.6.40,php:5.6-cli,PASS,No syntax errors detected in /app/htdocs/includes/tecnickcom/tcpdf/include/barcodes/qrcode.php
dolibarr,htdocs/includes/tecnickcom/tcpdf/include/tcpdf_colors.php,5.6.40,php:5.6-cli,PASS,No syntax errors detected in /app/htdocs/includes/tecnickcom/tcpdf/include/tcpdf_colors.php
dolibarr,htdocs/includes/tecnickcom/tcpdf/include/tcpdf_filters.php,5.6.40,php:5.6-cli,PASS,No syntax errors detected in /app/htdocs/includes/tecnickcom/tcpdf/include/tcpdf_filters.php
dolibarr,htdocs/includes/tecnickcom/tcpdf/include/tcpdf_fonts.php,5.6.40,php:5.6-cli,PASS,No syntax errors detected in /app/htdocs/includes/tecnickcom/tcpdf/include/tcpdf_fonts.php
dolibarr,htdocs/includes/tecnickcom/tcpdf/include/tcpdf_images.php,5.6.40,php:5.6-cli,PASS,No syntax errors detected in /app/htdocs/includes/tecnickcom/tcpdf/include/tcpdf_images.php
dolibarr,htdocs/includes/tecnickcom/tcpdf/include/tcpdf_static.php,5.6.40,php:5.6-cli,PASS,No syntax errors detected in /app/htdocs/includes/tecnickcom/tcpdf/include/tcpdf_static.php
dolibarr,htdocs/includes/tecnickcom/tcpdf/tcpdf.php,5.6.40,php:5.6-cli,PASS,No syntax errors detected in /app/htdocs/includes/tecnickcom/tcpdf/tcpdf.php
dolibarr,htdocs/includes/tecnickcom/tcpdf/tcpdf_barcodes_1d.php,5.6.40,php:5.6-cli,PASS,No syntax errors detected in /app/htdocs/includes/tecnickcom/tcpdf/tcpdf_barcodes_1d.php
dolibarr,htdocs/includes/tecnickcom/tcpdf/tcpdf_barcodes_2d.php,5.6.40,php:5.6-cli,PASS,No syntax errors detected in /app/htdocs/includes/tecnickcom/tcpdf/tcpdf_barcodes_2d.php
dolibarr,htdocs/includes/tecnickcom/tcpdf/tcpdf_parser.php,5.6.40,php:5.6-cli,PASS,No syntax errors detected in /app/htdocs/includes/tecnickcom/tcpdf/tcpdf_parser.php
dolibarr,htdocs/index.php,5.6.40,php:5.6-cli,PASS,No syntax errors detected in /app/htdocs/index.php
dolibarr,htdocs/install/check.php,5.6.40,php:5.6-cli,PASS,No syntax errors detected in /app/htdocs/install/check.php
dolibarr,htdocs/install/fileconf.php,5.6.40,php:5.6-cli,PASS,No syntax errors detected in /app/htdocs/install/fileconf.php
dolibarr,htdocs/install/inc.php,5.6.40,php:5.6-cli,PASS,No syntax errors detected in /app/htdocs/install/inc.php
dolibarr,htdocs/install/lib/repair.lib.php,5.6.40,php:5.6-cli,PASS,No syntax errors detected in /app/htdocs/install/lib/repair.lib.php
dolibarr,htdocs/install/repair.php,5.6.40,php:5.6-cli,PASS,No syntax errors detected in /app/htdocs/install/repair.php
dolibarr,htdocs/install/step1.php,5.6.40,php:5.6-cli,PASS,No syntax errors detected in /app/htdocs/install/step1.php
dolibarr,htdocs/install/step2.php,5.6.40,php:5.6-cli,PASS,No syntax errors detected in /app/htdocs/install/step2.php
dolibarr,htdocs/install/step4.php,5.6.40,php:5.6-cli,PASS,No syntax errors detected in /app/htdocs/install/step4.php
dolibarr,htdocs/install/step5.php,5.6.40,php:5.6-cli,PASS,No syntax errors detected in /app/htdocs/install/step5.php
dolibarr,htdocs/install/upgrade.php,5.6.40,php:5.6-cli,PASS,No syntax errors detected in /app/htdocs/install/upgrade.php
dolibarr,htdocs/install/upgrade2.php,5.6.40,php:5.6-cli,PASS,No syntax errors detected in /app/htdocs/install/upgrade2.php
dolibarr,htdocs/livraison/card.php,5.6.40,php:5.6-cli,PASS,No syntax errors detected in /app/htdocs/livraison/card.php
dolibarr,htdocs/livraison/class/livraison.class.php,5.6.40,php:5.6-cli,PASS,No syntax errors detected in /app/htdocs/livraison/class/livraison.class.php
dolibarr,htdocs/loan/card.php,5.6.40,php:5.6-cli,PASS,No syntax errors detected in /app/htdocs/loan/card.php
dolibarr,htdocs/loan/class/loan.class.php,5.6.40,php:5.6-cli,PASS,No syntax errors detected in /app/htdocs/loan/class/loan.class.php
dolibarr,htdocs/loan/class/loanschedule.class.php,5.6.40,php:5.6-cli,PASS,No syntax errors detected in /app/htdocs/loan/class/loanschedule.class.php
dolibarr,htdocs/loan/class/paymentloan.class.php,5.6.40,php:5.6-cli,PASS,No syntax errors detected in /app/htdocs/loan/class/paymentloan.class.php
dolibarr,htdocs/loan/createschedule.php,5.6.40,php:5.6-cli,PASS,No syntax errors detected in /app/htdocs/loan/createschedule.php
dolibarr,htdocs/loan/document.php,5.6.40,php:5.6-cli,PASS,No syntax errors detected in /app/htdocs/loan/document.php
dolibarr,htdocs/loan/info.php,5.6.40,php:5.6-cli,PASS,No syntax errors detected in /app/htdocs/loan/info.php
dolibarr,htdocs/loan/list.php,5.6.40,php:5.6-cli,PASS,No syntax errors detected in /app/htdocs/loan/list.php
dolibarr,htdocs/loan/note.php,5.6.40,php:5.6-cli,PASS,No syntax errors detected in /app/htdocs/loan/note.php
dolibarr,htdocs/loan/payment/card.php,5.6.40,php:5.6-cli,PASS,No syntax errors detected in /app/htdocs/loan/payment/card.php
dolibarr,htdocs/loan/payment/payment.php,5.6.40,php:5.6-cli,PASS,No syntax errors detected in /app/htdocs/loan/payment/payment.php
dolibarr,htdocs/loan/schedule.php,5.6.40,php:5.6-cli,PASS,No syntax errors detected in /app/htdocs/loan/schedule.php
dolibarr,htdocs/mailmanspip/class/mailmanspip.class.php,5.6.40,php:5.6-cli,PASS,No syntax errors detected in /app/htdocs/mailmanspip/class/mailmanspip.class.php
dolibarr,htdocs/main.inc.php,5.6.40,php:5.6-cli,PASS,No syntax errors detected in /app/htdocs/main.inc.php
dolibarr,htdocs/margin/admin/margin.php,5.6.40,php:5.6-cli,PASS,No syntax errors detected in /app/htdocs/margin/admin/margin.php
dolibarr,htdocs/margin/agentMargins.php,5.6.40,php:5.6-cli,PASS,No syntax errors detected in /app/htdocs/margin/agentMargins.php
dolibarr,htdocs/margin/checkMargins.php,5.6.40,php:5.6-cli,PASS,No syntax errors detected in /app/htdocs/margin/checkMargins.php
dolibarr,htdocs/margin/customerMargins.php,5.6.40,php:5.6-cli,PASS,No syntax errors detected in /app/htdocs/margin/customerMargins.php
dolibarr,htdocs/margin/productMargins.php,5.6.40,php:5.6-cli,PASS,No syntax errors detected in /app/htdocs/margin/productMargins.php
dolibarr,htdocs/margin/tabs/productMargins.php,5.6.40,php:5.6-cli,PASS,No syntax errors detected in /app/htdocs/margin/tabs/productMargins.php
dolibarr,htdocs/margin/tabs/thirdpartyMargins.php,5.6.40,php:5.6-cli,PASS,No syntax errors detected in /app/htdocs/margin/tabs/thirdpartyMargins.php
dolibarr,htdocs/master.inc.php,5.6.40,php:5.6-cli,PASS,No syntax errors detected in /app/htdocs/master.inc.php
dolibarr,htdocs/modulebuilder/admin/setup.php,5.6.40,php:5.6-cli,PASS,No syntax errors detected in /app/htdocs/modulebuilder/admin/setup.php
dolibarr,htdocs/modulebuilder/index.php,5.6.40,php:5.6-cli,PASS,No syntax errors detected in /app/htdocs/modulebuilder/index.php
dolibarr,htdocs/modulebuilder/template/admin/about.php,5.6.40,php:5.6-cli,PASS,No syntax errors detected in /app/htdocs/modulebuilder/template/admin/about.php
dolibarr,htdocs/modulebuilder/template/admin/setup.php,5.6.40,php:5.6-cli,PASS,No syntax errors detected in /app/htdocs/modulebuilder/template/admin/setup.php
dolibarr,htdocs/modulebuilder/template/class/actions_mymodule.class.php,5.6.40,php:5.6-cli,PASS,No syntax errors detected in /app/htdocs/modulebuilder/template/class/actions_mymodule.class.php
dolibarr,htdocs/modulebuilder/template/class/api_mymodule.class.php,5.6.40,php:5.6-cli,PASS,No syntax errors detected in /app/htdocs/modulebuilder/template/class/api_mymodule.class.php
dolibarr,htdocs/modulebuilder/template/class/myobject.class.php,5.6.40,php:5.6-cli,PASS,No syntax errors detected in /app/htdocs/modulebuilder/template/class/myobject.class.php
dolibarr,htdocs/modulebuilder/template/core/modules/mailings/mailinglist_mymodule_myobject.modules.php,5.6.40,php:5.6-cli,PASS,No syntax errors detected in /app/htdocs/modulebuilder/template/core/modules/mailings/mailinglist_mymodule_myobject.modules.php
dolibarr,htdocs/modulebuilder/template/core/modules/modMyModule.class.php,5.6.40,php:5.6-cli,PASS,No syntax errors detected in /app/htdocs/modulebuilder/template/core/modules/modMyModule.class.php
dolibarr,htdocs/modulebuilder/template/core/triggers/interface_99_modMyModule_MyModuleTriggers.class.php,5.6.40,php:5.6-cli,PASS,No syntax errors detected in /app/htdocs/modulebuilder/template/core/triggers/interface_99_modMyModule_MyModuleTriggers.class.php
dolibarr,htdocs/modulebuilder/template/css/mymodule.css.php,5.6.40,php:5.6-cli,PASS,No syntax errors detected in /app/htdocs/modulebuilder/template/css/mymodule.css.php
dolibarr,htdocs/modulebuilder/template/lib/mymodule_myobject.lib.php,5.6.40,php:5.6-cli,PASS,No syntax errors detected in /app/htdocs/modulebuilder/template/lib/mymodule_myobject.lib.php
dolibarr,htdocs/modulebuilder/template/mymoduleindex.php,5.6.40,php:5.6-cli,PASS,No syntax errors detected in /app/htdocs/modulebuilder/template/mymoduleindex.php
dolibarr,htdocs/modulebuilder/template/myobject_agenda.php,5.6.40,php:5.6-cli,PASS,No syntax errors detected in /app/htdocs/modulebuilder/template/myobject_agenda.php
dolibarr,htdocs/modulebuilder/template/myobject_card.php,5.6.40,php:5.6-cli,PASS,No syntax errors detected in /app/htdocs/modulebuilder/template/myobject_card.php
dolibarr,htdocs/modulebuilder/template/myobject_document.php,5.6.40,php:5.6-cli,PASS,No syntax errors detected in /app/htdocs/modulebuilder/template/myobject_document.php
dolibarr,htdocs/modulebuilder/template/myobject_list.php,5.6.40,php:5.6-cli,PASS,No syntax errors detected in /app/htdocs/modulebuilder/template/myobject_list.php
dolibarr,htdocs/modulebuilder/template/myobject_note.php,5.6.40,php:5.6-cli,PASS,No syntax errors detected in /app/htdocs/modulebuilder/template/myobject_note.php
dolibarr,htdocs/modulebuilder/template/scripts/mymodule.php,5.6.40,php:5.6-cli,PASS,No syntax errors detected in /app/htdocs/modulebuilder/template/scripts/mymodule.php
dolibarr,htdocs/mrp/index.php,5.6.40,php:5.6-cli,PASS,No syntax errors detected in /app/htdocs/mrp/index.php
dolibarr,htdocs/multicurrency/class/multicurrency.class.php,5.6.40,php:5.6-cli,PASS,No syntax errors detected in /app/htdocs/multicurrency/class/multicurrency.class.php
dolibarr,htdocs/opensurvey/card.php,5.6.40,php:5.6-cli,PASS,No syntax errors detected in /app/htdocs/opensurvey/card.php
dolibarr,htdocs/opensurvey/class/opensurveysondage.class.php,5.6.40,php:5.6-cli,PASS,No syntax errors detected in /app/htdocs/opensurvey/class/opensurveysondage.class.php
dolibarr,htdocs/opensurvey/exportcsv.php,5.6.40,php:5.6-cli,PASS,No syntax errors detected in /app/htdocs/opensurvey/exportcsv.php
dolibarr,htdocs/opensurvey/fonctions.php,5.6.40,php:5.6-cli,PASS,No syntax errors detected in /app/htdocs/opensurvey/fonctions.php
dolibarr,htdocs/opensurvey/index.php,5.6.40,php:5.6-cli,PASS,No syntax errors detected in /app/htdocs/opensurvey/index.php
dolibarr,htdocs/opensurvey/list.php,5.6.40,php:5.6-cli,PASS,No syntax errors detected in /app/htdocs/opensurvey/list.php
dolibarr,htdocs/opensurvey/results.php,5.6.40,php:5.6-cli,PASS,No syntax errors detected in /app/htdocs/opensurvey/results.php
dolibarr,htdocs/opensurvey/wizard/choix_autre.php,5.6.40,php:5.6-cli,PASS,No syntax errors detected in /app/htdocs/opensurvey/wizard/choix_autre.php
dolibarr,htdocs/opensurvey/wizard/choix_date.php,5.6.40,php:5.6-cli,PASS,No syntax errors detected in /app/htdocs/opensurvey/wizard/choix_date.php
dolibarr,htdocs/opensurvey/wizard/create_survey.php,5.6.40,php:5.6-cli,PASS,No syntax errors detected in /app/htdocs/opensurvey/wizard/create_survey.php
dolibarr,htdocs/paybox/admin/paybox.php,5.6.40,php:5.6-cli,PASS,No syntax errors detected in /app/htdocs/paybox/admin/paybox.php
dolibarr,htdocs/paybox/lib/paybox.lib.php,5.6.40,php:5.6-cli,PASS,No syntax errors detected in /app/htdocs/paybox/lib/paybox.lib.php
dolibarr,htdocs/paypal/admin/paypal.php,5.6.40,php:5.6-cli,PASS,No syntax errors detected in /app/htdocs/paypal/admin/paypal.php
dolibarr,htdocs/paypal/lib/paypal.lib.php,5.6.40,php:5.6-cli,PASS,No syntax errors detected in /app/htdocs/paypal/lib/paypal.lib.php
dolibarr,htdocs/paypal/lib/paypalfunctions.lib.php,5.6.40,php:5.6-cli,PASS,No syntax errors detected in /app/htdocs/paypal/lib/paypalfunctions.lib.php
dolibarr,htdocs/printing/admin/printing.php,5.6.40,php:5.6-cli,PASS,No syntax errors detected in /app/htdocs/printing/admin/printing.php
dolibarr,htdocs/product/admin/dynamic_prices.php,5.6.40,php:5.6-cli,PASS,No syntax errors detected in /app/htdocs/product/admin/dynamic_prices.php
dolibarr,htdocs/product/admin/price_rules.php,5.6.40,php:5.6-cli,PASS,No syntax errors detected in /app/htdocs/product/admin/price_rules.php
dolibarr,htdocs/product/admin/product.php,5.6.40,php:5.6-cli,PASS,No syntax errors detected in /app/htdocs/product/admin/product.php
dolibarr,htdocs/product/admin/product_extrafields.php,5.6.40,php:5.6-cli,PASS,No syntax errors detected in /app/htdocs/product/admin/product_extrafields.php
dolibarr,htdocs/product/admin/product_tools.php,5.6.40,php:5.6-cli,PASS,No syntax errors detected in /app/htdocs/product/admin/product_tools.php
dolibarr,htdocs/product/agenda.php,5.6.40,php:5.6-cli,PASS,No syntax errors detected in /app/htdocs/product/agenda.php
dolibarr,htdocs/product/ajax/products.php,5.6.40,php:5.6-cli,PASS,No syntax errors detected in /app/htdocs/product/ajax/products.php
dolibarr,htdocs/product/canvas/product/actions_card_product.class.php,5.6.40,php:5.6-cli,PASS,No syntax errors detected in /app/htdocs/product/canvas/product/actions_card_product.class.php
dolibarr,htdocs/product/canvas/product/tpl/card_create.tpl.php,5.6.40,php:5.6-cli,PASS,No syntax errors detected in /app/htdocs/product/canvas/product/tpl/card_create.tpl.php
dolibarr,htdocs/product/canvas/product/tpl/card_edit.tpl.php,5.6.40,php:5.6-cli,PASS,No syntax errors detected in /app/htdocs/product/canvas/product/tpl/card_edit.tpl.php
dolibarr,htdocs/product/canvas/product/tpl/card_view.tpl.php,5.6.40,php:5.6-cli,PASS,No syntax errors detected in /app/htdocs/product/canvas/product/tpl/card_view.tpl.php
dolibarr,htdocs/product/canvas/service/actions_card_service.class.php,5.6.40,php:5.6-cli,PASS,No syntax errors detected in /app/htdocs/product/canvas/service/actions_card_service.class.php
dolibarr,htdocs/product/canvas/service/tpl/card_create.tpl.php,5.6.40,php:5.6-cli,PASS,No syntax errors detected in /app/htdocs/product/canvas/service/tpl/card_create.tpl.php
dolibarr,htdocs/product/canvas/service/tpl/card_edit.tpl.php,5.6.40,php:5.6-cli,PASS,No syntax errors detected in /app/htdocs/product/canvas/service/tpl/card_edit.tpl.php
dolibarr,htdocs/product/canvas/service/tpl/card_view.tpl.php,5.6.40,php:5.6-cli,PASS,No syntax errors detected in /app/htdocs/product/canvas/service/tpl/card_view.tpl.php
dolibarr,htdocs/product/card.php,5.6.40,php:5.6-cli,PASS,No syntax errors detected in /app/htdocs/product/card.php
dolibarr,htdocs/product/class/api_products.class.php,5.6.40,php:5.6-cli,PASS,No syntax errors detected in /app/htdocs/product/class/api_products.class.php
dolibarr,htdocs/product/class/html.formproduct.class.php,5.6.40,php:5.6-cli,PASS,No syntax errors detected in /app/htdocs/product/class/html.formproduct.class.php
dolibarr,htdocs/product/class/product.class.php,5.6.40,php:5.6-cli,PASS,No syntax errors detected in /app/htdocs/product/class/product.class.php
dolibarr,htdocs/product/class/productbatch.class.php,5.6.40,php:5.6-cli,PASS,No syntax errors detected in /app/htdocs/product/class/productbatch.class.php
dolibarr,htdocs/product/class/productcustomerprice.class.php,5.6.40,php:5.6-cli,PASS,No syntax errors detected in /app/htdocs/product/class/productcustomerprice.class.php
dolibarr,htdocs/product/class/propalmergepdfproduct.class.php,5.6.40,php:5.6-cli,PASS,No syntax errors detected in /app/htdocs/product/class/propalmergepdfproduct.class.php
dolibarr,htdocs/product/composition/card.php,5.6.40,php:5.6-cli,PASS,No syntax errors detected in /app/htdocs/product/composition/card.php
dolibarr,htdocs/product/document.php,5.6.40,php:5.6-cli,PASS,No syntax errors detected in /app/htdocs/product/document.php
dolibarr,htdocs/product/dynamic_price/class/price_expression.class.php,5.6.40,php:5.6-cli,PASS,No syntax errors detected in /app/htdocs/product/dynamic_price/class/price_expression.class.php
dolibarr,htdocs/product/dynamic_price/class/price_global_variable.class.php,5.6.40,php:5.6-cli,PASS,No syntax errors detected in /app/htdocs/product/dynamic_price/class/price_global_variable.class.php
dolibarr,htdocs/product/dynamic_price/class/price_global_variable_updater.class.php,5.6.40,php:5.6-cli,PASS,No syntax errors detected in /app/htdocs/product/dynamic_price/class/price_global_variable_updater.class.php
dolibarr,htdocs/product/dynamic_price/class/price_parser.class.php,5.6.40,php:5.6-cli,PASS,No syntax errors detected in /app/htdocs/product/dynamic_price/class/price_parser.class.php
dolibarr,htdocs/product/dynamic_price/editor.php,5.6.40,php:5.6-cli,PASS,No syntax errors detected in /app/htdocs/product/dynamic_price/editor.php
dolibarr,htdocs/product/fournisseurs.php,5.6.40,php:5.6-cli,PASS,No syntax errors detected in /app/htdocs/product/fournisseurs.php
dolibarr,htdocs/product/index.php,5.6.40,php:5.6-cli,PASS,No syntax errors detected in /app/htdocs/product/index.php
dolibarr,htdocs/product/inventory/card.php,5.6.40,php:5.6-cli,PASS,No syntax errors detected in /app/htdocs/product/inventory/card.php
dolibarr,htdocs/product/inventory/class/inventory.class.php,5.6.40,php:5.6-cli,PASS,No syntax errors detected in /app/htdocs/product/inventory/class/inventory.class.php
dolibarr,htdocs/product/inventory/lib/inventory.lib.php,5.6.40,php:5.6-cli,PASS,No syntax errors detected in /app/htdocs/product/inventory/lib/inventory.lib.php
dolibarr,htdocs/product/inventory/list.php,5.6.40,php:5.6-cli,PASS,No syntax errors detected in /app/htdocs/product/inventory/list.php
dolibarr,htdocs/product/inventory/tpl/inventory.tpl.php,5.6.40,php:5.6-cli,PASS,No syntax errors detected in /app/htdocs/product/inventory/tpl/inventory.tpl.php
dolibarr,htdocs/product/list.php,5.6.40,php:5.6-cli,PASS,No syntax errors detected in /app/htdocs/product/list.php
dolibarr,htdocs/product/note.php,5.6.40,php:5.6-cli,PASS,No syntax errors detected in /app/htdocs/product/note.php
dolibarr,htdocs/product/popuprop.php,5.6.40,php:5.6-cli,PASS,No syntax errors detected in /app/htdocs/product/popuprop.php
dolibarr,htdocs/product/price.php,5.6.40,php:5.6-cli,PASS,No syntax errors detected in /app/htdocs/product/price.php
dolibarr,htdocs/product/reassort.php,5.6.40,php:5.6-cli,PASS,No syntax errors detected in /app/htdocs/product/reassort.php
dolibarr,htdocs/product/reassortlot.php,5.6.40,php:5.6-cli,PASS,No syntax errors detected in /app/htdocs/product/reassortlot.php
dolibarr,htdocs/product/stats/card.php,5.6.40,php:5.6-cli,PASS,No syntax errors detected in /app/htdocs/product/stats/card.php
dolibarr,htdocs/product/stats/commande.php,5.6.40,php:5.6-cli,PASS,No syntax errors detected in /app/htdocs/product/stats/commande.php
dolibarr,htdocs/product/stats/commande_fournisseur.php,5.6.40,php:5.6-cli,PASS,No syntax errors detected in /app/htdocs/product/stats/commande_fournisseur.php
dolibarr,htdocs/product/stats/contrat.php,5.6.40,php:5.6-cli,PASS,No syntax errors detected in /app/htdocs/product/stats/contrat.php
dolibarr,htdocs/product/stats/facture.php,5.6.40,php:5.6-cli,PASS,No syntax errors detected in /app/htdocs/product/stats/facture.php
dolibarr,htdocs/product/stats/facture_fournisseur.php,5.6.40,php:5.6-cli,PASS,No syntax errors detected in /app/htdocs/product/stats/facture_fournisseur.php
dolibarr,htdocs/product/stats/propal.php,5.6.40,php:5.6-cli,PASS,No syntax errors detected in /app/htdocs/product/stats/propal.php
dolibarr,htdocs/product/stats/supplier_proposal.php,5.6.40,php:5.6-cli,PASS,No syntax errors detected in /app/htdocs/product/stats/supplier_proposal.php
dolibarr,htdocs/product/stock/card.php,5.6.40,php:5.6-cli,PASS,No syntax errors detected in /app/htdocs/product/stock/card.php
dolibarr,htdocs/product/stock/class/api_stockmovements.class.php,5.6.40,php:5.6-cli,PASS,No syntax errors detected in /app/htdocs/product/stock/class/api_stockmovements.class.php
dolibarr,htdocs/product/stock/class/api_warehouses.class.php,5.6.40,php:5.6-cli,PASS,No syntax errors detected in /app/htdocs/product/stock/class/api_warehouses.class.php
dolibarr,htdocs/product/stock/class/entrepot.class.php,5.6.40,php:5.6-cli,PASS,No syntax errors detected in /app/htdocs/product/stock/class/entrepot.class.php
dolibarr,htdocs/product/stock/class/mouvementstock.class.php,5.6.40,php:5.6-cli,PASS,No syntax errors detected in /app/htdocs/product/stock/class/mouvementstock.class.php
dolibarr,htdocs/product/stock/class/productlot.class.php,5.6.40,php:5.6-cli,PASS,No syntax errors detected in /app/htdocs/product/stock/class/productlot.class.php
dolibarr,htdocs/product/stock/class/productstockentrepot.class.php,5.6.40,php:5.6-cli,PASS,No syntax errors detected in /app/htdocs/product/stock/class/productstockentrepot.class.php
dolibarr,htdocs/product/stock/fiche-valo.php,5.6.40,php:5.6-cli,PASS,No syntax errors detected in /app/htdocs/product/stock/fiche-valo.php
dolibarr,htdocs/product/stock/index.php,5.6.40,php:5.6-cli,PASS,No syntax errors detected in /app/htdocs/product/stock/index.php
dolibarr,htdocs/product/stock/lib/replenishment.lib.php,5.6.40,php:5.6-cli,PASS,No syntax errors detected in /app/htdocs/product/stock/lib/replenishment.lib.php
dolibarr,htdocs/product/stock/list.php,5.6.40,php:5.6-cli,PASS,No syntax errors detected in /app/htdocs/product/stock/list.php
dolibarr,htdocs/product/stock/massstockmove.php,5.6.40,php:5.6-cli,PASS,No syntax errors detected in /app/htdocs/product/stock/massstockmove.php
dolibarr,htdocs/product/stock/movement_card.php,5.6.40,php:5.6-cli,PASS,No syntax errors detected in /app/htdocs/product/stock/movement_card.php
dolibarr,htdocs/product/stock/movement_list.php,5.6.40,php:5.6-cli,PASS,No syntax errors detected in /app/htdocs/product/stock/movement_list.php
dolibarr,htdocs/product/stock/product.php,5.6.40,php:5.6-cli,PASS,No syntax errors detected in /app/htdocs/product/stock/product.php
dolibarr,htdocs/product/stock/productlot_card.php,5.6.40,php:5.6-cli,PASS,No syntax errors detected in /app/htdocs/product/stock/productlot_card.php
dolibarr,htdocs/product/stock/productlot_document.php,5.6.40,php:5.6-cli,PASS,No syntax errors detected in /app/htdocs/product/stock/productlot_document.php
dolibarr,htdocs/product/stock/productlot_list.php,5.6.40,php:5.6-cli,PASS,No syntax errors detected in /app/htdocs/product/stock/productlot_list.php
dolibarr,htdocs/product/stock/replenish.php,5.6.40,php:5.6-cli,PASS,No syntax errors detected in /app/htdocs/product/stock/replenish.php
dolibarr,htdocs/product/stock/replenishorders.php,5.6.40,php:5.6-cli,PASS,No syntax errors detected in /app/htdocs/product/stock/replenishorders.php
dolibarr,htdocs/product/stock/tpl/stockcorrection.tpl.php,5.6.40,php:5.6-cli,PASS,No syntax errors detected in /app/htdocs/product/stock/tpl/stockcorrection.tpl.php
dolibarr,htdocs/product/stock/tpl/stocktransfer.tpl.php,5.6.40,php:5.6-cli,PASS,No syntax errors detected in /app/htdocs/product/stock/tpl/stocktransfer.tpl.php
dolibarr,htdocs/product/stock/valo.php,5.6.40,php:5.6-cli,PASS,No syntax errors detected in /app/htdocs/product/stock/valo.php
dolibarr,htdocs/product/traduction.php,5.6.40,php:5.6-cli,PASS,No syntax errors detected in /app/htdocs/product/traduction.php
dolibarr,htdocs/projet/activity/index.php,5.6.40,php:5.6-cli,PASS,No syntax errors detected in /app/htdocs/projet/activity/index.php
dolibarr,htdocs/projet/activity/perday.php,5.6.40,php:5.6-cli,PASS,No syntax errors detected in /app/htdocs/projet/activity/perday.php
dolibarr,htdocs/projet/activity/perweek.php,5.6.40,php:5.6-cli,PASS,No syntax errors detected in /app/htdocs/projet/activity/perweek.php
dolibarr,htdocs/projet/admin/project.php,5.6.40,php:5.6-cli,PASS,No syntax errors detected in /app/htdocs/projet/admin/project.php
dolibarr,htdocs/projet/ajax/projects.php,5.6.40,php:5.6-cli,PASS,No syntax errors detected in /app/htdocs/projet/ajax/projects.php
dolibarr,htdocs/projet/card.php,5.6.40,php:5.6-cli,PASS,No syntax errors detected in /app/htdocs/projet/card.php
dolibarr,htdocs/projet/class/api_projects.class.php,5.6.40,php:5.6-cli,PASS,No syntax errors detected in /app/htdocs/projet/class/api_projects.class.php
dolibarr,htdocs/projet/class/api_tasks.class.php,5.6.40,php:5.6-cli,PASS,No syntax errors detected in /app/htdocs/projet/class/api_tasks.class.php
dolibarr,htdocs/projet/class/project.class.php,5.6.40,php:5.6-cli,PASS,No syntax errors detected in /app/htdocs/projet/class/project.class.php
dolibarr,htdocs/projet/class/projectstats.class.php,5.6.40,php:5.6-cli,PASS,No syntax errors detected in /app/htdocs/projet/class/projectstats.class.php
dolibarr,htdocs/projet/class/task.class.php,5.6.40,php:5.6-cli,PASS,No syntax errors detected in /app/htdocs/projet/class/task.class.php
dolibarr,htdocs/projet/class/taskstats.class.php,5.6.40,php:5.6-cli,PASS,No syntax errors detected in /app/htdocs/projet/class/taskstats.class.php
dolibarr,htdocs/projet/comment.php,5.6.40,php:5.6-cli,PASS,No syntax errors detected in /app/htdocs/projet/comment.php
dolibarr,htdocs/projet/contact.php,5.6.40,php:5.6-cli,PASS,No syntax errors detected in /app/htdocs/projet/contact.php
dolibarr,htdocs/projet/document.php,5.6.40,php:5.6-cli,PASS,No syntax errors detected in /app/htdocs/projet/document.php
dolibarr,htdocs/projet/element.php,5.6.40,php:5.6-cli,PASS,No syntax errors detected in /app/htdocs/projet/element.php
dolibarr,htdocs/projet/ganttchart.inc.php,5.6.40,php:5.6-cli,PASS,No syntax errors detected in /app/htdocs/projet/ganttchart.inc.php
dolibarr,htdocs/projet/ganttview.php,5.6.40,php:5.6-cli,PASS,No syntax errors detected in /app/htdocs/projet/ganttview.php
dolibarr,htdocs/projet/graph_opportunities.inc.php,5.6.40,php:5.6-cli,PASS,No syntax errors detected in /app/htdocs/projet/graph_opportunities.inc.php
dolibarr,htdocs/projet/index.php,5.6.40,php:5.6-cli,PASS,No syntax errors detected in /app/htdocs/projet/index.php
dolibarr,htdocs/projet/info.php,5.6.40,php:5.6-cli,PASS,No syntax errors detected in /app/htdocs/projet/info.php
dolibarr,htdocs/projet/list.php,5.6.40,php:5.6-cli,PASS,No syntax errors detected in /app/htdocs/projet/list.php
dolibarr,htdocs/projet/note.php,5.6.40,php:5.6-cli,PASS,No syntax errors detected in /app/htdocs/projet/note.php
dolibarr,htdocs/projet/stats/index.php,5.6.40,php:5.6-cli,PASS,No syntax errors detected in /app/htdocs/projet/stats/index.php
dolibarr,htdocs/projet/tasks.php,5.6.40,php:5.6-cli,PASS,No syntax errors detected in /app/htdocs/projet/tasks.php
dolibarr,htdocs/projet/tasks/comment.php,5.6.40,php:5.6-cli,PASS,No syntax errors detected in /app/htdocs/projet/tasks/comment.php
dolibarr,htdocs/projet/tasks/contact.php,5.6.40,php:5.6-cli,PASS,No syntax errors detected in /app/htdocs/projet/tasks/contact.php
dolibarr,htdocs/projet/tasks/document.php,5.6.40,php:5.6-cli,PASS,No syntax errors detected in /app/htdocs/projet/tasks/document.php
dolibarr,htdocs/projet/tasks/list.php,5.6.40,php:5.6-cli,PASS,No syntax errors detected in /app/htdocs/projet/tasks/list.php
dolibarr,htdocs/projet/tasks/note.php,5.6.40,php:5.6-cli,PASS,No syntax errors detected in /app/htdocs/projet/tasks/note.php
dolibarr,htdocs/projet/tasks/stats/index.php,5.6.40,php:5.6-cli,PASS,No syntax errors detected in /app/htdocs/projet/tasks/stats/index.php
dolibarr,htdocs/projet/tasks/task.php,5.6.40,php:5.6-cli,PASS,No syntax errors detected in /app/htdocs/projet/tasks/task.php
dolibarr,htdocs/projet/tasks/time.php,5.6.40,php:5.6-cli,PASS,No syntax errors detected in /app/htdocs/projet/tasks/time.php
dolibarr,htdocs/public/agenda/agendaexport.php,5.6.40,php:5.6-cli,PASS,No syntax errors detected in /app/htdocs/public/agenda/agendaexport.php
dolibarr,htdocs/public/cron/cron_run_jobs.php,5.6.40,php:5.6-cli,PASS,No syntax errors detected in /app/htdocs/public/cron/cron_run_jobs.php
dolibarr,htdocs/public/demo/index.php,5.6.40,php:5.6-cli,PASS,No syntax errors detected in /app/htdocs/public/demo/index.php
dolibarr,htdocs/public/donations/donateurs_code.php,5.6.40,php:5.6-cli,PASS,No syntax errors detected in /app/htdocs/public/donations/donateurs_code.php
dolibarr,htdocs/public/emailing/mailing-read.php,5.6.40,php:5.6-cli,PASS,No syntax errors detected in /app/htdocs/public/emailing/mailing-read.php
dolibarr,htdocs/public/emailing/mailing-unsubscribe.php,5.6.40,php:5.6-cli,PASS,No syntax errors detected in /app/htdocs/public/emailing/mailing-unsubscribe.php
dolibarr,htdocs/public/members/new.php,5.6.40,php:5.6-cli,PASS,No syntax errors detected in /app/htdocs/public/members/new.php
dolibarr,htdocs/public/members/public_card.php,5.6.40,php:5.6-cli,PASS,No syntax errors detected in /app/htdocs/public/members/public_card.php
dolibarr,htdocs/public/members/public_list.php,5.6.40,php:5.6-cli,PASS,No syntax errors detected in /app/htdocs/public/members/public_list.php
dolibarr,htdocs/public/onlinesign/newonlinesign.php,5.6.40,php:5.6-cli,PASS,No syntax errors detected in /app/htdocs/public/onlinesign/newonlinesign.php
dolibarr,htdocs/public/opensurvey/studs.php,5.6.40,php:5.6-cli,PASS,No syntax errors detected in /app/htdocs/public/opensurvey/studs.php
dolibarr,htdocs/public/paybox/paymentko.php,5.6.40,php:5.6-cli,PASS,No syntax errors detected in /app/htdocs/public/paybox/paymentko.php
dolibarr,htdocs/public/paybox/paymentok.php,5.6.40,php:5.6-cli,PASS,No syntax errors detected in /app/htdocs/public/paybox/paymentok.php
dolibarr,htdocs/public/payment/newpayment.php,5.6.40,php:5.6-cli,PASS,No syntax errors detected in /app/htdocs/public/payment/newpayment.php
dolibarr,htdocs/public/payment/paymentko.php,5.6.40,php:5.6-cli,PASS,No syntax errors detected in /app/htdocs/public/payment/paymentko.php
dolibarr,htdocs/public/payment/paymentok.php,5.6.40,php:5.6-cli,PASS,No syntax errors detected in /app/htdocs/public/payment/paymentok.php
dolibarr,htdocs/public/paypal/newpayment.php,5.6.40,php:5.6-cli,PASS,No syntax errors detected in /app/htdocs/public/paypal/newpayment.php
dolibarr,htdocs/public/paypal/paymentko.php,5.6.40,php:5.6-cli,PASS,No syntax errors detected in /app/htdocs/public/paypal/paymentko.php
dolibarr,htdocs/public/paypal/paymentok.php,5.6.40,php:5.6-cli,PASS,No syntax errors detected in /app/htdocs/public/paypal/paymentok.php
dolibarr,htdocs/public/stripe/confirm_payment.php,5.6.40,php:5.6-cli,PASS,No syntax errors detected in /app/htdocs/public/stripe/confirm_payment.php
dolibarr,htdocs/public/stripe/ipn.php,5.6.40,php:5.6-cli,PASS,No syntax errors detected in /app/htdocs/public/stripe/ipn.php
dolibarr,htdocs/public/stripe/paymentko.php,5.6.40,php:5.6-cli,PASS,No syntax errors detected in /app/htdocs/public/stripe/paymentko.php
dolibarr,htdocs/public/stripe/paymentok.php,5.6.40,php:5.6-cli,PASS,No syntax errors detected in /app/htdocs/public/stripe/paymentok.php
dolibarr,htdocs/public/test/test_arrays.php,5.6.40,php:5.6-cli,PASS,No syntax errors detected in /app/htdocs/public/test/test_arrays.php
dolibarr,htdocs/public/test/test_forms.php,5.6.40,php:5.6-cli,PASS,No syntax errors detected in /app/htdocs/public/test/test_forms.php
dolibarr,htdocs/public/test/test_sessionlock.php,5.6.40,php:5.6-cli,PASS,No syntax errors detected in /app/htdocs/public/test/test_sessionlock.php
dolibarr,htdocs/public/ticket/create_ticket.php,5.6.40,php:5.6-cli,PASS,No syntax errors detected in /app/htdocs/public/ticket/create_ticket.php
dolibarr,htdocs/public/ticket/index.php,5.6.40,php:5.6-cli,PASS,No syntax errors detected in /app/htdocs/public/ticket/index.php
dolibarr,htdocs/public/ticket/list.php,5.6.40,php:5.6-cli,PASS,No syntax errors detected in /app/htdocs/public/ticket/list.php
dolibarr,htdocs/public/ticket/view.php,5.6.40,php:5.6-cli,PASS,No syntax errors detected in /app/htdocs/public/ticket/view.php
dolibarr,htdocs/public/website/index.php,5.6.40,php:5.6-cli,PASS,No syntax errors detected in /app/htdocs/public/website/index.php
dolibarr,htdocs/public/website/styles.css.php,5.6.40,php:5.6-cli,PASS,No syntax errors detected in /app/htdocs/public/website/styles.css.php
dolibarr,htdocs/reception/card.php,5.6.40,php:5.6-cli,PASS,No syntax errors detected in /app/htdocs/reception/card.php
dolibarr,htdocs/reception/class/reception.class.php,5.6.40,php:5.6-cli,PASS,No syntax errors detected in /app/htdocs/reception/class/reception.class.php
dolibarr,htdocs/reception/class/receptionstats.class.php,5.6.40,php:5.6-cli,PASS,No syntax errors detected in /app/htdocs/reception/class/receptionstats.class.php
dolibarr,htdocs/reception/contact.php,5.6.40,php:5.6-cli,PASS,No syntax errors detected in /app/htdocs/reception/contact.php
dolibarr,htdocs/reception/index.php,5.6.40,php:5.6-cli,PASS,No syntax errors detected in /app/htdocs/reception/index.php
dolibarr,htdocs/reception/list.php,5.6.40,php:5.6-cli,PASS,No syntax errors detected in /app/htdocs/reception/list.php
dolibarr,htdocs/reception/note.php,5.6.40,php:5.6-cli,PASS,No syntax errors detected in /app/htdocs/reception/note.php
dolibarr,htdocs/reception/stats/index.php,5.6.40,php:5.6-cli,PASS,No syntax errors detected in /app/htdocs/reception/stats/index.php
dolibarr,htdocs/reception/stats/month.php,5.6.40,php:5.6-cli,PASS,No syntax errors detected in /app/htdocs/reception/stats/month.php
dolibarr,htdocs/reception/tpl/linkedobjectblock.tpl.php,5.6.40,php:5.6-cli,PASS,No syntax errors detected in /app/htdocs/reception/tpl/linkedobjectblock.tpl.php
dolibarr,htdocs/resource/agenda.php,5.6.40,php:5.6-cli,PASS,No syntax errors detected in /app/htdocs/resource/agenda.php
dolibarr,htdocs/resource/card.php,5.6.40,php:5.6-cli,PASS,No syntax errors detected in /app/htdocs/resource/card.php
dolibarr,htdocs/resource/class/dolresource.class.php,5.6.40,php:5.6-cli,PASS,No syntax errors detected in /app/htdocs/resource/class/dolresource.class.php
dolibarr,htdocs/resource/class/html.formresource.class.php,5.6.40,php:5.6-cli,PASS,No syntax errors detected in /app/htdocs/resource/class/html.formresource.class.php
dolibarr,htdocs/resource/contact.php,5.6.40,php:5.6-cli,PASS,No syntax errors detected in /app/htdocs/resource/contact.php
dolibarr,htdocs/resource/document.php,5.6.40,php:5.6-cli,PASS,No syntax errors detected in /app/htdocs/resource/document.php
dolibarr,htdocs/resource/element_resource.php,5.6.40,php:5.6-cli,PASS,No syntax errors detected in /app/htdocs/resource/element_resource.php
dolibarr,htdocs/resource/list.php,5.6.40,php:5.6-cli,PASS,No syntax errors detected in /app/htdocs/resource/list.php
dolibarr,htdocs/societe/admin/societe.php,5.6.40,php:5.6-cli,PASS,No syntax errors detected in /app/htdocs/societe/admin/societe.php
dolibarr,htdocs/societe/agenda.php,5.6.40,php:5.6-cli,PASS,No syntax errors detected in /app/htdocs/societe/agenda.php
dolibarr,htdocs/societe/ajax/company.php,5.6.40,php:5.6-cli,PASS,No syntax errors detected in /app/htdocs/societe/ajax/company.php
dolibarr,htdocs/societe/ajaxcompanies.php,5.6.40,php:5.6-cli,PASS,No syntax errors detected in /app/htdocs/societe/ajaxcompanies.php
dolibarr,htdocs/societe/ajaxcountries.php,5.6.40,php:5.6-cli,PASS,No syntax errors detected in /app/htdocs/societe/ajaxcountries.php
dolibarr,htdocs/societe/canvas/actions_card_common.class.php,5.6.40,php:5.6-cli,PASS,No syntax errors detected in /app/htdocs/societe/canvas/actions_card_common.class.php
dolibarr,htdocs/societe/canvas/company/actions_card_company.class.php,5.6.40,php:5.6-cli,PASS,No syntax errors detected in /app/htdocs/societe/canvas/company/actions_card_company.class.php
dolibarr,htdocs/societe/canvas/company/tpl/card_create.tpl.php,5.6.40,php:5.6-cli,PASS,No syntax errors detected in /app/htdocs/societe/canvas/company/tpl/card_create.tpl.php
dolibarr,htdocs/societe/canvas/company/tpl/card_edit.tpl.php,5.6.40,php:5.6-cli,PASS,No syntax errors detected in /app/htdocs/societe/canvas/company/tpl/card_edit.tpl.php
dolibarr,htdocs/societe/canvas/company/tpl/card_view.tpl.php,5.6.40,php:5.6-cli,PASS,No syntax errors detected in /app/htdocs/societe/canvas/company/tpl/card_view.tpl.php
dolibarr,htdocs/societe/canvas/individual/actions_card_individual.class.php,5.6.40,php:5.6-cli,PASS,No syntax errors detected in /app/htdocs/societe/canvas/individual/actions_card_individual.class.php
dolibarr,htdocs/societe/canvas/individual/tpl/card_create.tpl.php,5.6.40,php:5.6-cli,PASS,No syntax errors detected in /app/htdocs/societe/canvas/individual/tpl/card_create.tpl.php
dolibarr,htdocs/societe/canvas/individual/tpl/card_edit.tpl.php,5.6.40,php:5.6-cli,PASS,No syntax errors detected in /app/htdocs/societe/canvas/individual/tpl/card_edit.tpl.php
dolibarr,htdocs/societe/canvas/individual/tpl/card_view.tpl.php,5.6.40,php:5.6-cli,PASS,No syntax errors detected in /app/htdocs/societe/canvas/individual/tpl/card_view.tpl.php
dolibarr,htdocs/societe/card.php,5.6.40,php:5.6-cli,PASS,No syntax errors detected in /app/htdocs/societe/card.php
dolibarr,htdocs/societe/checkvat/checkVatPopup.php,5.6.40,php:5.6-cli,PASS,No syntax errors detected in /app/htdocs/societe/checkvat/checkVatPopup.php
dolibarr,htdocs/societe/class/api_contacts.class.php,5.6.40,php:5.6-cli,PASS,No syntax errors detected in /app/htdocs/societe/class/api_contacts.class.php
dolibarr,htdocs/societe/class/api_thirdparties.class.php,5.6.40,php:5.6-cli,PASS,No syntax errors detected in /app/htdocs/societe/class/api_thirdparties.class.php
dolibarr,htdocs/societe/class/client.class.php,5.6.40,php:5.6-cli,PASS,No syntax errors detected in /app/htdocs/societe/class/client.class.php
dolibarr,htdocs/societe/class/companybankaccount.class.php,5.6.40,php:5.6-cli,PASS,No syntax errors detected in /app/htdocs/societe/class/companybankaccount.class.php
dolibarr,htdocs/societe/class/companypaymentmode.class.php,5.6.40,php:5.6-cli,PASS,No syntax errors detected in /app/htdocs/societe/class/companypaymentmode.class.php
dolibarr,htdocs/societe/class/societe.class.php,5.6.40,php:5.6-cli,PASS,No syntax errors detected in /app/htdocs/societe/class/societe.class.php
dolibarr,htdocs/societe/class/societeaccount.class.php,5.6.40,php:5.6-cli,PASS,No syntax errors detected in /app/htdocs/societe/class/societeaccount.class.php
dolibarr,htdocs/societe/consumption.php,5.6.40,php:5.6-cli,PASS,No syntax errors detected in /app/htdocs/societe/consumption.php
dolibarr,htdocs/societe/contact.php,5.6.40,php:5.6-cli,PASS,No syntax errors detected in /app/htdocs/societe/contact.php
dolibarr,htdocs/societe/document.php,5.6.40,php:5.6-cli,PASS,No syntax errors detected in /app/htdocs/societe/document.php
dolibarr,htdocs/societe/index.php,5.6.40,php:5.6-cli,PASS,No syntax errors detected in /app/htdocs/societe/index.php
dolibarr,htdocs/societe/list.php,5.6.40,php:5.6-cli,PASS,No syntax errors detected in /app/htdocs/societe/list.php
dolibarr,htdocs/societe/note.php,5.6.40,php:5.6-cli,PASS,No syntax errors detected in /app/htdocs/societe/note.php
dolibarr,htdocs/societe/notify/card.php,5.6.40,php:5.6-cli,PASS,No syntax errors detected in /app/htdocs/societe/notify/card.php
dolibarr,htdocs/societe/notify/index.php,5.6.40,php:5.6-cli,PASS,No syntax errors detected in /app/htdocs/societe/notify/index.php
dolibarr,htdocs/societe/paymentmodes.php,5.6.40,php:5.6-cli,PASS,No syntax errors detected in /app/htdocs/societe/paymentmodes.php
dolibarr,htdocs/societe/price.php,5.6.40,php:5.6-cli,PASS,No syntax errors detected in /app/htdocs/societe/price.php
dolibarr,htdocs/societe/project.php,5.6.40,php:5.6-cli,PASS,No syntax errors detected in /app/htdocs/societe/project.php
dolibarr,htdocs/societe/societecontact.php,5.6.40,php:5.6-cli,PASS,No syntax errors detected in /app/htdocs/societe/societecontact.php
dolibarr,htdocs/societe/website.php,5.6.40,php:5.6-cli,PASS,No syntax errors detected in /app/htdocs/societe/website.php
dolibarr,htdocs/stripe/admin/stripe.php,5.6.40,php:5.6-cli,PASS,No syntax errors detected in /app/htdocs/stripe/admin/stripe.php
dolibarr,htdocs/stripe/charge.php,5.6.40,php:5.6-cli,PASS,No syntax errors detected in /app/htdocs/stripe/charge.php
dolibarr,htdocs/stripe/class/actions_stripe.class.php,5.6.40,php:5.6-cli,PASS,No syntax errors detected in /app/htdocs/stripe/class/actions_stripe.class.php
dolibarr,htdocs/stripe/class/stripe.class.php,5.6.40,php:5.6-cli,PASS,No syntax errors detected in /app/htdocs/stripe/class/stripe.class.php
dolibarr,htdocs/stripe/lib/stripe.lib.php,5.6.40,php:5.6-cli,PASS,No syntax errors detected in /app/htdocs/stripe/lib/stripe.lib.php
dolibarr,htdocs/stripe/payment.php,5.6.40,php:5.6-cli,PASS,No syntax errors detected in /app/htdocs/stripe/payment.php
dolibarr,htdocs/stripe/payout.php,5.6.40,php:5.6-cli,PASS,No syntax errors detected in /app/htdocs/stripe/payout.php
dolibarr,htdocs/stripe/transaction.php,5.6.40,php:5.6-cli,PASS,No syntax errors detected in /app/htdocs/stripe/transaction.php
dolibarr,htdocs/supplier_proposal/card.php,5.6.40,php:5.6-cli,PASS,No syntax errors detected in /app/htdocs/supplier_proposal/card.php
dolibarr,htdocs/supplier_proposal/class/api_supplier_proposals.class.php,5.6.40,php:5.6-cli,PASS,No syntax errors detected in /app/htdocs/supplier_proposal/class/api_supplier_proposals.class.php
dolibarr,htdocs/supplier_proposal/class/supplier_proposal.class.php,5.6.40,php:5.6-cli,PASS,No syntax errors detected in /app/htdocs/supplier_proposal/class/supplier_proposal.class.php
dolibarr,htdocs/supplier_proposal/contact.php,5.6.40,php:5.6-cli,PASS,No syntax errors detected in /app/htdocs/supplier_proposal/contact.php
dolibarr,htdocs/supplier_proposal/document.php,5.6.40,php:5.6-cli,PASS,No syntax errors detected in /app/htdocs/supplier_proposal/document.php
dolibarr,htdocs/supplier_proposal/index.php,5.6.40,php:5.6-cli,PASS,No syntax errors detected in /app/htdocs/supplier_proposal/index.php
dolibarr,htdocs/supplier_proposal/info.php,5.6.40,php:5.6-cli,PASS,No syntax errors detected in /app/htdocs/supplier_proposal/info.php
dolibarr,htdocs/supplier_proposal/list.php,5.6.40,php:5.6-cli,PASS,No syntax errors detected in /app/htdocs/supplier_proposal/list.php
dolibarr,htdocs/supplier_proposal/note.php,5.6.40,php:5.6-cli,PASS,No syntax errors detected in /app/htdocs/supplier_proposal/note.php
dolibarr,htdocs/supplier_proposal/tpl/linkedobjectblock.tpl.php,5.6.40,php:5.6-cli,PASS,No syntax errors detected in /app/htdocs/supplier_proposal/tpl/linkedobjectblock.tpl.php
dolibarr,htdocs/support/inc.php,5.6.40,php:5.6-cli,PASS,No syntax errors detected in /app/htdocs/support/inc.php
dolibarr,htdocs/support/index.php,5.6.40,php:5.6-cli,PASS,No syntax errors detected in /app/htdocs/support/index.php
dolibarr,htdocs/takepos/admin/orderprinters.php,5.6.40,php:5.6-cli,PASS,No syntax errors detected in /app/htdocs/takepos/admin/orderprinters.php
dolibarr,htdocs/takepos/admin/setup.php,5.6.40,php:5.6-cli,PASS,No syntax errors detected in /app/htdocs/takepos/admin/setup.php
dolibarr,htdocs/takepos/admin/terminal.php,5.6.40,php:5.6-cli,PASS,No syntax errors detected in /app/htdocs/takepos/admin/terminal.php
dolibarr,htdocs/takepos/ajax.php,5.6.40,php:5.6-cli,PASS,No syntax errors detected in /app/htdocs/takepos/ajax.php
dolibarr,htdocs/takepos/floors.php,5.6.40,php:5.6-cli,PASS,No syntax errors detected in /app/htdocs/takepos/floors.php
dolibarr,htdocs/takepos/freezone.php,5.6.40,php:5.6-cli,PASS,No syntax errors detected in /app/htdocs/takepos/freezone.php
dolibarr,htdocs/takepos/invoice.php,5.6.40,php:5.6-cli,PASS,No syntax errors detected in /app/htdocs/takepos/invoice.php
dolibarr,htdocs/takepos/pay.php,5.6.40,php:5.6-cli,PASS,No syntax errors detected in /app/htdocs/takepos/pay.php
dolibarr,htdocs/takepos/receipt.php,5.6.40,php:5.6-cli,PASS,No syntax errors detected in /app/htdocs/takepos/receipt.php
dolibarr,htdocs/takepos/takepos.php,5.6.40,php:5.6-cli,PASS,No syntax errors detected in /app/htdocs/takepos/takepos.php
dolibarr,htdocs/theme/eldy/doc/badges.php,5.6.40,php:5.6-cli,PASS,No syntax errors detected in /app/htdocs/theme/eldy/doc/badges.php
dolibarr,htdocs/theme/eldy/global.inc.php,5.6.40,php:5.6-cli,PASS,No syntax errors detected in /app/htdocs/theme/eldy/global.inc.php
dolibarr,htdocs/theme/eldy/style.css.php,5.6.40,php:5.6-cli,PASS,No syntax errors detected in /app/htdocs/theme/eldy/style.css.php
dolibarr,htdocs/theme/md/style.css.php,5.6.40,php:5.6-cli,PASS,No syntax errors detected in /app/htdocs/theme/md/style.css.php
dolibarr,htdocs/ticket/agenda.php,5.6.40,php:5.6-cli,PASS,No syntax errors detected in /app/htdocs/ticket/agenda.php
dolibarr,htdocs/ticket/card.php,5.6.40,php:5.6-cli,PASS,No syntax errors detected in /app/htdocs/ticket/card.php
dolibarr,htdocs/ticket/class/actions_ticket.class.php,5.6.40,php:5.6-cli,PASS,No syntax errors detected in /app/htdocs/ticket/class/actions_ticket.class.php
dolibarr,htdocs/ticket/class/api_tickets.class.php,5.6.40,php:5.6-cli,PASS,No syntax errors detected in /app/htdocs/ticket/class/api_tickets.class.php
dolibarr,htdocs/ticket/class/ticket.class.php,5.6.40,php:5.6-cli,PASS,No syntax errors detected in /app/htdocs/ticket/class/ticket.class.php
dolibarr,htdocs/ticket/class/utils_diff.class.php,5.6.40,php:5.6-cli,PASS,No syntax errors detected in /app/htdocs/ticket/class/utils_diff.class.php
dolibarr,htdocs/ticket/contact.php,5.6.40,php:5.6-cli,PASS,No syntax errors detected in /app/htdocs/ticket/contact.php
dolibarr,htdocs/ticket/document.php,5.6.40,php:5.6-cli,PASS,No syntax errors detected in /app/htdocs/ticket/document.php
dolibarr,htdocs/ticket/index.php,5.6.40,php:5.6-cli,PASS,No syntax errors detected in /app/htdocs/ticket/index.php
dolibarr,htdocs/ticket/list.php,5.6.40,php:5.6-cli,PASS,No syntax errors detected in /app/htdocs/ticket/list.php
dolibarr,htdocs/ticket/stats/index.php,5.6.40,php:5.6-cli,PASS,No syntax errors detected in /app/htdocs/ticket/stats/index.php
dolibarr,htdocs/ticket/tpl/linkedobjectblock.tpl.php,5.6.40,php:5.6-cli,PASS,No syntax errors detected in /app/htdocs/ticket/tpl/linkedobjectblock.tpl.php
dolibarr,htdocs/user/agenda_extsites.php,5.6.40,php:5.6-cli,PASS,No syntax errors detected in /app/htdocs/user/agenda_extsites.php
dolibarr,htdocs/user/bank.php,5.6.40,php:5.6-cli,PASS,No syntax errors detected in /app/htdocs/user/bank.php
dolibarr,htdocs/user/card.php,5.6.40,php:5.6-cli,PASS,No syntax errors detected in /app/htdocs/user/card.php
dolibarr,htdocs/user/class/api_users.class.php,5.6.40,php:5.6-cli,PASS,No syntax errors detected in /app/htdocs/user/class/api_users.class.php
dolibarr,htdocs/user/class/user.class.php,5.6.40,php:5.6-cli,PASS,No syntax errors detected in /app/htdocs/user/class/user.class.php
dolibarr,htdocs/user/class/userbankaccount.class.php,5.6.40,php:5.6-cli,PASS,No syntax errors detected in /app/htdocs/user/class/userbankaccount.class.php
dolibarr,htdocs/user/class/usergroup.class.php,5.6.40,php:5.6-cli,PASS,No syntax errors detected in /app/htdocs/user/class/usergroup.class.php
dolibarr,htdocs/user/clicktodial.php,5.6.40,php:5.6-cli,PASS,No syntax errors detected in /app/htdocs/user/clicktodial.php
dolibarr,htdocs/user/document.php,5.6.40,php:5.6-cli,PASS,No syntax errors detected in /app/htdocs/user/document.php
dolibarr,htdocs/user/group/card.php,5.6.40,php:5.6-cli,PASS,No syntax errors detected in /app/htdocs/user/group/card.php
dolibarr,htdocs/user/group/ldap.php,5.6.40,php:5.6-cli,PASS,No syntax errors detected in /app/htdocs/user/group/ldap.php
dolibarr,htdocs/user/group/list.php,5.6.40,php:5.6-cli,PASS,No syntax errors detected in /app/htdocs/user/group/list.php
dolibarr,htdocs/user/group/perms.php,5.6.40,php:5.6-cli,PASS,No syntax errors detected in /app/htdocs/user/group/perms.php
dolibarr,htdocs/user/hierarchy.php,5.6.40,php:5.6-cli,PASS,No syntax errors detected in /app/htdocs/user/hierarchy.php
dolibarr,htdocs/user/home.php,5.6.40,php:5.6-cli,PASS,No syntax errors detected in /app/htdocs/user/home.php
dolibarr,htdocs/user/ldap.php,5.6.40,php:5.6-cli,PASS,No syntax errors detected in /app/htdocs/user/ldap.php
dolibarr,htdocs/user/list.php,5.6.40,php:5.6-cli,PASS,No syntax errors detected in /app/htdocs/user/list.php
dolibarr,htdocs/user/logout.php,5.6.40,php:5.6-cli,PASS,No syntax errors detected in /app/htdocs/user/logout.php
dolibarr,htdocs/user/note.php,5.6.40,php:5.6-cli,PASS,No syntax errors detected in /app/htdocs/user/note.php
dolibarr,htdocs/user/notify/card.php,5.6.40,php:5.6-cli,PASS,No syntax errors detected in /app/htdocs/user/notify/card.php
dolibarr,htdocs/user/param_ihm.php,5.6.40,php:5.6-cli,PASS,No syntax errors detected in /app/htdocs/user/param_ihm.php
dolibarr,htdocs/user/passwordforgotten.php,5.6.40,php:5.6-cli,PASS,No syntax errors detected in /app/htdocs/user/passwordforgotten.php
dolibarr,htdocs/user/perms.php,5.6.40,php:5.6-cli,PASS,No syntax errors detected in /app/htdocs/user/perms.php
dolibarr,htdocs/variants/admin/admin.php,5.6.40,php:5.6-cli,PASS,No syntax errors detected in /app/htdocs/variants/admin/admin.php
dolibarr,htdocs/variants/ajax/orderAttribute.php,5.6.40,php:5.6-cli,PASS,No syntax errors detected in /app/htdocs/variants/ajax/orderAttribute.php
dolibarr,htdocs/variants/card.php,5.6.40,php:5.6-cli,PASS,No syntax errors detected in /app/htdocs/variants/card.php
dolibarr,htdocs/variants/class/ProductAttribute.class.php,5.6.40,php:5.6-cli,PASS,No syntax errors detected in /app/htdocs/variants/class/ProductAttribute.class.php
dolibarr,htdocs/variants/class/ProductAttributeValue.class.php,5.6.40,php:5.6-cli,PASS,No syntax errors detected in /app/htdocs/variants/class/ProductAttributeValue.class.php
dolibarr,htdocs/variants/class/ProductCombination.class.php,5.6.40,php:5.6-cli,PASS,No syntax errors detected in /app/htdocs/variants/class/ProductCombination.class.php
dolibarr,htdocs/variants/class/ProductCombination2ValuePair.class.php,5.6.40,php:5.6-cli,PASS,No syntax errors detected in /app/htdocs/variants/class/ProductCombination2ValuePair.class.php
dolibarr,htdocs/variants/combinations.php,5.6.40,php:5.6-cli,PASS,No syntax errors detected in /app/htdocs/variants/combinations.php
dolibarr,htdocs/variants/create.php,5.6.40,php:5.6-cli,PASS,No syntax errors detected in /app/htdocs/variants/create.php
dolibarr,htdocs/variants/create_val.php,5.6.40,php:5.6-cli,PASS,No syntax errors detected in /app/htdocs/variants/create_val.php
dolibarr,htdocs/variants/generator.php,5.6.40,php:5.6-cli,PASS,No syntax errors detected in /app/htdocs/variants/generator.php
dolibarr,htdocs/variants/list.php,5.6.40,php:5.6-cli,PASS,No syntax errors detected in /app/htdocs/variants/list.php
dolibarr,htdocs/viewimage.php,5.6.40,php:5.6-cli,PASS,No syntax errors detected in /app/htdocs/viewimage.php
dolibarr,htdocs/webservices/admin/index.php,5.6.40,php:5.6-cli,PASS,No syntax errors detected in /app/htdocs/webservices/admin/index.php
dolibarr,htdocs/webservices/server_actioncomm.php,5.6.40,php:5.6-cli,PASS,No syntax errors detected in /app/htdocs/webservices/server_actioncomm.php
dolibarr,htdocs/webservices/server_category.php,5.6.40,php:5.6-cli,PASS,No syntax errors detected in /app/htdocs/webservices/server_category.php
dolibarr,htdocs/webservices/server_contact.php,5.6.40,php:5.6-cli,PASS,No syntax errors detected in /app/htdocs/webservices/server_contact.php
dolibarr,htdocs/webservices/server_invoice.php,5.6.40,php:5.6-cli,PASS,No syntax errors detected in /app/htdocs/webservices/server_invoice.php
dolibarr,htdocs/webservices/server_order.php,5.6.40,php:5.6-cli,PASS,No syntax errors detected in /app/htdocs/webservices/server_order.php
dolibarr,htdocs/webservices/server_other.php,5.6.40,php:5.6-cli,PASS,No syntax errors detected in /app/htdocs/webservices/server_other.php
dolibarr,htdocs/webservices/server_payment.php,5.6.40,php:5.6-cli,PASS,No syntax errors detected in /app/htdocs/webservices/server_payment.php
dolibarr,htdocs/webservices/server_productorservice.php,5.6.40,php:5.6-cli,PASS,No syntax errors detected in /app/htdocs/webservices/server_productorservice.php
dolibarr,htdocs/webservices/server_project.php,5.6.40,php:5.6-cli,PASS,No syntax errors detected in /app/htdocs/webservices/server_project.php
dolibarr,htdocs/webservices/server_supplier_invoice.php,5.6.40,php:5.6-cli,PASS,No syntax errors detected in /app/htdocs/webservices/server_supplier_invoice.php
dolibarr,htdocs/webservices/server_thirdparty.php,5.6.40,php:5.6-cli,PASS,No syntax errors detected in /app/htdocs/webservices/server_thirdparty.php
dolibarr,htdocs/webservices/server_user.php,5.6.40,php:5.6-cli,PASS,No syntax errors detected in /app/htdocs/webservices/server_user.php
dolibarr,htdocs/website/class/website.class.php,5.6.40,php:5.6-cli,PASS,No syntax errors detected in /app/htdocs/website/class/website.class.php
dolibarr,htdocs/website/class/websitepage.class.php,5.6.40,php:5.6-cli,PASS,No syntax errors detected in /app/htdocs/website/class/websitepage.class.php
dolibarr,htdocs/website/index.php,5.6.40,php:5.6-cli,PASS,No syntax errors detected in /app/htdocs/website/index.php
dolibarr,htdocs/website/lib/websiteaccount.lib.php,5.6.40,php:5.6-cli,PASS,No syntax errors detected in /app/htdocs/website/lib/websiteaccount.lib.php
dolibarr,htdocs/website/websiteaccount_card.php,5.6.40,php:5.6-cli,PASS,No syntax errors detected in /app/htdocs/website/websiteaccount_card.php
dolibarr,scripts/accountancy/export-thirdpartyaccount.php,5.6.40,php:5.6-cli,PASS,No syntax errors detected in /app/scripts/accountancy/export-thirdpartyaccount.php
dolibarr,scripts/bank/export-bank-receipts.php,5.6.40,php:5.6-cli,PASS,No syntax errors detected in /app/scripts/bank/export-bank-receipts.php
dolibarr,scripts/company/sync_contacts_dolibarr2ldap.php,5.6.40,php:5.6-cli,PASS,No syntax errors detected in /app/scripts/company/sync_contacts_dolibarr2ldap.php
dolibarr,scripts/contracts/email_expire_services_to_customers.php,5.6.40,php:5.6-cli,PASS,No syntax errors detected in /app/scripts/contracts/email_expire_services_to_customers.php
dolibarr,scripts/contracts/email_expire_services_to_representatives.php,5.6.40,php:5.6-cli,PASS,No syntax errors detected in /app/scripts/contracts/email_expire_services_to_representatives.php
dolibarr,scripts/cron/cron_run_jobs.php,5.6.40,php:5.6-cli,PASS,No syntax errors detected in /app/scripts/cron/cron_run_jobs.php
dolibarr,scripts/emailings/mailing-send.php,5.6.40,php:5.6-cli,PASS,No syntax errors detected in /app/scripts/emailings/mailing-send.php
dolibarr,scripts/invoices/email_unpaid_invoices_to_customers.php,5.6.40,php:5.6-cli,PASS,No syntax errors detected in /app/scripts/invoices/email_unpaid_invoices_to_customers.php
dolibarr,scripts/invoices/email_unpaid_invoices_to_representatives.php,5.6.40,php:5.6-cli,PASS,No syntax errors detected in /app/scripts/invoices/email_unpaid_invoices_to_representatives.php
dolibarr,scripts/members/sync_members_dolibarr2ldap.php,5.6.40,php:5.6-cli,PASS,No syntax errors detected in /app/scripts/members/sync_members_dolibarr2ldap.php
dolibarr,scripts/members/sync_members_ldap2dolibarr.php,5.6.40,php:5.6-cli,PASS,No syntax errors detected in /app/scripts/members/sync_members_ldap2dolibarr.php
dolibarr,scripts/members/sync_members_types_dolibarr2ldap.php,5.6.40,php:5.6-cli,PASS,No syntax errors detected in /app/scripts/members/sync_members_types_dolibarr2ldap.php
dolibarr,scripts/product/migrate_picture_path.php,5.6.40,php:5.6-cli,PASS,No syntax errors detected in /app/scripts/product/migrate_picture_path.php
dolibarr,scripts/user/sync_groups_dolibarr2ldap.php,5.6.40,php:5.6-cli,PASS,No syntax errors detected in /app/scripts/user/sync_groups_dolibarr2ldap.php
dolibarr,scripts/user/sync_users_dolibarr2ldap.php,5.6.40,php:5.6-cli,PASS,No syntax errors detected in /app/scripts/user/sync_users_dolibarr2ldap.php
dolibarr,scripts/user/sync_users_ldap2dolibarr.php,5.6.40,php:5.6-cli,PASS,No syntax errors detected in /app/scripts/user/sync_users_ldap2dolibarr.php
dolibarr,test/phpunit/AllTests.php,5.6.40,php:5.6-cli,PASS,No syntax errors detected in /app/test/phpunit/AllTests.php
dolibarr,test/phpunit/CodingPhpTest.php,5.6.40,php:5.6-cli,PASS,No syntax errors detected in /app/test/phpunit/CodingPhpTest.php
dolibarr,test/phpunit/CodingSqlTest.php,5.6.40,php:5.6-cli,PASS,No syntax errors detected in /app/test/phpunit/CodingSqlTest.php
dolibarr,test/phpunit/CommandeFournisseurTest.php,5.6.40,php:5.6-cli,PASS,No syntax errors detected in /app/test/phpunit/CommandeFournisseurTest.php
dolibarr,test/phpunit/CoreTest.php,5.6.40,php:5.6-cli,PASS,No syntax errors detected in /app/test/phpunit/CoreTest.php
dolibarr,test/phpunit/DateLibTest.php,5.6.40,php:5.6-cli,PASS,No syntax errors detected in /app/test/phpunit/DateLibTest.php
dolibarr,test/phpunit/ExpenseReportTest.php,5.6.40,php:5.6-cli,PASS,No syntax errors detected in /app/test/phpunit/ExpenseReportTest.php
dolibarr,test/phpunit/ExportTest.php,5.6.40,php:5.6-cli,PASS,No syntax errors detected in /app/test/phpunit/ExportTest.php
dolibarr,test/phpunit/FactureRecTest.php,5.6.40,php:5.6-cli,PASS,No syntax errors detected in /app/test/phpunit/FactureRecTest.php
dolibarr,test/phpunit/FactureTest.php,5.6.40,php:5.6-cli,PASS,No syntax errors detected in /app/test/phpunit/FactureTest.php
dolibarr,test/phpunit/FunctionsLibTest.php,5.6.40,php:5.6-cli,PASS,No syntax errors detected in /app/test/phpunit/FunctionsLibTest.php
dolibarr,test/phpunit/LangTest.php,5.6.40,php:5.6-cli,PASS,No syntax errors detected in /app/test/phpunit/LangTest.php
dolibarr,test/phpunit/MouvementStockTest.php,5.6.40,php:5.6-cli,PASS,No syntax errors detected in /app/test/phpunit/MouvementStockTest.php
dolibarr,test/phpunit/NumberingModulesTest.php,5.6.40,php:5.6-cli,PASS,No syntax errors detected in /app/test/phpunit/NumberingModulesTest.php
dolibarr,test/phpunit/PgsqlTest.php,5.6.40,php:5.6-cli,PASS,No syntax errors detected in /app/test/phpunit/PgsqlTest.php
dolibarr,test/phpunit/PricesTest.php,5.6.40,php:5.6-cli,PASS,No syntax errors detected in /app/test/phpunit/PricesTest.php
dolibarr,test/phpunit/SecurityTest.php,5.6.40,php:5.6-cli,PASS,No syntax errors detected in /app/test/phpunit/SecurityTest.php
dolibarr,test/phpunit/UserTest.php,5.6.40,php:5.6-cli,PASS,No syntax errors detected in /app/test/phpunit/UserTest.php
dolibarr,test/phpunit/WebservicesInvoicesTest.php,5.6.40,php:5.6-cli,PASS,No syntax errors detected in /app/test/phpunit/WebservicesInvoicesTest.php
